physical_event_id,timestamp,person_id,event_type,location_id,source_identifier,synthetic_flag,data_origin,source_dataset,source_record_reference,confidence,scenario_id
PHY-00000035,2024-02-04T00:44:10,PER-002304,prox-in-classified,LOC-003069,SYN-ACCESS-00000035,true,SYNTHETIC,,,MEDIUM,SCN-PHYS-0139
PHY-00000047,2025-08-17T01:23:02,PER-003233,prox-in-building,LOC-001301,SYN-ACCESS-00000047,true,SYNTHETIC,,,MEDIUM,SCN-PHYS-0184
PHY-00000088,2024-04-03T00:38:37,PER-006443,prox-in-classified,LOC-004989,SYN-ACCESS-00000088,true,SYNTHETIC,,,MEDIUM,SCN-PHYS-0349
PHY-00000099,2024-09-21T07:05:22,PER-007236,prox-out-classified,LOC-001855,SYN-ACCESS-00000099,true,SYNTHETIC,,,MEDIUM,SCN-PHYS-0394
PHY-00000133,2025-01-27T05:05:38,PER-009628,prox-in-building,LOC-009679,SYN-ACCESS-00000133,true,SYNTHETIC,,,MEDIUM,SCN-PHYS-0529
PHY-00000142,2024-02-28T20:39:12,PER-010131,prox-out-classified,LOC-008679,SYN-ACCESS-00000142,true,SYNTHETIC,,,MEDIUM,SCN-PHYS-0564
PHY-00000240,2025-06-27T23:35:04,PER-017223,prox-out-classified,LOC-005692,SYN-ACCESS-00000240,true,SYNTHETIC,,,MEDIUM,SCN-PHYS-0959
PHY-00000265,2025-08-30T18:32:02,PER-018950,prox-in-classified,LOC-002481,SYN-ACCESS-00000265,true,SYNTHETIC,,,MEDIUM,SCN-PHYS-1059
PHY-00000272,2025-07-26T13:11:09,PER-019374,prox-out-classified,LOC-007336,SYN-ACCESS-00000272,true,SYNTHETIC,,,MEDIUM,SCN-PHYS-1084
PHY-00000282,2024-03-24T15:43:18,PER-020096,prox-in-classified,LOC-007371,SYN-ACCESS-00000282,true,SYNTHETIC,,,MEDIUM,SCN-PHYS-1124
PHY-00000303,2025-12-15T06:54:48,PER-021845,prox-out-classified,LOC-006029,SYN-ACCESS-00000303,true,SYNTHETIC,,,MEDIUM,SCN-PHYS-1209
PHY-00000318,2025-12-03T15:31:13,PER-022852,prox-in-building,LOC-005358,SYN-ACCESS-00000318,true,SYNTHETIC,,,MEDIUM,SCN-PHYS-1269
PHY-00000334,2024-03-13T00:52:08,PER-023945,prox-out-classified,LOC-006608,SYN-ACCESS-00000334,true,SYNTHETIC,,,MEDIUM,SCN-PHYS-1334
PHY-00000380,2024-08-02T18:12:54,PER-027179,prox-out-classified,LOC-001352,SYN-ACCESS-00000380,true,SYNTHETIC,,,MEDIUM,SCN-PHYS-1519
PHY-00000397,2024-12-30T01:06:44,PER-028278,prox-out-classified,LOC-001251,SYN-ACCESS-00000397,true,SYNTHETIC,,,MEDIUM,SCN-PHYS-1584
PHY-00000399,2025-09-28T22:21:59,PER-028494,prox-out-classified,LOC-003606,SYN-ACCESS-00000399,true,SYNTHETIC,,,MEDIUM,SCN-PHYS-1594
PHY-00000417,2025-08-12T05:05:36,PER-029521,prox-in-classified,LOC-006867,SYN-ACCESS-00000417,true,SYNTHETIC,,,MEDIUM,SCN-PHYS-1664
PHY-00000437,2025-05-15T07:49:47,PER-031212,prox-in-building,LOC-008029,SYN-ACCESS-00000437,true,SYNTHETIC,,,MEDIUM,SCN-PHYS-1744
PHY-00000499,2025-12-07T11:08:40,PER-035454,prox-in-building,LOC-003644,SYN-ACCESS-00000499,true,SYNTHETIC,,,MEDIUM,SCN-PHYS-1994
PHY-00000535,2025-01-24T13:16:19,PER-002304,prox-in-building,LOC-003069,SYN-ACCESS-00000535,true,SYNTHETIC,,,MEDIUM,SCN-PHYS-0139
PHY-00000547,2024-08-21T02:11:39,PER-003233,prox-out-classified,LOC-001301,SYN-ACCESS-00000547,true,SYNTHETIC,,,MEDIUM,SCN-PHYS-0184
PHY-00000588,2024-10-28T06:44:14,PER-006443,prox-in-classified,LOC-004989,SYN-ACCESS-00000588,true,SYNTHETIC,,,MEDIUM,SCN-PHYS-0349
PHY-00000599,2025-11-10T03:06:30,PER-007236,prox-in-classified,LOC-001855,SYN-ACCESS-00000599,true,SYNTHETIC,,,MEDIUM,SCN-PHYS-0394
PHY-00000633,2024-02-17T15:18:11,PER-009628,prox-in-classified,LOC-009679,SYN-ACCESS-00000633,true,SYNTHETIC,,,MEDIUM,SCN-PHYS-0529
PHY-00000642,2024-05-14T06:30:24,PER-010131,prox-in-classified,LOC-008679,SYN-ACCESS-00000642,true,SYNTHETIC,,,MEDIUM,SCN-PHYS-0564
PHY-00000740,2024-04-18T03:22:29,PER-017223,prox-in-classified,LOC-005692,SYN-ACCESS-00000740,true,SYNTHETIC,,,MEDIUM,SCN-PHYS-0959
PHY-00000765,2025-11-11T15:16:38,PER-018950,prox-in-building,LOC-002481,SYN-ACCESS-00000765,true,SYNTHETIC,,,MEDIUM,SCN-PHYS-1059
PHY-00000772,2024-10-03T14:37:34,PER-019374,prox-in-classified,LOC-007336,SYN-ACCESS-00000772,true,SYNTHETIC,,,MEDIUM,SCN-PHYS-1084
PHY-00000782,2024-11-17T14:35:44,PER-020096,prox-in-building,LOC-007371,SYN-ACCESS-00000782,true,SYNTHETIC,,,MEDIUM,SCN-PHYS-1124
PHY-00000803,2024-08-31T18:24:30,PER-021845,prox-in-building,LOC-006029,SYN-ACCESS-00000803,true,SYNTHETIC,,,MEDIUM,SCN-PHYS-1209
PHY-00000818,2025-12-26T02:11:59,PER-022852,prox-in-building,LOC-005358,SYN-ACCESS-00000818,true,SYNTHETIC,,,MEDIUM,SCN-PHYS-1269
PHY-00000834,2024-11-03T00:34:13,PER-023945,prox-out-classified,LOC-006608,SYN-ACCESS-00000834,true,SYNTHETIC,,,MEDIUM,SCN-PHYS-1334
PHY-00000880,2024-10-25T23:10:05,PER-027179,prox-in-building,LOC-001352,SYN-ACCESS-00000880,true,SYNTHETIC,,,MEDIUM,SCN-PHYS-1519
PHY-00000897,2024-04-28T21:55:31,PER-028278,prox-in-building,LOC-001251,SYN-ACCESS-00000897,true,SYNTHETIC,,,MEDIUM,SCN-PHYS-1584
PHY-00000899,2025-09-13T05:09:12,PER-028494,prox-out-classified,LOC-003606,SYN-ACCESS-00000899,true,SYNTHETIC,,,MEDIUM,SCN-PHYS-1594
PHY-00000917,2025-07-10T22:01:29,PER-029521,prox-out-classified,LOC-006867,SYN-ACCESS-00000917,true,SYNTHETIC,,,MEDIUM,SCN-PHYS-1664
PHY-00000937,2024-12-30T17:51:46,PER-031212,prox-in-building,LOC-008029,SYN-ACCESS-00000937,true,SYNTHETIC,,,MEDIUM,SCN-PHYS-1744
PHY-00000999,2025-09-10T16:46:21,PER-035454,prox-out-classified,LOC-003644,SYN-ACCESS-00000999,true,SYNTHETIC,,,MEDIUM,SCN-PHYS-1994
PHY-00001035,2024-06-25T03:15:30,PER-002304,prox-out-classified,LOC-003069,SYN-ACCESS-00001035,true,SYNTHETIC,,,MEDIUM,SCN-PHYS-0139
PHY-00001047,2024-08-02T11:53:23,PER-003233,prox-out-classified,LOC-001301,SYN-ACCESS-00001047,true,SYNTHETIC,,,MEDIUM,SCN-PHYS-0184
PHY-00001088,2024-03-01T06:55:17,PER-006443,prox-in-building,LOC-004989,SYN-ACCESS-00001088,true,SYNTHETIC,,,MEDIUM,SCN-PHYS-0349
PHY-00001099,2025-07-05T13:40:33,PER-007236,prox-in-building,LOC-001855,SYN-ACCESS-00001099,true,SYNTHETIC,,,MEDIUM,SCN-PHYS-0394
PHY-00001133,2024-03-22T03:24:41,PER-009628,prox-out-classified,LOC-009679,SYN-ACCESS-00001133,true,SYNTHETIC,,,MEDIUM,SCN-PHYS-0529
PHY-00001142,2024-07-24T07:36:57,PER-010131,prox-in-classified,LOC-008679,SYN-ACCESS-00001142,true,SYNTHETIC,,,MEDIUM,SCN-PHYS-0564
PHY-00001240,2025-05-17T18:43:05,PER-017223,prox-in-classified,LOC-005692,SYN-ACCESS-00001240,true,SYNTHETIC,,,MEDIUM,SCN-PHYS-0959
PHY-00001265,2024-01-06T00:41:42,PER-018950,prox-in-classified,LOC-002481,SYN-ACCESS-00001265,true,SYNTHETIC,,,MEDIUM,SCN-PHYS-1059
PHY-00001272,2025-10-30T20:21:39,PER-019374,prox-in-building,LOC-007336,SYN-ACCESS-00001272,true,SYNTHETIC,,,MEDIUM,SCN-PHYS-1084
PHY-00001282,2025-10-05T11:04:07,PER-020096,prox-in-building,LOC-007371,SYN-ACCESS-00001282,true,SYNTHETIC,,,MEDIUM,SCN-PHYS-1124
PHY-00001303,2024-05-25T18:23:16,PER-021845,prox-out-classified,LOC-006029,SYN-ACCESS-00001303,true,SYNTHETIC,,,MEDIUM,SCN-PHYS-1209
PHY-00001318,2024-02-18T03:07:15,PER-022852,prox-in-building,LOC-005358,SYN-ACCESS-00001318,true,SYNTHETIC,,,MEDIUM,SCN-PHYS-1269
PHY-00001334,2025-02-02T14:20:50,PER-023945,prox-in-classified,LOC-006608,SYN-ACCESS-00001334,true,SYNTHETIC,,,MEDIUM,SCN-PHYS-1334
PHY-00001380,2024-01-29T14:50:28,PER-027179,prox-out-classified,LOC-001352,SYN-ACCESS-00001380,true,SYNTHETIC,,,MEDIUM,SCN-PHYS-1519
PHY-00001397,2024-04-02T23:28:00,PER-028278,prox-out-classified,LOC-001251,SYN-ACCESS-00001397,true,SYNTHETIC,,,MEDIUM,SCN-PHYS-1584
PHY-00001399,2025-07-15T20:59:51,PER-028494,prox-in-classified,LOC-003606,SYN-ACCESS-00001399,true,SYNTHETIC,,,MEDIUM,SCN-PHYS-1594
PHY-00001417,2025-07-19T10:44:09,PER-029521,prox-in-building,LOC-006867,SYN-ACCESS-00001417,true,SYNTHETIC,,,MEDIUM,SCN-PHYS-1664
PHY-00001437,2024-02-14T11:49:14,PER-031212,prox-out-classified,LOC-008029,SYN-ACCESS-00001437,true,SYNTHETIC,,,MEDIUM,SCN-PHYS-1744
PHY-00001499,2025-04-03T06:43:23,PER-035454,prox-in-building,LOC-003644,SYN-ACCESS-00001499,true,SYNTHETIC,,,MEDIUM,SCN-PHYS-1994
PHY-00001535,2025-06-29T11:58:19,PER-002304,prox-in-classified,LOC-003069,SYN-ACCESS-00001535,true,SYNTHETIC,,,MEDIUM,SCN-PHYS-0139
PHY-00001547,2025-01-05T02:35:58,PER-003233,prox-out-classified,LOC-001301,SYN-ACCESS-00001547,true,SYNTHETIC,,,MEDIUM,SCN-PHYS-0184
PHY-00001588,2025-10-11T11:49:40,PER-006443,prox-in-classified,LOC-004989,SYN-ACCESS-00001588,true,SYNTHETIC,,,MEDIUM,SCN-PHYS-0349
PHY-00001599,2024-03-25T22:19:13,PER-007236,prox-out-classified,LOC-001855,SYN-ACCESS-00001599,true,SYNTHETIC,,,MEDIUM,SCN-PHYS-0394
PHY-00001633,2025-08-05T02:13:04,PER-009628,prox-in-building,LOC-009679,SYN-ACCESS-00001633,true,SYNTHETIC,,,MEDIUM,SCN-PHYS-0529
PHY-00001642,2025-04-14T23:59:35,PER-010131,prox-in-building,LOC-008679,SYN-ACCESS-00001642,true,SYNTHETIC,,,MEDIUM,SCN-PHYS-0564
PHY-00001740,2024-04-24T19:41:01,PER-017223,prox-out-classified,LOC-005692,SYN-ACCESS-00001740,true,SYNTHETIC,,,MEDIUM,SCN-PHYS-0959
PHY-00001765,2025-07-27T07:33:07,PER-018950,prox-in-building,LOC-002481,SYN-ACCESS-00001765,true,SYNTHETIC,,,MEDIUM,SCN-PHYS-1059
PHY-00001772,2024-11-22T10:19:18,PER-019374,prox-in-building,LOC-007336,SYN-ACCESS-00001772,true,SYNTHETIC,,,MEDIUM,SCN-PHYS-1084
PHY-00001782,2024-02-14T11:20:09,PER-020096,prox-in-classified,LOC-007371,SYN-ACCESS-00001782,true,SYNTHETIC,,,MEDIUM,SCN-PHYS-1124
PHY-00001803,2025-06-13T11:10:30,PER-021845,prox-out-classified,LOC-006029,SYN-ACCESS-00001803,true,SYNTHETIC,,,MEDIUM,SCN-PHYS-1209
PHY-00001818,2025-02-17T17:04:32,PER-022852,prox-in-building,LOC-005358,SYN-ACCESS-00001818,true,SYNTHETIC,,,MEDIUM,SCN-PHYS-1269
PHY-00001834,2024-02-02T11:26:55,PER-023945,prox-in-classified,LOC-006608,SYN-ACCESS-00001834,true,SYNTHETIC,,,MEDIUM,SCN-PHYS-1334
PHY-00001880,2024-08-12T15:02:08,PER-027179,prox-in-building,LOC-001352,SYN-ACCESS-00001880,true,SYNTHETIC,,,MEDIUM,SCN-PHYS-1519
PHY-00001897,2025-11-11T20:44:59,PER-028278,prox-in-classified,LOC-001251,SYN-ACCESS-00001897,true,SYNTHETIC,,,MEDIUM,SCN-PHYS-1584
PHY-00001899,2025-08-03T03:35:53,PER-028494,prox-in-classified,LOC-003606,SYN-ACCESS-00001899,true,SYNTHETIC,,,MEDIUM,SCN-PHYS-1594
PHY-00001917,2024-01-26T10:10:54,PER-029521,prox-in-building,LOC-006867,SYN-ACCESS-00001917,true,SYNTHETIC,,,MEDIUM,SCN-PHYS-1664
PHY-00001937,2024-10-22T20:06:06,PER-031212,prox-out-classified,LOC-008029,SYN-ACCESS-00001937,true,SYNTHETIC,,,MEDIUM,SCN-PHYS-1744
PHY-00001999,2025-06-13T15:32:28,PER-035454,prox-in-classified,LOC-003644,SYN-ACCESS-00001999,true,SYNTHETIC,,,MEDIUM,SCN-PHYS-1994
PHY-00002035,2025-03-07T11:57:20,PER-002304,prox-out-classified,LOC-003069,SYN-ACCESS-00002035,true,SYNTHETIC,,,MEDIUM,SCN-PHYS-0139
PHY-00002047,2024-11-19T18:34:20,PER-003233,prox-in-building,LOC-001301,SYN-ACCESS-00002047,true,SYNTHETIC,,,MEDIUM,SCN-PHYS-0184
PHY-00002088,2024-11-18T01:14:23,PER-006443,prox-in-building,LOC-004989,SYN-ACCESS-00002088,true,SYNTHETIC,,,MEDIUM,SCN-PHYS-0349
PHY-00002099,2024-08-22T09:30:07,PER-007236,prox-in-classified,LOC-001855,SYN-ACCESS-00002099,true,SYNTHETIC,,,MEDIUM,SCN-PHYS-0394
PHY-00002133,2025-03-09T00:03:24,PER-009628,prox-in-classified,LOC-009679,SYN-ACCESS-00002133,true,SYNTHETIC,,,MEDIUM,SCN-PHYS-0529
PHY-00002142,2024-06-15T01:09:53,PER-010131,prox-out-classified,LOC-008679,SYN-ACCESS-00002142,true,SYNTHETIC,,,MEDIUM,SCN-PHYS-0564
PHY-00002240,2024-12-14T13:19:01,PER-017223,prox-in-building,LOC-005692,SYN-ACCESS-00002240,true,SYNTHETIC,,,MEDIUM,SCN-PHYS-0959
PHY-00002265,2024-06-10T14:46:02,PER-018950,prox-out-classified,LOC-002481,SYN-ACCESS-00002265,true,SYNTHETIC,,,MEDIUM,SCN-PHYS-1059
PHY-00002272,2025-10-17T12:43:35,PER-019374,prox-in-building,LOC-007336,SYN-ACCESS-00002272,true,SYNTHETIC,,,MEDIUM,SCN-PHYS-1084
PHY-00002282,2025-07-09T01:21:14,PER-020096,prox-out-classified,LOC-007371,SYN-ACCESS-00002282,true,SYNTHETIC,,,MEDIUM,SCN-PHYS-1124
PHY-00002303,2025-06-25T21:37:11,PER-021845,prox-in-building,LOC-006029,SYN-ACCESS-00002303,true,SYNTHETIC,,,MEDIUM,SCN-PHYS-1209
PHY-00002318,2024-12-12T20:38:17,PER-022852,prox-in-building,LOC-005358,SYN-ACCESS-00002318,true,SYNTHETIC,,,MEDIUM,SCN-PHYS-1269
PHY-00002334,2025-10-17T01:59:41,PER-023945,prox-out-classified,LOC-006608,SYN-ACCESS-00002334,true,SYNTHETIC,,,MEDIUM,SCN-PHYS-1334
PHY-00002380,2025-11-09T06:50:07,PER-027179,prox-out-classified,LOC-001352,SYN-ACCESS-00002380,true,SYNTHETIC,,,MEDIUM,SCN-PHYS-1519
PHY-00002397,2025-07-25T18:13:25,PER-028278,prox-in-building,LOC-001251,SYN-ACCESS-00002397,true,SYNTHETIC,,,MEDIUM,SCN-PHYS-1584
PHY-00002399,2024-06-17T22:28:05,PER-028494,prox-in-classified,LOC-003606,SYN-ACCESS-00002399,true,SYNTHETIC,,,MEDIUM,SCN-PHYS-1594
PHY-00002417,2025-03-05T03:59:38,PER-029521,prox-in-building,LOC-006867,SYN-ACCESS-00002417,true,SYNTHETIC,,,MEDIUM,SCN-PHYS-1664
PHY-00002437,2025-08-12T17:35:16,PER-031212,prox-in-building,LOC-008029,SYN-ACCESS-00002437,true,SYNTHETIC,,,MEDIUM,SCN-PHYS-1744
PHY-00002499,2025-12-26T14:28:25,PER-035454,prox-in-building,LOC-003644,SYN-ACCESS-00002499,true,SYNTHETIC,,,MEDIUM,SCN-PHYS-1994
PHY-00002535,2025-01-21T23:04:27,PER-002304,prox-out-classified,LOC-003069,SYN-ACCESS-00002535,true,SYNTHETIC,,,MEDIUM,SCN-PHYS-0139
PHY-00002547,2025-02-17T23:51:17,PER-003233,prox-out-classified,LOC-001301,SYN-ACCESS-00002547,true,SYNTHETIC,,,MEDIUM,SCN-PHYS-0184
PHY-00002588,2024-12-12T23:23:23,PER-006443,prox-in-building,LOC-004989,SYN-ACCESS-00002588,true,SYNTHETIC,,,MEDIUM,SCN-PHYS-0349
PHY-00002599,2024-02-14T11:01:14,PER-007236,prox-in-building,LOC-001855,SYN-ACCESS-00002599,true,SYNTHETIC,,,MEDIUM,SCN-PHYS-0394
PHY-00002633,2025-03-16T16:37:13,PER-009628,prox-out-classified,LOC-009679,SYN-ACCESS-00002633,true,SYNTHETIC,,,MEDIUM,SCN-PHYS-0529
PHY-00002642,2025-11-13T09:21:54,PER-010131,prox-out-classified,LOC-008679,SYN-ACCESS-00002642,true,SYNTHETIC,,,MEDIUM,SCN-PHYS-0564
PHY-00002740,2025-03-07T02:27:40,PER-017223,prox-out-classified,LOC-005692,SYN-ACCESS-00002740,true,SYNTHETIC,,,MEDIUM,SCN-PHYS-0959
PHY-00002765,2024-05-25T03:10:37,PER-018950,prox-in-building,LOC-002481,SYN-ACCESS-00002765,true,SYNTHETIC,,,MEDIUM,SCN-PHYS-1059
PHY-00002772,2025-01-30T15:10:49,PER-019374,prox-in-classified,LOC-007336,SYN-ACCESS-00002772,true,SYNTHETIC,,,MEDIUM,SCN-PHYS-1084
PHY-00002782,2024-10-26T07:12:05,PER-020096,prox-in-building,LOC-007371,SYN-ACCESS-00002782,true,SYNTHETIC,,,MEDIUM,SCN-PHYS-1124
PHY-00002803,2024-04-05T09:36:53,PER-021845,prox-in-classified,LOC-006029,SYN-ACCESS-00002803,true,SYNTHETIC,,,MEDIUM,SCN-PHYS-1209
PHY-00002818,2024-08-09T16:29:14,PER-022852,prox-out-classified,LOC-005358,SYN-ACCESS-00002818,true,SYNTHETIC,,,MEDIUM,SCN-PHYS-1269
PHY-00002834,2025-05-19T10:03:30,PER-023945,prox-in-building,LOC-006608,SYN-ACCESS-00002834,true,SYNTHETIC,,,MEDIUM,SCN-PHYS-1334
PHY-00002880,2025-11-05T17:54:38,PER-027179,prox-in-classified,LOC-001352,SYN-ACCESS-00002880,true,SYNTHETIC,,,MEDIUM,SCN-PHYS-1519
PHY-00002897,2025-09-26T06:15:41,PER-028278,prox-out-classified,LOC-001251,SYN-ACCESS-00002897,true,SYNTHETIC,,,MEDIUM,SCN-PHYS-1584
PHY-00002899,2025-02-27T00:10:56,PER-028494,prox-in-building,LOC-003606,SYN-ACCESS-00002899,true,SYNTHETIC,,,MEDIUM,SCN-PHYS-1594
PHY-00002917,2024-06-22T12:11:09,PER-029521,prox-in-building,LOC-006867,SYN-ACCESS-00002917,true,SYNTHETIC,,,MEDIUM,SCN-PHYS-1664
PHY-00002937,2024-02-23T05:16:36,PER-031212,prox-in-classified,LOC-008029,SYN-ACCESS-00002937,true,SYNTHETIC,,,MEDIUM,SCN-PHYS-1744
PHY-00002999,2025-11-02T09:11:27,PER-035454,prox-in-classified,LOC-003644,SYN-ACCESS-00002999,true,SYNTHETIC,,,MEDIUM,SCN-PHYS-1994
PHY-00003035,2025-06-19T11:26:26,PER-002304,prox-out-classified,LOC-003069,SYN-ACCESS-00003035,true,SYNTHETIC,,,MEDIUM,SCN-PHYS-0139
PHY-00003047,2025-05-25T22:39:10,PER-003233,prox-in-classified,LOC-001301,SYN-ACCESS-00003047,true,SYNTHETIC,,,MEDIUM,SCN-PHYS-0184
PHY-00003088,2025-10-22T21:13:13,PER-006443,prox-in-building,LOC-004989,SYN-ACCESS-00003088,true,SYNTHETIC,,,MEDIUM,SCN-PHYS-0349
PHY-00003099,2024-03-09T22:26:53,PER-007236,prox-out-classified,LOC-001855,SYN-ACCESS-00003099,true,SYNTHETIC,,,MEDIUM,SCN-PHYS-0394
PHY-00003133,2024-10-14T00:24:22,PER-009628,prox-in-classified,LOC-009679,SYN-ACCESS-00003133,true,SYNTHETIC,,,MEDIUM,SCN-PHYS-0529
PHY-00003142,2024-12-27T05:54:22,PER-010131,prox-in-classified,LOC-008679,SYN-ACCESS-00003142,true,SYNTHETIC,,,MEDIUM,SCN-PHYS-0564
PHY-00003240,2024-06-22T00:03:42,PER-017223,prox-out-classified,LOC-005692,SYN-ACCESS-00003240,true,SYNTHETIC,,,MEDIUM,SCN-PHYS-0959
PHY-00003265,2024-08-27T23:57:41,PER-018950,prox-out-classified,LOC-002481,SYN-ACCESS-00003265,true,SYNTHETIC,,,MEDIUM,SCN-PHYS-1059
PHY-00003272,2024-07-04T22:15:53,PER-019374,prox-in-classified,LOC-007336,SYN-ACCESS-00003272,true,SYNTHETIC,,,MEDIUM,SCN-PHYS-1084
PHY-00003282,2025-06-10T16:53:57,PER-020096,prox-in-classified,LOC-007371,SYN-ACCESS-00003282,true,SYNTHETIC,,,MEDIUM,SCN-PHYS-1124
PHY-00003303,2024-07-07T20:17:52,PER-021845,prox-in-classified,LOC-006029,SYN-ACCESS-00003303,true,SYNTHETIC,,,MEDIUM,SCN-PHYS-1209
PHY-00003318,2025-10-30T10:52:10,PER-022852,prox-in-classified,LOC-005358,SYN-ACCESS-00003318,true,SYNTHETIC,,,MEDIUM,SCN-PHYS-1269
PHY-00003334,2024-03-03T11:36:57,PER-023945,prox-in-building,LOC-006608,SYN-ACCESS-00003334,true,SYNTHETIC,,,MEDIUM,SCN-PHYS-1334
PHY-00003380,2025-04-26T05:14:58,PER-027179,prox-in-classified,LOC-001352,SYN-ACCESS-00003380,true,SYNTHETIC,,,MEDIUM,SCN-PHYS-1519
PHY-00003397,2025-08-01T06:45:41,PER-028278,prox-out-classified,LOC-001251,SYN-ACCESS-00003397,true,SYNTHETIC,,,MEDIUM,SCN-PHYS-1584
PHY-00003399,2025-03-27T19:06:49,PER-028494,prox-out-classified,LOC-003606,SYN-ACCESS-00003399,true,SYNTHETIC,,,MEDIUM,SCN-PHYS-1594
PHY-00003417,2024-09-24T02:13:40,PER-029521,prox-in-building,LOC-006867,SYN-ACCESS-00003417,true,SYNTHETIC,,,MEDIUM,SCN-PHYS-1664
PHY-00003437,2024-04-14T09:44:54,PER-031212,prox-in-classified,LOC-008029,SYN-ACCESS-00003437,true,SYNTHETIC,,,MEDIUM,SCN-PHYS-1744
PHY-00003499,2024-07-06T08:46:16,PER-035454,prox-in-classified,LOC-003644,SYN-ACCESS-00003499,true,SYNTHETIC,,,MEDIUM,SCN-PHYS-1994
PHY-00003535,2024-04-25T07:30:45,PER-002304,prox-out-classified,LOC-003069,SYN-ACCESS-00003535,true,SYNTHETIC,,,MEDIUM,SCN-PHYS-0139
PHY-00003547,2025-09-12T23:20:17,PER-003233,prox-in-building,LOC-001301,SYN-ACCESS-00003547,true,SYNTHETIC,,,MEDIUM,SCN-PHYS-0184
PHY-00003588,2024-09-19T06:21:25,PER-006443,prox-in-classified,LOC-004989,SYN-ACCESS-00003588,true,SYNTHETIC,,,MEDIUM,SCN-PHYS-0349
PHY-00003599,2024-11-10T06:03:40,PER-007236,prox-in-building,LOC-001855,SYN-ACCESS-00003599,true,SYNTHETIC,,,MEDIUM,SCN-PHYS-0394
PHY-00003633,2025-08-21T05:17:45,PER-009628,prox-in-building,LOC-009679,SYN-ACCESS-00003633,true,SYNTHETIC,,,MEDIUM,SCN-PHYS-0529
PHY-00003642,2024-06-25T01:24:04,PER-010131,prox-in-building,LOC-008679,SYN-ACCESS-00003642,true,SYNTHETIC,,,MEDIUM,SCN-PHYS-0564
PHY-00003740,2024-05-20T14:25:06,PER-017223,prox-out-classified,LOC-005692,SYN-ACCESS-00003740,true,SYNTHETIC,,,MEDIUM,SCN-PHYS-0959
PHY-00003765,2025-07-27T03:57:19,PER-018950,prox-out-classified,LOC-002481,SYN-ACCESS-00003765,true,SYNTHETIC,,,MEDIUM,SCN-PHYS-1059
PHY-00003772,2025-12-12T09:53:35,PER-019374,prox-out-classified,LOC-007336,SYN-ACCESS-00003772,true,SYNTHETIC,,,MEDIUM,SCN-PHYS-1084
PHY-00003782,2025-07-20T13:31:08,PER-020096,prox-out-classified,LOC-007371,SYN-ACCESS-00003782,true,SYNTHETIC,,,MEDIUM,SCN-PHYS-1124
PHY-00003803,2025-10-27T08:09:39,PER-021845,prox-in-classified,LOC-006029,SYN-ACCESS-00003803,true,SYNTHETIC,,,MEDIUM,SCN-PHYS-1209
PHY-00003818,2025-07-01T18:08:54,PER-022852,prox-in-building,LOC-005358,SYN-ACCESS-00003818,true,SYNTHETIC,,,MEDIUM,SCN-PHYS-1269
PHY-00003834,2025-08-17T07:44:01,PER-023945,prox-in-classified,LOC-006608,SYN-ACCESS-00003834,true,SYNTHETIC,,,MEDIUM,SCN-PHYS-1334
PHY-00003880,2025-05-17T07:58:27,PER-027179,prox-in-classified,LOC-001352,SYN-ACCESS-00003880,true,SYNTHETIC,,,MEDIUM,SCN-PHYS-1519
PHY-00003897,2025-01-23T13:27:55,PER-028278,prox-out-classified,LOC-001251,SYN-ACCESS-00003897,true,SYNTHETIC,,,MEDIUM,SCN-PHYS-1584
PHY-00003899,2025-08-05T16:23:43,PER-028494,prox-in-classified,LOC-003606,SYN-ACCESS-00003899,true,SYNTHETIC,,,MEDIUM,SCN-PHYS-1594
PHY-00003917,2025-05-24T20:58:41,PER-029521,prox-in-classified,LOC-006867,SYN-ACCESS-00003917,true,SYNTHETIC,,,MEDIUM,SCN-PHYS-1664
PHY-00003937,2025-01-19T14:21:56,PER-031212,prox-in-building,LOC-008029,SYN-ACCESS-00003937,true,SYNTHETIC,,,MEDIUM,SCN-PHYS-1744
PHY-00003999,2025-04-02T23:30:58,PER-035454,prox-in-building,LOC-003644,SYN-ACCESS-00003999,true,SYNTHETIC,,,MEDIUM,SCN-PHYS-1994
PHY-00004035,2025-04-21T10:08:17,PER-002304,prox-in-classified,LOC-003069,SYN-ACCESS-00004035,true,SYNTHETIC,,,MEDIUM,SCN-PHYS-0139
PHY-00004047,2024-02-18T07:25:00,PER-003233,prox-out-classified,LOC-001301,SYN-ACCESS-00004047,true,SYNTHETIC,,,MEDIUM,SCN-PHYS-0184
PHY-00004088,2024-06-19T08:34:51,PER-006443,prox-in-classified,LOC-004989,SYN-ACCESS-00004088,true,SYNTHETIC,,,MEDIUM,SCN-PHYS-0349
PHY-00004099,2024-05-21T03:37:46,PER-007236,prox-in-building,LOC-001855,SYN-ACCESS-00004099,true,SYNTHETIC,,,MEDIUM,SCN-PHYS-0394
PHY-00004133,2024-12-27T19:20:30,PER-009628,prox-out-classified,LOC-009679,SYN-ACCESS-00004133,true,SYNTHETIC,,,MEDIUM,SCN-PHYS-0529
PHY-00004142,2024-03-11T08:51:41,PER-010131,prox-in-classified,LOC-008679,SYN-ACCESS-00004142,true,SYNTHETIC,,,MEDIUM,SCN-PHYS-0564
PHY-00004240,2024-08-07T13:03:31,PER-017223,prox-in-building,LOC-005692,SYN-ACCESS-00004240,true,SYNTHETIC,,,MEDIUM,SCN-PHYS-0959
PHY-00004265,2024-12-03T01:39:56,PER-018950,prox-in-classified,LOC-002481,SYN-ACCESS-00004265,true,SYNTHETIC,,,MEDIUM,SCN-PHYS-1059
PHY-00004272,2024-06-05T15:07:39,PER-019374,prox-in-classified,LOC-007336,SYN-ACCESS-00004272,true,SYNTHETIC,,,MEDIUM,SCN-PHYS-1084
PHY-00004282,2025-02-12T09:02:01,PER-020096,prox-in-classified,LOC-007371,SYN-ACCESS-00004282,true,SYNTHETIC,,,MEDIUM,SCN-PHYS-1124
PHY-00004303,2025-06-27T22:08:23,PER-021845,prox-in-building,LOC-006029,SYN-ACCESS-00004303,true,SYNTHETIC,,,MEDIUM,SCN-PHYS-1209
PHY-00004318,2024-03-11T03:15:24,PER-022852,prox-out-classified,LOC-005358,SYN-ACCESS-00004318,true,SYNTHETIC,,,MEDIUM,SCN-PHYS-1269
PHY-00004334,2024-05-26T21:28:28,PER-023945,prox-out-classified,LOC-006608,SYN-ACCESS-00004334,true,SYNTHETIC,,,MEDIUM,SCN-PHYS-1334
PHY-00004380,2025-10-30T18:46:51,PER-027179,prox-out-classified,LOC-001352,SYN-ACCESS-00004380,true,SYNTHETIC,,,MEDIUM,SCN-PHYS-1519
PHY-00004397,2024-10-20T00:41:25,PER-028278,prox-in-classified,LOC-001251,SYN-ACCESS-00004397,true,SYNTHETIC,,,MEDIUM,SCN-PHYS-1584
PHY-00004399,2024-01-31T07:18:09,PER-028494,prox-out-classified,LOC-003606,SYN-ACCESS-00004399,true,SYNTHETIC,,,MEDIUM,SCN-PHYS-1594
PHY-00004417,2024-05-03T17:00:07,PER-029521,prox-out-classified,LOC-006867,SYN-ACCESS-00004417,true,SYNTHETIC,,,MEDIUM,SCN-PHYS-1664
PHY-00004437,2025-10-15T01:32:21,PER-031212,prox-in-building,LOC-008029,SYN-ACCESS-00004437,true,SYNTHETIC,,,MEDIUM,SCN-PHYS-1744
PHY-00004499,2025-09-18T04:27:37,PER-035454,prox-in-building,LOC-003644,SYN-ACCESS-00004499,true,SYNTHETIC,,,MEDIUM,SCN-PHYS-1994
PHY-00004535,2025-04-22T09:30:56,PER-002304,prox-in-building,LOC-003069,SYN-ACCESS-00004535,true,SYNTHETIC,,,MEDIUM,SCN-PHYS-0139
PHY-00004547,2024-05-04T00:30:58,PER-003233,prox-in-classified,LOC-001301,SYN-ACCESS-00004547,true,SYNTHETIC,,,MEDIUM,SCN-PHYS-0184
PHY-00004588,2024-05-31T15:17:22,PER-006443,prox-out-classified,LOC-004989,SYN-ACCESS-00004588,true,SYNTHETIC,,,MEDIUM,SCN-PHYS-0349
PHY-00004599,2025-03-26T04:22:43,PER-007236,prox-out-classified,LOC-001855,SYN-ACCESS-00004599,true,SYNTHETIC,,,MEDIUM,SCN-PHYS-0394
PHY-00004633,2024-05-29T19:37:28,PER-009628,prox-in-building,LOC-009679,SYN-ACCESS-00004633,true,SYNTHETIC,,,MEDIUM,SCN-PHYS-0529
PHY-00004642,2024-04-25T06:24:57,PER-010131,prox-in-classified,LOC-008679,SYN-ACCESS-00004642,true,SYNTHETIC,,,MEDIUM,SCN-PHYS-0564
PHY-00004740,2025-12-06T14:23:53,PER-017223,prox-in-building,LOC-005692,SYN-ACCESS-00004740,true,SYNTHETIC,,,MEDIUM,SCN-PHYS-0959
PHY-00004765,2025-10-10T04:37:10,PER-018950,prox-in-building,LOC-002481,SYN-ACCESS-00004765,true,SYNTHETIC,,,MEDIUM,SCN-PHYS-1059
PHY-00004772,2025-05-01T02:57:23,PER-019374,prox-in-building,LOC-007336,SYN-ACCESS-00004772,true,SYNTHETIC,,,MEDIUM,SCN-PHYS-1084
PHY-00004782,2025-02-12T08:52:06,PER-020096,prox-out-classified,LOC-007371,SYN-ACCESS-00004782,true,SYNTHETIC,,,MEDIUM,SCN-PHYS-1124
PHY-00004803,2024-06-28T20:56:15,PER-021845,prox-in-building,LOC-006029,SYN-ACCESS-00004803,true,SYNTHETIC,,,MEDIUM,SCN-PHYS-1209
PHY-00004818,2024-10-27T08:49:51,PER-022852,prox-in-classified,LOC-005358,SYN-ACCESS-00004818,true,SYNTHETIC,,,MEDIUM,SCN-PHYS-1269
PHY-00004834,2025-04-29T08:18:28,PER-023945,prox-in-classified,LOC-006608,SYN-ACCESS-00004834,true,SYNTHETIC,,,MEDIUM,SCN-PHYS-1334
PHY-00004880,2025-04-10T17:01:45,PER-027179,prox-out-classified,LOC-001352,SYN-ACCESS-00004880,true,SYNTHETIC,,,MEDIUM,SCN-PHYS-1519
PHY-00004897,2024-12-11T00:38:51,PER-028278,prox-out-classified,LOC-001251,SYN-ACCESS-00004897,true,SYNTHETIC,,,MEDIUM,SCN-PHYS-1584
PHY-00004899,2024-07-05T08:37:06,PER-028494,prox-out-classified,LOC-003606,SYN-ACCESS-00004899,true,SYNTHETIC,,,MEDIUM,SCN-PHYS-1594
PHY-00004917,2025-01-19T02:40:42,PER-029521,prox-in-classified,LOC-006867,SYN-ACCESS-00004917,true,SYNTHETIC,,,MEDIUM,SCN-PHYS-1664
PHY-00004937,2024-10-15T10:35:00,PER-031212,prox-in-classified,LOC-008029,SYN-ACCESS-00004937,true,SYNTHETIC,,,MEDIUM,SCN-PHYS-1744
PHY-00004999,2024-09-21T22:21:08,PER-035454,prox-in-building,LOC-003644,SYN-ACCESS-00004999,true,SYNTHETIC,,,MEDIUM,SCN-PHYS-1994
PHY-00005035,2024-07-04T18:51:37,PER-002304,prox-in-building,LOC-003069,SYN-ACCESS-00005035,true,SYNTHETIC,,,MEDIUM,SCN-PHYS-0139
PHY-00005047,2025-03-11T15:59:47,PER-003233,prox-in-building,LOC-001301,SYN-ACCESS-00005047,true,SYNTHETIC,,,MEDIUM,SCN-PHYS-0184
PHY-00005088,2025-01-20T16:12:21,PER-006443,prox-out-classified,LOC-004989,SYN-ACCESS-00005088,true,SYNTHETIC,,,MEDIUM,SCN-PHYS-0349
PHY-00005099,2025-07-17T19:02:01,PER-007236,prox-in-building,LOC-001855,SYN-ACCESS-00005099,true,SYNTHETIC,,,MEDIUM,SCN-PHYS-0394
PHY-00005133,2025-08-08T04:45:11,PER-009628,prox-in-classified,LOC-009679,SYN-ACCESS-00005133,true,SYNTHETIC,,,MEDIUM,SCN-PHYS-0529
PHY-00005142,2024-11-02T13:15:00,PER-010131,prox-out-classified,LOC-008679,SYN-ACCESS-00005142,true,SYNTHETIC,,,MEDIUM,SCN-PHYS-0564
PHY-00005240,2025-06-04T22:05:07,PER-017223,prox-in-classified,LOC-005692,SYN-ACCESS-00005240,true,SYNTHETIC,,,MEDIUM,SCN-PHYS-0959
PHY-00005265,2025-05-15T20:21:27,PER-018950,prox-in-building,LOC-002481,SYN-ACCESS-00005265,true,SYNTHETIC,,,MEDIUM,SCN-PHYS-1059
PHY-00005272,2024-10-08T04:56:05,PER-019374,prox-in-building,LOC-007336,SYN-ACCESS-00005272,true,SYNTHETIC,,,MEDIUM,SCN-PHYS-1084
PHY-00005282,2024-08-18T08:44:07,PER-020096,prox-in-classified,LOC-007371,SYN-ACCESS-00005282,true,SYNTHETIC,,,MEDIUM,SCN-PHYS-1124
PHY-00005303,2025-06-19T05:41:59,PER-021845,prox-out-classified,LOC-006029,SYN-ACCESS-00005303,true,SYNTHETIC,,,MEDIUM,SCN-PHYS-1209
PHY-00005318,2024-06-24T07:27:02,PER-022852,prox-out-classified,LOC-005358,SYN-ACCESS-00005318,true,SYNTHETIC,,,MEDIUM,SCN-PHYS-1269
PHY-00005334,2024-07-03T14:41:12,PER-023945,prox-in-building,LOC-006608,SYN-ACCESS-00005334,true,SYNTHETIC,,,MEDIUM,SCN-PHYS-1334
PHY-00005380,2024-07-11T07:24:33,PER-027179,prox-in-building,LOC-001352,SYN-ACCESS-00005380,true,SYNTHETIC,,,MEDIUM,SCN-PHYS-1519
PHY-00005397,2025-02-07T16:37:57,PER-028278,prox-out-classified,LOC-001251,SYN-ACCESS-00005397,true,SYNTHETIC,,,MEDIUM,SCN-PHYS-1584
PHY-00005399,2024-12-08T23:07:24,PER-028494,prox-in-classified,LOC-003606,SYN-ACCESS-00005399,true,SYNTHETIC,,,MEDIUM,SCN-PHYS-1594
PHY-00005417,2025-08-05T02:55:58,PER-029521,prox-in-classified,LOC-006867,SYN-ACCESS-00005417,true,SYNTHETIC,,,MEDIUM,SCN-PHYS-1664
PHY-00005437,2025-12-26T14:32:49,PER-031212,prox-out-classified,LOC-008029,SYN-ACCESS-00005437,true,SYNTHETIC,,,MEDIUM,SCN-PHYS-1744
PHY-00005499,2025-08-29T12:06:17,PER-035454,prox-in-building,LOC-003644,SYN-ACCESS-00005499,true,SYNTHETIC,,,MEDIUM,SCN-PHYS-1994
PHY-00005535,2025-10-16T02:05:25,PER-002304,prox-in-building,LOC-003069,SYN-ACCESS-00005535,true,SYNTHETIC,,,MEDIUM,SCN-PHYS-0139
PHY-00005547,2025-04-09T14:06:45,PER-003233,prox-in-classified,LOC-001301,SYN-ACCESS-00005547,true,SYNTHETIC,,,MEDIUM,SCN-PHYS-0184
PHY-00005588,2024-12-05T02:09:59,PER-006443,prox-in-building,LOC-004989,SYN-ACCESS-00005588,true,SYNTHETIC,,,MEDIUM,SCN-PHYS-0349
PHY-00005599,2025-05-17T22:42:58,PER-007236,prox-out-classified,LOC-001855,SYN-ACCESS-00005599,true,SYNTHETIC,,,MEDIUM,SCN-PHYS-0394
PHY-00005633,2025-01-12T21:21:18,PER-009628,prox-in-classified,LOC-009679,SYN-ACCESS-00005633,true,SYNTHETIC,,,MEDIUM,SCN-PHYS-0529
PHY-00005642,2024-09-26T21:40:19,PER-010131,prox-in-building,LOC-008679,SYN-ACCESS-00005642,true,SYNTHETIC,,,MEDIUM,SCN-PHYS-0564
PHY-00005740,2024-05-19T16:24:51,PER-017223,prox-in-building,LOC-005692,SYN-ACCESS-00005740,true,SYNTHETIC,,,MEDIUM,SCN-PHYS-0959
PHY-00005765,2024-01-18T16:24:36,PER-018950,prox-out-classified,LOC-002481,SYN-ACCESS-00005765,true,SYNTHETIC,,,MEDIUM,SCN-PHYS-1059
PHY-00005772,2025-09-23T10:02:09,PER-019374,prox-in-classified,LOC-007336,SYN-ACCESS-00005772,true,SYNTHETIC,,,MEDIUM,SCN-PHYS-1084
PHY-00005782,2024-10-05T18:56:26,PER-020096,prox-in-building,LOC-007371,SYN-ACCESS-00005782,true,SYNTHETIC,,,MEDIUM,SCN-PHYS-1124
PHY-00005803,2024-02-24T07:12:05,PER-021845,prox-in-classified,LOC-006029,SYN-ACCESS-00005803,true,SYNTHETIC,,,MEDIUM,SCN-PHYS-1209
PHY-00005818,2024-12-31T05:38:58,PER-022852,prox-out-classified,LOC-005358,SYN-ACCESS-00005818,true,SYNTHETIC,,,MEDIUM,SCN-PHYS-1269
PHY-00005834,2025-05-23T09:14:27,PER-023945,prox-in-classified,LOC-006608,SYN-ACCESS-00005834,true,SYNTHETIC,,,MEDIUM,SCN-PHYS-1334
PHY-00005880,2024-07-22T19:47:27,PER-027179,prox-in-classified,LOC-001352,SYN-ACCESS-00005880,true,SYNTHETIC,,,MEDIUM,SCN-PHYS-1519
PHY-00005897,2025-12-17T16:32:29,PER-028278,prox-in-classified,LOC-001251,SYN-ACCESS-00005897,true,SYNTHETIC,,,MEDIUM,SCN-PHYS-1584
PHY-00005899,2024-02-18T01:17:46,PER-028494,prox-out-classified,LOC-003606,SYN-ACCESS-00005899,true,SYNTHETIC,,,MEDIUM,SCN-PHYS-1594
PHY-00005917,2025-08-18T20:01:32,PER-029521,prox-in-building,LOC-006867,SYN-ACCESS-00005917,true,SYNTHETIC,,,MEDIUM,SCN-PHYS-1664
PHY-00005937,2024-08-17T18:37:28,PER-031212,prox-out-classified,LOC-008029,SYN-ACCESS-00005937,true,SYNTHETIC,,,MEDIUM,SCN-PHYS-1744
PHY-00005999,2025-10-17T05:30:52,PER-035454,prox-in-classified,LOC-003644,SYN-ACCESS-00005999,true,SYNTHETIC,,,MEDIUM,SCN-PHYS-1994
PHY-00006035,2024-08-30T15:56:38,PER-002304,prox-in-classified,LOC-003069,SYN-ACCESS-00006035,true,SYNTHETIC,,,MEDIUM,SCN-PHYS-0139
PHY-00006047,2025-02-18T00:37:07,PER-003233,prox-in-classified,LOC-001301,SYN-ACCESS-00006047,true,SYNTHETIC,,,MEDIUM,SCN-PHYS-0184
PHY-00006088,2025-02-27T13:47:18,PER-006443,prox-in-building,LOC-004989,SYN-ACCESS-00006088,true,SYNTHETIC,,,MEDIUM,SCN-PHYS-0349
PHY-00006099,2024-11-05T23:50:20,PER-007236,prox-in-classified,LOC-001855,SYN-ACCESS-00006099,true,SYNTHETIC,,,MEDIUM,SCN-PHYS-0394
PHY-00006133,2025-01-14T23:57:09,PER-009628,prox-out-classified,LOC-009679,SYN-ACCESS-00006133,true,SYNTHETIC,,,MEDIUM,SCN-PHYS-0529
PHY-00006142,2024-04-30T12:41:35,PER-010131,prox-in-classified,LOC-008679,SYN-ACCESS-00006142,true,SYNTHETIC,,,MEDIUM,SCN-PHYS-0564
PHY-00006240,2025-06-22T19:51:28,PER-017223,prox-in-classified,LOC-005692,SYN-ACCESS-00006240,true,SYNTHETIC,,,MEDIUM,SCN-PHYS-0959
PHY-00006265,2025-02-23T18:55:48,PER-018950,prox-in-building,LOC-002481,SYN-ACCESS-00006265,true,SYNTHETIC,,,MEDIUM,SCN-PHYS-1059
PHY-00006272,2024-03-28T19:07:24,PER-019374,prox-out-classified,LOC-007336,SYN-ACCESS-00006272,true,SYNTHETIC,,,MEDIUM,SCN-PHYS-1084
PHY-00006282,2024-07-11T23:03:28,PER-020096,prox-out-classified,LOC-007371,SYN-ACCESS-00006282,true,SYNTHETIC,,,MEDIUM,SCN-PHYS-1124
PHY-00006303,2025-01-17T08:27:37,PER-021845,prox-out-classified,LOC-006029,SYN-ACCESS-00006303,true,SYNTHETIC,,,MEDIUM,SCN-PHYS-1209
PHY-00006318,2024-10-19T18:34:13,PER-022852,prox-out-classified,LOC-005358,SYN-ACCESS-00006318,true,SYNTHETIC,,,MEDIUM,SCN-PHYS-1269
PHY-00006334,2024-04-19T22:23:41,PER-023945,prox-in-building,LOC-006608,SYN-ACCESS-00006334,true,SYNTHETIC,,,MEDIUM,SCN-PHYS-1334
PHY-00006380,2025-05-02T00:49:48,PER-027179,prox-in-building,LOC-001352,SYN-ACCESS-00006380,true,SYNTHETIC,,,MEDIUM,SCN-PHYS-1519
PHY-00006397,2024-08-13T16:26:48,PER-028278,prox-out-classified,LOC-001251,SYN-ACCESS-00006397,true,SYNTHETIC,,,MEDIUM,SCN-PHYS-1584
PHY-00006399,2024-04-29T22:05:26,PER-028494,prox-in-building,LOC-003606,SYN-ACCESS-00006399,true,SYNTHETIC,,,MEDIUM,SCN-PHYS-1594
PHY-00006417,2024-06-12T19:08:11,PER-029521,prox-in-classified,LOC-006867,SYN-ACCESS-00006417,true,SYNTHETIC,,,MEDIUM,SCN-PHYS-1664
PHY-00006437,2024-10-10T16:56:50,PER-031212,prox-in-building,LOC-008029,SYN-ACCESS-00006437,true,SYNTHETIC,,,MEDIUM,SCN-PHYS-1744
PHY-00006499,2024-02-22T12:17:51,PER-035454,prox-out-classified,LOC-003644,SYN-ACCESS-00006499,true,SYNTHETIC,,,MEDIUM,SCN-PHYS-1994
PHY-00006535,2024-09-06T22:35:42,PER-002304,prox-in-building,LOC-003069,SYN-ACCESS-00006535,true,SYNTHETIC,,,MEDIUM,SCN-PHYS-0139
PHY-00006547,2025-06-08T14:27:20,PER-003233,prox-out-classified,LOC-001301,SYN-ACCESS-00006547,true,SYNTHETIC,,,MEDIUM,SCN-PHYS-0184
PHY-00006588,2025-02-14T05:05:05,PER-006443,prox-out-classified,LOC-004989,SYN-ACCESS-00006588,true,SYNTHETIC,,,MEDIUM,SCN-PHYS-0349
PHY-00006599,2024-05-26T16:24:23,PER-007236,prox-out-classified,LOC-001855,SYN-ACCESS-00006599,true,SYNTHETIC,,,MEDIUM,SCN-PHYS-0394
PHY-00006633,2025-02-18T11:04:33,PER-009628,prox-in-classified,LOC-009679,SYN-ACCESS-00006633,true,SYNTHETIC,,,MEDIUM,SCN-PHYS-0529
PHY-00006642,2024-10-20T22:44:27,PER-010131,prox-in-building,LOC-008679,SYN-ACCESS-00006642,true,SYNTHETIC,,,MEDIUM,SCN-PHYS-0564
PHY-00006740,2025-06-22T23:04:35,PER-017223,prox-out-classified,LOC-005692,SYN-ACCESS-00006740,true,SYNTHETIC,,,MEDIUM,SCN-PHYS-0959
PHY-00006765,2024-02-10T12:55:00,PER-018950,prox-out-classified,LOC-002481,SYN-ACCESS-00006765,true,SYNTHETIC,,,MEDIUM,SCN-PHYS-1059
PHY-00006772,2025-04-03T12:15:17,PER-019374,prox-out-classified,LOC-007336,SYN-ACCESS-00006772,true,SYNTHETIC,,,MEDIUM,SCN-PHYS-1084
PHY-00006782,2025-04-11T02:59:45,PER-020096,prox-in-building,LOC-007371,SYN-ACCESS-00006782,true,SYNTHETIC,,,MEDIUM,SCN-PHYS-1124
PHY-00006803,2024-06-02T06:58:20,PER-021845,prox-in-classified,LOC-006029,SYN-ACCESS-00006803,true,SYNTHETIC,,,MEDIUM,SCN-PHYS-1209
PHY-00006818,2025-05-02T01:48:17,PER-022852,prox-out-classified,LOC-005358,SYN-ACCESS-00006818,true,SYNTHETIC,,,MEDIUM,SCN-PHYS-1269
PHY-00006834,2025-10-10T07:23:26,PER-023945,prox-in-classified,LOC-006608,SYN-ACCESS-00006834,true,SYNTHETIC,,,MEDIUM,SCN-PHYS-1334
PHY-00006880,2025-04-27T00:17:17,PER-027179,prox-out-classified,LOC-001352,SYN-ACCESS-00006880,true,SYNTHETIC,,,MEDIUM,SCN-PHYS-1519
PHY-00006897,2025-08-29T18:04:57,PER-028278,prox-in-classified,LOC-001251,SYN-ACCESS-00006897,true,SYNTHETIC,,,MEDIUM,SCN-PHYS-1584
PHY-00006899,2025-12-31T01:27:05,PER-028494,prox-out-classified,LOC-003606,SYN-ACCESS-00006899,true,SYNTHETIC,,,MEDIUM,SCN-PHYS-1594
PHY-00006917,2024-02-05T15:50:53,PER-029521,prox-in-classified,LOC-006867,SYN-ACCESS-00006917,true,SYNTHETIC,,,MEDIUM,SCN-PHYS-1664
PHY-00006937,2024-05-05T05:36:17,PER-031212,prox-out-classified,LOC-008029,SYN-ACCESS-00006937,true,SYNTHETIC,,,MEDIUM,SCN-PHYS-1744
PHY-00006999,2024-06-20T09:45:01,PER-035454,prox-in-classified,LOC-003644,SYN-ACCESS-00006999,true,SYNTHETIC,,,MEDIUM,SCN-PHYS-1994
PHY-00007035,2024-05-27T23:58:47,PER-002304,prox-in-building,LOC-003069,SYN-ACCESS-00007035,true,SYNTHETIC,,,MEDIUM,SCN-PHYS-0139
PHY-00007047,2024-08-16T21:17:06,PER-003233,prox-in-classified,LOC-001301,SYN-ACCESS-00007047,true,SYNTHETIC,,,MEDIUM,SCN-PHYS-0184
PHY-00007088,2024-02-14T00:15:05,PER-006443,prox-in-building,LOC-004989,SYN-ACCESS-00007088,true,SYNTHETIC,,,MEDIUM,SCN-PHYS-0349
PHY-00007099,2024-05-20T02:00:28,PER-007236,prox-out-classified,LOC-001855,SYN-ACCESS-00007099,true,SYNTHETIC,,,MEDIUM,SCN-PHYS-0394
PHY-00007133,2024-12-09T16:14:35,PER-009628,prox-in-building,LOC-009679,SYN-ACCESS-00007133,true,SYNTHETIC,,,MEDIUM,SCN-PHYS-0529
PHY-00007142,2024-07-25T00:36:04,PER-010131,prox-out-classified,LOC-008679,SYN-ACCESS-00007142,true,SYNTHETIC,,,MEDIUM,SCN-PHYS-0564
PHY-00007240,2025-03-12T03:20:30,PER-017223,prox-in-building,LOC-005692,SYN-ACCESS-00007240,true,SYNTHETIC,,,MEDIUM,SCN-PHYS-0959
PHY-00007265,2024-08-29T11:43:55,PER-018950,prox-in-classified,LOC-002481,SYN-ACCESS-00007265,true,SYNTHETIC,,,MEDIUM,SCN-PHYS-1059
PHY-00007272,2025-02-17T20:17:25,PER-019374,prox-in-building,LOC-007336,SYN-ACCESS-00007272,true,SYNTHETIC,,,MEDIUM,SCN-PHYS-1084
PHY-00007282,2025-12-22T15:49:07,PER-020096,prox-in-building,LOC-007371,SYN-ACCESS-00007282,true,SYNTHETIC,,,MEDIUM,SCN-PHYS-1124
PHY-00007303,2025-07-03T15:32:26,PER-021845,prox-in-building,LOC-006029,SYN-ACCESS-00007303,true,SYNTHETIC,,,MEDIUM,SCN-PHYS-1209
PHY-00007318,2024-02-05T03:08:19,PER-022852,prox-out-classified,LOC-005358,SYN-ACCESS-00007318,true,SYNTHETIC,,,MEDIUM,SCN-PHYS-1269
PHY-00007334,2025-10-30T09:55:53,PER-023945,prox-in-classified,LOC-006608,SYN-ACCESS-00007334,true,SYNTHETIC,,,MEDIUM,SCN-PHYS-1334
PHY-00007380,2025-04-03T05:57:15,PER-027179,prox-in-classified,LOC-001352,SYN-ACCESS-00007380,true,SYNTHETIC,,,MEDIUM,SCN-PHYS-1519
PHY-00007397,2025-01-18T01:52:07,PER-028278,prox-out-classified,LOC-001251,SYN-ACCESS-00007397,true,SYNTHETIC,,,MEDIUM,SCN-PHYS-1584
PHY-00007399,2024-10-08T01:06:47,PER-028494,prox-out-classified,LOC-003606,SYN-ACCESS-00007399,true,SYNTHETIC,,,MEDIUM,SCN-PHYS-1594
PHY-00007417,2025-02-04T05:45:09,PER-029521,prox-out-classified,LOC-006867,SYN-ACCESS-00007417,true,SYNTHETIC,,,MEDIUM,SCN-PHYS-1664
PHY-00007437,2025-02-18T02:51:21,PER-031212,prox-out-classified,LOC-008029,SYN-ACCESS-00007437,true,SYNTHETIC,,,MEDIUM,SCN-PHYS-1744
PHY-00007499,2025-11-19T04:15:21,PER-035454,prox-in-building,LOC-003644,SYN-ACCESS-00007499,true,SYNTHETIC,,,MEDIUM,SCN-PHYS-1994
PHY-00007535,2025-03-29T04:24:00,PER-002304,prox-in-building,LOC-003069,SYN-ACCESS-00007535,true,SYNTHETIC,,,MEDIUM,SCN-PHYS-0139
PHY-00007547,2024-08-10T06:57:58,PER-003233,prox-in-building,LOC-001301,SYN-ACCESS-00007547,true,SYNTHETIC,,,MEDIUM,SCN-PHYS-0184
PHY-00007588,2024-05-12T11:24:48,PER-006443,prox-in-classified,LOC-004989,SYN-ACCESS-00007588,true,SYNTHETIC,,,MEDIUM,SCN-PHYS-0349
PHY-00007599,2025-11-24T13:47:53,PER-007236,prox-in-classified,LOC-001855,SYN-ACCESS-00007599,true,SYNTHETIC,,,MEDIUM,SCN-PHYS-0394
PHY-00007633,2025-07-26T23:28:15,PER-009628,prox-in-building,LOC-009679,SYN-ACCESS-00007633,true,SYNTHETIC,,,MEDIUM,SCN-PHYS-0529
PHY-00007642,2025-01-05T11:46:52,PER-010131,prox-in-classified,LOC-008679,SYN-ACCESS-00007642,true,SYNTHETIC,,,MEDIUM,SCN-PHYS-0564
PHY-00007740,2025-05-07T11:26:38,PER-017223,prox-out-classified,LOC-005692,SYN-ACCESS-00007740,true,SYNTHETIC,,,MEDIUM,SCN-PHYS-0959
PHY-00007765,2025-03-29T20:55:35,PER-018950,prox-in-classified,LOC-002481,SYN-ACCESS-00007765,true,SYNTHETIC,,,MEDIUM,SCN-PHYS-1059
PHY-00007772,2025-04-21T12:43:53,PER-019374,prox-in-classified,LOC-007336,SYN-ACCESS-00007772,true,SYNTHETIC,,,MEDIUM,SCN-PHYS-1084
PHY-00007782,2025-12-06T11:06:57,PER-020096,prox-in-building,LOC-007371,SYN-ACCESS-00007782,true,SYNTHETIC,,,MEDIUM,SCN-PHYS-1124
PHY-00007803,2024-04-10T18:36:21,PER-021845,prox-out-classified,LOC-006029,SYN-ACCESS-00007803,true,SYNTHETIC,,,MEDIUM,SCN-PHYS-1209
PHY-00007818,2024-12-09T14:14:54,PER-022852,prox-in-building,LOC-005358,SYN-ACCESS-00007818,true,SYNTHETIC,,,MEDIUM,SCN-PHYS-1269
PHY-00007834,2024-03-07T07:52:41,PER-023945,prox-in-classified,LOC-006608,SYN-ACCESS-00007834,true,SYNTHETIC,,,MEDIUM,SCN-PHYS-1334
PHY-00007880,2024-03-25T08:21:31,PER-027179,prox-in-classified,LOC-001352,SYN-ACCESS-00007880,true,SYNTHETIC,,,MEDIUM,SCN-PHYS-1519
PHY-00007897,2025-09-09T22:18:56,PER-028278,prox-in-classified,LOC-001251,SYN-ACCESS-00007897,true,SYNTHETIC,,,MEDIUM,SCN-PHYS-1584
PHY-00007899,2025-01-18T21:33:41,PER-028494,prox-in-classified,LOC-003606,SYN-ACCESS-00007899,true,SYNTHETIC,,,MEDIUM,SCN-PHYS-1594
PHY-00007917,2024-12-01T05:05:54,PER-029521,prox-in-building,LOC-006867,SYN-ACCESS-00007917,true,SYNTHETIC,,,MEDIUM,SCN-PHYS-1664
PHY-00007937,2024-12-19T03:31:39,PER-031212,prox-in-building,LOC-008029,SYN-ACCESS-00007937,true,SYNTHETIC,,,MEDIUM,SCN-PHYS-1744
PHY-00007999,2025-11-18T06:37:46,PER-035454,prox-out-classified,LOC-003644,SYN-ACCESS-00007999,true,SYNTHETIC,,,MEDIUM,SCN-PHYS-1994
PHY-00008035,2025-09-10T07:27:51,PER-002304,prox-in-classified,LOC-003069,SYN-ACCESS-00008035,true,SYNTHETIC,,,MEDIUM,SCN-PHYS-0139
PHY-00008047,2025-01-04T08:27:48,PER-003233,prox-in-building,LOC-001301,SYN-ACCESS-00008047,true,SYNTHETIC,,,MEDIUM,SCN-PHYS-0184
PHY-00008088,2025-06-17T13:28:07,PER-006443,prox-out-classified,LOC-004989,SYN-ACCESS-00008088,true,SYNTHETIC,,,MEDIUM,SCN-PHYS-0349
PHY-00008099,2025-08-20T22:36:01,PER-007236,prox-in-building,LOC-001855,SYN-ACCESS-00008099,true,SYNTHETIC,,,MEDIUM,SCN-PHYS-0394
PHY-00008133,2025-10-22T19:42:26,PER-009628,prox-out-classified,LOC-009679,SYN-ACCESS-00008133,true,SYNTHETIC,,,MEDIUM,SCN-PHYS-0529
PHY-00008142,2024-08-07T11:43:36,PER-010131,prox-in-classified,LOC-008679,SYN-ACCESS-00008142,true,SYNTHETIC,,,MEDIUM,SCN-PHYS-0564
PHY-00008240,2024-10-03T23:36:17,PER-017223,prox-in-classified,LOC-005692,SYN-ACCESS-00008240,true,SYNTHETIC,,,MEDIUM,SCN-PHYS-0959
PHY-00008265,2025-06-16T10:52:20,PER-018950,prox-in-building,LOC-002481,SYN-ACCESS-00008265,true,SYNTHETIC,,,MEDIUM,SCN-PHYS-1059
PHY-00008272,2025-05-13T09:31:16,PER-019374,prox-out-classified,LOC-007336,SYN-ACCESS-00008272,true,SYNTHETIC,,,MEDIUM,SCN-PHYS-1084
PHY-00008282,2025-09-17T06:59:29,PER-020096,prox-in-building,LOC-007371,SYN-ACCESS-00008282,true,SYNTHETIC,,,MEDIUM,SCN-PHYS-1124
PHY-00008303,2024-07-25T01:02:36,PER-021845,prox-out-classified,LOC-006029,SYN-ACCESS-00008303,true,SYNTHETIC,,,MEDIUM,SCN-PHYS-1209
PHY-00008318,2025-04-09T20:01:44,PER-022852,prox-in-building,LOC-005358,SYN-ACCESS-00008318,true,SYNTHETIC,,,MEDIUM,SCN-PHYS-1269
PHY-00008334,2024-10-08T12:34:20,PER-023945,prox-out-classified,LOC-006608,SYN-ACCESS-00008334,true,SYNTHETIC,,,MEDIUM,SCN-PHYS-1334
PHY-00008380,2024-02-04T23:34:21,PER-027179,prox-out-classified,LOC-001352,SYN-ACCESS-00008380,true,SYNTHETIC,,,MEDIUM,SCN-PHYS-1519
PHY-00008397,2024-12-01T04:10:33,PER-028278,prox-out-classified,LOC-001251,SYN-ACCESS-00008397,true,SYNTHETIC,,,MEDIUM,SCN-PHYS-1584
PHY-00008399,2025-10-30T10:22:08,PER-028494,prox-in-building,LOC-003606,SYN-ACCESS-00008399,true,SYNTHETIC,,,MEDIUM,SCN-PHYS-1594
PHY-00008417,2024-10-05T20:41:34,PER-029521,prox-in-classified,LOC-006867,SYN-ACCESS-00008417,true,SYNTHETIC,,,MEDIUM,SCN-PHYS-1664
PHY-00008437,2024-07-15T11:57:17,PER-031212,prox-in-building,LOC-008029,SYN-ACCESS-00008437,true,SYNTHETIC,,,MEDIUM,SCN-PHYS-1744
PHY-00008499,2025-07-15T17:39:05,PER-035454,prox-in-classified,LOC-003644,SYN-ACCESS-00008499,true,SYNTHETIC,,,MEDIUM,SCN-PHYS-1994
PHY-00008535,2025-04-18T04:45:28,PER-002304,prox-out-classified,LOC-003069,SYN-ACCESS-00008535,true,SYNTHETIC,,,MEDIUM,SCN-PHYS-0139
PHY-00008547,2024-07-19T12:51:58,PER-003233,prox-in-building,LOC-001301,SYN-ACCESS-00008547,true,SYNTHETIC,,,MEDIUM,SCN-PHYS-0184
PHY-00008588,2024-10-04T04:59:38,PER-006443,prox-in-classified,LOC-004989,SYN-ACCESS-00008588,true,SYNTHETIC,,,MEDIUM,SCN-PHYS-0349
PHY-00008599,2024-04-27T01:57:48,PER-007236,prox-out-classified,LOC-001855,SYN-ACCESS-00008599,true,SYNTHETIC,,,MEDIUM,SCN-PHYS-0394
PHY-00008633,2024-07-05T20:45:23,PER-009628,prox-out-classified,LOC-009679,SYN-ACCESS-00008633,true,SYNTHETIC,,,MEDIUM,SCN-PHYS-0529
PHY-00008642,2024-10-27T02:41:31,PER-010131,prox-in-classified,LOC-008679,SYN-ACCESS-00008642,true,SYNTHETIC,,,MEDIUM,SCN-PHYS-0564
PHY-00008740,2024-05-20T18:29:01,PER-017223,prox-in-classified,LOC-005692,SYN-ACCESS-00008740,true,SYNTHETIC,,,MEDIUM,SCN-PHYS-0959
PHY-00008765,2024-11-28T12:18:52,PER-018950,prox-in-building,LOC-002481,SYN-ACCESS-00008765,true,SYNTHETIC,,,MEDIUM,SCN-PHYS-1059
PHY-00008772,2025-11-30T03:56:22,PER-019374,prox-in-building,LOC-007336,SYN-ACCESS-00008772,true,SYNTHETIC,,,MEDIUM,SCN-PHYS-1084
PHY-00008782,2025-01-28T01:22:47,PER-020096,prox-out-classified,LOC-007371,SYN-ACCESS-00008782,true,SYNTHETIC,,,MEDIUM,SCN-PHYS-1124
PHY-00008803,2025-10-06T03:49:08,PER-021845,prox-in-classified,LOC-006029,SYN-ACCESS-00008803,true,SYNTHETIC,,,MEDIUM,SCN-PHYS-1209
PHY-00008818,2024-07-14T10:33:35,PER-022852,prox-out-classified,LOC-005358,SYN-ACCESS-00008818,true,SYNTHETIC,,,MEDIUM,SCN-PHYS-1269
PHY-00008834,2024-12-17T12:40:19,PER-023945,prox-in-classified,LOC-006608,SYN-ACCESS-00008834,true,SYNTHETIC,,,MEDIUM,SCN-PHYS-1334
PHY-00008880,2024-05-09T21:07:27,PER-027179,prox-in-building,LOC-001352,SYN-ACCESS-00008880,true,SYNTHETIC,,,MEDIUM,SCN-PHYS-1519
PHY-00008897,2024-04-19T06:35:52,PER-028278,prox-out-classified,LOC-001251,SYN-ACCESS-00008897,true,SYNTHETIC,,,MEDIUM,SCN-PHYS-1584
PHY-00008899,2025-12-03T09:35:19,PER-028494,prox-out-classified,LOC-003606,SYN-ACCESS-00008899,true,SYNTHETIC,,,MEDIUM,SCN-PHYS-1594
PHY-00008917,2024-09-07T18:13:00,PER-029521,prox-out-classified,LOC-006867,SYN-ACCESS-00008917,true,SYNTHETIC,,,MEDIUM,SCN-PHYS-1664
PHY-00008937,2024-12-18T06:55:13,PER-031212,prox-in-classified,LOC-008029,SYN-ACCESS-00008937,true,SYNTHETIC,,,MEDIUM,SCN-PHYS-1744
PHY-00008999,2025-10-06T16:22:24,PER-035454,prox-in-building,LOC-003644,SYN-ACCESS-00008999,true,SYNTHETIC,,,MEDIUM,SCN-PHYS-1994
PHY-00009035,2024-11-22T06:39:30,PER-002304,prox-in-building,LOC-003069,SYN-ACCESS-00009035,true,SYNTHETIC,,,MEDIUM,SCN-PHYS-0139
PHY-00009047,2024-03-26T17:58:27,PER-003233,prox-in-classified,LOC-001301,SYN-ACCESS-00009047,true,SYNTHETIC,,,MEDIUM,SCN-PHYS-0184
PHY-00009088,2024-01-29T18:20:00,PER-006443,prox-in-building,LOC-004989,SYN-ACCESS-00009088,true,SYNTHETIC,,,MEDIUM,SCN-PHYS-0349
PHY-00009099,2025-06-09T10:27:12,PER-007236,prox-out-classified,LOC-001855,SYN-ACCESS-00009099,true,SYNTHETIC,,,MEDIUM,SCN-PHYS-0394
PHY-00009133,2025-04-04T20:25:57,PER-009628,prox-in-classified,LOC-009679,SYN-ACCESS-00009133,true,SYNTHETIC,,,MEDIUM,SCN-PHYS-0529
PHY-00009142,2024-01-30T05:20:25,PER-010131,prox-in-classified,LOC-008679,SYN-ACCESS-00009142,true,SYNTHETIC,,,MEDIUM,SCN-PHYS-0564
PHY-00009240,2024-07-12T23:50:09,PER-017223,prox-out-classified,LOC-005692,SYN-ACCESS-00009240,true,SYNTHETIC,,,MEDIUM,SCN-PHYS-0959
PHY-00009265,2025-01-02T00:04:38,PER-018950,prox-in-classified,LOC-002481,SYN-ACCESS-00009265,true,SYNTHETIC,,,MEDIUM,SCN-PHYS-1059
PHY-00009272,2025-03-09T19:46:35,PER-019374,prox-in-classified,LOC-007336,SYN-ACCESS-00009272,true,SYNTHETIC,,,MEDIUM,SCN-PHYS-1084
PHY-00009282,2024-03-21T08:42:30,PER-020096,prox-in-classified,LOC-007371,SYN-ACCESS-00009282,true,SYNTHETIC,,,MEDIUM,SCN-PHYS-1124
PHY-00009303,2024-11-27T10:04:48,PER-021845,prox-in-classified,LOC-006029,SYN-ACCESS-00009303,true,SYNTHETIC,,,MEDIUM,SCN-PHYS-1209
PHY-00009318,2024-10-10T23:00:05,PER-022852,prox-out-classified,LOC-005358,SYN-ACCESS-00009318,true,SYNTHETIC,,,MEDIUM,SCN-PHYS-1269
PHY-00009334,2024-04-12T10:21:20,PER-023945,prox-in-building,LOC-006608,SYN-ACCESS-00009334,true,SYNTHETIC,,,MEDIUM,SCN-PHYS-1334
PHY-00009380,2024-05-26T08:18:51,PER-027179,prox-in-building,LOC-001352,SYN-ACCESS-00009380,true,SYNTHETIC,,,MEDIUM,SCN-PHYS-1519
PHY-00009397,2024-09-20T10:10:13,PER-028278,prox-in-classified,LOC-001251,SYN-ACCESS-00009397,true,SYNTHETIC,,,MEDIUM,SCN-PHYS-1584
PHY-00009399,2024-05-03T23:35:34,PER-028494,prox-in-classified,LOC-003606,SYN-ACCESS-00009399,true,SYNTHETIC,,,MEDIUM,SCN-PHYS-1594
PHY-00009417,2024-09-23T02:08:07,PER-029521,prox-in-building,LOC-006867,SYN-ACCESS-00009417,true,SYNTHETIC,,,MEDIUM,SCN-PHYS-1664
PHY-00009437,2024-07-04T18:31:28,PER-031212,prox-out-classified,LOC-008029,SYN-ACCESS-00009437,true,SYNTHETIC,,,MEDIUM,SCN-PHYS-1744
PHY-00009499,2025-04-12T12:24:32,PER-035454,prox-in-classified,LOC-003644,SYN-ACCESS-00009499,true,SYNTHETIC,,,MEDIUM,SCN-PHYS-1994
PHY-00009535,2024-07-13T20:11:13,PER-002304,prox-in-classified,LOC-003069,SYN-ACCESS-00009535,true,SYNTHETIC,,,MEDIUM,SCN-PHYS-0139
PHY-00009547,2025-12-06T05:26:51,PER-003233,prox-out-classified,LOC-001301,SYN-ACCESS-00009547,true,SYNTHETIC,,,MEDIUM,SCN-PHYS-0184
PHY-00009588,2024-08-20T17:32:09,PER-006443,prox-in-building,LOC-004989,SYN-ACCESS-00009588,true,SYNTHETIC,,,MEDIUM,SCN-PHYS-0349
PHY-00009599,2025-04-27T04:51:13,PER-007236,prox-in-building,LOC-001855,SYN-ACCESS-00009599,true,SYNTHETIC,,,MEDIUM,SCN-PHYS-0394
PHY-00009633,2025-03-17T20:56:17,PER-009628,prox-out-classified,LOC-009679,SYN-ACCESS-00009633,true,SYNTHETIC,,,MEDIUM,SCN-PHYS-0529
PHY-00009642,2024-11-26T22:19:30,PER-010131,prox-out-classified,LOC-008679,SYN-ACCESS-00009642,true,SYNTHETIC,,,MEDIUM,SCN-PHYS-0564
PHY-00009740,2024-10-31T06:11:37,PER-017223,prox-in-building,LOC-005692,SYN-ACCESS-00009740,true,SYNTHETIC,,,MEDIUM,SCN-PHYS-0959
PHY-00009765,2024-07-08T19:03:23,PER-018950,prox-out-classified,LOC-002481,SYN-ACCESS-00009765,true,SYNTHETIC,,,MEDIUM,SCN-PHYS-1059
PHY-00009772,2024-11-21T01:16:19,PER-019374,prox-in-building,LOC-007336,SYN-ACCESS-00009772,true,SYNTHETIC,,,MEDIUM,SCN-PHYS-1084
PHY-00009782,2024-08-01T02:16:01,PER-020096,prox-in-building,LOC-007371,SYN-ACCESS-00009782,true,SYNTHETIC,,,MEDIUM,SCN-PHYS-1124
PHY-00009803,2024-06-23T02:20:00,PER-021845,prox-in-classified,LOC-006029,SYN-ACCESS-00009803,true,SYNTHETIC,,,MEDIUM,SCN-PHYS-1209
PHY-00009818,2024-03-31T09:19:39,PER-022852,prox-in-building,LOC-005358,SYN-ACCESS-00009818,true,SYNTHETIC,,,MEDIUM,SCN-PHYS-1269
PHY-00009834,2025-12-16T08:20:33,PER-023945,prox-in-classified,LOC-006608,SYN-ACCESS-00009834,true,SYNTHETIC,,,MEDIUM,SCN-PHYS-1334
PHY-00009880,2024-08-28T00:35:54,PER-027179,prox-in-building,LOC-001352,SYN-ACCESS-00009880,true,SYNTHETIC,,,MEDIUM,SCN-PHYS-1519
PHY-00009897,2024-07-19T09:58:12,PER-028278,prox-in-classified,LOC-001251,SYN-ACCESS-00009897,true,SYNTHETIC,,,MEDIUM,SCN-PHYS-1584
PHY-00009899,2025-11-08T09:19:23,PER-028494,prox-in-classified,LOC-003606,SYN-ACCESS-00009899,true,SYNTHETIC,,,MEDIUM,SCN-PHYS-1594
PHY-00009917,2025-06-28T07:10:31,PER-029521,prox-out-classified,LOC-006867,SYN-ACCESS-00009917,true,SYNTHETIC,,,MEDIUM,SCN-PHYS-1664
PHY-00009937,2024-04-02T23:36:49,PER-031212,prox-in-classified,LOC-008029,SYN-ACCESS-00009937,true,SYNTHETIC,,,MEDIUM,SCN-PHYS-1744
PHY-00009999,2024-07-04T18:50:13,PER-035454,prox-in-classified,LOC-003644,SYN-ACCESS-00009999,true,SYNTHETIC,,,MEDIUM,SCN-PHYS-1994
PHY-00010035,2025-03-31T23:35:31,PER-002304,prox-out-classified,LOC-003069,SYN-ACCESS-00010035,true,SYNTHETIC,,,MEDIUM,SCN-PHYS-0139
PHY-00010047,2025-01-14T00:30:24,PER-003233,prox-out-classified,LOC-001301,SYN-ACCESS-00010047,true,SYNTHETIC,,,MEDIUM,SCN-PHYS-0184
PHY-00010088,2025-10-12T06:14:16,PER-006443,prox-out-classified,LOC-004989,SYN-ACCESS-00010088,true,SYNTHETIC,,,MEDIUM,SCN-PHYS-0349
PHY-00010099,2024-04-24T18:05:14,PER-007236,prox-in-classified,LOC-001855,SYN-ACCESS-00010099,true,SYNTHETIC,,,MEDIUM,SCN-PHYS-0394
PHY-00010133,2024-05-07T07:28:28,PER-009628,prox-in-building,LOC-009679,SYN-ACCESS-00010133,true,SYNTHETIC,,,MEDIUM,SCN-PHYS-0529
PHY-00010142,2024-01-17T20:23:44,PER-010131,prox-in-building,LOC-008679,SYN-ACCESS-00010142,true,SYNTHETIC,,,MEDIUM,SCN-PHYS-0564
PHY-00010240,2025-03-30T05:53:13,PER-017223,prox-in-building,LOC-005692,SYN-ACCESS-00010240,true,SYNTHETIC,,,MEDIUM,SCN-PHYS-0959
PHY-00010265,2025-12-07T16:04:31,PER-018950,prox-in-classified,LOC-002481,SYN-ACCESS-00010265,true,SYNTHETIC,,,MEDIUM,SCN-PHYS-1059
PHY-00010272,2024-10-03T09:54:55,PER-019374,prox-out-classified,LOC-007336,SYN-ACCESS-00010272,true,SYNTHETIC,,,MEDIUM,SCN-PHYS-1084
PHY-00010282,2025-07-19T14:23:35,PER-020096,prox-in-building,LOC-007371,SYN-ACCESS-00010282,true,SYNTHETIC,,,MEDIUM,SCN-PHYS-1124
PHY-00010303,2025-04-20T23:17:34,PER-021845,prox-in-classified,LOC-006029,SYN-ACCESS-00010303,true,SYNTHETIC,,,MEDIUM,SCN-PHYS-1209
PHY-00010318,2025-05-19T14:21:26,PER-022852,prox-in-classified,LOC-005358,SYN-ACCESS-00010318,true,SYNTHETIC,,,MEDIUM,SCN-PHYS-1269
PHY-00010334,2024-03-22T14:26:43,PER-023945,prox-out-classified,LOC-006608,SYN-ACCESS-00010334,true,SYNTHETIC,,,MEDIUM,SCN-PHYS-1334
PHY-00010380,2024-07-08T19:33:30,PER-027179,prox-out-classified,LOC-001352,SYN-ACCESS-00010380,true,SYNTHETIC,,,MEDIUM,SCN-PHYS-1519
PHY-00010397,2025-10-02T22:53:29,PER-028278,prox-out-classified,LOC-001251,SYN-ACCESS-00010397,true,SYNTHETIC,,,MEDIUM,SCN-PHYS-1584
PHY-00010399,2024-10-10T20:20:07,PER-028494,prox-out-classified,LOC-003606,SYN-ACCESS-00010399,true,SYNTHETIC,,,MEDIUM,SCN-PHYS-1594
PHY-00010417,2024-11-11T22:22:59,PER-029521,prox-in-building,LOC-006867,SYN-ACCESS-00010417,true,SYNTHETIC,,,MEDIUM,SCN-PHYS-1664
PHY-00010437,2025-01-26T04:52:35,PER-031212,prox-in-classified,LOC-008029,SYN-ACCESS-00010437,true,SYNTHETIC,,,MEDIUM,SCN-PHYS-1744
PHY-00010499,2024-09-20T17:02:24,PER-035454,prox-in-building,LOC-003644,SYN-ACCESS-00010499,true,SYNTHETIC,,,MEDIUM,SCN-PHYS-1994
PHY-00010535,2024-04-01T10:38:30,PER-002304,prox-out-classified,LOC-003069,SYN-ACCESS-00010535,true,SYNTHETIC,,,MEDIUM,SCN-PHYS-0139
PHY-00010547,2025-09-16T21:59:07,PER-003233,prox-out-classified,LOC-001301,SYN-ACCESS-00010547,true,SYNTHETIC,,,MEDIUM,SCN-PHYS-0184
PHY-00010588,2024-12-25T19:26:07,PER-006443,prox-in-building,LOC-004989,SYN-ACCESS-00010588,true,SYNTHETIC,,,MEDIUM,SCN-PHYS-0349
PHY-00010599,2024-12-30T03:12:01,PER-007236,prox-in-building,LOC-001855,SYN-ACCESS-00010599,true,SYNTHETIC,,,MEDIUM,SCN-PHYS-0394
PHY-00010633,2024-06-16T09:52:37,PER-009628,prox-in-classified,LOC-009679,SYN-ACCESS-00010633,true,SYNTHETIC,,,MEDIUM,SCN-PHYS-0529
PHY-00010642,2025-12-20T00:10:36,PER-010131,prox-in-building,LOC-008679,SYN-ACCESS-00010642,true,SYNTHETIC,,,MEDIUM,SCN-PHYS-0564
PHY-00010740,2024-09-20T19:18:28,PER-017223,prox-in-building,LOC-005692,SYN-ACCESS-00010740,true,SYNTHETIC,,,MEDIUM,SCN-PHYS-0959
PHY-00010765,2024-01-30T22:40:49,PER-018950,prox-out-classified,LOC-002481,SYN-ACCESS-00010765,true,SYNTHETIC,,,MEDIUM,SCN-PHYS-1059
PHY-00010772,2025-07-16T19:53:44,PER-019374,prox-in-building,LOC-007336,SYN-ACCESS-00010772,true,SYNTHETIC,,,MEDIUM,SCN-PHYS-1084
PHY-00010782,2024-10-19T05:23:29,PER-020096,prox-out-classified,LOC-007371,SYN-ACCESS-00010782,true,SYNTHETIC,,,MEDIUM,SCN-PHYS-1124
PHY-00010803,2024-05-31T00:25:24,PER-021845,prox-in-classified,LOC-006029,SYN-ACCESS-00010803,true,SYNTHETIC,,,MEDIUM,SCN-PHYS-1209
PHY-00010818,2024-06-08T17:25:58,PER-022852,prox-in-classified,LOC-005358,SYN-ACCESS-00010818,true,SYNTHETIC,,,MEDIUM,SCN-PHYS-1269
PHY-00010834,2024-07-08T20:56:01,PER-023945,prox-out-classified,LOC-006608,SYN-ACCESS-00010834,true,SYNTHETIC,,,MEDIUM,SCN-PHYS-1334
PHY-00010880,2025-06-08T11:24:01,PER-027179,prox-in-building,LOC-001352,SYN-ACCESS-00010880,true,SYNTHETIC,,,MEDIUM,SCN-PHYS-1519
PHY-00010897,2024-10-25T21:20:08,PER-028278,prox-in-building,LOC-001251,SYN-ACCESS-00010897,true,SYNTHETIC,,,MEDIUM,SCN-PHYS-1584
PHY-00010899,2024-09-14T14:23:56,PER-028494,prox-in-building,LOC-003606,SYN-ACCESS-00010899,true,SYNTHETIC,,,MEDIUM,SCN-PHYS-1594
PHY-00010917,2025-09-20T11:55:37,PER-029521,prox-in-building,LOC-006867,SYN-ACCESS-00010917,true,SYNTHETIC,,,MEDIUM,SCN-PHYS-1664
PHY-00010937,2025-07-21T19:35:00,PER-031212,prox-in-building,LOC-008029,SYN-ACCESS-00010937,true,SYNTHETIC,,,MEDIUM,SCN-PHYS-1744
PHY-00010999,2025-12-14T13:53:53,PER-035454,prox-in-building,LOC-003644,SYN-ACCESS-00010999,true,SYNTHETIC,,,MEDIUM,SCN-PHYS-1994
PHY-00011035,2024-09-21T03:49:05,PER-002304,prox-in-classified,LOC-003069,SYN-ACCESS-00011035,true,SYNTHETIC,,,MEDIUM,SCN-PHYS-0139
PHY-00011047,2025-03-16T10:45:26,PER-003233,prox-in-building,LOC-001301,SYN-ACCESS-00011047,true,SYNTHETIC,,,MEDIUM,SCN-PHYS-0184
PHY-00011088,2024-10-11T18:26:18,PER-006443,prox-in-building,LOC-004989,SYN-ACCESS-00011088,true,SYNTHETIC,,,MEDIUM,SCN-PHYS-0349
PHY-00011099,2024-11-29T20:41:25,PER-007236,prox-out-classified,LOC-001855,SYN-ACCESS-00011099,true,SYNTHETIC,,,MEDIUM,SCN-PHYS-0394
PHY-00011133,2025-08-02T00:20:36,PER-009628,prox-in-building,LOC-009679,SYN-ACCESS-00011133,true,SYNTHETIC,,,MEDIUM,SCN-PHYS-0529
PHY-00011142,2025-09-25T12:04:16,PER-010131,prox-in-building,LOC-008679,SYN-ACCESS-00011142,true,SYNTHETIC,,,MEDIUM,SCN-PHYS-0564
PHY-00011240,2024-04-20T17:02:32,PER-017223,prox-out-classified,LOC-005692,SYN-ACCESS-00011240,true,SYNTHETIC,,,MEDIUM,SCN-PHYS-0959
PHY-00011265,2024-02-04T00:20:02,PER-018950,prox-in-building,LOC-002481,SYN-ACCESS-00011265,true,SYNTHETIC,,,MEDIUM,SCN-PHYS-1059
PHY-00011272,2024-04-08T05:43:04,PER-019374,prox-in-building,LOC-007336,SYN-ACCESS-00011272,true,SYNTHETIC,,,MEDIUM,SCN-PHYS-1084
PHY-00011282,2025-09-26T16:51:06,PER-020096,prox-out-classified,LOC-007371,SYN-ACCESS-00011282,true,SYNTHETIC,,,MEDIUM,SCN-PHYS-1124
PHY-00011303,2024-10-18T12:19:25,PER-021845,prox-in-classified,LOC-006029,SYN-ACCESS-00011303,true,SYNTHETIC,,,MEDIUM,SCN-PHYS-1209
PHY-00011318,2024-04-25T20:25:04,PER-022852,prox-in-classified,LOC-005358,SYN-ACCESS-00011318,true,SYNTHETIC,,,MEDIUM,SCN-PHYS-1269
PHY-00011334,2025-08-30T20:22:15,PER-023945,prox-out-classified,LOC-006608,SYN-ACCESS-00011334,true,SYNTHETIC,,,MEDIUM,SCN-PHYS-1334
PHY-00011380,2024-03-16T00:53:41,PER-027179,prox-out-classified,LOC-001352,SYN-ACCESS-00011380,true,SYNTHETIC,,,MEDIUM,SCN-PHYS-1519
PHY-00011397,2024-05-01T12:48:28,PER-028278,prox-in-building,LOC-001251,SYN-ACCESS-00011397,true,SYNTHETIC,,,MEDIUM,SCN-PHYS-1584
PHY-00011399,2025-10-13T14:39:46,PER-028494,prox-in-classified,LOC-003606,SYN-ACCESS-00011399,true,SYNTHETIC,,,MEDIUM,SCN-PHYS-1594
PHY-00011417,2025-01-28T19:35:35,PER-029521,prox-in-building,LOC-006867,SYN-ACCESS-00011417,true,SYNTHETIC,,,MEDIUM,SCN-PHYS-1664
PHY-00011437,2024-04-02T04:10:57,PER-031212,prox-out-classified,LOC-008029,SYN-ACCESS-00011437,true,SYNTHETIC,,,MEDIUM,SCN-PHYS-1744
PHY-00011499,2025-11-11T13:41:55,PER-035454,prox-in-classified,LOC-003644,SYN-ACCESS-00011499,true,SYNTHETIC,,,MEDIUM,SCN-PHYS-1994
PHY-00011535,2025-10-04T17:22:44,PER-002304,prox-in-classified,LOC-003069,SYN-ACCESS-00011535,true,SYNTHETIC,,,MEDIUM,SCN-PHYS-0139
PHY-00011547,2025-03-01T11:26:52,PER-003233,prox-in-building,LOC-001301,SYN-ACCESS-00011547,true,SYNTHETIC,,,MEDIUM,SCN-PHYS-0184
PHY-00011588,2024-12-09T19:17:22,PER-006443,prox-in-building,LOC-004989,SYN-ACCESS-00011588,true,SYNTHETIC,,,MEDIUM,SCN-PHYS-0349
PHY-00011599,2024-10-11T18:34:55,PER-007236,prox-in-building,LOC-001855,SYN-ACCESS-00011599,true,SYNTHETIC,,,MEDIUM,SCN-PHYS-0394
PHY-00011633,2024-01-02T10:28:22,PER-009628,prox-in-building,LOC-009679,SYN-ACCESS-00011633,true,SYNTHETIC,,,MEDIUM,SCN-PHYS-0529
PHY-00011642,2025-11-07T21:36:49,PER-010131,prox-out-classified,LOC-008679,SYN-ACCESS-00011642,true,SYNTHETIC,,,MEDIUM,SCN-PHYS-0564
PHY-00011740,2025-11-12T23:37:01,PER-017223,prox-out-classified,LOC-005692,SYN-ACCESS-00011740,true,SYNTHETIC,,,MEDIUM,SCN-PHYS-0959
PHY-00011765,2025-04-19T03:10:45,PER-018950,prox-out-classified,LOC-002481,SYN-ACCESS-00011765,true,SYNTHETIC,,,MEDIUM,SCN-PHYS-1059
PHY-00011772,2024-01-18T20:20:17,PER-019374,prox-in-building,LOC-007336,SYN-ACCESS-00011772,true,SYNTHETIC,,,MEDIUM,SCN-PHYS-1084
PHY-00011782,2025-06-17T08:08:18,PER-020096,prox-in-classified,LOC-007371,SYN-ACCESS-00011782,true,SYNTHETIC,,,MEDIUM,SCN-PHYS-1124
PHY-00011803,2024-10-22T23:17:17,PER-021845,prox-in-building,LOC-006029,SYN-ACCESS-00011803,true,SYNTHETIC,,,MEDIUM,SCN-PHYS-1209
PHY-00011818,2024-07-05T17:47:01,PER-022852,prox-in-classified,LOC-005358,SYN-ACCESS-00011818,true,SYNTHETIC,,,MEDIUM,SCN-PHYS-1269
PHY-00011834,2025-09-28T03:06:27,PER-023945,prox-in-building,LOC-006608,SYN-ACCESS-00011834,true,SYNTHETIC,,,MEDIUM,SCN-PHYS-1334
PHY-00011880,2024-07-02T16:50:19,PER-027179,prox-in-building,LOC-001352,SYN-ACCESS-00011880,true,SYNTHETIC,,,MEDIUM,SCN-PHYS-1519
PHY-00011897,2024-01-11T00:55:27,PER-028278,prox-out-classified,LOC-001251,SYN-ACCESS-00011897,true,SYNTHETIC,,,MEDIUM,SCN-PHYS-1584
PHY-00011899,2025-08-28T19:59:12,PER-028494,prox-out-classified,LOC-003606,SYN-ACCESS-00011899,true,SYNTHETIC,,,MEDIUM,SCN-PHYS-1594
PHY-00011917,2024-10-29T00:31:56,PER-029521,prox-in-classified,LOC-006867,SYN-ACCESS-00011917,true,SYNTHETIC,,,MEDIUM,SCN-PHYS-1664
PHY-00011937,2025-12-25T00:03:09,PER-031212,prox-in-building,LOC-008029,SYN-ACCESS-00011937,true,SYNTHETIC,,,MEDIUM,SCN-PHYS-1744
PHY-00011999,2024-12-30T02:40:42,PER-035454,prox-in-classified,LOC-003644,SYN-ACCESS-00011999,true,SYNTHETIC,,,MEDIUM,SCN-PHYS-1994
PHY-00012035,2024-05-07T01:51:57,PER-002304,prox-in-building,LOC-003069,SYN-ACCESS-00012035,true,SYNTHETIC,,,MEDIUM,SCN-PHYS-0139
PHY-00012047,2025-06-10T16:27:30,PER-003233,prox-out-classified,LOC-001301,SYN-ACCESS-00012047,true,SYNTHETIC,,,MEDIUM,SCN-PHYS-0184
PHY-00012088,2024-08-13T05:20:49,PER-006443,prox-in-classified,LOC-004989,SYN-ACCESS-00012088,true,SYNTHETIC,,,MEDIUM,SCN-PHYS-0349
PHY-00012099,2024-04-15T00:27:35,PER-007236,prox-in-classified,LOC-001855,SYN-ACCESS-00012099,true,SYNTHETIC,,,MEDIUM,SCN-PHYS-0394
PHY-00012133,2025-05-25T03:54:09,PER-009628,prox-in-classified,LOC-009679,SYN-ACCESS-00012133,true,SYNTHETIC,,,MEDIUM,SCN-PHYS-0529
PHY-00012142,2024-04-03T07:55:14,PER-010131,prox-in-building,LOC-008679,SYN-ACCESS-00012142,true,SYNTHETIC,,,MEDIUM,SCN-PHYS-0564
PHY-00012240,2025-10-19T07:50:06,PER-017223,prox-out-classified,LOC-005692,SYN-ACCESS-00012240,true,SYNTHETIC,,,MEDIUM,SCN-PHYS-0959
PHY-00012265,2024-06-07T09:59:12,PER-018950,prox-out-classified,LOC-002481,SYN-ACCESS-00012265,true,SYNTHETIC,,,MEDIUM,SCN-PHYS-1059
PHY-00012272,2024-05-31T02:13:57,PER-019374,prox-out-classified,LOC-007336,SYN-ACCESS-00012272,true,SYNTHETIC,,,MEDIUM,SCN-PHYS-1084
PHY-00012282,2024-12-15T13:49:30,PER-020096,prox-in-building,LOC-007371,SYN-ACCESS-00012282,true,SYNTHETIC,,,MEDIUM,SCN-PHYS-1124
PHY-00012303,2025-04-20T12:35:26,PER-021845,prox-out-classified,LOC-006029,SYN-ACCESS-00012303,true,SYNTHETIC,,,MEDIUM,SCN-PHYS-1209
PHY-00012318,2025-10-27T23:07:18,PER-022852,prox-in-classified,LOC-005358,SYN-ACCESS-00012318,true,SYNTHETIC,,,MEDIUM,SCN-PHYS-1269
PHY-00012334,2025-01-08T11:34:33,PER-023945,prox-in-classified,LOC-006608,SYN-ACCESS-00012334,true,SYNTHETIC,,,MEDIUM,SCN-PHYS-1334
PHY-00012380,2025-12-29T20:52:13,PER-027179,prox-in-building,LOC-001352,SYN-ACCESS-00012380,true,SYNTHETIC,,,MEDIUM,SCN-PHYS-1519
PHY-00012397,2024-12-07T09:17:07,PER-028278,prox-out-classified,LOC-001251,SYN-ACCESS-00012397,true,SYNTHETIC,,,MEDIUM,SCN-PHYS-1584
PHY-00012399,2025-06-15T11:10:16,PER-028494,prox-out-classified,LOC-003606,SYN-ACCESS-00012399,true,SYNTHETIC,,,MEDIUM,SCN-PHYS-1594
PHY-00012417,2024-04-30T00:05:48,PER-029521,prox-in-classified,LOC-006867,SYN-ACCESS-00012417,true,SYNTHETIC,,,MEDIUM,SCN-PHYS-1664
PHY-00012437,2025-05-10T10:54:05,PER-031212,prox-in-building,LOC-008029,SYN-ACCESS-00012437,true,SYNTHETIC,,,MEDIUM,SCN-PHYS-1744
PHY-00012499,2024-10-20T21:51:35,PER-035454,prox-in-classified,LOC-003644,SYN-ACCESS-00012499,true,SYNTHETIC,,,MEDIUM,SCN-PHYS-1994
PHY-00012535,2024-08-12T04:06:14,PER-002304,prox-out-classified,LOC-003069,SYN-ACCESS-00012535,true,SYNTHETIC,,,MEDIUM,SCN-PHYS-0139
PHY-00012547,2024-12-01T07:22:59,PER-003233,prox-in-building,LOC-001301,SYN-ACCESS-00012547,true,SYNTHETIC,,,MEDIUM,SCN-PHYS-0184
PHY-00012588,2024-07-25T21:31:29,PER-006443,prox-in-building,LOC-004989,SYN-ACCESS-00012588,true,SYNTHETIC,,,MEDIUM,SCN-PHYS-0349
PHY-00012599,2024-02-02T14:09:59,PER-007236,prox-in-classified,LOC-001855,SYN-ACCESS-00012599,true,SYNTHETIC,,,MEDIUM,SCN-PHYS-0394
PHY-00012633,2024-11-28T19:47:35,PER-009628,prox-in-building,LOC-009679,SYN-ACCESS-00012633,true,SYNTHETIC,,,MEDIUM,SCN-PHYS-0529
PHY-00012642,2024-12-25T08:40:26,PER-010131,prox-in-classified,LOC-008679,SYN-ACCESS-00012642,true,SYNTHETIC,,,MEDIUM,SCN-PHYS-0564
PHY-00012740,2025-10-10T16:14:44,PER-017223,prox-in-classified,LOC-005692,SYN-ACCESS-00012740,true,SYNTHETIC,,,MEDIUM,SCN-PHYS-0959
PHY-00012765,2024-05-15T14:58:45,PER-018950,prox-out-classified,LOC-002481,SYN-ACCESS-00012765,true,SYNTHETIC,,,MEDIUM,SCN-PHYS-1059
PHY-00012772,2024-10-05T21:26:06,PER-019374,prox-out-classified,LOC-007336,SYN-ACCESS-00012772,true,SYNTHETIC,,,MEDIUM,SCN-PHYS-1084
PHY-00012782,2024-05-09T20:42:25,PER-020096,prox-out-classified,LOC-007371,SYN-ACCESS-00012782,true,SYNTHETIC,,,MEDIUM,SCN-PHYS-1124
PHY-00012803,2024-04-08T03:26:31,PER-021845,prox-in-classified,LOC-006029,SYN-ACCESS-00012803,true,SYNTHETIC,,,MEDIUM,SCN-PHYS-1209
PHY-00012818,2024-06-01T23:33:54,PER-022852,prox-in-building,LOC-005358,SYN-ACCESS-00012818,true,SYNTHETIC,,,MEDIUM,SCN-PHYS-1269
PHY-00012834,2025-10-25T17:32:47,PER-023945,prox-in-building,LOC-006608,SYN-ACCESS-00012834,true,SYNTHETIC,,,MEDIUM,SCN-PHYS-1334
PHY-00012880,2025-09-23T11:42:21,PER-027179,prox-out-classified,LOC-001352,SYN-ACCESS-00012880,true,SYNTHETIC,,,MEDIUM,SCN-PHYS-1519
PHY-00012897,2024-08-23T02:10:04,PER-028278,prox-in-classified,LOC-001251,SYN-ACCESS-00012897,true,SYNTHETIC,,,MEDIUM,SCN-PHYS-1584
PHY-00012899,2024-09-18T16:18:35,PER-028494,prox-out-classified,LOC-003606,SYN-ACCESS-00012899,true,SYNTHETIC,,,MEDIUM,SCN-PHYS-1594
PHY-00012917,2025-01-16T13:30:30,PER-029521,prox-in-building,LOC-006867,SYN-ACCESS-00012917,true,SYNTHETIC,,,MEDIUM,SCN-PHYS-1664
PHY-00012937,2024-11-09T14:12:34,PER-031212,prox-out-classified,LOC-008029,SYN-ACCESS-00012937,true,SYNTHETIC,,,MEDIUM,SCN-PHYS-1744
PHY-00012999,2025-04-16T13:29:55,PER-035454,prox-in-classified,LOC-003644,SYN-ACCESS-00012999,true,SYNTHETIC,,,MEDIUM,SCN-PHYS-1994
PHY-00013035,2025-12-08T03:02:19,PER-002304,prox-out-classified,LOC-003069,SYN-ACCESS-00013035,true,SYNTHETIC,,,MEDIUM,SCN-PHYS-0139
PHY-00013047,2025-01-24T16:03:36,PER-003233,prox-out-classified,LOC-001301,SYN-ACCESS-00013047,true,SYNTHETIC,,,MEDIUM,SCN-PHYS-0184
PHY-00013088,2025-06-25T10:25:26,PER-006443,prox-in-classified,LOC-004989,SYN-ACCESS-00013088,true,SYNTHETIC,,,MEDIUM,SCN-PHYS-0349
PHY-00013099,2025-06-03T12:38:58,PER-007236,prox-out-classified,LOC-001855,SYN-ACCESS-00013099,true,SYNTHETIC,,,MEDIUM,SCN-PHYS-0394
PHY-00013133,2024-07-19T10:43:18,PER-009628,prox-in-building,LOC-009679,SYN-ACCESS-00013133,true,SYNTHETIC,,,MEDIUM,SCN-PHYS-0529
PHY-00013142,2025-01-15T09:42:05,PER-010131,prox-out-classified,LOC-008679,SYN-ACCESS-00013142,true,SYNTHETIC,,,MEDIUM,SCN-PHYS-0564
PHY-00013240,2024-02-20T09:52:19,PER-017223,prox-out-classified,LOC-005692,SYN-ACCESS-00013240,true,SYNTHETIC,,,MEDIUM,SCN-PHYS-0959
PHY-00013265,2025-06-27T16:50:10,PER-018950,prox-in-classified,LOC-002481,SYN-ACCESS-00013265,true,SYNTHETIC,,,MEDIUM,SCN-PHYS-1059
PHY-00013272,2024-03-10T10:45:13,PER-019374,prox-out-classified,LOC-007336,SYN-ACCESS-00013272,true,SYNTHETIC,,,MEDIUM,SCN-PHYS-1084
PHY-00013282,2025-03-16T03:37:54,PER-020096,prox-out-classified,LOC-007371,SYN-ACCESS-00013282,true,SYNTHETIC,,,MEDIUM,SCN-PHYS-1124
PHY-00013303,2024-11-16T10:24:34,PER-021845,prox-in-classified,LOC-006029,SYN-ACCESS-00013303,true,SYNTHETIC,,,MEDIUM,SCN-PHYS-1209
PHY-00013318,2025-08-28T13:47:00,PER-022852,prox-out-classified,LOC-005358,SYN-ACCESS-00013318,true,SYNTHETIC,,,MEDIUM,SCN-PHYS-1269
PHY-00013334,2025-06-17T11:20:23,PER-023945,prox-out-classified,LOC-006608,SYN-ACCESS-00013334,true,SYNTHETIC,,,MEDIUM,SCN-PHYS-1334
PHY-00013380,2024-11-22T08:50:28,PER-027179,prox-out-classified,LOC-001352,SYN-ACCESS-00013380,true,SYNTHETIC,,,MEDIUM,SCN-PHYS-1519
PHY-00013397,2024-04-23T07:40:42,PER-028278,prox-out-classified,LOC-001251,SYN-ACCESS-00013397,true,SYNTHETIC,,,MEDIUM,SCN-PHYS-1584
PHY-00013399,2024-06-22T16:41:26,PER-028494,prox-in-classified,LOC-003606,SYN-ACCESS-00013399,true,SYNTHETIC,,,MEDIUM,SCN-PHYS-1594
PHY-00013417,2024-01-13T22:01:18,PER-029521,prox-out-classified,LOC-006867,SYN-ACCESS-00013417,true,SYNTHETIC,,,MEDIUM,SCN-PHYS-1664
PHY-00013437,2024-03-15T19:19:12,PER-031212,prox-out-classified,LOC-008029,SYN-ACCESS-00013437,true,SYNTHETIC,,,MEDIUM,SCN-PHYS-1744
PHY-00013499,2025-12-11T01:14:31,PER-035454,prox-out-classified,LOC-003644,SYN-ACCESS-00013499,true,SYNTHETIC,,,MEDIUM,SCN-PHYS-1994
PHY-00013535,2025-06-27T19:52:38,PER-002304,prox-in-building,LOC-003069,SYN-ACCESS-00013535,true,SYNTHETIC,,,MEDIUM,SCN-PHYS-0139
PHY-00013547,2024-10-26T21:56:58,PER-003233,prox-out-classified,LOC-001301,SYN-ACCESS-00013547,true,SYNTHETIC,,,MEDIUM,SCN-PHYS-0184
PHY-00013588,2024-09-12T23:21:12,PER-006443,prox-in-classified,LOC-004989,SYN-ACCESS-00013588,true,SYNTHETIC,,,MEDIUM,SCN-PHYS-0349
PHY-00013599,2024-04-12T06:45:44,PER-007236,prox-in-classified,LOC-001855,SYN-ACCESS-00013599,true,SYNTHETIC,,,MEDIUM,SCN-PHYS-0394
PHY-00013633,2025-02-01T03:03:53,PER-009628,prox-out-classified,LOC-009679,SYN-ACCESS-00013633,true,SYNTHETIC,,,MEDIUM,SCN-PHYS-0529
PHY-00013642,2025-08-31T21:53:39,PER-010131,prox-in-building,LOC-008679,SYN-ACCESS-00013642,true,SYNTHETIC,,,MEDIUM,SCN-PHYS-0564
PHY-00013740,2024-10-17T20:02:18,PER-017223,prox-out-classified,LOC-005692,SYN-ACCESS-00013740,true,SYNTHETIC,,,MEDIUM,SCN-PHYS-0959
PHY-00013765,2024-12-14T05:29:53,PER-018950,prox-in-building,LOC-002481,SYN-ACCESS-00013765,true,SYNTHETIC,,,MEDIUM,SCN-PHYS-1059
PHY-00013772,2025-01-28T07:01:26,PER-019374,prox-out-classified,LOC-007336,SYN-ACCESS-00013772,true,SYNTHETIC,,,MEDIUM,SCN-PHYS-1084
PHY-00013782,2025-07-27T13:51:56,PER-020096,prox-in-classified,LOC-007371,SYN-ACCESS-00013782,true,SYNTHETIC,,,MEDIUM,SCN-PHYS-1124
PHY-00013803,2024-02-01T21:28:50,PER-021845,prox-in-building,LOC-006029,SYN-ACCESS-00013803,true,SYNTHETIC,,,MEDIUM,SCN-PHYS-1209
PHY-00013818,2025-01-28T07:54:41,PER-022852,prox-in-building,LOC-005358,SYN-ACCESS-00013818,true,SYNTHETIC,,,MEDIUM,SCN-PHYS-1269
PHY-00013834,2025-04-17T14:21:09,PER-023945,prox-in-classified,LOC-006608,SYN-ACCESS-00013834,true,SYNTHETIC,,,MEDIUM,SCN-PHYS-1334
PHY-00013880,2025-05-14T05:23:41,PER-027179,prox-in-building,LOC-001352,SYN-ACCESS-00013880,true,SYNTHETIC,,,MEDIUM,SCN-PHYS-1519
PHY-00013897,2025-09-15T12:20:19,PER-028278,prox-in-building,LOC-001251,SYN-ACCESS-00013897,true,SYNTHETIC,,,MEDIUM,SCN-PHYS-1584
PHY-00013899,2024-11-02T16:44:03,PER-028494,prox-in-classified,LOC-003606,SYN-ACCESS-00013899,true,SYNTHETIC,,,MEDIUM,SCN-PHYS-1594
PHY-00013917,2024-09-04T19:20:07,PER-029521,prox-in-classified,LOC-006867,SYN-ACCESS-00013917,true,SYNTHETIC,,,MEDIUM,SCN-PHYS-1664
PHY-00013937,2024-01-27T14:15:35,PER-031212,prox-in-building,LOC-008029,SYN-ACCESS-00013937,true,SYNTHETIC,,,MEDIUM,SCN-PHYS-1744
PHY-00013999,2024-04-21T09:57:50,PER-035454,prox-in-building,LOC-003644,SYN-ACCESS-00013999,true,SYNTHETIC,,,MEDIUM,SCN-PHYS-1994
PHY-00014035,2025-03-27T15:28:42,PER-002304,prox-in-classified,LOC-003069,SYN-ACCESS-00014035,true,SYNTHETIC,,,MEDIUM,SCN-PHYS-0139
PHY-00014047,2025-05-07T11:45:56,PER-003233,prox-in-classified,LOC-001301,SYN-ACCESS-00014047,true,SYNTHETIC,,,MEDIUM,SCN-PHYS-0184
PHY-00014088,2025-07-21T00:00:26,PER-006443,prox-out-classified,LOC-004989,SYN-ACCESS-00014088,true,SYNTHETIC,,,MEDIUM,SCN-PHYS-0349
PHY-00014099,2025-10-06T23:39:34,PER-007236,prox-in-building,LOC-001855,SYN-ACCESS-00014099,true,SYNTHETIC,,,MEDIUM,SCN-PHYS-0394
PHY-00014133,2025-07-28T11:04:19,PER-009628,prox-in-building,LOC-009679,SYN-ACCESS-00014133,true,SYNTHETIC,,,MEDIUM,SCN-PHYS-0529
PHY-00014142,2024-09-19T00:26:00,PER-010131,prox-in-building,LOC-008679,SYN-ACCESS-00014142,true,SYNTHETIC,,,MEDIUM,SCN-PHYS-0564
PHY-00014240,2025-03-31T15:33:39,PER-017223,prox-out-classified,LOC-005692,SYN-ACCESS-00014240,true,SYNTHETIC,,,MEDIUM,SCN-PHYS-0959
PHY-00014265,2024-01-10T06:13:49,PER-018950,prox-out-classified,LOC-002481,SYN-ACCESS-00014265,true,SYNTHETIC,,,MEDIUM,SCN-PHYS-1059
PHY-00014272,2024-09-02T02:36:45,PER-019374,prox-in-building,LOC-007336,SYN-ACCESS-00014272,true,SYNTHETIC,,,MEDIUM,SCN-PHYS-1084
PHY-00014282,2024-11-05T20:32:52,PER-020096,prox-in-classified,LOC-007371,SYN-ACCESS-00014282,true,SYNTHETIC,,,MEDIUM,SCN-PHYS-1124
PHY-00014303,2024-02-07T20:58:11,PER-021845,prox-in-building,LOC-006029,SYN-ACCESS-00014303,true,SYNTHETIC,,,MEDIUM,SCN-PHYS-1209
PHY-00014318,2025-03-25T02:12:13,PER-022852,prox-out-classified,LOC-005358,SYN-ACCESS-00014318,true,SYNTHETIC,,,MEDIUM,SCN-PHYS-1269
PHY-00014334,2025-09-09T20:22:25,PER-023945,prox-in-building,LOC-006608,SYN-ACCESS-00014334,true,SYNTHETIC,,,MEDIUM,SCN-PHYS-1334
PHY-00014380,2024-07-21T04:51:08,PER-027179,prox-in-building,LOC-001352,SYN-ACCESS-00014380,true,SYNTHETIC,,,MEDIUM,SCN-PHYS-1519
PHY-00014397,2024-04-18T05:21:19,PER-028278,prox-in-classified,LOC-001251,SYN-ACCESS-00014397,true,SYNTHETIC,,,MEDIUM,SCN-PHYS-1584
PHY-00014399,2024-05-13T12:51:35,PER-028494,prox-out-classified,LOC-003606,SYN-ACCESS-00014399,true,SYNTHETIC,,,MEDIUM,SCN-PHYS-1594
PHY-00014417,2025-08-27T04:28:20,PER-029521,prox-in-building,LOC-006867,SYN-ACCESS-00014417,true,SYNTHETIC,,,MEDIUM,SCN-PHYS-1664
PHY-00014437,2024-06-21T01:15:13,PER-031212,prox-in-classified,LOC-008029,SYN-ACCESS-00014437,true,SYNTHETIC,,,MEDIUM,SCN-PHYS-1744
PHY-00014499,2025-03-20T17:30:35,PER-035454,prox-out-classified,LOC-003644,SYN-ACCESS-00014499,true,SYNTHETIC,,,MEDIUM,SCN-PHYS-1994
PHY-00014535,2024-04-15T08:04:27,PER-002304,prox-in-classified,LOC-003069,SYN-ACCESS-00014535,true,SYNTHETIC,,,MEDIUM,SCN-PHYS-0139
PHY-00014547,2024-04-16T01:52:07,PER-003233,prox-in-building,LOC-001301,SYN-ACCESS-00014547,true,SYNTHETIC,,,MEDIUM,SCN-PHYS-0184
PHY-00014588,2024-01-26T16:52:57,PER-006443,prox-in-classified,LOC-004989,SYN-ACCESS-00014588,true,SYNTHETIC,,,MEDIUM,SCN-PHYS-0349
PHY-00014599,2025-12-10T22:35:08,PER-007236,prox-in-building,LOC-001855,SYN-ACCESS-00014599,true,SYNTHETIC,,,MEDIUM,SCN-PHYS-0394
PHY-00014633,2025-10-24T05:49:45,PER-009628,prox-out-classified,LOC-009679,SYN-ACCESS-00014633,true,SYNTHETIC,,,MEDIUM,SCN-PHYS-0529
PHY-00014642,2025-09-28T23:21:51,PER-010131,prox-out-classified,LOC-008679,SYN-ACCESS-00014642,true,SYNTHETIC,,,MEDIUM,SCN-PHYS-0564
PHY-00014740,2025-01-05T16:44:32,PER-017223,prox-out-classified,LOC-005692,SYN-ACCESS-00014740,true,SYNTHETIC,,,MEDIUM,SCN-PHYS-0959
PHY-00014765,2024-01-22T14:27:30,PER-018950,prox-in-classified,LOC-002481,SYN-ACCESS-00014765,true,SYNTHETIC,,,MEDIUM,SCN-PHYS-1059
PHY-00014772,2025-01-25T14:00:38,PER-019374,prox-out-classified,LOC-007336,SYN-ACCESS-00014772,true,SYNTHETIC,,,MEDIUM,SCN-PHYS-1084
PHY-00014782,2025-09-30T02:15:22,PER-020096,prox-in-building,LOC-007371,SYN-ACCESS-00014782,true,SYNTHETIC,,,MEDIUM,SCN-PHYS-1124
PHY-00014803,2025-03-31T15:17:39,PER-021845,prox-in-building,LOC-006029,SYN-ACCESS-00014803,true,SYNTHETIC,,,MEDIUM,SCN-PHYS-1209
PHY-00014818,2024-01-27T20:34:24,PER-022852,prox-in-building,LOC-005358,SYN-ACCESS-00014818,true,SYNTHETIC,,,MEDIUM,SCN-PHYS-1269
PHY-00014834,2025-11-09T22:32:56,PER-023945,prox-in-classified,LOC-006608,SYN-ACCESS-00014834,true,SYNTHETIC,,,MEDIUM,SCN-PHYS-1334
PHY-00014880,2024-05-19T23:59:59,PER-027179,prox-out-classified,LOC-001352,SYN-ACCESS-00014880,true,SYNTHETIC,,,MEDIUM,SCN-PHYS-1519
PHY-00014897,2024-08-24T05:33:57,PER-028278,prox-in-building,LOC-001251,SYN-ACCESS-00014897,true,SYNTHETIC,,,MEDIUM,SCN-PHYS-1584
PHY-00014899,2024-04-02T07:00:54,PER-028494,prox-in-building,LOC-003606,SYN-ACCESS-00014899,true,SYNTHETIC,,,MEDIUM,SCN-PHYS-1594
PHY-00014917,2025-07-08T13:35:56,PER-029521,prox-in-classified,LOC-006867,SYN-ACCESS-00014917,true,SYNTHETIC,,,MEDIUM,SCN-PHYS-1664
PHY-00014937,2025-05-12T10:40:02,PER-031212,prox-in-building,LOC-008029,SYN-ACCESS-00014937,true,SYNTHETIC,,,MEDIUM,SCN-PHYS-1744
PHY-00014999,2025-08-13T03:02:35,PER-035454,prox-in-building,LOC-003644,SYN-ACCESS-00014999,true,SYNTHETIC,,,MEDIUM,SCN-PHYS-1994
PHY-00015035,2024-07-13T08:15:47,PER-002304,prox-out-classified,LOC-003069,SYN-ACCESS-00015035,true,SYNTHETIC,,,MEDIUM,SCN-PHYS-0139
PHY-00015047,2025-01-09T15:51:20,PER-003233,prox-out-classified,LOC-001301,SYN-ACCESS-00015047,true,SYNTHETIC,,,MEDIUM,SCN-PHYS-0184
PHY-00015088,2024-01-26T03:40:11,PER-006443,prox-out-classified,LOC-004989,SYN-ACCESS-00015088,true,SYNTHETIC,,,MEDIUM,SCN-PHYS-0349
PHY-00015099,2024-10-24T07:50:24,PER-007236,prox-out-classified,LOC-001855,SYN-ACCESS-00015099,true,SYNTHETIC,,,MEDIUM,SCN-PHYS-0394
PHY-00015133,2024-09-27T04:49:12,PER-009628,prox-out-classified,LOC-009679,SYN-ACCESS-00015133,true,SYNTHETIC,,,MEDIUM,SCN-PHYS-0529
PHY-00015142,2025-11-04T08:33:11,PER-010131,prox-in-building,LOC-008679,SYN-ACCESS-00015142,true,SYNTHETIC,,,MEDIUM,SCN-PHYS-0564
PHY-00015240,2024-07-13T15:37:28,PER-017223,prox-out-classified,LOC-005692,SYN-ACCESS-00015240,true,SYNTHETIC,,,MEDIUM,SCN-PHYS-0959
PHY-00015265,2025-06-05T05:38:04,PER-018950,prox-in-classified,LOC-002481,SYN-ACCESS-00015265,true,SYNTHETIC,,,MEDIUM,SCN-PHYS-1059
PHY-00015272,2024-02-04T04:45:50,PER-019374,prox-in-classified,LOC-007336,SYN-ACCESS-00015272,true,SYNTHETIC,,,MEDIUM,SCN-PHYS-1084
PHY-00015282,2025-10-11T16:12:50,PER-020096,prox-out-classified,LOC-007371,SYN-ACCESS-00015282,true,SYNTHETIC,,,MEDIUM,SCN-PHYS-1124
PHY-00015303,2025-04-14T19:03:54,PER-021845,prox-in-classified,LOC-006029,SYN-ACCESS-00015303,true,SYNTHETIC,,,MEDIUM,SCN-PHYS-1209
PHY-00015318,2025-11-02T03:44:42,PER-022852,prox-in-building,LOC-005358,SYN-ACCESS-00015318,true,SYNTHETIC,,,MEDIUM,SCN-PHYS-1269
PHY-00015334,2025-06-09T06:28:02,PER-023945,prox-in-building,LOC-006608,SYN-ACCESS-00015334,true,SYNTHETIC,,,MEDIUM,SCN-PHYS-1334
PHY-00015380,2024-01-10T10:36:58,PER-027179,prox-in-classified,LOC-001352,SYN-ACCESS-00015380,true,SYNTHETIC,,,MEDIUM,SCN-PHYS-1519
PHY-00015397,2025-05-31T11:17:17,PER-028278,prox-in-classified,LOC-001251,SYN-ACCESS-00015397,true,SYNTHETIC,,,MEDIUM,SCN-PHYS-1584
PHY-00015399,2024-11-25T23:53:25,PER-028494,prox-out-classified,LOC-003606,SYN-ACCESS-00015399,true,SYNTHETIC,,,MEDIUM,SCN-PHYS-1594
PHY-00015417,2024-02-15T17:29:39,PER-029521,prox-in-classified,LOC-006867,SYN-ACCESS-00015417,true,SYNTHETIC,,,MEDIUM,SCN-PHYS-1664
PHY-00015437,2025-06-05T19:29:37,PER-031212,prox-out-classified,LOC-008029,SYN-ACCESS-00015437,true,SYNTHETIC,,,MEDIUM,SCN-PHYS-1744
PHY-00015499,2025-04-30T11:16:52,PER-035454,prox-in-building,LOC-003644,SYN-ACCESS-00015499,true,SYNTHETIC,,,MEDIUM,SCN-PHYS-1994
PHY-00015535,2024-05-05T01:52:08,PER-002304,prox-out-classified,LOC-003069,SYN-ACCESS-00015535,true,SYNTHETIC,,,MEDIUM,SCN-PHYS-0139
PHY-00015547,2024-11-18T18:52:18,PER-003233,prox-out-classified,LOC-001301,SYN-ACCESS-00015547,true,SYNTHETIC,,,MEDIUM,SCN-PHYS-0184
PHY-00015588,2024-05-21T14:51:11,PER-006443,prox-out-classified,LOC-004989,SYN-ACCESS-00015588,true,SYNTHETIC,,,MEDIUM,SCN-PHYS-0349
PHY-00015599,2024-04-27T10:48:57,PER-007236,prox-in-building,LOC-001855,SYN-ACCESS-00015599,true,SYNTHETIC,,,MEDIUM,SCN-PHYS-0394
PHY-00015633,2024-01-13T04:43:24,PER-009628,prox-out-classified,LOC-009679,SYN-ACCESS-00015633,true,SYNTHETIC,,,MEDIUM,SCN-PHYS-0529
PHY-00015642,2024-06-06T04:05:15,PER-010131,prox-in-classified,LOC-008679,SYN-ACCESS-00015642,true,SYNTHETIC,,,MEDIUM,SCN-PHYS-0564
PHY-00015740,2025-10-02T15:33:49,PER-017223,prox-out-classified,LOC-005692,SYN-ACCESS-00015740,true,SYNTHETIC,,,MEDIUM,SCN-PHYS-0959
PHY-00015765,2024-04-13T15:15:00,PER-018950,prox-in-classified,LOC-002481,SYN-ACCESS-00015765,true,SYNTHETIC,,,MEDIUM,SCN-PHYS-1059
PHY-00015772,2025-01-02T01:11:38,PER-019374,prox-in-building,LOC-007336,SYN-ACCESS-00015772,true,SYNTHETIC,,,MEDIUM,SCN-PHYS-1084
PHY-00015782,2024-01-13T21:09:36,PER-020096,prox-in-classified,LOC-007371,SYN-ACCESS-00015782,true,SYNTHETIC,,,MEDIUM,SCN-PHYS-1124
PHY-00015803,2025-09-08T12:39:47,PER-021845,prox-in-classified,LOC-006029,SYN-ACCESS-00015803,true,SYNTHETIC,,,MEDIUM,SCN-PHYS-1209
PHY-00015818,2025-10-27T11:51:52,PER-022852,prox-in-classified,LOC-005358,SYN-ACCESS-00015818,true,SYNTHETIC,,,MEDIUM,SCN-PHYS-1269
PHY-00015834,2025-09-25T18:21:10,PER-023945,prox-out-classified,LOC-006608,SYN-ACCESS-00015834,true,SYNTHETIC,,,MEDIUM,SCN-PHYS-1334
PHY-00015880,2024-06-30T07:09:07,PER-027179,prox-out-classified,LOC-001352,SYN-ACCESS-00015880,true,SYNTHETIC,,,MEDIUM,SCN-PHYS-1519
PHY-00015897,2024-04-28T19:04:38,PER-028278,prox-in-classified,LOC-001251,SYN-ACCESS-00015897,true,SYNTHETIC,,,MEDIUM,SCN-PHYS-1584
PHY-00015899,2024-06-18T07:13:26,PER-028494,prox-out-classified,LOC-003606,SYN-ACCESS-00015899,true,SYNTHETIC,,,MEDIUM,SCN-PHYS-1594
PHY-00015917,2024-06-24T02:53:39,PER-029521,prox-in-building,LOC-006867,SYN-ACCESS-00015917,true,SYNTHETIC,,,MEDIUM,SCN-PHYS-1664
PHY-00015937,2025-12-14T16:04:22,PER-031212,prox-out-classified,LOC-008029,SYN-ACCESS-00015937,true,SYNTHETIC,,,MEDIUM,SCN-PHYS-1744
PHY-00015999,2025-08-24T11:42:33,PER-035454,prox-out-classified,LOC-003644,SYN-ACCESS-00015999,true,SYNTHETIC,,,MEDIUM,SCN-PHYS-1994
PHY-00016035,2024-09-23T22:18:22,PER-002304,prox-out-classified,LOC-003069,SYN-ACCESS-00016035,true,SYNTHETIC,,,MEDIUM,SCN-PHYS-0139
PHY-00016047,2024-11-19T23:15:44,PER-003233,prox-in-building,LOC-001301,SYN-ACCESS-00016047,true,SYNTHETIC,,,MEDIUM,SCN-PHYS-0184
PHY-00016088,2025-04-01T15:34:31,PER-006443,prox-in-classified,LOC-004989,SYN-ACCESS-00016088,true,SYNTHETIC,,,MEDIUM,SCN-PHYS-0349
PHY-00016099,2025-09-25T00:30:52,PER-007236,prox-out-classified,LOC-001855,SYN-ACCESS-00016099,true,SYNTHETIC,,,MEDIUM,SCN-PHYS-0394
PHY-00016133,2025-07-26T18:02:37,PER-009628,prox-in-building,LOC-009679,SYN-ACCESS-00016133,true,SYNTHETIC,,,MEDIUM,SCN-PHYS-0529
PHY-00016142,2024-06-18T03:57:00,PER-010131,prox-in-classified,LOC-008679,SYN-ACCESS-00016142,true,SYNTHETIC,,,MEDIUM,SCN-PHYS-0564
PHY-00016240,2025-11-20T22:51:23,PER-017223,prox-in-building,LOC-005692,SYN-ACCESS-00016240,true,SYNTHETIC,,,MEDIUM,SCN-PHYS-0959
PHY-00016265,2024-06-14T13:54:03,PER-018950,prox-in-building,LOC-002481,SYN-ACCESS-00016265,true,SYNTHETIC,,,MEDIUM,SCN-PHYS-1059
PHY-00016272,2024-04-01T07:37:23,PER-019374,prox-in-building,LOC-007336,SYN-ACCESS-00016272,true,SYNTHETIC,,,MEDIUM,SCN-PHYS-1084
PHY-00016282,2024-03-12T14:25:52,PER-020096,prox-in-classified,LOC-007371,SYN-ACCESS-00016282,true,SYNTHETIC,,,MEDIUM,SCN-PHYS-1124
PHY-00016303,2024-07-04T06:31:33,PER-021845,prox-out-classified,LOC-006029,SYN-ACCESS-00016303,true,SYNTHETIC,,,MEDIUM,SCN-PHYS-1209
PHY-00016318,2024-05-07T18:24:16,PER-022852,prox-in-classified,LOC-005358,SYN-ACCESS-00016318,true,SYNTHETIC,,,MEDIUM,SCN-PHYS-1269
PHY-00016334,2024-06-15T08:24:43,PER-023945,prox-in-building,LOC-006608,SYN-ACCESS-00016334,true,SYNTHETIC,,,MEDIUM,SCN-PHYS-1334
PHY-00016380,2025-08-25T05:53:57,PER-027179,prox-in-classified,LOC-001352,SYN-ACCESS-00016380,true,SYNTHETIC,,,MEDIUM,SCN-PHYS-1519
PHY-00016397,2024-09-10T22:59:54,PER-028278,prox-in-building,LOC-001251,SYN-ACCESS-00016397,true,SYNTHETIC,,,MEDIUM,SCN-PHYS-1584
PHY-00016399,2024-05-28T23:15:16,PER-028494,prox-out-classified,LOC-003606,SYN-ACCESS-00016399,true,SYNTHETIC,,,MEDIUM,SCN-PHYS-1594
PHY-00016417,2024-03-20T03:18:49,PER-029521,prox-in-building,LOC-006867,SYN-ACCESS-00016417,true,SYNTHETIC,,,MEDIUM,SCN-PHYS-1664
PHY-00016437,2024-08-14T23:11:45,PER-031212,prox-in-classified,LOC-008029,SYN-ACCESS-00016437,true,SYNTHETIC,,,MEDIUM,SCN-PHYS-1744
PHY-00016499,2025-07-12T19:46:02,PER-035454,prox-out-classified,LOC-003644,SYN-ACCESS-00016499,true,SYNTHETIC,,,MEDIUM,SCN-PHYS-1994
PHY-00016535,2024-12-18T21:33:24,PER-002304,prox-in-classified,LOC-003069,SYN-ACCESS-00016535,true,SYNTHETIC,,,MEDIUM,SCN-PHYS-0139
PHY-00016547,2024-08-15T05:37:28,PER-003233,prox-out-classified,LOC-001301,SYN-ACCESS-00016547,true,SYNTHETIC,,,MEDIUM,SCN-PHYS-0184
PHY-00016588,2025-05-18T14:10:36,PER-006443,prox-in-classified,LOC-004989,SYN-ACCESS-00016588,true,SYNTHETIC,,,MEDIUM,SCN-PHYS-0349
PHY-00016599,2024-08-27T04:34:01,PER-007236,prox-in-classified,LOC-001855,SYN-ACCESS-00016599,true,SYNTHETIC,,,MEDIUM,SCN-PHYS-0394
PHY-00016633,2024-11-24T10:40:51,PER-009628,prox-out-classified,LOC-009679,SYN-ACCESS-00016633,true,SYNTHETIC,,,MEDIUM,SCN-PHYS-0529
PHY-00016642,2024-03-18T19:35:06,PER-010131,prox-out-classified,LOC-008679,SYN-ACCESS-00016642,true,SYNTHETIC,,,MEDIUM,SCN-PHYS-0564
PHY-00016740,2025-12-27T09:53:29,PER-017223,prox-out-classified,LOC-005692,SYN-ACCESS-00016740,true,SYNTHETIC,,,MEDIUM,SCN-PHYS-0959
PHY-00016765,2024-09-10T20:18:32,PER-018950,prox-out-classified,LOC-002481,SYN-ACCESS-00016765,true,SYNTHETIC,,,MEDIUM,SCN-PHYS-1059
PHY-00016772,2025-08-03T21:12:33,PER-019374,prox-out-classified,LOC-007336,SYN-ACCESS-00016772,true,SYNTHETIC,,,MEDIUM,SCN-PHYS-1084
PHY-00016782,2025-05-15T18:00:12,PER-020096,prox-out-classified,LOC-007371,SYN-ACCESS-00016782,true,SYNTHETIC,,,MEDIUM,SCN-PHYS-1124
PHY-00016803,2025-11-26T04:59:40,PER-021845,prox-out-classified,LOC-006029,SYN-ACCESS-00016803,true,SYNTHETIC,,,MEDIUM,SCN-PHYS-1209
PHY-00016818,2025-10-01T12:35:00,PER-022852,prox-out-classified,LOC-005358,SYN-ACCESS-00016818,true,SYNTHETIC,,,MEDIUM,SCN-PHYS-1269
PHY-00016834,2025-09-12T18:55:49,PER-023945,prox-in-building,LOC-006608,SYN-ACCESS-00016834,true,SYNTHETIC,,,MEDIUM,SCN-PHYS-1334
PHY-00016880,2024-08-03T17:16:51,PER-027179,prox-in-building,LOC-001352,SYN-ACCESS-00016880,true,SYNTHETIC,,,MEDIUM,SCN-PHYS-1519
PHY-00016897,2025-06-21T20:01:06,PER-028278,prox-in-classified,LOC-001251,SYN-ACCESS-00016897,true,SYNTHETIC,,,MEDIUM,SCN-PHYS-1584
PHY-00016899,2024-08-15T14:29:11,PER-028494,prox-out-classified,LOC-003606,SYN-ACCESS-00016899,true,SYNTHETIC,,,MEDIUM,SCN-PHYS-1594
PHY-00016917,2025-06-01T19:29:34,PER-029521,prox-in-classified,LOC-006867,SYN-ACCESS-00016917,true,SYNTHETIC,,,MEDIUM,SCN-PHYS-1664
PHY-00016937,2025-10-27T04:43:26,PER-031212,prox-in-building,LOC-008029,SYN-ACCESS-00016937,true,SYNTHETIC,,,MEDIUM,SCN-PHYS-1744
PHY-00016999,2025-10-02T19:17:06,PER-035454,prox-out-classified,LOC-003644,SYN-ACCESS-00016999,true,SYNTHETIC,,,MEDIUM,SCN-PHYS-1994
PHY-00017035,2024-04-02T17:05:05,PER-002304,prox-in-building,LOC-003069,SYN-ACCESS-00017035,true,SYNTHETIC,,,MEDIUM,SCN-PHYS-0139
PHY-00017047,2024-07-12T08:25:36,PER-003233,prox-in-classified,LOC-001301,SYN-ACCESS-00017047,true,SYNTHETIC,,,MEDIUM,SCN-PHYS-0184
PHY-00017088,2025-02-04T07:59:19,PER-006443,prox-in-building,LOC-004989,SYN-ACCESS-00017088,true,SYNTHETIC,,,MEDIUM,SCN-PHYS-0349
PHY-00017099,2024-06-28T21:23:46,PER-007236,prox-out-classified,LOC-001855,SYN-ACCESS-00017099,true,SYNTHETIC,,,MEDIUM,SCN-PHYS-0394
PHY-00017133,2025-09-27T08:14:43,PER-009628,prox-in-classified,LOC-009679,SYN-ACCESS-00017133,true,SYNTHETIC,,,MEDIUM,SCN-PHYS-0529
PHY-00017142,2025-08-01T17:01:19,PER-010131,prox-out-classified,LOC-008679,SYN-ACCESS-00017142,true,SYNTHETIC,,,MEDIUM,SCN-PHYS-0564
PHY-00017240,2024-12-19T07:14:53,PER-017223,prox-in-building,LOC-005692,SYN-ACCESS-00017240,true,SYNTHETIC,,,MEDIUM,SCN-PHYS-0959
PHY-00017265,2024-08-12T00:10:47,PER-018950,prox-out-classified,LOC-002481,SYN-ACCESS-00017265,true,SYNTHETIC,,,MEDIUM,SCN-PHYS-1059
PHY-00017272,2024-12-01T15:42:46,PER-019374,prox-out-classified,LOC-007336,SYN-ACCESS-00017272,true,SYNTHETIC,,,MEDIUM,SCN-PHYS-1084
PHY-00017282,2024-09-16T00:49:15,PER-020096,prox-in-building,LOC-007371,SYN-ACCESS-00017282,true,SYNTHETIC,,,MEDIUM,SCN-PHYS-1124
PHY-00017303,2025-03-21T16:31:03,PER-021845,prox-out-classified,LOC-006029,SYN-ACCESS-00017303,true,SYNTHETIC,,,MEDIUM,SCN-PHYS-1209
PHY-00017318,2024-08-09T20:41:08,PER-022852,prox-out-classified,LOC-005358,SYN-ACCESS-00017318,true,SYNTHETIC,,,MEDIUM,SCN-PHYS-1269
PHY-00017334,2025-03-22T21:33:10,PER-023945,prox-out-classified,LOC-006608,SYN-ACCESS-00017334,true,SYNTHETIC,,,MEDIUM,SCN-PHYS-1334
PHY-00017380,2024-04-19T06:40:23,PER-027179,prox-in-building,LOC-001352,SYN-ACCESS-00017380,true,SYNTHETIC,,,MEDIUM,SCN-PHYS-1519
PHY-00017397,2024-04-24T22:36:48,PER-028278,prox-in-building,LOC-001251,SYN-ACCESS-00017397,true,SYNTHETIC,,,MEDIUM,SCN-PHYS-1584
PHY-00017399,2024-06-10T21:15:09,PER-028494,prox-out-classified,LOC-003606,SYN-ACCESS-00017399,true,SYNTHETIC,,,MEDIUM,SCN-PHYS-1594
PHY-00017417,2024-10-09T12:20:21,PER-029521,prox-in-building,LOC-006867,SYN-ACCESS-00017417,true,SYNTHETIC,,,MEDIUM,SCN-PHYS-1664
PHY-00017437,2024-10-08T06:39:06,PER-031212,prox-in-building,LOC-008029,SYN-ACCESS-00017437,true,SYNTHETIC,,,MEDIUM,SCN-PHYS-1744
PHY-00017499,2025-03-23T03:50:21,PER-035454,prox-out-classified,LOC-003644,SYN-ACCESS-00017499,true,SYNTHETIC,,,MEDIUM,SCN-PHYS-1994
PHY-00017535,2024-01-15T21:47:10,PER-002304,prox-in-classified,LOC-003069,SYN-ACCESS-00017535,true,SYNTHETIC,,,MEDIUM,SCN-PHYS-0139
PHY-00017547,2025-08-11T02:54:37,PER-003233,prox-in-building,LOC-001301,SYN-ACCESS-00017547,true,SYNTHETIC,,,MEDIUM,SCN-PHYS-0184
PHY-00017588,2025-08-25T21:55:33,PER-006443,prox-in-classified,LOC-004989,SYN-ACCESS-00017588,true,SYNTHETIC,,,MEDIUM,SCN-PHYS-0349
PHY-00017599,2025-04-01T00:25:15,PER-007236,prox-out-classified,LOC-001855,SYN-ACCESS-00017599,true,SYNTHETIC,,,MEDIUM,SCN-PHYS-0394
PHY-00017633,2024-06-05T01:47:26,PER-009628,prox-in-classified,LOC-009679,SYN-ACCESS-00017633,true,SYNTHETIC,,,MEDIUM,SCN-PHYS-0529
PHY-00017642,2024-02-27T01:59:37,PER-010131,prox-in-building,LOC-008679,SYN-ACCESS-00017642,true,SYNTHETIC,,,MEDIUM,SCN-PHYS-0564
PHY-00017740,2024-10-15T15:10:40,PER-017223,prox-in-classified,LOC-005692,SYN-ACCESS-00017740,true,SYNTHETIC,,,MEDIUM,SCN-PHYS-0959
PHY-00017765,2025-10-13T23:17:56,PER-018950,prox-out-classified,LOC-002481,SYN-ACCESS-00017765,true,SYNTHETIC,,,MEDIUM,SCN-PHYS-1059
PHY-00017772,2024-03-12T02:15:41,PER-019374,prox-in-classified,LOC-007336,SYN-ACCESS-00017772,true,SYNTHETIC,,,MEDIUM,SCN-PHYS-1084
PHY-00017782,2025-06-18T19:03:59,PER-020096,prox-out-classified,LOC-007371,SYN-ACCESS-00017782,true,SYNTHETIC,,,MEDIUM,SCN-PHYS-1124
PHY-00017803,2025-05-16T13:04:39,PER-021845,prox-in-classified,LOC-006029,SYN-ACCESS-00017803,true,SYNTHETIC,,,MEDIUM,SCN-PHYS-1209
PHY-00017818,2025-03-16T10:46:24,PER-022852,prox-out-classified,LOC-005358,SYN-ACCESS-00017818,true,SYNTHETIC,,,MEDIUM,SCN-PHYS-1269
PHY-00017834,2024-04-26T03:52:09,PER-023945,prox-in-building,LOC-006608,SYN-ACCESS-00017834,true,SYNTHETIC,,,MEDIUM,SCN-PHYS-1334
PHY-00017880,2024-02-27T13:44:50,PER-027179,prox-out-classified,LOC-001352,SYN-ACCESS-00017880,true,SYNTHETIC,,,MEDIUM,SCN-PHYS-1519
PHY-00017897,2025-11-13T17:47:35,PER-028278,prox-in-classified,LOC-001251,SYN-ACCESS-00017897,true,SYNTHETIC,,,MEDIUM,SCN-PHYS-1584
PHY-00017899,2024-05-20T09:53:40,PER-028494,prox-out-classified,LOC-003606,SYN-ACCESS-00017899,true,SYNTHETIC,,,MEDIUM,SCN-PHYS-1594
PHY-00017917,2024-01-31T17:42:32,PER-029521,prox-out-classified,LOC-006867,SYN-ACCESS-00017917,true,SYNTHETIC,,,MEDIUM,SCN-PHYS-1664
PHY-00017937,2024-12-08T02:53:13,PER-031212,prox-out-classified,LOC-008029,SYN-ACCESS-00017937,true,SYNTHETIC,,,MEDIUM,SCN-PHYS-1744
PHY-00017999,2025-11-29T13:29:58,PER-035454,prox-in-classified,LOC-003644,SYN-ACCESS-00017999,true,SYNTHETIC,,,MEDIUM,SCN-PHYS-1994
PHY-00018035,2024-01-05T16:41:18,PER-002304,prox-in-building,LOC-003069,SYN-ACCESS-00018035,true,SYNTHETIC,,,MEDIUM,SCN-PHYS-0139
PHY-00018047,2025-02-01T20:56:03,PER-003233,prox-in-building,LOC-001301,SYN-ACCESS-00018047,true,SYNTHETIC,,,MEDIUM,SCN-PHYS-0184
PHY-00018088,2024-02-17T14:35:43,PER-006443,prox-out-classified,LOC-004989,SYN-ACCESS-00018088,true,SYNTHETIC,,,MEDIUM,SCN-PHYS-0349
PHY-00018099,2025-06-14T23:40:49,PER-007236,prox-in-classified,LOC-001855,SYN-ACCESS-00018099,true,SYNTHETIC,,,MEDIUM,SCN-PHYS-0394
PHY-00018133,2025-08-08T02:17:38,PER-009628,prox-in-classified,LOC-009679,SYN-ACCESS-00018133,true,SYNTHETIC,,,MEDIUM,SCN-PHYS-0529
PHY-00018142,2024-06-10T15:32:45,PER-010131,prox-in-building,LOC-008679,SYN-ACCESS-00018142,true,SYNTHETIC,,,MEDIUM,SCN-PHYS-0564
PHY-00018240,2025-12-07T09:35:17,PER-017223,prox-out-classified,LOC-005692,SYN-ACCESS-00018240,true,SYNTHETIC,,,MEDIUM,SCN-PHYS-0959
PHY-00018265,2024-12-22T18:48:07,PER-018950,prox-in-building,LOC-002481,SYN-ACCESS-00018265,true,SYNTHETIC,,,MEDIUM,SCN-PHYS-1059
PHY-00018272,2025-11-08T18:28:02,PER-019374,prox-in-classified,LOC-007336,SYN-ACCESS-00018272,true,SYNTHETIC,,,MEDIUM,SCN-PHYS-1084
PHY-00018282,2024-09-02T11:52:12,PER-020096,prox-out-classified,LOC-007371,SYN-ACCESS-00018282,true,SYNTHETIC,,,MEDIUM,SCN-PHYS-1124
PHY-00018303,2025-06-17T04:15:51,PER-021845,prox-in-building,LOC-006029,SYN-ACCESS-00018303,true,SYNTHETIC,,,MEDIUM,SCN-PHYS-1209
PHY-00018318,2024-07-22T17:57:39,PER-022852,prox-in-building,LOC-005358,SYN-ACCESS-00018318,true,SYNTHETIC,,,MEDIUM,SCN-PHYS-1269
PHY-00018334,2025-01-03T06:33:44,PER-023945,prox-in-building,LOC-006608,SYN-ACCESS-00018334,true,SYNTHETIC,,,MEDIUM,SCN-PHYS-1334
PHY-00018380,2025-11-06T09:24:09,PER-027179,prox-out-classified,LOC-001352,SYN-ACCESS-00018380,true,SYNTHETIC,,,MEDIUM,SCN-PHYS-1519
PHY-00018397,2025-08-04T23:36:48,PER-028278,prox-out-classified,LOC-001251,SYN-ACCESS-00018397,true,SYNTHETIC,,,MEDIUM,SCN-PHYS-1584
PHY-00018399,2024-10-19T11:44:39,PER-028494,prox-out-classified,LOC-003606,SYN-ACCESS-00018399,true,SYNTHETIC,,,MEDIUM,SCN-PHYS-1594
PHY-00018417,2025-11-17T23:15:12,PER-029521,prox-out-classified,LOC-006867,SYN-ACCESS-00018417,true,SYNTHETIC,,,MEDIUM,SCN-PHYS-1664
PHY-00018437,2024-01-26T22:05:46,PER-031212,prox-in-classified,LOC-008029,SYN-ACCESS-00018437,true,SYNTHETIC,,,MEDIUM,SCN-PHYS-1744
PHY-00018499,2025-05-03T12:04:10,PER-035454,prox-out-classified,LOC-003644,SYN-ACCESS-00018499,true,SYNTHETIC,,,MEDIUM,SCN-PHYS-1994
PHY-00018535,2024-09-22T12:04:15,PER-002304,prox-in-classified,LOC-003069,SYN-ACCESS-00018535,true,SYNTHETIC,,,MEDIUM,SCN-PHYS-0139
PHY-00018547,2024-11-02T08:32:07,PER-003233,prox-in-classified,LOC-001301,SYN-ACCESS-00018547,true,SYNTHETIC,,,MEDIUM,SCN-PHYS-0184
PHY-00018588,2024-05-16T18:48:26,PER-006443,prox-in-building,LOC-004989,SYN-ACCESS-00018588,true,SYNTHETIC,,,MEDIUM,SCN-PHYS-0349
PHY-00018599,2024-07-07T21:57:28,PER-007236,prox-in-building,LOC-001855,SYN-ACCESS-00018599,true,SYNTHETIC,,,MEDIUM,SCN-PHYS-0394
PHY-00018633,2024-03-31T08:26:50,PER-009628,prox-out-classified,LOC-009679,SYN-ACCESS-00018633,true,SYNTHETIC,,,MEDIUM,SCN-PHYS-0529
PHY-00018642,2025-03-03T19:22:39,PER-010131,prox-in-building,LOC-008679,SYN-ACCESS-00018642,true,SYNTHETIC,,,MEDIUM,SCN-PHYS-0564
PHY-00018740,2024-10-14T20:58:19,PER-017223,prox-in-building,LOC-005692,SYN-ACCESS-00018740,true,SYNTHETIC,,,MEDIUM,SCN-PHYS-0959
PHY-00018765,2024-10-14T08:22:35,PER-018950,prox-in-building,LOC-002481,SYN-ACCESS-00018765,true,SYNTHETIC,,,MEDIUM,SCN-PHYS-1059
PHY-00018772,2025-07-07T16:04:17,PER-019374,prox-in-classified,LOC-007336,SYN-ACCESS-00018772,true,SYNTHETIC,,,MEDIUM,SCN-PHYS-1084
PHY-00018782,2024-02-22T18:11:05,PER-020096,prox-in-classified,LOC-007371,SYN-ACCESS-00018782,true,SYNTHETIC,,,MEDIUM,SCN-PHYS-1124
PHY-00018803,2024-01-30T08:06:10,PER-021845,prox-out-classified,LOC-006029,SYN-ACCESS-00018803,true,SYNTHETIC,,,MEDIUM,SCN-PHYS-1209
PHY-00018818,2025-08-24T01:09:58,PER-022852,prox-out-classified,LOC-005358,SYN-ACCESS-00018818,true,SYNTHETIC,,,MEDIUM,SCN-PHYS-1269
PHY-00018834,2024-10-08T01:46:32,PER-023945,prox-in-classified,LOC-006608,SYN-ACCESS-00018834,true,SYNTHETIC,,,MEDIUM,SCN-PHYS-1334
PHY-00018880,2025-01-14T12:05:49,PER-027179,prox-in-classified,LOC-001352,SYN-ACCESS-00018880,true,SYNTHETIC,,,MEDIUM,SCN-PHYS-1519
PHY-00018897,2024-08-03T22:32:59,PER-028278,prox-in-building,LOC-001251,SYN-ACCESS-00018897,true,SYNTHETIC,,,MEDIUM,SCN-PHYS-1584
PHY-00018899,2024-03-10T01:54:01,PER-028494,prox-out-classified,LOC-003606,SYN-ACCESS-00018899,true,SYNTHETIC,,,MEDIUM,SCN-PHYS-1594
PHY-00018917,2025-03-12T01:45:17,PER-029521,prox-in-classified,LOC-006867,SYN-ACCESS-00018917,true,SYNTHETIC,,,MEDIUM,SCN-PHYS-1664
PHY-00018937,2024-11-06T02:57:13,PER-031212,prox-in-building,LOC-008029,SYN-ACCESS-00018937,true,SYNTHETIC,,,MEDIUM,SCN-PHYS-1744
PHY-00018999,2025-09-01T23:13:52,PER-035454,prox-in-building,LOC-003644,SYN-ACCESS-00018999,true,SYNTHETIC,,,MEDIUM,SCN-PHYS-1994
PHY-00019035,2024-08-19T02:37:35,PER-002304,prox-in-classified,LOC-003069,SYN-ACCESS-00019035,true,SYNTHETIC,,,MEDIUM,SCN-PHYS-0139
PHY-00019047,2025-03-10T11:22:34,PER-003233,prox-out-classified,LOC-001301,SYN-ACCESS-00019047,true,SYNTHETIC,,,MEDIUM,SCN-PHYS-0184
PHY-00019088,2024-06-10T19:18:11,PER-006443,prox-in-classified,LOC-004989,SYN-ACCESS-00019088,true,SYNTHETIC,,,MEDIUM,SCN-PHYS-0349
PHY-00019099,2024-01-18T15:24:40,PER-007236,prox-in-building,LOC-001855,SYN-ACCESS-00019099,true,SYNTHETIC,,,MEDIUM,SCN-PHYS-0394
PHY-00019133,2024-02-27T04:39:23,PER-009628,prox-out-classified,LOC-009679,SYN-ACCESS-00019133,true,SYNTHETIC,,,MEDIUM,SCN-PHYS-0529
PHY-00019142,2024-03-12T07:28:02,PER-010131,prox-in-classified,LOC-008679,SYN-ACCESS-00019142,true,SYNTHETIC,,,MEDIUM,SCN-PHYS-0564
PHY-00019240,2025-08-31T11:06:48,PER-017223,prox-in-classified,LOC-005692,SYN-ACCESS-00019240,true,SYNTHETIC,,,MEDIUM,SCN-PHYS-0959
PHY-00019265,2024-07-08T07:26:47,PER-018950,prox-in-classified,LOC-002481,SYN-ACCESS-00019265,true,SYNTHETIC,,,MEDIUM,SCN-PHYS-1059
PHY-00019272,2024-09-17T14:20:19,PER-019374,prox-in-classified,LOC-007336,SYN-ACCESS-00019272,true,SYNTHETIC,,,MEDIUM,SCN-PHYS-1084
PHY-00019282,2025-05-25T20:36:15,PER-020096,prox-in-classified,LOC-007371,SYN-ACCESS-00019282,true,SYNTHETIC,,,MEDIUM,SCN-PHYS-1124
PHY-00019303,2025-01-30T10:23:40,PER-021845,prox-out-classified,LOC-006029,SYN-ACCESS-00019303,true,SYNTHETIC,,,MEDIUM,SCN-PHYS-1209
PHY-00019318,2025-12-09T12:46:08,PER-022852,prox-in-building,LOC-005358,SYN-ACCESS-00019318,true,SYNTHETIC,,,MEDIUM,SCN-PHYS-1269
PHY-00019334,2025-02-23T08:55:48,PER-023945,prox-in-building,LOC-006608,SYN-ACCESS-00019334,true,SYNTHETIC,,,MEDIUM,SCN-PHYS-1334
PHY-00019380,2025-10-19T06:55:12,PER-027179,prox-in-building,LOC-001352,SYN-ACCESS-00019380,true,SYNTHETIC,,,MEDIUM,SCN-PHYS-1519
PHY-00019397,2025-02-13T15:18:22,PER-028278,prox-out-classified,LOC-001251,SYN-ACCESS-00019397,true,SYNTHETIC,,,MEDIUM,SCN-PHYS-1584
PHY-00019399,2024-04-04T16:15:57,PER-028494,prox-in-building,LOC-003606,SYN-ACCESS-00019399,true,SYNTHETIC,,,MEDIUM,SCN-PHYS-1594
PHY-00019417,2024-11-21T15:38:32,PER-029521,prox-in-classified,LOC-006867,SYN-ACCESS-00019417,true,SYNTHETIC,,,MEDIUM,SCN-PHYS-1664
PHY-00019437,2024-05-27T17:49:21,PER-031212,prox-out-classified,LOC-008029,SYN-ACCESS-00019437,true,SYNTHETIC,,,MEDIUM,SCN-PHYS-1744
PHY-00019499,2025-09-07T19:34:32,PER-035454,prox-in-classified,LOC-003644,SYN-ACCESS-00019499,true,SYNTHETIC,,,MEDIUM,SCN-PHYS-1994
PHY-00019535,2024-06-09T13:31:48,PER-002304,prox-in-building,LOC-003069,SYN-ACCESS-00019535,true,SYNTHETIC,,,MEDIUM,SCN-PHYS-0139
PHY-00019547,2025-04-09T12:05:39,PER-003233,prox-in-building,LOC-001301,SYN-ACCESS-00019547,true,SYNTHETIC,,,MEDIUM,SCN-PHYS-0184
PHY-00019588,2024-09-26T06:36:54,PER-006443,prox-in-classified,LOC-004989,SYN-ACCESS-00019588,true,SYNTHETIC,,,MEDIUM,SCN-PHYS-0349
PHY-00019599,2025-12-04T15:52:15,PER-007236,prox-out-classified,LOC-001855,SYN-ACCESS-00019599,true,SYNTHETIC,,,MEDIUM,SCN-PHYS-0394
PHY-00019633,2024-08-16T14:12:51,PER-009628,prox-in-building,LOC-009679,SYN-ACCESS-00019633,true,SYNTHETIC,,,MEDIUM,SCN-PHYS-0529
PHY-00019642,2025-06-27T13:15:44,PER-010131,prox-in-building,LOC-008679,SYN-ACCESS-00019642,true,SYNTHETIC,,,MEDIUM,SCN-PHYS-0564
PHY-00019740,2024-12-07T09:59:59,PER-017223,prox-in-classified,LOC-005692,SYN-ACCESS-00019740,true,SYNTHETIC,,,MEDIUM,SCN-PHYS-0959
PHY-00019765,2024-09-16T01:19:40,PER-018950,prox-in-classified,LOC-002481,SYN-ACCESS-00019765,true,SYNTHETIC,,,MEDIUM,SCN-PHYS-1059
PHY-00019772,2025-01-24T04:14:45,PER-019374,prox-in-classified,LOC-007336,SYN-ACCESS-00019772,true,SYNTHETIC,,,MEDIUM,SCN-PHYS-1084
PHY-00019782,2024-04-27T20:32:38,PER-020096,prox-in-classified,LOC-007371,SYN-ACCESS-00019782,true,SYNTHETIC,,,MEDIUM,SCN-PHYS-1124
PHY-00019803,2025-10-16T17:33:40,PER-021845,prox-out-classified,LOC-006029,SYN-ACCESS-00019803,true,SYNTHETIC,,,MEDIUM,SCN-PHYS-1209
PHY-00019818,2025-03-24T20:48:44,PER-022852,prox-out-classified,LOC-005358,SYN-ACCESS-00019818,true,SYNTHETIC,,,MEDIUM,SCN-PHYS-1269
PHY-00019834,2025-09-26T00:20:39,PER-023945,prox-in-building,LOC-006608,SYN-ACCESS-00019834,true,SYNTHETIC,,,MEDIUM,SCN-PHYS-1334
PHY-00019880,2024-12-04T01:43:32,PER-027179,prox-out-classified,LOC-001352,SYN-ACCESS-00019880,true,SYNTHETIC,,,MEDIUM,SCN-PHYS-1519
PHY-00019897,2025-06-28T09:17:32,PER-028278,prox-in-building,LOC-001251,SYN-ACCESS-00019897,true,SYNTHETIC,,,MEDIUM,SCN-PHYS-1584
PHY-00019899,2024-05-20T08:23:44,PER-028494,prox-out-classified,LOC-003606,SYN-ACCESS-00019899,true,SYNTHETIC,,,MEDIUM,SCN-PHYS-1594
PHY-00019917,2025-06-04T15:24:48,PER-029521,prox-out-classified,LOC-006867,SYN-ACCESS-00019917,true,SYNTHETIC,,,MEDIUM,SCN-PHYS-1664
PHY-00019937,2025-02-13T00:31:52,PER-031212,prox-in-classified,LOC-008029,SYN-ACCESS-00019937,true,SYNTHETIC,,,MEDIUM,SCN-PHYS-1744
PHY-00019999,2025-03-10T20:11:02,PER-035454,prox-in-building,LOC-003644,SYN-ACCESS-00019999,true,SYNTHETIC,,,MEDIUM,SCN-PHYS-1994
PHY-00020035,2025-06-11T20:52:12,PER-002304,prox-in-building,LOC-003069,SYN-ACCESS-00020035,true,SYNTHETIC,,,MEDIUM,SCN-PHYS-0139
PHY-00020047,2024-07-21T17:00:59,PER-003233,prox-in-building,LOC-001301,SYN-ACCESS-00020047,true,SYNTHETIC,,,MEDIUM,SCN-PHYS-0184
PHY-00020088,2025-09-11T22:00:34,PER-006443,prox-out-classified,LOC-004989,SYN-ACCESS-00020088,true,SYNTHETIC,,,MEDIUM,SCN-PHYS-0349
PHY-00020099,2025-09-27T13:53:11,PER-007236,prox-in-classified,LOC-001855,SYN-ACCESS-00020099,true,SYNTHETIC,,,MEDIUM,SCN-PHYS-0394
PHY-00020133,2025-05-04T16:41:23,PER-009628,prox-in-building,LOC-009679,SYN-ACCESS-00020133,true,SYNTHETIC,,,MEDIUM,SCN-PHYS-0529
PHY-00020142,2024-11-12T00:20:41,PER-010131,prox-in-classified,LOC-008679,SYN-ACCESS-00020142,true,SYNTHETIC,,,MEDIUM,SCN-PHYS-0564
PHY-00020240,2024-09-14T20:32:35,PER-017223,prox-in-classified,LOC-005692,SYN-ACCESS-00020240,true,SYNTHETIC,,,MEDIUM,SCN-PHYS-0959
PHY-00020265,2024-02-12T09:14:54,PER-018950,prox-in-building,LOC-002481,SYN-ACCESS-00020265,true,SYNTHETIC,,,MEDIUM,SCN-PHYS-1059
PHY-00020272,2024-02-19T01:42:39,PER-019374,prox-in-classified,LOC-007336,SYN-ACCESS-00020272,true,SYNTHETIC,,,MEDIUM,SCN-PHYS-1084
PHY-00020282,2024-07-03T08:58:27,PER-020096,prox-in-building,LOC-007371,SYN-ACCESS-00020282,true,SYNTHETIC,,,MEDIUM,SCN-PHYS-1124
PHY-00020303,2024-11-12T13:57:56,PER-021845,prox-in-classified,LOC-006029,SYN-ACCESS-00020303,true,SYNTHETIC,,,MEDIUM,SCN-PHYS-1209
PHY-00020318,2024-08-04T12:52:47,PER-022852,prox-in-classified,LOC-005358,SYN-ACCESS-00020318,true,SYNTHETIC,,,MEDIUM,SCN-PHYS-1269
PHY-00020334,2024-07-29T21:27:19,PER-023945,prox-out-classified,LOC-006608,SYN-ACCESS-00020334,true,SYNTHETIC,,,MEDIUM,SCN-PHYS-1334
PHY-00020380,2025-12-13T16:04:51,PER-027179,prox-out-classified,LOC-001352,SYN-ACCESS-00020380,true,SYNTHETIC,,,MEDIUM,SCN-PHYS-1519
PHY-00020397,2024-10-28T08:27:18,PER-028278,prox-in-classified,LOC-001251,SYN-ACCESS-00020397,true,SYNTHETIC,,,MEDIUM,SCN-PHYS-1584
PHY-00020399,2025-12-18T22:51:26,PER-028494,prox-out-classified,LOC-003606,SYN-ACCESS-00020399,true,SYNTHETIC,,,MEDIUM,SCN-PHYS-1594
PHY-00020417,2024-04-15T20:01:57,PER-029521,prox-out-classified,LOC-006867,SYN-ACCESS-00020417,true,SYNTHETIC,,,MEDIUM,SCN-PHYS-1664
PHY-00020437,2025-08-25T11:31:44,PER-031212,prox-out-classified,LOC-008029,SYN-ACCESS-00020437,true,SYNTHETIC,,,MEDIUM,SCN-PHYS-1744
PHY-00020499,2025-02-03T22:04:30,PER-035454,prox-in-building,LOC-003644,SYN-ACCESS-00020499,true,SYNTHETIC,,,MEDIUM,SCN-PHYS-1994
PHY-00020535,2025-04-12T03:28:25,PER-002304,prox-in-building,LOC-003069,SYN-ACCESS-00020535,true,SYNTHETIC,,,MEDIUM,SCN-PHYS-0139
PHY-00020547,2024-01-06T16:45:01,PER-003233,prox-out-classified,LOC-001301,SYN-ACCESS-00020547,true,SYNTHETIC,,,MEDIUM,SCN-PHYS-0184
PHY-00020588,2025-12-09T19:28:14,PER-006443,prox-in-classified,LOC-004989,SYN-ACCESS-00020588,true,SYNTHETIC,,,MEDIUM,SCN-PHYS-0349
PHY-00020599,2024-12-27T02:59:19,PER-007236,prox-out-classified,LOC-001855,SYN-ACCESS-00020599,true,SYNTHETIC,,,MEDIUM,SCN-PHYS-0394
PHY-00020633,2025-01-04T19:01:55,PER-009628,prox-out-classified,LOC-009679,SYN-ACCESS-00020633,true,SYNTHETIC,,,MEDIUM,SCN-PHYS-0529
PHY-00020642,2024-05-29T23:01:44,PER-010131,prox-out-classified,LOC-008679,SYN-ACCESS-00020642,true,SYNTHETIC,,,MEDIUM,SCN-PHYS-0564
PHY-00020740,2025-01-09T15:15:45,PER-017223,prox-in-classified,LOC-005692,SYN-ACCESS-00020740,true,SYNTHETIC,,,MEDIUM,SCN-PHYS-0959
PHY-00020765,2024-02-09T08:42:39,PER-018950,prox-in-building,LOC-002481,SYN-ACCESS-00020765,true,SYNTHETIC,,,MEDIUM,SCN-PHYS-1059
PHY-00020772,2024-07-26T17:20:11,PER-019374,prox-out-classified,LOC-007336,SYN-ACCESS-00020772,true,SYNTHETIC,,,MEDIUM,SCN-PHYS-1084
PHY-00020782,2025-12-29T00:27:29,PER-020096,prox-in-building,LOC-007371,SYN-ACCESS-00020782,true,SYNTHETIC,,,MEDIUM,SCN-PHYS-1124
PHY-00020803,2024-02-28T04:10:51,PER-021845,prox-in-building,LOC-006029,SYN-ACCESS-00020803,true,SYNTHETIC,,,MEDIUM,SCN-PHYS-1209
PHY-00020818,2024-08-03T01:36:36,PER-022852,prox-in-classified,LOC-005358,SYN-ACCESS-00020818,true,SYNTHETIC,,,MEDIUM,SCN-PHYS-1269
PHY-00020834,2024-02-02T18:15:20,PER-023945,prox-in-building,LOC-006608,SYN-ACCESS-00020834,true,SYNTHETIC,,,MEDIUM,SCN-PHYS-1334
PHY-00020880,2024-03-10T20:56:32,PER-027179,prox-in-building,LOC-001352,SYN-ACCESS-00020880,true,SYNTHETIC,,,MEDIUM,SCN-PHYS-1519
PHY-00020897,2024-05-06T10:02:49,PER-028278,prox-out-classified,LOC-001251,SYN-ACCESS-00020897,true,SYNTHETIC,,,MEDIUM,SCN-PHYS-1584
PHY-00020899,2025-10-23T04:01:20,PER-028494,prox-out-classified,LOC-003606,SYN-ACCESS-00020899,true,SYNTHETIC,,,MEDIUM,SCN-PHYS-1594
PHY-00020917,2025-12-22T12:04:36,PER-029521,prox-out-classified,LOC-006867,SYN-ACCESS-00020917,true,SYNTHETIC,,,MEDIUM,SCN-PHYS-1664
PHY-00020937,2025-08-20T13:29:58,PER-031212,prox-out-classified,LOC-008029,SYN-ACCESS-00020937,true,SYNTHETIC,,,MEDIUM,SCN-PHYS-1744
PHY-00020999,2025-08-19T13:16:18,PER-035454,prox-in-classified,LOC-003644,SYN-ACCESS-00020999,true,SYNTHETIC,,,MEDIUM,SCN-PHYS-1994
PHY-00021035,2025-03-02T14:52:17,PER-002304,prox-in-building,LOC-003069,SYN-ACCESS-00021035,true,SYNTHETIC,,,MEDIUM,SCN-PHYS-0139
PHY-00021047,2025-06-02T23:20:50,PER-003233,prox-in-classified,LOC-001301,SYN-ACCESS-00021047,true,SYNTHETIC,,,MEDIUM,SCN-PHYS-0184
PHY-00021088,2024-09-16T09:53:20,PER-006443,prox-out-classified,LOC-004989,SYN-ACCESS-00021088,true,SYNTHETIC,,,MEDIUM,SCN-PHYS-0349
PHY-00021099,2025-05-12T08:27:16,PER-007236,prox-in-classified,LOC-001855,SYN-ACCESS-00021099,true,SYNTHETIC,,,MEDIUM,SCN-PHYS-0394
PHY-00021133,2024-11-28T17:31:06,PER-009628,prox-in-classified,LOC-009679,SYN-ACCESS-00021133,true,SYNTHETIC,,,MEDIUM,SCN-PHYS-0529
PHY-00021142,2024-07-08T14:58:09,PER-010131,prox-in-classified,LOC-008679,SYN-ACCESS-00021142,true,SYNTHETIC,,,MEDIUM,SCN-PHYS-0564
PHY-00021240,2024-04-17T20:31:30,PER-017223,prox-in-building,LOC-005692,SYN-ACCESS-00021240,true,SYNTHETIC,,,MEDIUM,SCN-PHYS-0959
PHY-00021265,2025-07-03T12:16:09,PER-018950,prox-out-classified,LOC-002481,SYN-ACCESS-00021265,true,SYNTHETIC,,,MEDIUM,SCN-PHYS-1059
PHY-00021272,2024-07-11T16:44:34,PER-019374,prox-out-classified,LOC-007336,SYN-ACCESS-00021272,true,SYNTHETIC,,,MEDIUM,SCN-PHYS-1084
PHY-00021282,2024-12-22T17:45:42,PER-020096,prox-out-classified,LOC-007371,SYN-ACCESS-00021282,true,SYNTHETIC,,,MEDIUM,SCN-PHYS-1124
PHY-00021303,2025-10-23T08:23:36,PER-021845,prox-out-classified,LOC-006029,SYN-ACCESS-00021303,true,SYNTHETIC,,,MEDIUM,SCN-PHYS-1209
PHY-00021318,2024-02-11T07:07:12,PER-022852,prox-in-building,LOC-005358,SYN-ACCESS-00021318,true,SYNTHETIC,,,MEDIUM,SCN-PHYS-1269
PHY-00021334,2024-07-11T07:25:16,PER-023945,prox-in-building,LOC-006608,SYN-ACCESS-00021334,true,SYNTHETIC,,,MEDIUM,SCN-PHYS-1334
PHY-00021380,2024-08-31T12:12:27,PER-027179,prox-in-building,LOC-001352,SYN-ACCESS-00021380,true,SYNTHETIC,,,MEDIUM,SCN-PHYS-1519
PHY-00021397,2024-03-24T15:23:19,PER-028278,prox-out-classified,LOC-001251,SYN-ACCESS-00021397,true,SYNTHETIC,,,MEDIUM,SCN-PHYS-1584
PHY-00021399,2025-06-29T14:09:08,PER-028494,prox-out-classified,LOC-003606,SYN-ACCESS-00021399,true,SYNTHETIC,,,MEDIUM,SCN-PHYS-1594
PHY-00021417,2025-01-20T02:05:52,PER-029521,prox-out-classified,LOC-006867,SYN-ACCESS-00021417,true,SYNTHETIC,,,MEDIUM,SCN-PHYS-1664
PHY-00021437,2024-01-30T06:54:17,PER-031212,prox-in-building,LOC-008029,SYN-ACCESS-00021437,true,SYNTHETIC,,,MEDIUM,SCN-PHYS-1744
PHY-00021499,2025-10-26T03:22:45,PER-035454,prox-out-classified,LOC-003644,SYN-ACCESS-00021499,true,SYNTHETIC,,,MEDIUM,SCN-PHYS-1994
PHY-00021535,2025-05-17T03:55:16,PER-002304,prox-in-classified,LOC-003069,SYN-ACCESS-00021535,true,SYNTHETIC,,,MEDIUM,SCN-PHYS-0139
PHY-00021547,2024-12-01T20:38:58,PER-003233,prox-in-classified,LOC-001301,SYN-ACCESS-00021547,true,SYNTHETIC,,,MEDIUM,SCN-PHYS-0184
PHY-00021588,2025-09-27T05:50:47,PER-006443,prox-out-classified,LOC-004989,SYN-ACCESS-00021588,true,SYNTHETIC,,,MEDIUM,SCN-PHYS-0349
PHY-00021599,2024-11-02T12:31:29,PER-007236,prox-out-classified,LOC-001855,SYN-ACCESS-00021599,true,SYNTHETIC,,,MEDIUM,SCN-PHYS-0394
PHY-00021633,2025-01-21T17:43:29,PER-009628,prox-in-building,LOC-009679,SYN-ACCESS-00021633,true,SYNTHETIC,,,MEDIUM,SCN-PHYS-0529
PHY-00021642,2025-07-23T04:06:32,PER-010131,prox-in-classified,LOC-008679,SYN-ACCESS-00021642,true,SYNTHETIC,,,MEDIUM,SCN-PHYS-0564
PHY-00021740,2025-04-03T21:22:48,PER-017223,prox-out-classified,LOC-005692,SYN-ACCESS-00021740,true,SYNTHETIC,,,MEDIUM,SCN-PHYS-0959
PHY-00021765,2025-11-26T18:56:48,PER-018950,prox-out-classified,LOC-002481,SYN-ACCESS-00021765,true,SYNTHETIC,,,MEDIUM,SCN-PHYS-1059
PHY-00021772,2025-03-28T15:03:04,PER-019374,prox-out-classified,LOC-007336,SYN-ACCESS-00021772,true,SYNTHETIC,,,MEDIUM,SCN-PHYS-1084
PHY-00021782,2025-03-04T00:51:58,PER-020096,prox-in-building,LOC-007371,SYN-ACCESS-00021782,true,SYNTHETIC,,,MEDIUM,SCN-PHYS-1124
PHY-00021803,2024-11-02T16:19:57,PER-021845,prox-in-building,LOC-006029,SYN-ACCESS-00021803,true,SYNTHETIC,,,MEDIUM,SCN-PHYS-1209
PHY-00021818,2024-08-15T12:56:28,PER-022852,prox-in-classified,LOC-005358,SYN-ACCESS-00021818,true,SYNTHETIC,,,MEDIUM,SCN-PHYS-1269
PHY-00021834,2024-12-03T16:01:42,PER-023945,prox-in-building,LOC-006608,SYN-ACCESS-00021834,true,SYNTHETIC,,,MEDIUM,SCN-PHYS-1334
PHY-00021880,2025-12-20T09:54:33,PER-027179,prox-out-classified,LOC-001352,SYN-ACCESS-00021880,true,SYNTHETIC,,,MEDIUM,SCN-PHYS-1519
PHY-00021897,2024-05-22T11:41:33,PER-028278,prox-in-building,LOC-001251,SYN-ACCESS-00021897,true,SYNTHETIC,,,MEDIUM,SCN-PHYS-1584
PHY-00021899,2024-04-18T03:19:30,PER-028494,prox-in-classified,LOC-003606,SYN-ACCESS-00021899,true,SYNTHETIC,,,MEDIUM,SCN-PHYS-1594
PHY-00021917,2024-05-24T03:57:06,PER-029521,prox-out-classified,LOC-006867,SYN-ACCESS-00021917,true,SYNTHETIC,,,MEDIUM,SCN-PHYS-1664
PHY-00021937,2024-10-20T11:18:38,PER-031212,prox-in-classified,LOC-008029,SYN-ACCESS-00021937,true,SYNTHETIC,,,MEDIUM,SCN-PHYS-1744
PHY-00021999,2025-03-07T10:52:44,PER-035454,prox-out-classified,LOC-003644,SYN-ACCESS-00021999,true,SYNTHETIC,,,MEDIUM,SCN-PHYS-1994
PHY-00022035,2024-04-26T19:57:05,PER-002304,prox-in-classified,LOC-003069,SYN-ACCESS-00022035,true,SYNTHETIC,,,MEDIUM,SCN-PHYS-0139
PHY-00022047,2024-07-20T10:43:40,PER-003233,prox-out-classified,LOC-001301,SYN-ACCESS-00022047,true,SYNTHETIC,,,MEDIUM,SCN-PHYS-0184
PHY-00022088,2024-06-13T13:38:13,PER-006443,prox-in-classified,LOC-004989,SYN-ACCESS-00022088,true,SYNTHETIC,,,MEDIUM,SCN-PHYS-0349
PHY-00022099,2025-06-08T03:01:27,PER-007236,prox-in-building,LOC-001855,SYN-ACCESS-00022099,true,SYNTHETIC,,,MEDIUM,SCN-PHYS-0394
PHY-00022133,2024-11-27T14:37:28,PER-009628,prox-in-classified,LOC-009679,SYN-ACCESS-00022133,true,SYNTHETIC,,,MEDIUM,SCN-PHYS-0529
PHY-00022142,2024-09-07T18:42:49,PER-010131,prox-in-building,LOC-008679,SYN-ACCESS-00022142,true,SYNTHETIC,,,MEDIUM,SCN-PHYS-0564
PHY-00022240,2024-11-03T04:29:46,PER-017223,prox-in-classified,LOC-005692,SYN-ACCESS-00022240,true,SYNTHETIC,,,MEDIUM,SCN-PHYS-0959
PHY-00022265,2024-12-22T02:58:28,PER-018950,prox-out-classified,LOC-002481,SYN-ACCESS-00022265,true,SYNTHETIC,,,MEDIUM,SCN-PHYS-1059
PHY-00022272,2024-03-31T12:04:03,PER-019374,prox-in-classified,LOC-007336,SYN-ACCESS-00022272,true,SYNTHETIC,,,MEDIUM,SCN-PHYS-1084
PHY-00022282,2024-04-03T22:17:21,PER-020096,prox-in-building,LOC-007371,SYN-ACCESS-00022282,true,SYNTHETIC,,,MEDIUM,SCN-PHYS-1124
PHY-00022303,2025-09-11T23:16:41,PER-021845,prox-in-building,LOC-006029,SYN-ACCESS-00022303,true,SYNTHETIC,,,MEDIUM,SCN-PHYS-1209
PHY-00022318,2025-12-27T01:04:44,PER-022852,prox-in-building,LOC-005358,SYN-ACCESS-00022318,true,SYNTHETIC,,,MEDIUM,SCN-PHYS-1269
PHY-00022334,2025-05-10T02:37:12,PER-023945,prox-out-classified,LOC-006608,SYN-ACCESS-00022334,true,SYNTHETIC,,,MEDIUM,SCN-PHYS-1334
PHY-00022380,2024-05-04T02:03:51,PER-027179,prox-in-building,LOC-001352,SYN-ACCESS-00022380,true,SYNTHETIC,,,MEDIUM,SCN-PHYS-1519
PHY-00022397,2024-11-17T19:37:07,PER-028278,prox-in-classified,LOC-001251,SYN-ACCESS-00022397,true,SYNTHETIC,,,MEDIUM,SCN-PHYS-1584
PHY-00022399,2024-09-11T13:15:39,PER-028494,prox-in-building,LOC-003606,SYN-ACCESS-00022399,true,SYNTHETIC,,,MEDIUM,SCN-PHYS-1594
PHY-00022417,2025-05-31T03:16:49,PER-029521,prox-out-classified,LOC-006867,SYN-ACCESS-00022417,true,SYNTHETIC,,,MEDIUM,SCN-PHYS-1664
PHY-00022437,2025-03-15T23:12:40,PER-031212,prox-out-classified,LOC-008029,SYN-ACCESS-00022437,true,SYNTHETIC,,,MEDIUM,SCN-PHYS-1744
PHY-00022499,2025-04-24T20:44:12,PER-035454,prox-out-classified,LOC-003644,SYN-ACCESS-00022499,true,SYNTHETIC,,,MEDIUM,SCN-PHYS-1994
PHY-00022535,2025-08-11T08:13:37,PER-002304,prox-in-building,LOC-003069,SYN-ACCESS-00022535,true,SYNTHETIC,,,MEDIUM,SCN-PHYS-0139
PHY-00022547,2025-04-15T09:34:21,PER-003233,prox-out-classified,LOC-001301,SYN-ACCESS-00022547,true,SYNTHETIC,,,MEDIUM,SCN-PHYS-0184
PHY-00022588,2024-10-11T15:50:20,PER-006443,prox-in-classified,LOC-004989,SYN-ACCESS-00022588,true,SYNTHETIC,,,MEDIUM,SCN-PHYS-0349
PHY-00022599,2024-11-03T01:46:59,PER-007236,prox-in-classified,LOC-001855,SYN-ACCESS-00022599,true,SYNTHETIC,,,MEDIUM,SCN-PHYS-0394
PHY-00022633,2025-05-14T14:37:30,PER-009628,prox-in-building,LOC-009679,SYN-ACCESS-00022633,true,SYNTHETIC,,,MEDIUM,SCN-PHYS-0529
PHY-00022642,2025-11-15T13:44:28,PER-010131,prox-in-building,LOC-008679,SYN-ACCESS-00022642,true,SYNTHETIC,,,MEDIUM,SCN-PHYS-0564
PHY-00022740,2025-07-19T13:03:22,PER-017223,prox-in-building,LOC-005692,SYN-ACCESS-00022740,true,SYNTHETIC,,,MEDIUM,SCN-PHYS-0959
PHY-00022765,2024-07-17T13:54:45,PER-018950,prox-in-building,LOC-002481,SYN-ACCESS-00022765,true,SYNTHETIC,,,MEDIUM,SCN-PHYS-1059
PHY-00022772,2024-10-08T06:32:09,PER-019374,prox-in-classified,LOC-007336,SYN-ACCESS-00022772,true,SYNTHETIC,,,MEDIUM,SCN-PHYS-1084
PHY-00022782,2024-02-22T01:49:03,PER-020096,prox-in-building,LOC-007371,SYN-ACCESS-00022782,true,SYNTHETIC,,,MEDIUM,SCN-PHYS-1124
PHY-00022803,2025-01-17T09:24:01,PER-021845,prox-out-classified,LOC-006029,SYN-ACCESS-00022803,true,SYNTHETIC,,,MEDIUM,SCN-PHYS-1209
PHY-00022818,2025-09-15T11:09:00,PER-022852,prox-in-classified,LOC-005358,SYN-ACCESS-00022818,true,SYNTHETIC,,,MEDIUM,SCN-PHYS-1269
PHY-00022834,2024-02-17T14:08:55,PER-023945,prox-out-classified,LOC-006608,SYN-ACCESS-00022834,true,SYNTHETIC,,,MEDIUM,SCN-PHYS-1334
PHY-00022880,2024-09-11T20:05:56,PER-027179,prox-out-classified,LOC-001352,SYN-ACCESS-00022880,true,SYNTHETIC,,,MEDIUM,SCN-PHYS-1519
PHY-00022897,2024-12-04T11:08:30,PER-028278,prox-out-classified,LOC-001251,SYN-ACCESS-00022897,true,SYNTHETIC,,,MEDIUM,SCN-PHYS-1584
PHY-00022899,2024-11-09T07:08:19,PER-028494,prox-out-classified,LOC-003606,SYN-ACCESS-00022899,true,SYNTHETIC,,,MEDIUM,SCN-PHYS-1594
PHY-00022917,2024-03-19T02:31:02,PER-029521,prox-out-classified,LOC-006867,SYN-ACCESS-00022917,true,SYNTHETIC,,,MEDIUM,SCN-PHYS-1664
PHY-00022937,2025-12-13T11:24:58,PER-031212,prox-out-classified,LOC-008029,SYN-ACCESS-00022937,true,SYNTHETIC,,,MEDIUM,SCN-PHYS-1744
PHY-00022999,2025-07-27T18:42:19,PER-035454,prox-out-classified,LOC-003644,SYN-ACCESS-00022999,true,SYNTHETIC,,,MEDIUM,SCN-PHYS-1994
PHY-00023035,2025-07-23T05:17:10,PER-002304,prox-out-classified,LOC-003069,SYN-ACCESS-00023035,true,SYNTHETIC,,,MEDIUM,SCN-PHYS-0139
PHY-00023047,2024-08-13T09:55:39,PER-003233,prox-in-classified,LOC-001301,SYN-ACCESS-00023047,true,SYNTHETIC,,,MEDIUM,SCN-PHYS-0184
PHY-00023088,2025-06-13T00:25:59,PER-006443,prox-out-classified,LOC-004989,SYN-ACCESS-00023088,true,SYNTHETIC,,,MEDIUM,SCN-PHYS-0349
PHY-00023099,2025-10-11T08:56:14,PER-007236,prox-out-classified,LOC-001855,SYN-ACCESS-00023099,true,SYNTHETIC,,,MEDIUM,SCN-PHYS-0394
PHY-00023133,2024-07-11T14:12:45,PER-009628,prox-in-building,LOC-009679,SYN-ACCESS-00023133,true,SYNTHETIC,,,MEDIUM,SCN-PHYS-0529
PHY-00023142,2024-07-25T16:21:39,PER-010131,prox-out-classified,LOC-008679,SYN-ACCESS-00023142,true,SYNTHETIC,,,MEDIUM,SCN-PHYS-0564
PHY-00023240,2025-09-16T13:03:17,PER-017223,prox-in-building,LOC-005692,SYN-ACCESS-00023240,true,SYNTHETIC,,,MEDIUM,SCN-PHYS-0959
PHY-00023265,2025-10-16T08:29:31,PER-018950,prox-out-classified,LOC-002481,SYN-ACCESS-00023265,true,SYNTHETIC,,,MEDIUM,SCN-PHYS-1059
PHY-00023272,2025-01-11T10:56:50,PER-019374,prox-out-classified,LOC-007336,SYN-ACCESS-00023272,true,SYNTHETIC,,,MEDIUM,SCN-PHYS-1084
PHY-00023282,2025-02-06T11:37:31,PER-020096,prox-in-classified,LOC-007371,SYN-ACCESS-00023282,true,SYNTHETIC,,,MEDIUM,SCN-PHYS-1124
PHY-00023303,2025-12-11T07:11:29,PER-021845,prox-out-classified,LOC-006029,SYN-ACCESS-00023303,true,SYNTHETIC,,,MEDIUM,SCN-PHYS-1209
PHY-00023318,2024-11-22T23:48:54,PER-022852,prox-in-building,LOC-005358,SYN-ACCESS-00023318,true,SYNTHETIC,,,MEDIUM,SCN-PHYS-1269
PHY-00023334,2024-12-20T14:11:26,PER-023945,prox-in-building,LOC-006608,SYN-ACCESS-00023334,true,SYNTHETIC,,,MEDIUM,SCN-PHYS-1334
PHY-00023380,2025-12-28T17:14:58,PER-027179,prox-out-classified,LOC-001352,SYN-ACCESS-00023380,true,SYNTHETIC,,,MEDIUM,SCN-PHYS-1519
PHY-00023397,2024-05-05T10:17:40,PER-028278,prox-in-building,LOC-001251,SYN-ACCESS-00023397,true,SYNTHETIC,,,MEDIUM,SCN-PHYS-1584
PHY-00023399,2024-06-15T01:59:40,PER-028494,prox-in-building,LOC-003606,SYN-ACCESS-00023399,true,SYNTHETIC,,,MEDIUM,SCN-PHYS-1594
PHY-00023417,2024-04-17T20:54:47,PER-029521,prox-in-building,LOC-006867,SYN-ACCESS-00023417,true,SYNTHETIC,,,MEDIUM,SCN-PHYS-1664
PHY-00023437,2024-11-03T03:51:45,PER-031212,prox-in-classified,LOC-008029,SYN-ACCESS-00023437,true,SYNTHETIC,,,MEDIUM,SCN-PHYS-1744
PHY-00023499,2024-05-25T01:14:54,PER-035454,prox-in-building,LOC-003644,SYN-ACCESS-00023499,true,SYNTHETIC,,,MEDIUM,SCN-PHYS-1994
PHY-00023535,2025-06-09T17:26:39,PER-002304,prox-in-classified,LOC-003069,SYN-ACCESS-00023535,true,SYNTHETIC,,,MEDIUM,SCN-PHYS-0139
PHY-00023547,2024-11-02T05:27:46,PER-003233,prox-out-classified,LOC-001301,SYN-ACCESS-00023547,true,SYNTHETIC,,,MEDIUM,SCN-PHYS-0184
PHY-00023588,2025-05-31T01:45:36,PER-006443,prox-out-classified,LOC-004989,SYN-ACCESS-00023588,true,SYNTHETIC,,,MEDIUM,SCN-PHYS-0349
PHY-00023599,2024-06-19T16:11:25,PER-007236,prox-out-classified,LOC-001855,SYN-ACCESS-00023599,true,SYNTHETIC,,,MEDIUM,SCN-PHYS-0394
PHY-00023633,2025-03-19T11:34:21,PER-009628,prox-in-classified,LOC-009679,SYN-ACCESS-00023633,true,SYNTHETIC,,,MEDIUM,SCN-PHYS-0529
PHY-00023642,2025-05-15T13:23:33,PER-010131,prox-in-classified,LOC-008679,SYN-ACCESS-00023642,true,SYNTHETIC,,,MEDIUM,SCN-PHYS-0564
PHY-00023740,2024-10-17T07:54:22,PER-017223,prox-in-building,LOC-005692,SYN-ACCESS-00023740,true,SYNTHETIC,,,MEDIUM,SCN-PHYS-0959
PHY-00023765,2025-04-29T14:59:12,PER-018950,prox-in-classified,LOC-002481,SYN-ACCESS-00023765,true,SYNTHETIC,,,MEDIUM,SCN-PHYS-1059
PHY-00023772,2025-11-02T12:33:18,PER-019374,prox-out-classified,LOC-007336,SYN-ACCESS-00023772,true,SYNTHETIC,,,MEDIUM,SCN-PHYS-1084
PHY-00023782,2025-04-14T13:31:24,PER-020096,prox-in-classified,LOC-007371,SYN-ACCESS-00023782,true,SYNTHETIC,,,MEDIUM,SCN-PHYS-1124
PHY-00023803,2024-06-03T05:09:08,PER-021845,prox-out-classified,LOC-006029,SYN-ACCESS-00023803,true,SYNTHETIC,,,MEDIUM,SCN-PHYS-1209
PHY-00023818,2025-05-25T11:03:32,PER-022852,prox-in-classified,LOC-005358,SYN-ACCESS-00023818,true,SYNTHETIC,,,MEDIUM,SCN-PHYS-1269
PHY-00023834,2025-07-20T23:10:49,PER-023945,prox-in-classified,LOC-006608,SYN-ACCESS-00023834,true,SYNTHETIC,,,MEDIUM,SCN-PHYS-1334
PHY-00023880,2024-10-17T20:58:13,PER-027179,prox-in-building,LOC-001352,SYN-ACCESS-00023880,true,SYNTHETIC,,,MEDIUM,SCN-PHYS-1519
PHY-00023897,2024-04-12T04:28:32,PER-028278,prox-in-classified,LOC-001251,SYN-ACCESS-00023897,true,SYNTHETIC,,,MEDIUM,SCN-PHYS-1584
PHY-00023899,2025-06-22T20:04:55,PER-028494,prox-in-classified,LOC-003606,SYN-ACCESS-00023899,true,SYNTHETIC,,,MEDIUM,SCN-PHYS-1594
PHY-00023917,2025-11-26T15:44:49,PER-029521,prox-in-classified,LOC-006867,SYN-ACCESS-00023917,true,SYNTHETIC,,,MEDIUM,SCN-PHYS-1664
PHY-00023937,2024-05-12T16:40:17,PER-031212,prox-in-building,LOC-008029,SYN-ACCESS-00023937,true,SYNTHETIC,,,MEDIUM,SCN-PHYS-1744
PHY-00023999,2025-03-03T04:53:54,PER-035454,prox-in-building,LOC-003644,SYN-ACCESS-00023999,true,SYNTHETIC,,,MEDIUM,SCN-PHYS-1994
PHY-00024035,2025-04-08T11:46:19,PER-002304,prox-in-classified,LOC-003069,SYN-ACCESS-00024035,true,SYNTHETIC,,,MEDIUM,SCN-PHYS-0139
PHY-00024047,2024-02-28T19:05:56,PER-003233,prox-in-building,LOC-001301,SYN-ACCESS-00024047,true,SYNTHETIC,,,MEDIUM,SCN-PHYS-0184
PHY-00024088,2025-08-21T04:21:08,PER-006443,prox-out-classified,LOC-004989,SYN-ACCESS-00024088,true,SYNTHETIC,,,MEDIUM,SCN-PHYS-0349
PHY-00024099,2024-08-11T16:43:58,PER-007236,prox-in-building,LOC-001855,SYN-ACCESS-00024099,true,SYNTHETIC,,,MEDIUM,SCN-PHYS-0394
PHY-00024133,2024-04-17T15:59:25,PER-009628,prox-in-building,LOC-009679,SYN-ACCESS-00024133,true,SYNTHETIC,,,MEDIUM,SCN-PHYS-0529
PHY-00024142,2025-05-19T12:25:10,PER-010131,prox-in-classified,LOC-008679,SYN-ACCESS-00024142,true,SYNTHETIC,,,MEDIUM,SCN-PHYS-0564
PHY-00024240,2024-02-01T11:14:29,PER-017223,prox-in-building,LOC-005692,SYN-ACCESS-00024240,true,SYNTHETIC,,,MEDIUM,SCN-PHYS-0959
PHY-00024265,2024-11-17T22:26:56,PER-018950,prox-in-building,LOC-002481,SYN-ACCESS-00024265,true,SYNTHETIC,,,MEDIUM,SCN-PHYS-1059
PHY-00024272,2024-08-12T16:33:22,PER-019374,prox-in-classified,LOC-007336,SYN-ACCESS-00024272,true,SYNTHETIC,,,MEDIUM,SCN-PHYS-1084
PHY-00024282,2025-05-21T06:44:24,PER-020096,prox-in-building,LOC-007371,SYN-ACCESS-00024282,true,SYNTHETIC,,,MEDIUM,SCN-PHYS-1124
PHY-00024303,2025-11-16T18:57:48,PER-021845,prox-in-building,LOC-006029,SYN-ACCESS-00024303,true,SYNTHETIC,,,MEDIUM,SCN-PHYS-1209
PHY-00024318,2024-05-16T21:49:53,PER-022852,prox-in-classified,LOC-005358,SYN-ACCESS-00024318,true,SYNTHETIC,,,MEDIUM,SCN-PHYS-1269
PHY-00024334,2024-07-06T16:53:32,PER-023945,prox-out-classified,LOC-006608,SYN-ACCESS-00024334,true,SYNTHETIC,,,MEDIUM,SCN-PHYS-1334
PHY-00024380,2024-07-10T12:56:13,PER-027179,prox-in-building,LOC-001352,SYN-ACCESS-00024380,true,SYNTHETIC,,,MEDIUM,SCN-PHYS-1519
PHY-00024397,2024-05-27T23:27:40,PER-028278,prox-in-classified,LOC-001251,SYN-ACCESS-00024397,true,SYNTHETIC,,,MEDIUM,SCN-PHYS-1584
PHY-00024399,2024-10-11T17:43:48,PER-028494,prox-out-classified,LOC-003606,SYN-ACCESS-00024399,true,SYNTHETIC,,,MEDIUM,SCN-PHYS-1594
PHY-00024417,2025-09-04T13:25:46,PER-029521,prox-in-classified,LOC-006867,SYN-ACCESS-00024417,true,SYNTHETIC,,,MEDIUM,SCN-PHYS-1664
PHY-00024437,2024-07-01T18:19:03,PER-031212,prox-in-classified,LOC-008029,SYN-ACCESS-00024437,true,SYNTHETIC,,,MEDIUM,SCN-PHYS-1744
PHY-00024499,2025-02-08T19:40:29,PER-035454,prox-in-building,LOC-003644,SYN-ACCESS-00024499,true,SYNTHETIC,,,MEDIUM,SCN-PHYS-1994
PHY-00024535,2025-03-02T20:18:38,PER-002304,prox-in-building,LOC-003069,SYN-ACCESS-00024535,true,SYNTHETIC,,,MEDIUM,SCN-PHYS-0139
PHY-00024547,2024-08-13T01:03:47,PER-003233,prox-in-classified,LOC-001301,SYN-ACCESS-00024547,true,SYNTHETIC,,,MEDIUM,SCN-PHYS-0184
PHY-00024588,2025-04-21T02:03:59,PER-006443,prox-in-classified,LOC-004989,SYN-ACCESS-00024588,true,SYNTHETIC,,,MEDIUM,SCN-PHYS-0349
PHY-00024599,2024-05-02T23:03:19,PER-007236,prox-out-classified,LOC-001855,SYN-ACCESS-00024599,true,SYNTHETIC,,,MEDIUM,SCN-PHYS-0394
PHY-00024633,2024-06-06T01:22:27,PER-009628,prox-out-classified,LOC-009679,SYN-ACCESS-00024633,true,SYNTHETIC,,,MEDIUM,SCN-PHYS-0529
PHY-00024642,2024-01-02T19:17:02,PER-010131,prox-in-classified,LOC-008679,SYN-ACCESS-00024642,true,SYNTHETIC,,,MEDIUM,SCN-PHYS-0564
PHY-00024740,2025-09-20T19:17:54,PER-017223,prox-in-classified,LOC-005692,SYN-ACCESS-00024740,true,SYNTHETIC,,,MEDIUM,SCN-PHYS-0959
PHY-00024765,2025-09-10T07:09:11,PER-018950,prox-in-building,LOC-002481,SYN-ACCESS-00024765,true,SYNTHETIC,,,MEDIUM,SCN-PHYS-1059
PHY-00024772,2024-12-14T15:42:02,PER-019374,prox-in-classified,LOC-007336,SYN-ACCESS-00024772,true,SYNTHETIC,,,MEDIUM,SCN-PHYS-1084
PHY-00024782,2025-03-17T22:48:58,PER-020096,prox-in-building,LOC-007371,SYN-ACCESS-00024782,true,SYNTHETIC,,,MEDIUM,SCN-PHYS-1124
PHY-00024803,2024-12-02T07:09:59,PER-021845,prox-in-building,LOC-006029,SYN-ACCESS-00024803,true,SYNTHETIC,,,MEDIUM,SCN-PHYS-1209
PHY-00024818,2025-02-11T21:40:52,PER-022852,prox-in-classified,LOC-005358,SYN-ACCESS-00024818,true,SYNTHETIC,,,MEDIUM,SCN-PHYS-1269
PHY-00024834,2024-07-05T10:32:06,PER-023945,prox-in-building,LOC-006608,SYN-ACCESS-00024834,true,SYNTHETIC,,,MEDIUM,SCN-PHYS-1334
PHY-00024880,2025-02-20T04:58:24,PER-027179,prox-in-building,LOC-001352,SYN-ACCESS-00024880,true,SYNTHETIC,,,MEDIUM,SCN-PHYS-1519
PHY-00024897,2025-10-03T15:10:53,PER-028278,prox-in-building,LOC-001251,SYN-ACCESS-00024897,true,SYNTHETIC,,,MEDIUM,SCN-PHYS-1584
PHY-00024899,2025-04-21T03:31:06,PER-028494,prox-out-classified,LOC-003606,SYN-ACCESS-00024899,true,SYNTHETIC,,,MEDIUM,SCN-PHYS-1594
PHY-00024917,2024-01-02T16:47:58,PER-029521,prox-in-building,LOC-006867,SYN-ACCESS-00024917,true,SYNTHETIC,,,MEDIUM,SCN-PHYS-1664
PHY-00024937,2024-03-23T01:09:20,PER-031212,prox-out-classified,LOC-008029,SYN-ACCESS-00024937,true,SYNTHETIC,,,MEDIUM,SCN-PHYS-1744
PHY-00024999,2024-10-23T10:49:32,PER-035454,prox-in-classified,LOC-003644,SYN-ACCESS-00024999,true,SYNTHETIC,,,MEDIUM,SCN-PHYS-1994
PHY-00025035,2025-03-25T14:08:32,PER-002304,prox-out-classified,LOC-003069,SYN-ACCESS-00025035,true,SYNTHETIC,,,MEDIUM,SCN-PHYS-0139
PHY-00025047,2025-02-22T04:09:09,PER-003233,prox-in-building,LOC-001301,SYN-ACCESS-00025047,true,SYNTHETIC,,,MEDIUM,SCN-PHYS-0184
PHY-00025088,2025-12-07T14:08:01,PER-006443,prox-in-building,LOC-004989,SYN-ACCESS-00025088,true,SYNTHETIC,,,MEDIUM,SCN-PHYS-0349
PHY-00025099,2025-01-19T07:14:17,PER-007236,prox-in-classified,LOC-001855,SYN-ACCESS-00025099,true,SYNTHETIC,,,MEDIUM,SCN-PHYS-0394
PHY-00025133,2025-09-12T07:58:18,PER-009628,prox-in-classified,LOC-009679,SYN-ACCESS-00025133,true,SYNTHETIC,,,MEDIUM,SCN-PHYS-0529
PHY-00025142,2024-09-09T01:40:27,PER-010131,prox-in-building,LOC-008679,SYN-ACCESS-00025142,true,SYNTHETIC,,,MEDIUM,SCN-PHYS-0564
PHY-00025240,2024-04-05T09:37:41,PER-017223,prox-in-classified,LOC-005692,SYN-ACCESS-00025240,true,SYNTHETIC,,,MEDIUM,SCN-PHYS-0959
PHY-00025265,2024-03-02T01:48:05,PER-018950,prox-out-classified,LOC-002481,SYN-ACCESS-00025265,true,SYNTHETIC,,,MEDIUM,SCN-PHYS-1059
PHY-00025272,2024-11-04T10:15:46,PER-019374,prox-in-building,LOC-007336,SYN-ACCESS-00025272,true,SYNTHETIC,,,MEDIUM,SCN-PHYS-1084
PHY-00025282,2024-01-24T20:53:40,PER-020096,prox-out-classified,LOC-007371,SYN-ACCESS-00025282,true,SYNTHETIC,,,MEDIUM,SCN-PHYS-1124
PHY-00025303,2024-12-26T09:55:55,PER-021845,prox-out-classified,LOC-006029,SYN-ACCESS-00025303,true,SYNTHETIC,,,MEDIUM,SCN-PHYS-1209
PHY-00025318,2024-11-23T00:23:33,PER-022852,prox-in-classified,LOC-005358,SYN-ACCESS-00025318,true,SYNTHETIC,,,MEDIUM,SCN-PHYS-1269
PHY-00025334,2024-07-27T13:31:48,PER-023945,prox-in-classified,LOC-006608,SYN-ACCESS-00025334,true,SYNTHETIC,,,MEDIUM,SCN-PHYS-1334
PHY-00025380,2024-05-21T15:02:09,PER-027179,prox-out-classified,LOC-001352,SYN-ACCESS-00025380,true,SYNTHETIC,,,MEDIUM,SCN-PHYS-1519
PHY-00025397,2024-10-22T15:40:55,PER-028278,prox-in-building,LOC-001251,SYN-ACCESS-00025397,true,SYNTHETIC,,,MEDIUM,SCN-PHYS-1584
PHY-00025399,2025-05-06T07:52:05,PER-028494,prox-in-building,LOC-003606,SYN-ACCESS-00025399,true,SYNTHETIC,,,MEDIUM,SCN-PHYS-1594
PHY-00025417,2024-07-08T17:50:14,PER-029521,prox-in-building,LOC-006867,SYN-ACCESS-00025417,true,SYNTHETIC,,,MEDIUM,SCN-PHYS-1664
PHY-00025437,2024-05-09T12:22:40,PER-031212,prox-out-classified,LOC-008029,SYN-ACCESS-00025437,true,SYNTHETIC,,,MEDIUM,SCN-PHYS-1744
PHY-00025499,2025-10-12T11:47:47,PER-035454,prox-out-classified,LOC-003644,SYN-ACCESS-00025499,true,SYNTHETIC,,,MEDIUM,SCN-PHYS-1994
PHY-00025535,2025-06-29T05:01:02,PER-002304,prox-out-classified,LOC-003069,SYN-ACCESS-00025535,true,SYNTHETIC,,,MEDIUM,SCN-PHYS-0139
PHY-00025547,2024-03-31T06:57:11,PER-003233,prox-in-building,LOC-001301,SYN-ACCESS-00025547,true,SYNTHETIC,,,MEDIUM,SCN-PHYS-0184
PHY-00025588,2024-03-27T21:11:55,PER-006443,prox-in-building,LOC-004989,SYN-ACCESS-00025588,true,SYNTHETIC,,,MEDIUM,SCN-PHYS-0349
PHY-00025599,2025-05-25T17:55:28,PER-007236,prox-out-classified,LOC-001855,SYN-ACCESS-00025599,true,SYNTHETIC,,,MEDIUM,SCN-PHYS-0394
PHY-00025633,2024-10-20T19:38:53,PER-009628,prox-in-classified,LOC-009679,SYN-ACCESS-00025633,true,SYNTHETIC,,,MEDIUM,SCN-PHYS-0529
PHY-00025642,2024-06-28T02:17:14,PER-010131,prox-in-building,LOC-008679,SYN-ACCESS-00025642,true,SYNTHETIC,,,MEDIUM,SCN-PHYS-0564
PHY-00025740,2024-08-12T03:54:14,PER-017223,prox-in-classified,LOC-005692,SYN-ACCESS-00025740,true,SYNTHETIC,,,MEDIUM,SCN-PHYS-0959
PHY-00025765,2025-04-25T01:11:22,PER-018950,prox-in-building,LOC-002481,SYN-ACCESS-00025765,true,SYNTHETIC,,,MEDIUM,SCN-PHYS-1059
PHY-00025772,2024-01-03T22:09:03,PER-019374,prox-out-classified,LOC-007336,SYN-ACCESS-00025772,true,SYNTHETIC,,,MEDIUM,SCN-PHYS-1084
PHY-00025782,2025-10-05T03:54:39,PER-020096,prox-out-classified,LOC-007371,SYN-ACCESS-00025782,true,SYNTHETIC,,,MEDIUM,SCN-PHYS-1124
PHY-00025803,2025-02-20T13:08:26,PER-021845,prox-in-building,LOC-006029,SYN-ACCESS-00025803,true,SYNTHETIC,,,MEDIUM,SCN-PHYS-1209
PHY-00025818,2024-06-25T12:42:14,PER-022852,prox-in-building,LOC-005358,SYN-ACCESS-00025818,true,SYNTHETIC,,,MEDIUM,SCN-PHYS-1269
PHY-00025834,2024-03-25T13:36:18,PER-023945,prox-out-classified,LOC-006608,SYN-ACCESS-00025834,true,SYNTHETIC,,,MEDIUM,SCN-PHYS-1334
PHY-00025880,2025-02-08T09:30:13,PER-027179,prox-in-building,LOC-001352,SYN-ACCESS-00025880,true,SYNTHETIC,,,MEDIUM,SCN-PHYS-1519
PHY-00025897,2025-10-20T09:53:03,PER-028278,prox-out-classified,LOC-001251,SYN-ACCESS-00025897,true,SYNTHETIC,,,MEDIUM,SCN-PHYS-1584
PHY-00025899,2025-07-20T16:21:52,PER-028494,prox-out-classified,LOC-003606,SYN-ACCESS-00025899,true,SYNTHETIC,,,MEDIUM,SCN-PHYS-1594
PHY-00025917,2025-03-15T15:49:51,PER-029521,prox-in-building,LOC-006867,SYN-ACCESS-00025917,true,SYNTHETIC,,,MEDIUM,SCN-PHYS-1664
PHY-00025937,2025-10-13T15:23:20,PER-031212,prox-in-building,LOC-008029,SYN-ACCESS-00025937,true,SYNTHETIC,,,MEDIUM,SCN-PHYS-1744
PHY-00025999,2024-02-14T06:59:10,PER-035454,prox-out-classified,LOC-003644,SYN-ACCESS-00025999,true,SYNTHETIC,,,MEDIUM,SCN-PHYS-1994
PHY-00026035,2025-08-29T22:09:25,PER-002304,prox-in-building,LOC-003069,SYN-ACCESS-00026035,true,SYNTHETIC,,,MEDIUM,SCN-PHYS-0139
PHY-00026047,2025-10-01T13:32:54,PER-003233,prox-in-building,LOC-001301,SYN-ACCESS-00026047,true,SYNTHETIC,,,MEDIUM,SCN-PHYS-0184
PHY-00026088,2025-12-26T04:39:22,PER-006443,prox-in-classified,LOC-004989,SYN-ACCESS-00026088,true,SYNTHETIC,,,MEDIUM,SCN-PHYS-0349
PHY-00026099,2024-03-15T13:10:58,PER-007236,prox-in-classified,LOC-001855,SYN-ACCESS-00026099,true,SYNTHETIC,,,MEDIUM,SCN-PHYS-0394
PHY-00026133,2024-03-25T02:18:34,PER-009628,prox-in-building,LOC-009679,SYN-ACCESS-00026133,true,SYNTHETIC,,,MEDIUM,SCN-PHYS-0529
PHY-00026142,2024-10-26T22:08:23,PER-010131,prox-out-classified,LOC-008679,SYN-ACCESS-00026142,true,SYNTHETIC,,,MEDIUM,SCN-PHYS-0564
PHY-00026240,2024-01-23T17:44:46,PER-017223,prox-in-building,LOC-005692,SYN-ACCESS-00026240,true,SYNTHETIC,,,MEDIUM,SCN-PHYS-0959
PHY-00026265,2024-10-25T13:21:54,PER-018950,prox-out-classified,LOC-002481,SYN-ACCESS-00026265,true,SYNTHETIC,,,MEDIUM,SCN-PHYS-1059
PHY-00026272,2024-06-23T01:42:59,PER-019374,prox-out-classified,LOC-007336,SYN-ACCESS-00026272,true,SYNTHETIC,,,MEDIUM,SCN-PHYS-1084
PHY-00026282,2024-12-09T15:07:29,PER-020096,prox-in-building,LOC-007371,SYN-ACCESS-00026282,true,SYNTHETIC,,,MEDIUM,SCN-PHYS-1124
PHY-00026303,2025-04-04T09:16:59,PER-021845,prox-out-classified,LOC-006029,SYN-ACCESS-00026303,true,SYNTHETIC,,,MEDIUM,SCN-PHYS-1209
PHY-00026318,2025-10-14T12:29:40,PER-022852,prox-in-building,LOC-005358,SYN-ACCESS-00026318,true,SYNTHETIC,,,MEDIUM,SCN-PHYS-1269
PHY-00026334,2024-04-11T16:51:25,PER-023945,prox-out-classified,LOC-006608,SYN-ACCESS-00026334,true,SYNTHETIC,,,MEDIUM,SCN-PHYS-1334
PHY-00026380,2025-10-31T14:37:18,PER-027179,prox-in-classified,LOC-001352,SYN-ACCESS-00026380,true,SYNTHETIC,,,MEDIUM,SCN-PHYS-1519
PHY-00026397,2024-02-28T07:09:36,PER-028278,prox-in-building,LOC-001251,SYN-ACCESS-00026397,true,SYNTHETIC,,,MEDIUM,SCN-PHYS-1584
PHY-00026399,2024-03-07T23:00:43,PER-028494,prox-out-classified,LOC-003606,SYN-ACCESS-00026399,true,SYNTHETIC,,,MEDIUM,SCN-PHYS-1594
PHY-00026417,2025-05-25T18:21:10,PER-029521,prox-out-classified,LOC-006867,SYN-ACCESS-00026417,true,SYNTHETIC,,,MEDIUM,SCN-PHYS-1664
PHY-00026437,2025-05-20T01:29:53,PER-031212,prox-in-building,LOC-008029,SYN-ACCESS-00026437,true,SYNTHETIC,,,MEDIUM,SCN-PHYS-1744
PHY-00026499,2024-07-07T00:42:09,PER-035454,prox-in-classified,LOC-003644,SYN-ACCESS-00026499,true,SYNTHETIC,,,MEDIUM,SCN-PHYS-1994
PHY-00026535,2025-01-30T19:29:18,PER-002304,prox-in-building,LOC-003069,SYN-ACCESS-00026535,true,SYNTHETIC,,,MEDIUM,SCN-PHYS-0139
PHY-00026547,2025-06-02T08:13:08,PER-003233,prox-in-building,LOC-001301,SYN-ACCESS-00026547,true,SYNTHETIC,,,MEDIUM,SCN-PHYS-0184
PHY-00026588,2025-09-11T09:11:25,PER-006443,prox-in-classified,LOC-004989,SYN-ACCESS-00026588,true,SYNTHETIC,,,MEDIUM,SCN-PHYS-0349
PHY-00026599,2025-06-26T02:11:23,PER-007236,prox-in-classified,LOC-001855,SYN-ACCESS-00026599,true,SYNTHETIC,,,MEDIUM,SCN-PHYS-0394
PHY-00026633,2025-08-25T11:27:36,PER-009628,prox-in-building,LOC-009679,SYN-ACCESS-00026633,true,SYNTHETIC,,,MEDIUM,SCN-PHYS-0529
PHY-00026642,2025-04-20T18:50:47,PER-010131,prox-out-classified,LOC-008679,SYN-ACCESS-00026642,true,SYNTHETIC,,,MEDIUM,SCN-PHYS-0564
PHY-00026740,2025-11-14T18:11:21,PER-017223,prox-in-classified,LOC-005692,SYN-ACCESS-00026740,true,SYNTHETIC,,,MEDIUM,SCN-PHYS-0959
PHY-00026765,2024-04-18T13:19:43,PER-018950,prox-in-building,LOC-002481,SYN-ACCESS-00026765,true,SYNTHETIC,,,MEDIUM,SCN-PHYS-1059
PHY-00026772,2024-04-23T10:48:44,PER-019374,prox-in-building,LOC-007336,SYN-ACCESS-00026772,true,SYNTHETIC,,,MEDIUM,SCN-PHYS-1084
PHY-00026782,2025-03-05T04:53:09,PER-020096,prox-in-classified,LOC-007371,SYN-ACCESS-00026782,true,SYNTHETIC,,,MEDIUM,SCN-PHYS-1124
PHY-00026803,2024-09-11T20:01:37,PER-021845,prox-in-classified,LOC-006029,SYN-ACCESS-00026803,true,SYNTHETIC,,,MEDIUM,SCN-PHYS-1209
PHY-00026818,2024-07-08T18:53:21,PER-022852,prox-out-classified,LOC-005358,SYN-ACCESS-00026818,true,SYNTHETIC,,,MEDIUM,SCN-PHYS-1269
PHY-00026834,2025-02-19T12:19:48,PER-023945,prox-in-building,LOC-006608,SYN-ACCESS-00026834,true,SYNTHETIC,,,MEDIUM,SCN-PHYS-1334
PHY-00026880,2024-07-22T22:58:06,PER-027179,prox-in-classified,LOC-001352,SYN-ACCESS-00026880,true,SYNTHETIC,,,MEDIUM,SCN-PHYS-1519
PHY-00026897,2025-08-19T09:52:23,PER-028278,prox-out-classified,LOC-001251,SYN-ACCESS-00026897,true,SYNTHETIC,,,MEDIUM,SCN-PHYS-1584
PHY-00026899,2025-01-15T08:43:31,PER-028494,prox-in-classified,LOC-003606,SYN-ACCESS-00026899,true,SYNTHETIC,,,MEDIUM,SCN-PHYS-1594
PHY-00026917,2025-12-23T06:47:43,PER-029521,prox-in-classified,LOC-006867,SYN-ACCESS-00026917,true,SYNTHETIC,,,MEDIUM,SCN-PHYS-1664
PHY-00026937,2024-10-10T13:00:41,PER-031212,prox-out-classified,LOC-008029,SYN-ACCESS-00026937,true,SYNTHETIC,,,MEDIUM,SCN-PHYS-1744
PHY-00026999,2024-09-05T23:46:11,PER-035454,prox-in-building,LOC-003644,SYN-ACCESS-00026999,true,SYNTHETIC,,,MEDIUM,SCN-PHYS-1994
PHY-00027035,2024-06-27T15:23:09,PER-002304,prox-in-building,LOC-003069,SYN-ACCESS-00027035,true,SYNTHETIC,,,MEDIUM,SCN-PHYS-0139
PHY-00027047,2024-12-25T00:11:44,PER-003233,prox-in-classified,LOC-001301,SYN-ACCESS-00027047,true,SYNTHETIC,,,MEDIUM,SCN-PHYS-0184
PHY-00027088,2024-11-19T08:49:31,PER-006443,prox-in-building,LOC-004989,SYN-ACCESS-00027088,true,SYNTHETIC,,,MEDIUM,SCN-PHYS-0349
PHY-00027099,2024-07-05T03:11:02,PER-007236,prox-in-building,LOC-001855,SYN-ACCESS-00027099,true,SYNTHETIC,,,MEDIUM,SCN-PHYS-0394
PHY-00027133,2025-12-01T11:49:27,PER-009628,prox-in-building,LOC-009679,SYN-ACCESS-00027133,true,SYNTHETIC,,,MEDIUM,SCN-PHYS-0529
PHY-00027142,2025-02-03T21:15:20,PER-010131,prox-in-building,LOC-008679,SYN-ACCESS-00027142,true,SYNTHETIC,,,MEDIUM,SCN-PHYS-0564
PHY-00027240,2024-08-28T21:36:04,PER-017223,prox-in-classified,LOC-005692,SYN-ACCESS-00027240,true,SYNTHETIC,,,MEDIUM,SCN-PHYS-0959
PHY-00027265,2025-08-10T07:16:36,PER-018950,prox-in-classified,LOC-002481,SYN-ACCESS-00027265,true,SYNTHETIC,,,MEDIUM,SCN-PHYS-1059
PHY-00027272,2025-02-13T20:58:24,PER-019374,prox-in-building,LOC-007336,SYN-ACCESS-00027272,true,SYNTHETIC,,,MEDIUM,SCN-PHYS-1084
PHY-00027282,2024-09-04T15:14:50,PER-020096,prox-out-classified,LOC-007371,SYN-ACCESS-00027282,true,SYNTHETIC,,,MEDIUM,SCN-PHYS-1124
PHY-00027303,2025-09-24T04:34:39,PER-021845,prox-in-building,LOC-006029,SYN-ACCESS-00027303,true,SYNTHETIC,,,MEDIUM,SCN-PHYS-1209
PHY-00027318,2024-01-19T18:26:53,PER-022852,prox-in-classified,LOC-005358,SYN-ACCESS-00027318,true,SYNTHETIC,,,MEDIUM,SCN-PHYS-1269
PHY-00027334,2025-11-09T09:52:16,PER-023945,prox-in-building,LOC-006608,SYN-ACCESS-00027334,true,SYNTHETIC,,,MEDIUM,SCN-PHYS-1334
PHY-00027380,2024-01-13T18:28:00,PER-027179,prox-in-classified,LOC-001352,SYN-ACCESS-00027380,true,SYNTHETIC,,,MEDIUM,SCN-PHYS-1519
PHY-00027397,2025-03-09T20:59:45,PER-028278,prox-in-building,LOC-001251,SYN-ACCESS-00027397,true,SYNTHETIC,,,MEDIUM,SCN-PHYS-1584
PHY-00027399,2025-09-28T21:59:48,PER-028494,prox-in-building,LOC-003606,SYN-ACCESS-00027399,true,SYNTHETIC,,,MEDIUM,SCN-PHYS-1594
PHY-00027417,2025-01-13T19:55:14,PER-029521,prox-in-building,LOC-006867,SYN-ACCESS-00027417,true,SYNTHETIC,,,MEDIUM,SCN-PHYS-1664
PHY-00027437,2025-08-01T13:52:42,PER-031212,prox-in-building,LOC-008029,SYN-ACCESS-00027437,true,SYNTHETIC,,,MEDIUM,SCN-PHYS-1744
PHY-00027499,2025-12-28T06:47:08,PER-035454,prox-in-classified,LOC-003644,SYN-ACCESS-00027499,true,SYNTHETIC,,,MEDIUM,SCN-PHYS-1994
PHY-00027535,2024-07-14T15:50:22,PER-002304,prox-out-classified,LOC-003069,SYN-ACCESS-00027535,true,SYNTHETIC,,,MEDIUM,SCN-PHYS-0139
PHY-00027547,2025-10-25T05:10:53,PER-003233,prox-in-classified,LOC-001301,SYN-ACCESS-00027547,true,SYNTHETIC,,,MEDIUM,SCN-PHYS-0184
PHY-00027588,2025-11-04T05:19:50,PER-006443,prox-out-classified,LOC-004989,SYN-ACCESS-00027588,true,SYNTHETIC,,,MEDIUM,SCN-PHYS-0349
PHY-00027599,2025-06-30T14:07:10,PER-007236,prox-out-classified,LOC-001855,SYN-ACCESS-00027599,true,SYNTHETIC,,,MEDIUM,SCN-PHYS-0394
PHY-00027633,2025-11-07T18:15:20,PER-009628,prox-out-classified,LOC-009679,SYN-ACCESS-00027633,true,SYNTHETIC,,,MEDIUM,SCN-PHYS-0529
PHY-00027642,2024-05-22T21:23:49,PER-010131,prox-out-classified,LOC-008679,SYN-ACCESS-00027642,true,SYNTHETIC,,,MEDIUM,SCN-PHYS-0564
PHY-00027740,2024-05-10T13:09:43,PER-017223,prox-out-classified,LOC-005692,SYN-ACCESS-00027740,true,SYNTHETIC,,,MEDIUM,SCN-PHYS-0959
PHY-00027765,2024-01-09T18:40:57,PER-018950,prox-in-building,LOC-002481,SYN-ACCESS-00027765,true,SYNTHETIC,,,MEDIUM,SCN-PHYS-1059
PHY-00027772,2025-01-04T10:44:49,PER-019374,prox-in-classified,LOC-007336,SYN-ACCESS-00027772,true,SYNTHETIC,,,MEDIUM,SCN-PHYS-1084
PHY-00027782,2025-06-13T12:16:07,PER-020096,prox-in-classified,LOC-007371,SYN-ACCESS-00027782,true,SYNTHETIC,,,MEDIUM,SCN-PHYS-1124
PHY-00027803,2024-01-31T15:17:54,PER-021845,prox-in-classified,LOC-006029,SYN-ACCESS-00027803,true,SYNTHETIC,,,MEDIUM,SCN-PHYS-1209
PHY-00027818,2024-09-25T23:14:38,PER-022852,prox-in-classified,LOC-005358,SYN-ACCESS-00027818,true,SYNTHETIC,,,MEDIUM,SCN-PHYS-1269
PHY-00027834,2024-08-21T22:46:15,PER-023945,prox-in-building,LOC-006608,SYN-ACCESS-00027834,true,SYNTHETIC,,,MEDIUM,SCN-PHYS-1334
PHY-00027880,2025-04-03T01:19:14,PER-027179,prox-out-classified,LOC-001352,SYN-ACCESS-00027880,true,SYNTHETIC,,,MEDIUM,SCN-PHYS-1519
PHY-00027897,2024-10-11T13:23:46,PER-028278,prox-in-classified,LOC-001251,SYN-ACCESS-00027897,true,SYNTHETIC,,,MEDIUM,SCN-PHYS-1584
PHY-00027899,2024-12-20T03:19:25,PER-028494,prox-out-classified,LOC-003606,SYN-ACCESS-00027899,true,SYNTHETIC,,,MEDIUM,SCN-PHYS-1594
PHY-00027917,2024-02-05T02:51:21,PER-029521,prox-out-classified,LOC-006867,SYN-ACCESS-00027917,true,SYNTHETIC,,,MEDIUM,SCN-PHYS-1664
PHY-00027937,2025-12-29T16:34:55,PER-031212,prox-in-building,LOC-008029,SYN-ACCESS-00027937,true,SYNTHETIC,,,MEDIUM,SCN-PHYS-1744
PHY-00027999,2024-11-14T06:33:28,PER-035454,prox-in-classified,LOC-003644,SYN-ACCESS-00027999,true,SYNTHETIC,,,MEDIUM,SCN-PHYS-1994
PHY-00028035,2024-03-17T13:16:57,PER-002304,prox-in-classified,LOC-003069,SYN-ACCESS-00028035,true,SYNTHETIC,,,MEDIUM,SCN-PHYS-0139
PHY-00028047,2024-01-27T06:36:36,PER-003233,prox-out-classified,LOC-001301,SYN-ACCESS-00028047,true,SYNTHETIC,,,MEDIUM,SCN-PHYS-0184
PHY-00028088,2025-01-18T13:13:05,PER-006443,prox-in-building,LOC-004989,SYN-ACCESS-00028088,true,SYNTHETIC,,,MEDIUM,SCN-PHYS-0349
PHY-00028099,2024-02-08T18:55:31,PER-007236,prox-in-classified,LOC-001855,SYN-ACCESS-00028099,true,SYNTHETIC,,,MEDIUM,SCN-PHYS-0394
PHY-00028133,2024-07-31T17:32:58,PER-009628,prox-out-classified,LOC-009679,SYN-ACCESS-00028133,true,SYNTHETIC,,,MEDIUM,SCN-PHYS-0529
PHY-00028142,2025-02-06T07:38:47,PER-010131,prox-out-classified,LOC-008679,SYN-ACCESS-00028142,true,SYNTHETIC,,,MEDIUM,SCN-PHYS-0564
PHY-00028240,2024-10-18T15:15:59,PER-017223,prox-in-building,LOC-005692,SYN-ACCESS-00028240,true,SYNTHETIC,,,MEDIUM,SCN-PHYS-0959
PHY-00028265,2024-08-16T10:30:57,PER-018950,prox-in-building,LOC-002481,SYN-ACCESS-00028265,true,SYNTHETIC,,,MEDIUM,SCN-PHYS-1059
PHY-00028272,2024-05-25T08:46:35,PER-019374,prox-out-classified,LOC-007336,SYN-ACCESS-00028272,true,SYNTHETIC,,,MEDIUM,SCN-PHYS-1084
PHY-00028282,2024-11-03T04:17:58,PER-020096,prox-in-building,LOC-007371,SYN-ACCESS-00028282,true,SYNTHETIC,,,MEDIUM,SCN-PHYS-1124
PHY-00028303,2025-10-30T18:12:30,PER-021845,prox-out-classified,LOC-006029,SYN-ACCESS-00028303,true,SYNTHETIC,,,MEDIUM,SCN-PHYS-1209
PHY-00028318,2024-04-05T10:25:42,PER-022852,prox-in-building,LOC-005358,SYN-ACCESS-00028318,true,SYNTHETIC,,,MEDIUM,SCN-PHYS-1269
PHY-00028334,2024-06-17T22:33:48,PER-023945,prox-in-building,LOC-006608,SYN-ACCESS-00028334,true,SYNTHETIC,,,MEDIUM,SCN-PHYS-1334
PHY-00028380,2025-12-31T14:33:19,PER-027179,prox-out-classified,LOC-001352,SYN-ACCESS-00028380,true,SYNTHETIC,,,MEDIUM,SCN-PHYS-1519
PHY-00028397,2024-11-24T19:12:56,PER-028278,prox-out-classified,LOC-001251,SYN-ACCESS-00028397,true,SYNTHETIC,,,MEDIUM,SCN-PHYS-1584
PHY-00028399,2024-11-23T02:50:05,PER-028494,prox-in-classified,LOC-003606,SYN-ACCESS-00028399,true,SYNTHETIC,,,MEDIUM,SCN-PHYS-1594
PHY-00028417,2025-10-10T09:34:00,PER-029521,prox-in-classified,LOC-006867,SYN-ACCESS-00028417,true,SYNTHETIC,,,MEDIUM,SCN-PHYS-1664
PHY-00028437,2024-12-18T06:55:16,PER-031212,prox-in-building,LOC-008029,SYN-ACCESS-00028437,true,SYNTHETIC,,,MEDIUM,SCN-PHYS-1744
PHY-00028499,2025-09-18T05:56:07,PER-035454,prox-in-building,LOC-003644,SYN-ACCESS-00028499,true,SYNTHETIC,,,MEDIUM,SCN-PHYS-1994
PHY-00028535,2024-02-17T13:31:47,PER-002304,prox-in-building,LOC-003069,SYN-ACCESS-00028535,true,SYNTHETIC,,,MEDIUM,SCN-PHYS-0139
PHY-00028547,2025-01-24T13:14:02,PER-003233,prox-out-classified,LOC-001301,SYN-ACCESS-00028547,true,SYNTHETIC,,,MEDIUM,SCN-PHYS-0184
PHY-00028588,2024-01-21T19:58:09,PER-006443,prox-in-classified,LOC-004989,SYN-ACCESS-00028588,true,SYNTHETIC,,,MEDIUM,SCN-PHYS-0349
PHY-00028599,2025-04-15T04:42:06,PER-007236,prox-out-classified,LOC-001855,SYN-ACCESS-00028599,true,SYNTHETIC,,,MEDIUM,SCN-PHYS-0394
PHY-00028633,2025-11-22T19:39:55,PER-009628,prox-out-classified,LOC-009679,SYN-ACCESS-00028633,true,SYNTHETIC,,,MEDIUM,SCN-PHYS-0529
PHY-00028642,2024-07-12T08:42:02,PER-010131,prox-in-building,LOC-008679,SYN-ACCESS-00028642,true,SYNTHETIC,,,MEDIUM,SCN-PHYS-0564
PHY-00028740,2024-02-24T00:20:53,PER-017223,prox-in-classified,LOC-005692,SYN-ACCESS-00028740,true,SYNTHETIC,,,MEDIUM,SCN-PHYS-0959
PHY-00028765,2024-04-22T20:09:09,PER-018950,prox-in-classified,LOC-002481,SYN-ACCESS-00028765,true,SYNTHETIC,,,MEDIUM,SCN-PHYS-1059
PHY-00028772,2024-08-08T10:12:32,PER-019374,prox-in-building,LOC-007336,SYN-ACCESS-00028772,true,SYNTHETIC,,,MEDIUM,SCN-PHYS-1084
PHY-00028782,2025-06-12T12:34:21,PER-020096,prox-out-classified,LOC-007371,SYN-ACCESS-00028782,true,SYNTHETIC,,,MEDIUM,SCN-PHYS-1124
PHY-00028803,2025-05-14T14:08:59,PER-021845,prox-in-building,LOC-006029,SYN-ACCESS-00028803,true,SYNTHETIC,,,MEDIUM,SCN-PHYS-1209
PHY-00028818,2025-02-17T20:55:37,PER-022852,prox-in-building,LOC-005358,SYN-ACCESS-00028818,true,SYNTHETIC,,,MEDIUM,SCN-PHYS-1269
PHY-00028834,2025-04-10T00:39:24,PER-023945,prox-in-classified,LOC-006608,SYN-ACCESS-00028834,true,SYNTHETIC,,,MEDIUM,SCN-PHYS-1334
PHY-00028880,2024-03-31T19:06:00,PER-027179,prox-in-classified,LOC-001352,SYN-ACCESS-00028880,true,SYNTHETIC,,,MEDIUM,SCN-PHYS-1519
PHY-00028897,2024-07-15T22:16:04,PER-028278,prox-in-classified,LOC-001251,SYN-ACCESS-00028897,true,SYNTHETIC,,,MEDIUM,SCN-PHYS-1584
PHY-00028899,2024-03-15T10:29:43,PER-028494,prox-in-building,LOC-003606,SYN-ACCESS-00028899,true,SYNTHETIC,,,MEDIUM,SCN-PHYS-1594
PHY-00028917,2025-08-25T08:32:43,PER-029521,prox-in-classified,LOC-006867,SYN-ACCESS-00028917,true,SYNTHETIC,,,MEDIUM,SCN-PHYS-1664
PHY-00028937,2025-07-13T21:36:20,PER-031212,prox-in-classified,LOC-008029,SYN-ACCESS-00028937,true,SYNTHETIC,,,MEDIUM,SCN-PHYS-1744
PHY-00028999,2024-09-09T12:00:46,PER-035454,prox-out-classified,LOC-003644,SYN-ACCESS-00028999,true,SYNTHETIC,,,MEDIUM,SCN-PHYS-1994
PHY-00029035,2025-03-09T16:09:32,PER-002304,prox-out-classified,LOC-003069,SYN-ACCESS-00029035,true,SYNTHETIC,,,MEDIUM,SCN-PHYS-0139
PHY-00029047,2024-08-31T10:17:00,PER-003233,prox-in-building,LOC-001301,SYN-ACCESS-00029047,true,SYNTHETIC,,,MEDIUM,SCN-PHYS-0184
PHY-00029088,2024-06-18T06:48:34,PER-006443,prox-in-building,LOC-004989,SYN-ACCESS-00029088,true,SYNTHETIC,,,MEDIUM,SCN-PHYS-0349
PHY-00029099,2025-04-14T20:36:01,PER-007236,prox-out-classified,LOC-001855,SYN-ACCESS-00029099,true,SYNTHETIC,,,MEDIUM,SCN-PHYS-0394
PHY-00029133,2025-11-29T11:39:31,PER-009628,prox-out-classified,LOC-009679,SYN-ACCESS-00029133,true,SYNTHETIC,,,MEDIUM,SCN-PHYS-0529
PHY-00029142,2025-11-04T20:30:34,PER-010131,prox-in-classified,LOC-008679,SYN-ACCESS-00029142,true,SYNTHETIC,,,MEDIUM,SCN-PHYS-0564
PHY-00029240,2025-09-25T05:58:58,PER-017223,prox-in-classified,LOC-005692,SYN-ACCESS-00029240,true,SYNTHETIC,,,MEDIUM,SCN-PHYS-0959
PHY-00029265,2025-01-19T01:03:42,PER-018950,prox-in-building,LOC-002481,SYN-ACCESS-00029265,true,SYNTHETIC,,,MEDIUM,SCN-PHYS-1059
PHY-00029272,2024-11-06T23:15:09,PER-019374,prox-in-building,LOC-007336,SYN-ACCESS-00029272,true,SYNTHETIC,,,MEDIUM,SCN-PHYS-1084
PHY-00029282,2024-03-25T23:02:21,PER-020096,prox-in-classified,LOC-007371,SYN-ACCESS-00029282,true,SYNTHETIC,,,MEDIUM,SCN-PHYS-1124
PHY-00029303,2024-02-16T14:24:41,PER-021845,prox-in-building,LOC-006029,SYN-ACCESS-00029303,true,SYNTHETIC,,,MEDIUM,SCN-PHYS-1209
PHY-00029318,2024-11-06T12:28:26,PER-022852,prox-in-building,LOC-005358,SYN-ACCESS-00029318,true,SYNTHETIC,,,MEDIUM,SCN-PHYS-1269
PHY-00029334,2024-05-18T02:37:47,PER-023945,prox-out-classified,LOC-006608,SYN-ACCESS-00029334,true,SYNTHETIC,,,MEDIUM,SCN-PHYS-1334
PHY-00029380,2024-08-28T18:57:11,PER-027179,prox-in-building,LOC-001352,SYN-ACCESS-00029380,true,SYNTHETIC,,,MEDIUM,SCN-PHYS-1519
PHY-00029397,2025-09-20T16:17:17,PER-028278,prox-out-classified,LOC-001251,SYN-ACCESS-00029397,true,SYNTHETIC,,,MEDIUM,SCN-PHYS-1584
PHY-00029399,2025-09-08T22:28:47,PER-028494,prox-in-building,LOC-003606,SYN-ACCESS-00029399,true,SYNTHETIC,,,MEDIUM,SCN-PHYS-1594
PHY-00029417,2025-09-02T22:14:54,PER-029521,prox-in-classified,LOC-006867,SYN-ACCESS-00029417,true,SYNTHETIC,,,MEDIUM,SCN-PHYS-1664
PHY-00029437,2024-03-23T16:39:26,PER-031212,prox-in-building,LOC-008029,SYN-ACCESS-00029437,true,SYNTHETIC,,,MEDIUM,SCN-PHYS-1744
PHY-00029499,2024-08-02T15:04:50,PER-035454,prox-in-classified,LOC-003644,SYN-ACCESS-00029499,true,SYNTHETIC,,,MEDIUM,SCN-PHYS-1994
PHY-00029535,2025-01-30T17:03:56,PER-002304,prox-in-classified,LOC-003069,SYN-ACCESS-00029535,true,SYNTHETIC,,,MEDIUM,SCN-PHYS-0139
PHY-00029547,2024-06-27T13:07:39,PER-003233,prox-in-classified,LOC-001301,SYN-ACCESS-00029547,true,SYNTHETIC,,,MEDIUM,SCN-PHYS-0184
PHY-00029588,2025-12-13T06:37:58,PER-006443,prox-out-classified,LOC-004989,SYN-ACCESS-00029588,true,SYNTHETIC,,,MEDIUM,SCN-PHYS-0349
PHY-00029599,2024-01-22T05:31:41,PER-007236,prox-out-classified,LOC-001855,SYN-ACCESS-00029599,true,SYNTHETIC,,,MEDIUM,SCN-PHYS-0394
PHY-00029633,2024-03-25T16:09:31,PER-009628,prox-in-building,LOC-009679,SYN-ACCESS-00029633,true,SYNTHETIC,,,MEDIUM,SCN-PHYS-0529
PHY-00029642,2024-02-19T19:58:05,PER-010131,prox-out-classified,LOC-008679,SYN-ACCESS-00029642,true,SYNTHETIC,,,MEDIUM,SCN-PHYS-0564
PHY-00029740,2024-09-17T02:25:10,PER-017223,prox-in-classified,LOC-005692,SYN-ACCESS-00029740,true,SYNTHETIC,,,MEDIUM,SCN-PHYS-0959
PHY-00029765,2024-01-19T15:35:03,PER-018950,prox-in-building,LOC-002481,SYN-ACCESS-00029765,true,SYNTHETIC,,,MEDIUM,SCN-PHYS-1059
PHY-00029772,2024-10-29T00:18:54,PER-019374,prox-in-classified,LOC-007336,SYN-ACCESS-00029772,true,SYNTHETIC,,,MEDIUM,SCN-PHYS-1084
PHY-00029782,2025-10-13T10:31:46,PER-020096,prox-in-building,LOC-007371,SYN-ACCESS-00029782,true,SYNTHETIC,,,MEDIUM,SCN-PHYS-1124
PHY-00029803,2025-09-01T17:18:23,PER-021845,prox-in-building,LOC-006029,SYN-ACCESS-00029803,true,SYNTHETIC,,,MEDIUM,SCN-PHYS-1209
PHY-00029818,2025-06-16T19:46:48,PER-022852,prox-in-building,LOC-005358,SYN-ACCESS-00029818,true,SYNTHETIC,,,MEDIUM,SCN-PHYS-1269
PHY-00029834,2024-02-02T03:45:18,PER-023945,prox-out-classified,LOC-006608,SYN-ACCESS-00029834,true,SYNTHETIC,,,MEDIUM,SCN-PHYS-1334
PHY-00029880,2025-09-25T15:56:28,PER-027179,prox-out-classified,LOC-001352,SYN-ACCESS-00029880,true,SYNTHETIC,,,MEDIUM,SCN-PHYS-1519
PHY-00029897,2024-04-13T04:57:30,PER-028278,prox-in-building,LOC-001251,SYN-ACCESS-00029897,true,SYNTHETIC,,,MEDIUM,SCN-PHYS-1584
PHY-00029899,2025-04-05T08:44:28,PER-028494,prox-out-classified,LOC-003606,SYN-ACCESS-00029899,true,SYNTHETIC,,,MEDIUM,SCN-PHYS-1594
PHY-00029917,2024-08-19T04:12:31,PER-029521,prox-in-building,LOC-006867,SYN-ACCESS-00029917,true,SYNTHETIC,,,MEDIUM,SCN-PHYS-1664
PHY-00029937,2025-02-23T08:47:47,PER-031212,prox-in-classified,LOC-008029,SYN-ACCESS-00029937,true,SYNTHETIC,,,MEDIUM,SCN-PHYS-1744
PHY-00029999,2025-02-02T22:57:16,PER-035454,prox-in-building,LOC-003644,SYN-ACCESS-00029999,true,SYNTHETIC,,,MEDIUM,SCN-PHYS-1994
PHY-00030035,2024-03-19T17:35:32,PER-002304,prox-in-building,LOC-003069,SYN-ACCESS-00030035,true,SYNTHETIC,,,MEDIUM,SCN-PHYS-0139
PHY-00030047,2025-09-15T09:28:05,PER-003233,prox-in-building,LOC-001301,SYN-ACCESS-00030047,true,SYNTHETIC,,,MEDIUM,SCN-PHYS-0184
PHY-00030088,2025-03-27T14:56:20,PER-006443,prox-out-classified,LOC-004989,SYN-ACCESS-00030088,true,SYNTHETIC,,,MEDIUM,SCN-PHYS-0349
PHY-00030099,2025-01-02T23:00:02,PER-007236,prox-in-classified,LOC-001855,SYN-ACCESS-00030099,true,SYNTHETIC,,,MEDIUM,SCN-PHYS-0394
PHY-00030133,2024-12-26T15:15:56,PER-009628,prox-out-classified,LOC-009679,SYN-ACCESS-00030133,true,SYNTHETIC,,,MEDIUM,SCN-PHYS-0529
PHY-00030142,2024-05-24T22:05:05,PER-010131,prox-out-classified,LOC-008679,SYN-ACCESS-00030142,true,SYNTHETIC,,,MEDIUM,SCN-PHYS-0564
PHY-00030240,2025-05-06T09:59:39,PER-017223,prox-in-building,LOC-005692,SYN-ACCESS-00030240,true,SYNTHETIC,,,MEDIUM,SCN-PHYS-0959
PHY-00030265,2024-08-15T05:23:00,PER-018950,prox-in-building,LOC-002481,SYN-ACCESS-00030265,true,SYNTHETIC,,,MEDIUM,SCN-PHYS-1059
PHY-00030272,2025-01-15T15:40:46,PER-019374,prox-out-classified,LOC-007336,SYN-ACCESS-00030272,true,SYNTHETIC,,,MEDIUM,SCN-PHYS-1084
PHY-00030282,2025-09-25T17:29:08,PER-020096,prox-out-classified,LOC-007371,SYN-ACCESS-00030282,true,SYNTHETIC,,,MEDIUM,SCN-PHYS-1124
PHY-00030303,2024-01-14T11:51:56,PER-021845,prox-in-building,LOC-006029,SYN-ACCESS-00030303,true,SYNTHETIC,,,MEDIUM,SCN-PHYS-1209
PHY-00030318,2025-03-28T16:23:13,PER-022852,prox-in-building,LOC-005358,SYN-ACCESS-00030318,true,SYNTHETIC,,,MEDIUM,SCN-PHYS-1269
PHY-00030334,2024-07-02T19:23:04,PER-023945,prox-in-classified,LOC-006608,SYN-ACCESS-00030334,true,SYNTHETIC,,,MEDIUM,SCN-PHYS-1334
PHY-00030380,2024-01-16T18:01:32,PER-027179,prox-in-building,LOC-001352,SYN-ACCESS-00030380,true,SYNTHETIC,,,MEDIUM,SCN-PHYS-1519
PHY-00030397,2025-09-24T08:00:57,PER-028278,prox-in-classified,LOC-001251,SYN-ACCESS-00030397,true,SYNTHETIC,,,MEDIUM,SCN-PHYS-1584
PHY-00030399,2025-08-23T20:40:43,PER-028494,prox-in-classified,LOC-003606,SYN-ACCESS-00030399,true,SYNTHETIC,,,MEDIUM,SCN-PHYS-1594
PHY-00030417,2024-07-24T12:43:02,PER-029521,prox-in-building,LOC-006867,SYN-ACCESS-00030417,true,SYNTHETIC,,,MEDIUM,SCN-PHYS-1664
PHY-00030437,2024-04-22T04:38:21,PER-031212,prox-out-classified,LOC-008029,SYN-ACCESS-00030437,true,SYNTHETIC,,,MEDIUM,SCN-PHYS-1744
PHY-00030499,2024-12-25T05:36:36,PER-035454,prox-in-building,LOC-003644,SYN-ACCESS-00030499,true,SYNTHETIC,,,MEDIUM,SCN-PHYS-1994
PHY-00030535,2025-11-14T14:42:45,PER-002304,prox-in-building,LOC-003069,SYN-ACCESS-00030535,true,SYNTHETIC,,,MEDIUM,SCN-PHYS-0139
PHY-00030547,2025-09-06T06:53:38,PER-003233,prox-in-building,LOC-001301,SYN-ACCESS-00030547,true,SYNTHETIC,,,MEDIUM,SCN-PHYS-0184
PHY-00030588,2025-08-11T21:10:10,PER-006443,prox-in-classified,LOC-004989,SYN-ACCESS-00030588,true,SYNTHETIC,,,MEDIUM,SCN-PHYS-0349
PHY-00030599,2024-02-15T00:47:35,PER-007236,prox-in-building,LOC-001855,SYN-ACCESS-00030599,true,SYNTHETIC,,,MEDIUM,SCN-PHYS-0394
PHY-00030633,2024-02-10T07:10:46,PER-009628,prox-in-building,LOC-009679,SYN-ACCESS-00030633,true,SYNTHETIC,,,MEDIUM,SCN-PHYS-0529
PHY-00030642,2025-02-28T22:58:55,PER-010131,prox-in-classified,LOC-008679,SYN-ACCESS-00030642,true,SYNTHETIC,,,MEDIUM,SCN-PHYS-0564
PHY-00030740,2025-09-22T02:17:30,PER-017223,prox-out-classified,LOC-005692,SYN-ACCESS-00030740,true,SYNTHETIC,,,MEDIUM,SCN-PHYS-0959
PHY-00030765,2025-06-17T11:10:24,PER-018950,prox-in-building,LOC-002481,SYN-ACCESS-00030765,true,SYNTHETIC,,,MEDIUM,SCN-PHYS-1059
PHY-00030772,2025-08-09T05:33:23,PER-019374,prox-in-classified,LOC-007336,SYN-ACCESS-00030772,true,SYNTHETIC,,,MEDIUM,SCN-PHYS-1084
PHY-00030782,2024-03-24T10:08:04,PER-020096,prox-in-building,LOC-007371,SYN-ACCESS-00030782,true,SYNTHETIC,,,MEDIUM,SCN-PHYS-1124
PHY-00030803,2025-09-23T06:57:26,PER-021845,prox-in-building,LOC-006029,SYN-ACCESS-00030803,true,SYNTHETIC,,,MEDIUM,SCN-PHYS-1209
PHY-00030818,2025-04-13T06:54:43,PER-022852,prox-in-building,LOC-005358,SYN-ACCESS-00030818,true,SYNTHETIC,,,MEDIUM,SCN-PHYS-1269
PHY-00030834,2024-05-08T23:43:27,PER-023945,prox-in-building,LOC-006608,SYN-ACCESS-00030834,true,SYNTHETIC,,,MEDIUM,SCN-PHYS-1334
PHY-00030880,2024-08-07T02:39:50,PER-027179,prox-in-building,LOC-001352,SYN-ACCESS-00030880,true,SYNTHETIC,,,MEDIUM,SCN-PHYS-1519
PHY-00030897,2025-07-31T10:48:02,PER-028278,prox-in-building,LOC-001251,SYN-ACCESS-00030897,true,SYNTHETIC,,,MEDIUM,SCN-PHYS-1584
PHY-00030899,2024-03-01T19:23:40,PER-028494,prox-in-classified,LOC-003606,SYN-ACCESS-00030899,true,SYNTHETIC,,,MEDIUM,SCN-PHYS-1594
PHY-00030917,2025-07-23T16:25:19,PER-029521,prox-in-building,LOC-006867,SYN-ACCESS-00030917,true,SYNTHETIC,,,MEDIUM,SCN-PHYS-1664
PHY-00030937,2024-09-29T03:14:35,PER-031212,prox-in-classified,LOC-008029,SYN-ACCESS-00030937,true,SYNTHETIC,,,MEDIUM,SCN-PHYS-1744
PHY-00030999,2025-05-05T17:10:18,PER-035454,prox-in-classified,LOC-003644,SYN-ACCESS-00030999,true,SYNTHETIC,,,MEDIUM,SCN-PHYS-1994
PHY-00031035,2025-01-15T06:23:40,PER-002304,prox-in-building,LOC-003069,SYN-ACCESS-00031035,true,SYNTHETIC,,,MEDIUM,SCN-PHYS-0139
PHY-00031047,2025-10-06T00:01:54,PER-003233,prox-in-building,LOC-001301,SYN-ACCESS-00031047,true,SYNTHETIC,,,MEDIUM,SCN-PHYS-0184
PHY-00031088,2024-12-05T13:24:20,PER-006443,prox-in-building,LOC-004989,SYN-ACCESS-00031088,true,SYNTHETIC,,,MEDIUM,SCN-PHYS-0349
PHY-00031099,2024-08-16T02:46:38,PER-007236,prox-out-classified,LOC-001855,SYN-ACCESS-00031099,true,SYNTHETIC,,,MEDIUM,SCN-PHYS-0394
PHY-00031133,2024-01-07T03:13:51,PER-009628,prox-in-building,LOC-009679,SYN-ACCESS-00031133,true,SYNTHETIC,,,MEDIUM,SCN-PHYS-0529
PHY-00031142,2025-01-07T21:48:14,PER-010131,prox-in-classified,LOC-008679,SYN-ACCESS-00031142,true,SYNTHETIC,,,MEDIUM,SCN-PHYS-0564
PHY-00031240,2025-06-04T03:46:53,PER-017223,prox-in-building,LOC-005692,SYN-ACCESS-00031240,true,SYNTHETIC,,,MEDIUM,SCN-PHYS-0959
PHY-00031265,2025-10-29T03:46:59,PER-018950,prox-in-classified,LOC-002481,SYN-ACCESS-00031265,true,SYNTHETIC,,,MEDIUM,SCN-PHYS-1059
PHY-00031272,2025-03-05T07:48:14,PER-019374,prox-in-classified,LOC-007336,SYN-ACCESS-00031272,true,SYNTHETIC,,,MEDIUM,SCN-PHYS-1084
PHY-00031282,2025-12-18T14:33:13,PER-020096,prox-in-building,LOC-007371,SYN-ACCESS-00031282,true,SYNTHETIC,,,MEDIUM,SCN-PHYS-1124
PHY-00031303,2025-07-12T16:53:20,PER-021845,prox-out-classified,LOC-006029,SYN-ACCESS-00031303,true,SYNTHETIC,,,MEDIUM,SCN-PHYS-1209
PHY-00031318,2024-12-16T02:49:20,PER-022852,prox-out-classified,LOC-005358,SYN-ACCESS-00031318,true,SYNTHETIC,,,MEDIUM,SCN-PHYS-1269
PHY-00031334,2025-08-03T17:35:35,PER-023945,prox-in-classified,LOC-006608,SYN-ACCESS-00031334,true,SYNTHETIC,,,MEDIUM,SCN-PHYS-1334
PHY-00031380,2025-01-10T10:49:30,PER-027179,prox-out-classified,LOC-001352,SYN-ACCESS-00031380,true,SYNTHETIC,,,MEDIUM,SCN-PHYS-1519
PHY-00031397,2024-02-06T13:46:02,PER-028278,prox-in-building,LOC-001251,SYN-ACCESS-00031397,true,SYNTHETIC,,,MEDIUM,SCN-PHYS-1584
PHY-00031399,2025-06-03T01:12:40,PER-028494,prox-in-classified,LOC-003606,SYN-ACCESS-00031399,true,SYNTHETIC,,,MEDIUM,SCN-PHYS-1594
PHY-00031417,2025-08-22T13:57:47,PER-029521,prox-in-building,LOC-006867,SYN-ACCESS-00031417,true,SYNTHETIC,,,MEDIUM,SCN-PHYS-1664
PHY-00031437,2024-05-28T20:24:39,PER-031212,prox-in-building,LOC-008029,SYN-ACCESS-00031437,true,SYNTHETIC,,,MEDIUM,SCN-PHYS-1744
PHY-00031499,2025-11-27T16:55:16,PER-035454,prox-in-building,LOC-003644,SYN-ACCESS-00031499,true,SYNTHETIC,,,MEDIUM,SCN-PHYS-1994
PHY-00031535,2025-03-25T10:57:54,PER-002304,prox-in-classified,LOC-003069,SYN-ACCESS-00031535,true,SYNTHETIC,,,MEDIUM,SCN-PHYS-0139
PHY-00031547,2024-02-24T01:39:36,PER-003233,prox-out-classified,LOC-001301,SYN-ACCESS-00031547,true,SYNTHETIC,,,MEDIUM,SCN-PHYS-0184
PHY-00031588,2025-02-09T10:00:29,PER-006443,prox-out-classified,LOC-004989,SYN-ACCESS-00031588,true,SYNTHETIC,,,MEDIUM,SCN-PHYS-0349
PHY-00031599,2024-07-16T12:09:47,PER-007236,prox-in-building,LOC-001855,SYN-ACCESS-00031599,true,SYNTHETIC,,,MEDIUM,SCN-PHYS-0394
PHY-00031633,2025-12-29T12:18:24,PER-009628,prox-in-building,LOC-009679,SYN-ACCESS-00031633,true,SYNTHETIC,,,MEDIUM,SCN-PHYS-0529
PHY-00031642,2024-02-03T18:15:11,PER-010131,prox-out-classified,LOC-008679,SYN-ACCESS-00031642,true,SYNTHETIC,,,MEDIUM,SCN-PHYS-0564
PHY-00031740,2024-04-12T01:14:49,PER-017223,prox-in-building,LOC-005692,SYN-ACCESS-00031740,true,SYNTHETIC,,,MEDIUM,SCN-PHYS-0959
PHY-00031765,2025-03-07T02:58:33,PER-018950,prox-in-building,LOC-002481,SYN-ACCESS-00031765,true,SYNTHETIC,,,MEDIUM,SCN-PHYS-1059
PHY-00031772,2025-10-14T08:10:38,PER-019374,prox-in-building,LOC-007336,SYN-ACCESS-00031772,true,SYNTHETIC,,,MEDIUM,SCN-PHYS-1084
PHY-00031782,2025-02-20T17:13:53,PER-020096,prox-in-classified,LOC-007371,SYN-ACCESS-00031782,true,SYNTHETIC,,,MEDIUM,SCN-PHYS-1124
PHY-00031803,2024-11-17T19:18:53,PER-021845,prox-in-classified,LOC-006029,SYN-ACCESS-00031803,true,SYNTHETIC,,,MEDIUM,SCN-PHYS-1209
PHY-00031818,2024-10-25T13:26:27,PER-022852,prox-in-classified,LOC-005358,SYN-ACCESS-00031818,true,SYNTHETIC,,,MEDIUM,SCN-PHYS-1269
PHY-00031834,2025-01-28T20:56:39,PER-023945,prox-in-building,LOC-006608,SYN-ACCESS-00031834,true,SYNTHETIC,,,MEDIUM,SCN-PHYS-1334
PHY-00031880,2025-12-07T19:50:56,PER-027179,prox-in-building,LOC-001352,SYN-ACCESS-00031880,true,SYNTHETIC,,,MEDIUM,SCN-PHYS-1519
PHY-00031897,2025-06-30T23:10:13,PER-028278,prox-in-building,LOC-001251,SYN-ACCESS-00031897,true,SYNTHETIC,,,MEDIUM,SCN-PHYS-1584
PHY-00031899,2025-01-18T13:01:18,PER-028494,prox-in-building,LOC-003606,SYN-ACCESS-00031899,true,SYNTHETIC,,,MEDIUM,SCN-PHYS-1594
PHY-00031917,2025-04-22T11:04:27,PER-029521,prox-in-classified,LOC-006867,SYN-ACCESS-00031917,true,SYNTHETIC,,,MEDIUM,SCN-PHYS-1664
PHY-00031937,2025-03-17T13:18:45,PER-031212,prox-in-classified,LOC-008029,SYN-ACCESS-00031937,true,SYNTHETIC,,,MEDIUM,SCN-PHYS-1744
PHY-00031999,2025-08-27T18:49:59,PER-035454,prox-in-building,LOC-003644,SYN-ACCESS-00031999,true,SYNTHETIC,,,MEDIUM,SCN-PHYS-1994
PHY-00032035,2025-05-16T21:59:18,PER-002304,prox-out-classified,LOC-003069,SYN-ACCESS-00032035,true,SYNTHETIC,,,MEDIUM,SCN-PHYS-0139
PHY-00032047,2024-07-08T11:29:04,PER-003233,prox-out-classified,LOC-001301,SYN-ACCESS-00032047,true,SYNTHETIC,,,MEDIUM,SCN-PHYS-0184
PHY-00032088,2025-12-10T18:10:10,PER-006443,prox-out-classified,LOC-004989,SYN-ACCESS-00032088,true,SYNTHETIC,,,MEDIUM,SCN-PHYS-0349
PHY-00032099,2024-05-20T02:12:07,PER-007236,prox-in-building,LOC-001855,SYN-ACCESS-00032099,true,SYNTHETIC,,,MEDIUM,SCN-PHYS-0394
PHY-00032133,2024-03-04T22:45:08,PER-009628,prox-out-classified,LOC-009679,SYN-ACCESS-00032133,true,SYNTHETIC,,,MEDIUM,SCN-PHYS-0529
PHY-00032142,2025-09-23T04:46:00,PER-010131,prox-in-classified,LOC-008679,SYN-ACCESS-00032142,true,SYNTHETIC,,,MEDIUM,SCN-PHYS-0564
PHY-00032240,2025-04-04T01:31:13,PER-017223,prox-in-classified,LOC-005692,SYN-ACCESS-00032240,true,SYNTHETIC,,,MEDIUM,SCN-PHYS-0959
PHY-00032265,2024-04-27T06:43:08,PER-018950,prox-out-classified,LOC-002481,SYN-ACCESS-00032265,true,SYNTHETIC,,,MEDIUM,SCN-PHYS-1059
PHY-00032272,2025-01-26T08:52:22,PER-019374,prox-in-classified,LOC-007336,SYN-ACCESS-00032272,true,SYNTHETIC,,,MEDIUM,SCN-PHYS-1084
PHY-00032282,2025-01-28T22:56:43,PER-020096,prox-out-classified,LOC-007371,SYN-ACCESS-00032282,true,SYNTHETIC,,,MEDIUM,SCN-PHYS-1124
PHY-00032303,2024-02-18T21:19:32,PER-021845,prox-in-classified,LOC-006029,SYN-ACCESS-00032303,true,SYNTHETIC,,,MEDIUM,SCN-PHYS-1209
PHY-00032318,2024-04-16T07:38:52,PER-022852,prox-out-classified,LOC-005358,SYN-ACCESS-00032318,true,SYNTHETIC,,,MEDIUM,SCN-PHYS-1269
PHY-00032334,2024-09-18T16:57:25,PER-023945,prox-out-classified,LOC-006608,SYN-ACCESS-00032334,true,SYNTHETIC,,,MEDIUM,SCN-PHYS-1334
PHY-00032380,2025-08-22T17:32:14,PER-027179,prox-out-classified,LOC-001352,SYN-ACCESS-00032380,true,SYNTHETIC,,,MEDIUM,SCN-PHYS-1519
PHY-00032397,2024-04-11T08:52:29,PER-028278,prox-out-classified,LOC-001251,SYN-ACCESS-00032397,true,SYNTHETIC,,,MEDIUM,SCN-PHYS-1584
PHY-00032399,2024-10-02T04:22:47,PER-028494,prox-in-classified,LOC-003606,SYN-ACCESS-00032399,true,SYNTHETIC,,,MEDIUM,SCN-PHYS-1594
PHY-00032417,2024-06-10T11:05:54,PER-029521,prox-in-building,LOC-006867,SYN-ACCESS-00032417,true,SYNTHETIC,,,MEDIUM,SCN-PHYS-1664
PHY-00032437,2025-04-09T15:01:33,PER-031212,prox-in-classified,LOC-008029,SYN-ACCESS-00032437,true,SYNTHETIC,,,MEDIUM,SCN-PHYS-1744
PHY-00032499,2025-01-12T16:02:49,PER-035454,prox-in-building,LOC-003644,SYN-ACCESS-00032499,true,SYNTHETIC,,,MEDIUM,SCN-PHYS-1994
PHY-00032535,2025-10-19T05:08:20,PER-002304,prox-in-classified,LOC-003069,SYN-ACCESS-00032535,true,SYNTHETIC,,,MEDIUM,SCN-PHYS-0139
PHY-00032547,2025-04-21T14:05:02,PER-003233,prox-out-classified,LOC-001301,SYN-ACCESS-00032547,true,SYNTHETIC,,,MEDIUM,SCN-PHYS-0184
PHY-00032588,2024-12-27T03:30:58,PER-006443,prox-in-building,LOC-004989,SYN-ACCESS-00032588,true,SYNTHETIC,,,MEDIUM,SCN-PHYS-0349
PHY-00032599,2025-05-02T08:09:48,PER-007236,prox-out-classified,LOC-001855,SYN-ACCESS-00032599,true,SYNTHETIC,,,MEDIUM,SCN-PHYS-0394
PHY-00032633,2025-12-26T19:09:09,PER-009628,prox-out-classified,LOC-009679,SYN-ACCESS-00032633,true,SYNTHETIC,,,MEDIUM,SCN-PHYS-0529
PHY-00032642,2024-11-20T14:02:41,PER-010131,prox-in-classified,LOC-008679,SYN-ACCESS-00032642,true,SYNTHETIC,,,MEDIUM,SCN-PHYS-0564
PHY-00032740,2025-10-20T09:20:30,PER-017223,prox-in-building,LOC-005692,SYN-ACCESS-00032740,true,SYNTHETIC,,,MEDIUM,SCN-PHYS-0959
PHY-00032765,2025-05-05T04:46:22,PER-018950,prox-in-building,LOC-002481,SYN-ACCESS-00032765,true,SYNTHETIC,,,MEDIUM,SCN-PHYS-1059
PHY-00032772,2025-03-12T13:25:47,PER-019374,prox-in-classified,LOC-007336,SYN-ACCESS-00032772,true,SYNTHETIC,,,MEDIUM,SCN-PHYS-1084
PHY-00032782,2025-05-10T07:57:51,PER-020096,prox-out-classified,LOC-007371,SYN-ACCESS-00032782,true,SYNTHETIC,,,MEDIUM,SCN-PHYS-1124
PHY-00032803,2025-11-15T03:02:21,PER-021845,prox-in-classified,LOC-006029,SYN-ACCESS-00032803,true,SYNTHETIC,,,MEDIUM,SCN-PHYS-1209
PHY-00032818,2024-08-20T12:18:34,PER-022852,prox-in-classified,LOC-005358,SYN-ACCESS-00032818,true,SYNTHETIC,,,MEDIUM,SCN-PHYS-1269
PHY-00032834,2025-04-19T22:36:59,PER-023945,prox-in-classified,LOC-006608,SYN-ACCESS-00032834,true,SYNTHETIC,,,MEDIUM,SCN-PHYS-1334
PHY-00032880,2024-05-06T13:47:26,PER-027179,prox-in-building,LOC-001352,SYN-ACCESS-00032880,true,SYNTHETIC,,,MEDIUM,SCN-PHYS-1519
PHY-00032897,2025-12-10T13:55:09,PER-028278,prox-out-classified,LOC-001251,SYN-ACCESS-00032897,true,SYNTHETIC,,,MEDIUM,SCN-PHYS-1584
PHY-00032899,2025-08-05T14:00:00,PER-028494,prox-in-classified,LOC-003606,SYN-ACCESS-00032899,true,SYNTHETIC,,,MEDIUM,SCN-PHYS-1594
PHY-00032917,2024-03-08T15:35:10,PER-029521,prox-out-classified,LOC-006867,SYN-ACCESS-00032917,true,SYNTHETIC,,,MEDIUM,SCN-PHYS-1664
PHY-00032937,2024-05-25T18:02:34,PER-031212,prox-in-classified,LOC-008029,SYN-ACCESS-00032937,true,SYNTHETIC,,,MEDIUM,SCN-PHYS-1744
PHY-00032999,2025-01-15T10:21:08,PER-035454,prox-out-classified,LOC-003644,SYN-ACCESS-00032999,true,SYNTHETIC,,,MEDIUM,SCN-PHYS-1994
PHY-00033035,2025-10-24T18:17:29,PER-002304,prox-in-classified,LOC-003069,SYN-ACCESS-00033035,true,SYNTHETIC,,,MEDIUM,SCN-PHYS-0139
PHY-00033047,2025-11-09T18:59:55,PER-003233,prox-out-classified,LOC-001301,SYN-ACCESS-00033047,true,SYNTHETIC,,,MEDIUM,SCN-PHYS-0184
PHY-00033088,2025-02-08T01:25:47,PER-006443,prox-in-building,LOC-004989,SYN-ACCESS-00033088,true,SYNTHETIC,,,MEDIUM,SCN-PHYS-0349
PHY-00033099,2024-06-08T08:33:35,PER-007236,prox-out-classified,LOC-001855,SYN-ACCESS-00033099,true,SYNTHETIC,,,MEDIUM,SCN-PHYS-0394
PHY-00033133,2024-10-13T15:03:48,PER-009628,prox-in-building,LOC-009679,SYN-ACCESS-00033133,true,SYNTHETIC,,,MEDIUM,SCN-PHYS-0529
PHY-00033142,2025-09-10T04:11:01,PER-010131,prox-in-building,LOC-008679,SYN-ACCESS-00033142,true,SYNTHETIC,,,MEDIUM,SCN-PHYS-0564
PHY-00033240,2024-06-23T17:46:25,PER-017223,prox-out-classified,LOC-005692,SYN-ACCESS-00033240,true,SYNTHETIC,,,MEDIUM,SCN-PHYS-0959
PHY-00033265,2024-06-05T14:59:59,PER-018950,prox-out-classified,LOC-002481,SYN-ACCESS-00033265,true,SYNTHETIC,,,MEDIUM,SCN-PHYS-1059
PHY-00033272,2025-05-16T14:59:50,PER-019374,prox-in-building,LOC-007336,SYN-ACCESS-00033272,true,SYNTHETIC,,,MEDIUM,SCN-PHYS-1084
PHY-00033282,2024-12-27T01:45:12,PER-020096,prox-out-classified,LOC-007371,SYN-ACCESS-00033282,true,SYNTHETIC,,,MEDIUM,SCN-PHYS-1124
PHY-00033303,2024-08-11T06:27:50,PER-021845,prox-in-classified,LOC-006029,SYN-ACCESS-00033303,true,SYNTHETIC,,,MEDIUM,SCN-PHYS-1209
PHY-00033318,2025-02-17T11:03:14,PER-022852,prox-out-classified,LOC-005358,SYN-ACCESS-00033318,true,SYNTHETIC,,,MEDIUM,SCN-PHYS-1269
PHY-00033334,2025-09-14T22:31:55,PER-023945,prox-out-classified,LOC-006608,SYN-ACCESS-00033334,true,SYNTHETIC,,,MEDIUM,SCN-PHYS-1334
PHY-00033380,2024-06-28T15:26:20,PER-027179,prox-in-building,LOC-001352,SYN-ACCESS-00033380,true,SYNTHETIC,,,MEDIUM,SCN-PHYS-1519
PHY-00033397,2024-02-18T18:15:39,PER-028278,prox-out-classified,LOC-001251,SYN-ACCESS-00033397,true,SYNTHETIC,,,MEDIUM,SCN-PHYS-1584
PHY-00033399,2025-12-12T18:12:48,PER-028494,prox-out-classified,LOC-003606,SYN-ACCESS-00033399,true,SYNTHETIC,,,MEDIUM,SCN-PHYS-1594
PHY-00033417,2025-09-26T17:50:10,PER-029521,prox-in-classified,LOC-006867,SYN-ACCESS-00033417,true,SYNTHETIC,,,MEDIUM,SCN-PHYS-1664
PHY-00033437,2025-06-01T20:08:09,PER-031212,prox-out-classified,LOC-008029,SYN-ACCESS-00033437,true,SYNTHETIC,,,MEDIUM,SCN-PHYS-1744
PHY-00033499,2025-01-25T21:31:48,PER-035454,prox-out-classified,LOC-003644,SYN-ACCESS-00033499,true,SYNTHETIC,,,MEDIUM,SCN-PHYS-1994
PHY-00033535,2024-08-13T16:53:03,PER-002304,prox-in-building,LOC-003069,SYN-ACCESS-00033535,true,SYNTHETIC,,,MEDIUM,SCN-PHYS-0139
PHY-00033547,2024-10-07T08:22:27,PER-003233,prox-in-building,LOC-001301,SYN-ACCESS-00033547,true,SYNTHETIC,,,MEDIUM,SCN-PHYS-0184
PHY-00033588,2025-11-30T11:14:10,PER-006443,prox-in-classified,LOC-004989,SYN-ACCESS-00033588,true,SYNTHETIC,,,MEDIUM,SCN-PHYS-0349
PHY-00033599,2025-01-27T08:06:51,PER-007236,prox-in-building,LOC-001855,SYN-ACCESS-00033599,true,SYNTHETIC,,,MEDIUM,SCN-PHYS-0394
PHY-00033633,2024-04-26T11:23:47,PER-009628,prox-out-classified,LOC-009679,SYN-ACCESS-00033633,true,SYNTHETIC,,,MEDIUM,SCN-PHYS-0529
PHY-00033642,2024-03-16T18:36:04,PER-010131,prox-in-building,LOC-008679,SYN-ACCESS-00033642,true,SYNTHETIC,,,MEDIUM,SCN-PHYS-0564
PHY-00033740,2024-09-09T15:33:11,PER-017223,prox-out-classified,LOC-005692,SYN-ACCESS-00033740,true,SYNTHETIC,,,MEDIUM,SCN-PHYS-0959
PHY-00033765,2025-03-29T14:56:52,PER-018950,prox-in-classified,LOC-002481,SYN-ACCESS-00033765,true,SYNTHETIC,,,MEDIUM,SCN-PHYS-1059
PHY-00033772,2024-05-07T20:50:46,PER-019374,prox-out-classified,LOC-007336,SYN-ACCESS-00033772,true,SYNTHETIC,,,MEDIUM,SCN-PHYS-1084
PHY-00033782,2025-10-25T11:15:23,PER-020096,prox-in-building,LOC-007371,SYN-ACCESS-00033782,true,SYNTHETIC,,,MEDIUM,SCN-PHYS-1124
PHY-00033803,2024-04-18T00:15:02,PER-021845,prox-in-classified,LOC-006029,SYN-ACCESS-00033803,true,SYNTHETIC,,,MEDIUM,SCN-PHYS-1209
PHY-00033818,2024-05-05T04:09:00,PER-022852,prox-in-building,LOC-005358,SYN-ACCESS-00033818,true,SYNTHETIC,,,MEDIUM,SCN-PHYS-1269
PHY-00033834,2025-12-12T05:07:40,PER-023945,prox-in-building,LOC-006608,SYN-ACCESS-00033834,true,SYNTHETIC,,,MEDIUM,SCN-PHYS-1334
PHY-00033880,2024-07-29T20:06:38,PER-027179,prox-in-building,LOC-001352,SYN-ACCESS-00033880,true,SYNTHETIC,,,MEDIUM,SCN-PHYS-1519
PHY-00033897,2025-11-03T18:57:06,PER-028278,prox-in-classified,LOC-001251,SYN-ACCESS-00033897,true,SYNTHETIC,,,MEDIUM,SCN-PHYS-1584
PHY-00033899,2024-06-06T04:25:18,PER-028494,prox-in-building,LOC-003606,SYN-ACCESS-00033899,true,SYNTHETIC,,,MEDIUM,SCN-PHYS-1594
PHY-00033917,2024-06-10T15:41:13,PER-029521,prox-out-classified,LOC-006867,SYN-ACCESS-00033917,true,SYNTHETIC,,,MEDIUM,SCN-PHYS-1664
PHY-00033937,2024-09-05T18:33:01,PER-031212,prox-in-classified,LOC-008029,SYN-ACCESS-00033937,true,SYNTHETIC,,,MEDIUM,SCN-PHYS-1744
PHY-00033999,2025-12-09T22:03:44,PER-035454,prox-in-building,LOC-003644,SYN-ACCESS-00033999,true,SYNTHETIC,,,MEDIUM,SCN-PHYS-1994
PHY-00034035,2024-04-23T19:02:49,PER-002304,prox-in-classified,LOC-003069,SYN-ACCESS-00034035,true,SYNTHETIC,,,MEDIUM,SCN-PHYS-0139
PHY-00034047,2025-04-09T07:16:12,PER-003233,prox-out-classified,LOC-001301,SYN-ACCESS-00034047,true,SYNTHETIC,,,MEDIUM,SCN-PHYS-0184
PHY-00034088,2024-11-03T15:03:52,PER-006443,prox-in-building,LOC-004989,SYN-ACCESS-00034088,true,SYNTHETIC,,,MEDIUM,SCN-PHYS-0349
PHY-00034099,2025-12-24T16:31:37,PER-007236,prox-in-building,LOC-001855,SYN-ACCESS-00034099,true,SYNTHETIC,,,MEDIUM,SCN-PHYS-0394
PHY-00034133,2024-11-22T07:21:01,PER-009628,prox-out-classified,LOC-009679,SYN-ACCESS-00034133,true,SYNTHETIC,,,MEDIUM,SCN-PHYS-0529
PHY-00034142,2025-10-28T12:40:14,PER-010131,prox-in-building,LOC-008679,SYN-ACCESS-00034142,true,SYNTHETIC,,,MEDIUM,SCN-PHYS-0564
PHY-00034240,2025-04-06T05:03:25,PER-017223,prox-in-classified,LOC-005692,SYN-ACCESS-00034240,true,SYNTHETIC,,,MEDIUM,SCN-PHYS-0959
PHY-00034265,2024-11-07T15:31:42,PER-018950,prox-in-classified,LOC-002481,SYN-ACCESS-00034265,true,SYNTHETIC,,,MEDIUM,SCN-PHYS-1059
PHY-00034272,2024-10-15T09:34:23,PER-019374,prox-in-classified,LOC-007336,SYN-ACCESS-00034272,true,SYNTHETIC,,,MEDIUM,SCN-PHYS-1084
PHY-00034282,2025-09-27T21:43:57,PER-020096,prox-in-building,LOC-007371,SYN-ACCESS-00034282,true,SYNTHETIC,,,MEDIUM,SCN-PHYS-1124
PHY-00034303,2024-05-25T17:26:05,PER-021845,prox-in-classified,LOC-006029,SYN-ACCESS-00034303,true,SYNTHETIC,,,MEDIUM,SCN-PHYS-1209
PHY-00034318,2025-11-07T05:12:36,PER-022852,prox-in-classified,LOC-005358,SYN-ACCESS-00034318,true,SYNTHETIC,,,MEDIUM,SCN-PHYS-1269
PHY-00034334,2025-05-27T09:31:37,PER-023945,prox-in-classified,LOC-006608,SYN-ACCESS-00034334,true,SYNTHETIC,,,MEDIUM,SCN-PHYS-1334
PHY-00034380,2024-07-30T03:36:34,PER-027179,prox-out-classified,LOC-001352,SYN-ACCESS-00034380,true,SYNTHETIC,,,MEDIUM,SCN-PHYS-1519
PHY-00034397,2024-04-21T07:17:39,PER-028278,prox-out-classified,LOC-001251,SYN-ACCESS-00034397,true,SYNTHETIC,,,MEDIUM,SCN-PHYS-1584
PHY-00034399,2024-12-12T03:26:45,PER-028494,prox-in-classified,LOC-003606,SYN-ACCESS-00034399,true,SYNTHETIC,,,MEDIUM,SCN-PHYS-1594
PHY-00034417,2024-12-18T05:09:26,PER-029521,prox-in-classified,LOC-006867,SYN-ACCESS-00034417,true,SYNTHETIC,,,MEDIUM,SCN-PHYS-1664
PHY-00034437,2024-11-19T20:11:13,PER-031212,prox-in-building,LOC-008029,SYN-ACCESS-00034437,true,SYNTHETIC,,,MEDIUM,SCN-PHYS-1744
PHY-00034499,2025-11-04T09:38:38,PER-035454,prox-in-classified,LOC-003644,SYN-ACCESS-00034499,true,SYNTHETIC,,,MEDIUM,SCN-PHYS-1994
PHY-00034535,2025-09-18T09:15:09,PER-002304,prox-out-classified,LOC-003069,SYN-ACCESS-00034535,true,SYNTHETIC,,,MEDIUM,SCN-PHYS-0139
PHY-00034547,2025-02-03T15:31:53,PER-003233,prox-in-classified,LOC-001301,SYN-ACCESS-00034547,true,SYNTHETIC,,,MEDIUM,SCN-PHYS-0184
PHY-00034588,2024-01-05T21:34:43,PER-006443,prox-in-classified,LOC-004989,SYN-ACCESS-00034588,true,SYNTHETIC,,,MEDIUM,SCN-PHYS-0349
PHY-00034599,2024-11-16T16:32:47,PER-007236,prox-out-classified,LOC-001855,SYN-ACCESS-00034599,true,SYNTHETIC,,,MEDIUM,SCN-PHYS-0394
PHY-00034633,2024-07-25T13:09:08,PER-009628,prox-in-classified,LOC-009679,SYN-ACCESS-00034633,true,SYNTHETIC,,,MEDIUM,SCN-PHYS-0529
PHY-00034642,2025-09-26T23:38:11,PER-010131,prox-in-building,LOC-008679,SYN-ACCESS-00034642,true,SYNTHETIC,,,MEDIUM,SCN-PHYS-0564
PHY-00034740,2024-08-31T21:41:21,PER-017223,prox-in-classified,LOC-005692,SYN-ACCESS-00034740,true,SYNTHETIC,,,MEDIUM,SCN-PHYS-0959
PHY-00034765,2025-10-21T04:09:47,PER-018950,prox-out-classified,LOC-002481,SYN-ACCESS-00034765,true,SYNTHETIC,,,MEDIUM,SCN-PHYS-1059
PHY-00034772,2025-04-08T14:04:43,PER-019374,prox-out-classified,LOC-007336,SYN-ACCESS-00034772,true,SYNTHETIC,,,MEDIUM,SCN-PHYS-1084
PHY-00034782,2025-07-11T00:19:56,PER-020096,prox-in-classified,LOC-007371,SYN-ACCESS-00034782,true,SYNTHETIC,,,MEDIUM,SCN-PHYS-1124
PHY-00034803,2024-09-19T01:52:25,PER-021845,prox-in-building,LOC-006029,SYN-ACCESS-00034803,true,SYNTHETIC,,,MEDIUM,SCN-PHYS-1209
PHY-00034818,2025-03-17T18:48:35,PER-022852,prox-in-building,LOC-005358,SYN-ACCESS-00034818,true,SYNTHETIC,,,MEDIUM,SCN-PHYS-1269
PHY-00034834,2025-11-13T06:45:36,PER-023945,prox-in-classified,LOC-006608,SYN-ACCESS-00034834,true,SYNTHETIC,,,MEDIUM,SCN-PHYS-1334
PHY-00034880,2025-04-22T22:13:21,PER-027179,prox-in-building,LOC-001352,SYN-ACCESS-00034880,true,SYNTHETIC,,,MEDIUM,SCN-PHYS-1519
PHY-00034897,2025-01-19T17:39:05,PER-028278,prox-in-classified,LOC-001251,SYN-ACCESS-00034897,true,SYNTHETIC,,,MEDIUM,SCN-PHYS-1584
PHY-00034899,2024-03-03T13:50:04,PER-028494,prox-in-building,LOC-003606,SYN-ACCESS-00034899,true,SYNTHETIC,,,MEDIUM,SCN-PHYS-1594
PHY-00034917,2024-02-25T10:43:56,PER-029521,prox-out-classified,LOC-006867,SYN-ACCESS-00034917,true,SYNTHETIC,,,MEDIUM,SCN-PHYS-1664
PHY-00034937,2024-02-03T02:47:42,PER-031212,prox-in-classified,LOC-008029,SYN-ACCESS-00034937,true,SYNTHETIC,,,MEDIUM,SCN-PHYS-1744
PHY-00034999,2024-11-02T14:49:54,PER-035454,prox-in-building,LOC-003644,SYN-ACCESS-00034999,true,SYNTHETIC,,,MEDIUM,SCN-PHYS-1994
PHY-00035035,2024-11-18T00:56:39,PER-002304,prox-in-building,LOC-003069,SYN-ACCESS-00035035,true,SYNTHETIC,,,MEDIUM,SCN-PHYS-0139
PHY-00035047,2024-07-22T07:08:55,PER-003233,prox-out-classified,LOC-001301,SYN-ACCESS-00035047,true,SYNTHETIC,,,MEDIUM,SCN-PHYS-0184
PHY-00035088,2024-04-11T08:56:25,PER-006443,prox-in-classified,LOC-004989,SYN-ACCESS-00035088,true,SYNTHETIC,,,MEDIUM,SCN-PHYS-0349
PHY-00035099,2025-10-22T20:07:24,PER-007236,prox-in-classified,LOC-001855,SYN-ACCESS-00035099,true,SYNTHETIC,,,MEDIUM,SCN-PHYS-0394
PHY-00035133,2024-03-09T23:14:41,PER-009628,prox-out-classified,LOC-009679,SYN-ACCESS-00035133,true,SYNTHETIC,,,MEDIUM,SCN-PHYS-0529
PHY-00035142,2025-07-29T12:47:18,PER-010131,prox-out-classified,LOC-008679,SYN-ACCESS-00035142,true,SYNTHETIC,,,MEDIUM,SCN-PHYS-0564
PHY-00035240,2024-02-21T04:22:14,PER-017223,prox-in-building,LOC-005692,SYN-ACCESS-00035240,true,SYNTHETIC,,,MEDIUM,SCN-PHYS-0959
PHY-00035265,2024-06-10T16:01:09,PER-018950,prox-in-building,LOC-002481,SYN-ACCESS-00035265,true,SYNTHETIC,,,MEDIUM,SCN-PHYS-1059
PHY-00035272,2024-06-09T17:33:31,PER-019374,prox-out-classified,LOC-007336,SYN-ACCESS-00035272,true,SYNTHETIC,,,MEDIUM,SCN-PHYS-1084
PHY-00035282,2024-08-29T18:33:46,PER-020096,prox-in-building,LOC-007371,SYN-ACCESS-00035282,true,SYNTHETIC,,,MEDIUM,SCN-PHYS-1124
PHY-00035303,2025-12-27T20:35:16,PER-021845,prox-in-building,LOC-006029,SYN-ACCESS-00035303,true,SYNTHETIC,,,MEDIUM,SCN-PHYS-1209
PHY-00035318,2024-03-22T08:58:41,PER-022852,prox-in-classified,LOC-005358,SYN-ACCESS-00035318,true,SYNTHETIC,,,MEDIUM,SCN-PHYS-1269
PHY-00035334,2024-01-15T16:17:31,PER-023945,prox-in-classified,LOC-006608,SYN-ACCESS-00035334,true,SYNTHETIC,,,MEDIUM,SCN-PHYS-1334
PHY-00035380,2024-02-10T18:28:18,PER-027179,prox-out-classified,LOC-001352,SYN-ACCESS-00035380,true,SYNTHETIC,,,MEDIUM,SCN-PHYS-1519
PHY-00035397,2025-04-05T03:39:25,PER-028278,prox-in-classified,LOC-001251,SYN-ACCESS-00035397,true,SYNTHETIC,,,MEDIUM,SCN-PHYS-1584
PHY-00035399,2025-11-13T08:56:28,PER-028494,prox-out-classified,LOC-003606,SYN-ACCESS-00035399,true,SYNTHETIC,,,MEDIUM,SCN-PHYS-1594
PHY-00035417,2025-12-22T12:15:37,PER-029521,prox-in-classified,LOC-006867,SYN-ACCESS-00035417,true,SYNTHETIC,,,MEDIUM,SCN-PHYS-1664
PHY-00035437,2024-10-16T10:49:32,PER-031212,prox-in-classified,LOC-008029,SYN-ACCESS-00035437,true,SYNTHETIC,,,MEDIUM,SCN-PHYS-1744
PHY-00035499,2025-09-28T16:12:51,PER-035454,prox-in-classified,LOC-003644,SYN-ACCESS-00035499,true,SYNTHETIC,,,MEDIUM,SCN-PHYS-1994
PHY-00035535,2024-05-04T12:16:46,PER-002304,prox-in-building,LOC-003069,SYN-ACCESS-00035535,true,SYNTHETIC,,,MEDIUM,SCN-PHYS-0139
PHY-00035547,2025-05-27T07:00:05,PER-003233,prox-out-classified,LOC-001301,SYN-ACCESS-00035547,true,SYNTHETIC,,,MEDIUM,SCN-PHYS-0184
PHY-00035588,2024-06-23T23:23:23,PER-006443,prox-out-classified,LOC-004989,SYN-ACCESS-00035588,true,SYNTHETIC,,,MEDIUM,SCN-PHYS-0349
PHY-00035599,2025-02-03T05:54:10,PER-007236,prox-in-classified,LOC-001855,SYN-ACCESS-00035599,true,SYNTHETIC,,,MEDIUM,SCN-PHYS-0394
PHY-00035633,2024-01-03T20:43:49,PER-009628,prox-in-building,LOC-009679,SYN-ACCESS-00035633,true,SYNTHETIC,,,MEDIUM,SCN-PHYS-0529
PHY-00035642,2024-11-19T13:07:59,PER-010131,prox-in-classified,LOC-008679,SYN-ACCESS-00035642,true,SYNTHETIC,,,MEDIUM,SCN-PHYS-0564
PHY-00035740,2024-09-28T00:17:38,PER-017223,prox-in-building,LOC-005692,SYN-ACCESS-00035740,true,SYNTHETIC,,,MEDIUM,SCN-PHYS-0959
PHY-00035765,2024-08-05T04:42:45,PER-018950,prox-out-classified,LOC-002481,SYN-ACCESS-00035765,true,SYNTHETIC,,,MEDIUM,SCN-PHYS-1059
PHY-00035772,2025-09-13T23:45:37,PER-019374,prox-out-classified,LOC-007336,SYN-ACCESS-00035772,true,SYNTHETIC,,,MEDIUM,SCN-PHYS-1084
PHY-00035782,2025-05-07T18:34:24,PER-020096,prox-out-classified,LOC-007371,SYN-ACCESS-00035782,true,SYNTHETIC,,,MEDIUM,SCN-PHYS-1124
PHY-00035803,2024-08-22T02:44:37,PER-021845,prox-in-building,LOC-006029,SYN-ACCESS-00035803,true,SYNTHETIC,,,MEDIUM,SCN-PHYS-1209
PHY-00035818,2024-12-23T18:43:06,PER-022852,prox-out-classified,LOC-005358,SYN-ACCESS-00035818,true,SYNTHETIC,,,MEDIUM,SCN-PHYS-1269
PHY-00035834,2025-04-13T11:35:34,PER-023945,prox-in-classified,LOC-006608,SYN-ACCESS-00035834,true,SYNTHETIC,,,MEDIUM,SCN-PHYS-1334
PHY-00035880,2024-10-05T00:18:08,PER-027179,prox-in-building,LOC-001352,SYN-ACCESS-00035880,true,SYNTHETIC,,,MEDIUM,SCN-PHYS-1519
PHY-00035897,2024-12-25T21:06:46,PER-028278,prox-in-classified,LOC-001251,SYN-ACCESS-00035897,true,SYNTHETIC,,,MEDIUM,SCN-PHYS-1584
PHY-00035899,2025-10-21T18:12:09,PER-028494,prox-out-classified,LOC-003606,SYN-ACCESS-00035899,true,SYNTHETIC,,,MEDIUM,SCN-PHYS-1594
PHY-00035917,2024-02-19T21:55:48,PER-029521,prox-in-classified,LOC-006867,SYN-ACCESS-00035917,true,SYNTHETIC,,,MEDIUM,SCN-PHYS-1664
PHY-00035937,2024-12-23T22:40:24,PER-031212,prox-in-building,LOC-008029,SYN-ACCESS-00035937,true,SYNTHETIC,,,MEDIUM,SCN-PHYS-1744
PHY-00035999,2024-01-03T11:28:49,PER-035454,prox-in-building,LOC-003644,SYN-ACCESS-00035999,true,SYNTHETIC,,,MEDIUM,SCN-PHYS-1994
