relationship_id,source_entity_type,source_entity_id,relationship_type,target_entity_type,target_entity_id,timestamp,confidence,relationship_origin,source_dataset,source_record_reference,synthetic_flag,reason,scenario_id
REL-0000220,Person,PER-007236,OWNS,Account,ACC-000135,,MEDIUM,SYNTHETIC,,,true,Synthetic account ownership.,
REL-0000221,Person,PER-007236,OWNS,Account,ACC-018595,,MEDIUM,SYNTHETIC,,,true,Synthetic account ownership.,
REL-0000479,Person,PER-029320,OWNS,Account,ACC-000324,,MEDIUM,SYNTHETIC,,,true,Synthetic account ownership.,
REL-0000634,Person,PER-023945,OWNS,Account,ACC-000433,,MEDIUM,SYNTHETIC,,,true,Synthetic account ownership.,
REL-0000635,Person,PER-023945,OWNS,Account,ACC-018585,,MEDIUM,SYNTHETIC,,,true,Synthetic account ownership.,
REL-0000792,Person,PER-017976,OWNS,Account,ACC-000543,,MEDIUM,SYNTHETIC,,,true,Synthetic account ownership.,
REL-0000847,Person,PER-002269,OWNS,Account,ACC-007214,,MEDIUM,SYNTHETIC,,,true,Synthetic account ownership.,
REL-0001731,Person,PER-027179,OWNS,Account,ACC-001157,,MEDIUM,SYNTHETIC,,,true,Synthetic account ownership.,
REL-0002434,Person,PER-006463,OWNS,Account,ACC-001640,,MEDIUM,SYNTHETIC,,,true,Synthetic account ownership.,
REL-0002605,Person,PER-019374,OWNS,Account,ACC-001760,,MEDIUM,SYNTHETIC,,,true,Synthetic account ownership.,
REL-0002606,Person,PER-019374,OWNS,Account,ACC-008764,,MEDIUM,SYNTHETIC,,,true,Synthetic account ownership.,
REL-0002607,Person,PER-019374,OWNS,Account,ACC-017195,,MEDIUM,SYNTHETIC,,,true,Synthetic account ownership.,
REL-0002966,Person,PER-028121,OWNS,Account,ACC-023572,,MEDIUM,SYNTHETIC,,,true,Synthetic account ownership.,
REL-0003528,Person,PER-018958,OWNS,Account,ACC-002421,,MEDIUM,SYNTHETIC,,,true,Synthetic account ownership.,
REL-0003529,Person,PER-018958,OWNS,Account,ACC-029454,,MEDIUM,SYNTHETIC,,,true,Synthetic account ownership.,
REL-0003904,Person,PER-046863,OWNS,Account,ACC-002699,,MEDIUM,SYNTHETIC,,,true,Synthetic account ownership.,
REL-0003944,Person,PER-033964,OWNS,Account,ACC-002729,,MEDIUM,SYNTHETIC,,,true,Synthetic account ownership.,
REL-0004112,Person,PER-040352,OWNS,Account,ACC-002848,,MEDIUM,SYNTHETIC,,,true,Synthetic account ownership.,
REL-0004421,Person,PER-022852,OWNS,Account,ACC-003069,,MEDIUM,SYNTHETIC,,,true,Synthetic account ownership.,
REL-0004422,Person,PER-022852,OWNS,Account,ACC-017782,,MEDIUM,SYNTHETIC,,,true,Synthetic account ownership.,
REL-0004506,Person,PER-009628,OWNS,Account,ACC-003139,,MEDIUM,SYNTHETIC,,,true,Synthetic account ownership.,
REL-0004507,Person,PER-009628,OWNS,Account,ACC-016012,,MEDIUM,SYNTHETIC,,,true,Synthetic account ownership.,
REL-0004508,Person,PER-009628,OWNS,Account,ACC-019098,,MEDIUM,SYNTHETIC,,,true,Synthetic account ownership.,
REL-0004720,Person,PER-021845,OWNS,Account,ACC-003291,,MEDIUM,SYNTHETIC,,,true,Synthetic account ownership.,
REL-0004721,Person,PER-021845,OWNS,Account,ACC-006224,,MEDIUM,SYNTHETIC,,,true,Synthetic account ownership.,
REL-0005362,Person,PER-049960,OWNS,Account,ACC-029901,,MEDIUM,SYNTHETIC,,,true,Synthetic account ownership.,
REL-0005789,Person,PER-000626,OWNS,Account,ACC-004080,,MEDIUM,SYNTHETIC,,,true,Synthetic account ownership.,
REL-0007043,Person,PER-028203,OWNS,Account,ACC-005025,,MEDIUM,SYNTHETIC,,,true,Synthetic account ownership.,
REL-0007165,Person,PER-049391,OWNS,Account,ACC-005115,,MEDIUM,SYNTHETIC,,,true,Synthetic account ownership.,
REL-0008012,Person,PER-011658,OWNS,Account,ACC-006436,,MEDIUM,SYNTHETIC,,,true,Synthetic account ownership.,
REL-0008592,Person,PER-010137,OWNS,Account,ACC-006207,,MEDIUM,SYNTHETIC,,,true,Synthetic account ownership.,
REL-0008593,Person,PER-010137,OWNS,Account,ACC-017567,,MEDIUM,SYNTHETIC,,,true,Synthetic account ownership.,
REL-0008791,Person,PER-003233,OWNS,Account,ACC-006363,,MEDIUM,SYNTHETIC,,,true,Synthetic account ownership.,
REL-0008792,Person,PER-003233,OWNS,Account,ACC-022166,,MEDIUM,SYNTHETIC,,,true,Synthetic account ownership.,
REL-0009012,Person,PER-021219,OWNS,Account,ACC-006766,,MEDIUM,SYNTHETIC,,,true,Synthetic account ownership.,
REL-0009109,Person,PER-035454,OWNS,Account,ACC-006622,,MEDIUM,SYNTHETIC,,,true,Synthetic account ownership.,
REL-0009131,Person,PER-020106,OWNS,Account,ACC-006642,,MEDIUM,SYNTHETIC,,,true,Synthetic account ownership.,
REL-0009132,Person,PER-020106,OWNS,Account,ACC-010464,,MEDIUM,SYNTHETIC,,,true,Synthetic account ownership.,
REL-0009193,Person,PER-027613,OWNS,Account,ACC-016837,,MEDIUM,SYNTHETIC,,,true,Synthetic account ownership.,
REL-0009392,Person,PER-016433,OWNS,Account,ACC-022857,,MEDIUM,SYNTHETIC,,,true,Synthetic account ownership.,
REL-0009542,Person,PER-017239,OWNS,Account,ACC-006960,,MEDIUM,SYNTHETIC,,,true,Synthetic account ownership.,
REL-0009543,Person,PER-017239,OWNS,Account,ACC-023954,,MEDIUM,SYNTHETIC,,,true,Synthetic account ownership.,
REL-0010084,Person,PER-022857,OWNS,Account,ACC-007398,,MEDIUM,SYNTHETIC,,,true,Synthetic account ownership.,
REL-0010355,Person,PER-035465,OWNS,Account,ACC-007625,,MEDIUM,SYNTHETIC,,,true,Synthetic account ownership.,
REL-0010356,Person,PER-035465,OWNS,Account,ACC-011882,,MEDIUM,SYNTHETIC,,,true,Synthetic account ownership.,
REL-0010357,Person,PER-035465,OWNS,Account,ACC-029222,,MEDIUM,SYNTHETIC,,,true,Synthetic account ownership.,
REL-0010438,Person,PER-019375,OWNS,Account,ACC-007700,,MEDIUM,SYNTHETIC,,,true,Synthetic account ownership.,
REL-0010445,Person,PER-017602,OWNS,Account,ACC-007708,,MEDIUM,SYNTHETIC,,,true,Synthetic account ownership.,
REL-0010573,Person,PER-023957,OWNS,Account,ACC-007800,,MEDIUM,SYNTHETIC,,,true,Synthetic account ownership.,
REL-0011333,Person,PER-028498,OWNS,Account,ACC-008434,,MEDIUM,SYNTHETIC,,,true,Synthetic account ownership.,
REL-0011334,Person,PER-028498,OWNS,Account,ACC-010183,,MEDIUM,SYNTHETIC,,,true,Synthetic account ownership.,
REL-0011335,Person,PER-028498,OWNS,Account,ACC-011213,,MEDIUM,SYNTHETIC,,,true,Synthetic account ownership.,
REL-0011382,Person,PER-016984,OWNS,Account,ACC-024159,,MEDIUM,SYNTHETIC,,,true,Synthetic account ownership.,
REL-0011486,Person,PER-002304,OWNS,Account,ACC-008563,,MEDIUM,SYNTHETIC,,,true,Synthetic account ownership.,
REL-0011804,Person,PER-002220,OWNS,Account,ACC-008869,,MEDIUM,SYNTHETIC,,,true,Synthetic account ownership.,
REL-0012354,Person,PER-031219,OWNS,Account,ACC-009322,,MEDIUM,SYNTHETIC,,,true,Synthetic account ownership.,
REL-0012707,Person,PER-006443,OWNS,Account,ACC-009626,,MEDIUM,SYNTHETIC,,,true,Synthetic account ownership.,
REL-0012708,Person,PER-006443,OWNS,Account,ACC-029730,,MEDIUM,SYNTHETIC,,,true,Synthetic account ownership.,
REL-0013028,Person,PER-006784,OWNS,Account,ACC-009931,,MEDIUM,SYNTHETIC,,,true,Synthetic account ownership.,
REL-0013075,Person,PER-020096,OWNS,Account,ACC-009968,,MEDIUM,SYNTHETIC,,,true,Synthetic account ownership.,
REL-0013076,Person,PER-020096,OWNS,Account,ACC-011029,,MEDIUM,SYNTHETIC,,,true,Synthetic account ownership.,
REL-0013077,Person,PER-020096,OWNS,Account,ACC-016312,,MEDIUM,SYNTHETIC,,,true,Synthetic account ownership.,
REL-0014781,Person,PER-029805,OWNS,Account,ACC-028994,,MEDIUM,SYNTHETIC,,,true,Synthetic account ownership.,
REL-0014864,Person,PER-028494,OWNS,Account,ACC-011578,,MEDIUM,SYNTHETIC,,,true,Synthetic account ownership.,
REL-0014865,Person,PER-028494,OWNS,Account,ACC-024231,,MEDIUM,SYNTHETIC,,,true,Synthetic account ownership.,
REL-0015361,Person,PER-035773,OWNS,Account,ACC-012058,,MEDIUM,SYNTHETIC,,,true,Synthetic account ownership.,
REL-0016204,Person,PER-009626,OWNS,Account,ACC-012907,,MEDIUM,SYNTHETIC,,,true,Synthetic account ownership.,
REL-0016224,Person,PER-009651,OWNS,Account,ACC-012932,,MEDIUM,SYNTHETIC,,,true,Synthetic account ownership.,
REL-0016225,Person,PER-009651,OWNS,Account,ACC-017333,,MEDIUM,SYNTHETIC,,,true,Synthetic account ownership.,
REL-0016995,Person,PER-028447,OWNS,Account,ACC-013737,,MEDIUM,SYNTHETIC,,,true,Synthetic account ownership.,
REL-0017164,Person,PER-012181,OWNS,Account,ACC-013901,,MEDIUM,SYNTHETIC,,,true,Synthetic account ownership.,
REL-0017176,Person,PER-044506,OWNS,Account,ACC-013910,,MEDIUM,SYNTHETIC,,,true,Synthetic account ownership.,
REL-0017813,Person,PER-017637,OWNS,Account,ACC-014637,,MEDIUM,SYNTHETIC,,,true,Synthetic account ownership.,
REL-0017949,Person,PER-029381,OWNS,Account,ACC-014788,,MEDIUM,SYNTHETIC,,,true,Synthetic account ownership.,
REL-0018531,Person,PER-028283,OWNS,Account,ACC-015410,,MEDIUM,SYNTHETIC,,,true,Synthetic account ownership.,
REL-0018532,Person,PER-028283,OWNS,Account,ACC-020137,,MEDIUM,SYNTHETIC,,,true,Synthetic account ownership.,
REL-0019066,Person,PER-020100,OWNS,Account,ACC-015999,,MEDIUM,SYNTHETIC,,,true,Synthetic account ownership.,
REL-0019291,Person,PER-031212,OWNS,Account,ACC-016259,,MEDIUM,SYNTHETIC,,,true,Synthetic account ownership.,
REL-0019598,Person,PER-048279,OWNS,Account,ACC-016562,,MEDIUM,SYNTHETIC,,,true,Synthetic account ownership.,
REL-0019774,Person,PER-018950,OWNS,Account,ACC-016783,,MEDIUM,SYNTHETIC,,,true,Synthetic account ownership.,
REL-0019775,Person,PER-018950,OWNS,Account,ACC-026629,,MEDIUM,SYNTHETIC,,,true,Synthetic account ownership.,
REL-0020322,Person,PER-010131,OWNS,Account,ACC-017424,,MEDIUM,SYNTHETIC,,,true,Synthetic account ownership.,
REL-0020323,Person,PER-010131,OWNS,Account,ACC-020250,,MEDIUM,SYNTHETIC,,,true,Synthetic account ownership.,
REL-0020413,Person,PER-028450,OWNS,Account,ACC-017525,,MEDIUM,SYNTHETIC,,,true,Synthetic account ownership.,
REL-0020453,Person,PER-000366,OWNS,Account,ACC-017572,,MEDIUM,SYNTHETIC,,,true,Synthetic account ownership.,
REL-0021469,Person,PER-000886,OWNS,Account,ACC-018803,,MEDIUM,SYNTHETIC,,,true,Synthetic account ownership.,
REL-0022080,Person,PER-002324,OWNS,Account,ACC-019601,,MEDIUM,SYNTHETIC,,,true,Synthetic account ownership.,
REL-0022249,Person,PER-027301,OWNS,Account,ACC-019814,,MEDIUM,SYNTHETIC,,,true,Synthetic account ownership.,
REL-0022743,Person,PER-033330,OWNS,Account,ACC-020475,,MEDIUM,SYNTHETIC,,,true,Synthetic account ownership.,
REL-0022829,Person,PER-028278,OWNS,Account,ACC-020589,,MEDIUM,SYNTHETIC,,,true,Synthetic account ownership.,
REL-0022910,Person,PER-011641,OWNS,Account,ACC-027076,,MEDIUM,SYNTHETIC,,,true,Synthetic account ownership.,
REL-0023141,Person,PER-029525,OWNS,Account,ACC-020994,,MEDIUM,SYNTHETIC,,,true,Synthetic account ownership.,
REL-0023664,Person,PER-025339,OWNS,Account,ACC-021696,,MEDIUM,SYNTHETIC,,,true,Synthetic account ownership.,
REL-0024220,Person,PER-027182,OWNS,Account,ACC-022463,,MEDIUM,SYNTHETIC,,,true,Synthetic account ownership.,
REL-0024775,Person,PER-007245,OWNS,Account,ACC-023236,,MEDIUM,SYNTHETIC,,,true,Synthetic account ownership.,
REL-0024776,Person,PER-007245,OWNS,Account,ACC-029579,,MEDIUM,SYNTHETIC,,,true,Synthetic account ownership.,
REL-0025092,Person,PER-020854,OWNS,Account,ACC-023707,,MEDIUM,SYNTHETIC,,,true,Synthetic account ownership.,
REL-0026015,Person,PER-017223,OWNS,Account,ACC-025077,,MEDIUM,SYNTHETIC,,,true,Synthetic account ownership.,
REL-0026598,Person,PER-020235,OWNS,Account,ACC-026024,,MEDIUM,SYNTHETIC,,,true,Synthetic account ownership.,
REL-0026702,Person,PER-014212,OWNS,Account,ACC-026187,,MEDIUM,SYNTHETIC,,,true,Synthetic account ownership.,
REL-0026848,Person,PER-028959,OWNS,Account,ACC-026425,,MEDIUM,SYNTHETIC,,,true,Synthetic account ownership.,
REL-0027012,Person,PER-002277,OWNS,Account,ACC-026691,,MEDIUM,SYNTHETIC,,,true,Synthetic account ownership.,
REL-0027056,Person,PER-007797,OWNS,Account,ACC-026768,,MEDIUM,SYNTHETIC,,,true,Synthetic account ownership.,
REL-0027790,Person,PER-043086,OWNS,Account,ACC-028020,,MEDIUM,SYNTHETIC,,,true,Synthetic account ownership.,
REL-0027911,Person,PER-029521,OWNS,Account,ACC-028214,,MEDIUM,SYNTHETIC,,,true,Synthetic account ownership.,
REL-0028638,Person,PER-021869,OWNS,Account,ACC-029568,,MEDIUM,SYNTHETIC,,,true,Synthetic account ownership.,
REL-0028643,Person,PER-003235,OWNS,Account,ACC-029574,,MEDIUM,SYNTHETIC,,,true,Synthetic account ownership.,
REL-0028957,Person,PER-019374,USES,Phone,PH-000044,,MEDIUM,SYNTHETIC,,,true,Synthetic phone association.,
REL-0028958,Person,PER-019374,USES,Phone,PH-027974,,MEDIUM,SYNTHETIC,,,true,Synthetic phone association.,
REL-0029659,Person,PER-028498,USES,Phone,PH-000476,,MEDIUM,SYNTHETIC,,,true,Synthetic phone association.,
REL-0029660,Person,PER-028498,USES,Phone,PH-015891,,MEDIUM,SYNTHETIC,,,true,Synthetic phone association.,
REL-0029661,Person,PER-028498,USES,Phone,PH-023665,,MEDIUM,SYNTHETIC,,,true,Synthetic phone association.,
REL-0029662,Person,PER-028498,USES,Phone,PH-028696,,MEDIUM,SYNTHETIC,,,true,Synthetic phone association.,
REL-0029847,Person,PER-002304,USES,Phone,PH-000587,,MEDIUM,SYNTHETIC,,,true,Synthetic phone association.,
REL-0030627,Person,PER-035454,USES,Phone,PH-001049,,MEDIUM,SYNTHETIC,,,true,Synthetic phone association.,
REL-0030628,Person,PER-035454,USES,Phone,PH-006520,,MEDIUM,SYNTHETIC,,,true,Synthetic phone association.,
REL-0030629,Person,PER-035454,USES,Phone,PH-033163,,MEDIUM,SYNTHETIC,,,true,Synthetic phone association.,
REL-0030803,Person,PER-028494,USES,Phone,PH-001152,,MEDIUM,SYNTHETIC,,,true,Synthetic phone association.,
REL-0030855,Person,PER-002324,USES,Phone,PH-001187,,MEDIUM,SYNTHETIC,,,true,Synthetic phone association.,
REL-0031793,Person,PER-035465,USES,Phone,PH-001748,,MEDIUM,SYNTHETIC,,,true,Synthetic phone association.,
REL-0031794,Person,PER-035465,USES,Phone,PH-004497,,MEDIUM,SYNTHETIC,,,true,Synthetic phone association.,
REL-0032489,Person,PER-020106,USES,Phone,PH-002163,,MEDIUM,SYNTHETIC,,,true,Synthetic phone association.,
REL-0032672,Person,PER-017223,USES,Phone,PH-002283,,MEDIUM,SYNTHETIC,,,true,Synthetic phone association.,
REL-0032673,Person,PER-017223,USES,Phone,PH-004238,,MEDIUM,SYNTHETIC,,,true,Synthetic phone association.,
REL-0032674,Person,PER-017223,USES,Phone,PH-030677,,MEDIUM,SYNTHETIC,,,true,Synthetic phone association.,
REL-0032675,Person,PER-017223,USES,Phone,PH-031610,,MEDIUM,SYNTHETIC,,,true,Synthetic phone association.,
REL-0032722,Person,PER-028447,USES,Phone,PH-002316,,MEDIUM,SYNTHETIC,,,true,Synthetic phone association.,
REL-0032723,Person,PER-028447,USES,Phone,PH-002498,,MEDIUM,SYNTHETIC,,,true,Synthetic phone association.,
REL-0032731,Person,PER-018950,USES,Phone,PH-002321,,MEDIUM,SYNTHETIC,,,true,Synthetic phone association.,
REL-0032732,Person,PER-018950,USES,Phone,PH-005467,,MEDIUM,SYNTHETIC,,,true,Synthetic phone association.,
REL-0032733,Person,PER-018950,USES,Phone,PH-008899,,MEDIUM,SYNTHETIC,,,true,Synthetic phone association.,
REL-0033874,Person,PER-009464,USES,Phone,PH-003056,,MEDIUM,SYNTHETIC,,,true,Synthetic phone association.,
REL-0034241,Person,PER-002038,USES,Phone,PH-014810,,MEDIUM,SYNTHETIC,,,true,Synthetic phone association.,
REL-0034304,Person,PER-017373,USES,Phone,PH-003346,,MEDIUM,SYNTHETIC,,,true,Synthetic phone association.,
REL-0034925,Person,PER-029550,USES,Phone,PH-003763,,MEDIUM,SYNTHETIC,,,true,Synthetic phone association.,
REL-0035328,Person,PER-003235,USES,Phone,PH-004032,,MEDIUM,SYNTHETIC,,,true,Synthetic phone association.,
REL-0035329,Person,PER-003235,USES,Phone,PH-017380,,MEDIUM,SYNTHETIC,,,true,Synthetic phone association.,
REL-0035330,Person,PER-003235,USES,Phone,PH-026468,,MEDIUM,SYNTHETIC,,,true,Synthetic phone association.,
REL-0035375,Person,PER-028278,USES,Phone,PH-004060,,MEDIUM,SYNTHETIC,,,true,Synthetic phone association.,
REL-0035970,Person,PER-027182,USES,Phone,PH-004465,,MEDIUM,SYNTHETIC,,,true,Synthetic phone association.,
REL-0035971,Person,PER-027182,USES,Phone,PH-009119,,MEDIUM,SYNTHETIC,,,true,Synthetic phone association.,
REL-0035972,Person,PER-027182,USES,Phone,PH-017894,,MEDIUM,SYNTHETIC,,,true,Synthetic phone association.,
REL-0038380,Person,PER-030725,USES,Phone,PH-020355,,MEDIUM,SYNTHETIC,,,true,Synthetic phone association.,
REL-0039146,Person,PER-010131,USES,Phone,PH-006693,,MEDIUM,SYNTHETIC,,,true,Synthetic phone association.,
REL-0039147,Person,PER-010131,USES,Phone,PH-014760,,MEDIUM,SYNTHETIC,,,true,Synthetic phone association.,
REL-0039407,Person,PER-014561,USES,Phone,PH-011535,,MEDIUM,SYNTHETIC,,,true,Synthetic phone association.,
REL-0039493,Person,PER-003295,USES,Phone,PH-006958,,MEDIUM,SYNTHETIC,,,true,Synthetic phone association.,
REL-0039819,Person,PER-021037,USES,Phone,PH-007197,,MEDIUM,SYNTHETIC,,,true,Synthetic phone association.,
REL-0040081,Person,PER-048422,USES,Phone,PH-012417,,MEDIUM,SYNTHETIC,,,true,Synthetic phone association.,
REL-0040485,Person,PER-007245,USES,Phone,PH-007675,,MEDIUM,SYNTHETIC,,,true,Synthetic phone association.,
REL-0040666,Person,PER-029521,USES,Phone,PH-007808,,MEDIUM,SYNTHETIC,,,true,Synthetic phone association.,
REL-0040709,Person,PER-006463,USES,Phone,PH-007841,,MEDIUM,SYNTHETIC,,,true,Synthetic phone association.,
REL-0040710,Person,PER-006463,USES,Phone,PH-034277,,MEDIUM,SYNTHETIC,,,true,Synthetic phone association.,
REL-0041598,Person,PER-018764,USES,Phone,PH-008524,,MEDIUM,SYNTHETIC,,,true,Synthetic phone association.,
REL-0042012,Person,PER-031212,USES,Phone,PH-008856,,MEDIUM,SYNTHETIC,,,true,Synthetic phone association.,
REL-0042153,Person,PER-022852,USES,Phone,PH-008968,,MEDIUM,SYNTHETIC,,,true,Synthetic phone association.,
REL-0042154,Person,PER-022852,USES,Phone,PH-028666,,MEDIUM,SYNTHETIC,,,true,Synthetic phone association.,
REL-0042199,Person,PER-022477,USES,Phone,PH-008998,,MEDIUM,SYNTHETIC,,,true,Synthetic phone association.,
REL-0043002,Person,PER-023384,USES,Phone,PH-009651,,MEDIUM,SYNTHETIC,,,true,Synthetic phone association.,
REL-0043198,Person,PER-024383,USES,Phone,PH-009798,,MEDIUM,SYNTHETIC,,,true,Synthetic phone association.,
REL-0043323,Person,PER-004141,USES,Phone,PH-009893,,MEDIUM,SYNTHETIC,,,true,Synthetic phone association.,
REL-0044075,Person,PER-018239,USES,Phone,PH-010528,,MEDIUM,SYNTHETIC,,,true,Synthetic phone association.,
REL-0044242,Person,PER-046296,USES,Phone,PH-016818,,MEDIUM,SYNTHETIC,,,true,Synthetic phone association.,
REL-0044718,Person,PER-007082,USES,Phone,PH-011073,,MEDIUM,SYNTHETIC,,,true,Synthetic phone association.,
REL-0045274,Person,PER-022207,USES,Phone,PH-011524,,MEDIUM,SYNTHETIC,,,true,Synthetic phone association.,
REL-0046172,Person,PER-023945,USES,Phone,PH-012297,,MEDIUM,SYNTHETIC,,,true,Synthetic phone association.,
REL-0046173,Person,PER-023945,USES,Phone,PH-027683,,MEDIUM,SYNTHETIC,,,true,Synthetic phone association.,
REL-0046520,Person,PER-019375,USES,Phone,PH-012599,,MEDIUM,SYNTHETIC,,,true,Synthetic phone association.,
REL-0047077,Person,PER-021845,USES,Phone,PH-013083,,MEDIUM,SYNTHETIC,,,true,Synthetic phone association.,
REL-0048061,Person,PER-023824,USES,Phone,PH-013960,,MEDIUM,SYNTHETIC,,,true,Synthetic phone association.,
REL-0048250,Person,PER-039178,USES,Phone,PH-014150,,MEDIUM,SYNTHETIC,,,true,Synthetic phone association.,
REL-0048960,Person,PER-021577,USES,Phone,PH-014809,,MEDIUM,SYNTHETIC,,,true,Synthetic phone association.,
REL-0049038,Person,PER-023957,USES,Phone,PH-014885,,MEDIUM,SYNTHETIC,,,true,Synthetic phone association.,
REL-0049406,Person,PER-027179,USES,Phone,PH-015261,,MEDIUM,SYNTHETIC,,,true,Synthetic phone association.,
REL-0049491,Person,PER-033535,USES,Phone,PH-022544,,MEDIUM,SYNTHETIC,,,true,Synthetic phone association.,
REL-0049910,Person,PER-009747,USES,Phone,PH-015765,,MEDIUM,SYNTHETIC,,,true,Synthetic phone association.,
REL-0050305,Person,PER-049784,USES,Phone,PH-016178,,MEDIUM,SYNTHETIC,,,true,Synthetic phone association.,
REL-0051893,Person,PER-009628,USES,Phone,PH-017816,,MEDIUM,SYNTHETIC,,,true,Synthetic phone association.,
REL-0051907,Person,PER-038555,USES,Phone,PH-017832,,MEDIUM,SYNTHETIC,,,true,Synthetic phone association.,
REL-0052220,Person,PER-028064,USES,Phone,PH-018170,,MEDIUM,SYNTHETIC,,,true,Synthetic phone association.,
REL-0052759,Person,PER-022749,USES,Phone,PH-018803,,MEDIUM,SYNTHETIC,,,true,Synthetic phone association.,
REL-0053379,Person,PER-006443,USES,Phone,PH-019503,,MEDIUM,SYNTHETIC,,,true,Synthetic phone association.,
REL-0054981,Person,PER-028450,USES,Phone,PH-021375,,MEDIUM,SYNTHETIC,,,true,Synthetic phone association.,
REL-0054982,Person,PER-028450,USES,Phone,PH-030692,,MEDIUM,SYNTHETIC,,,true,Synthetic phone association.,
REL-0054987,Person,PER-028950,USES,Phone,PH-021379,,MEDIUM,SYNTHETIC,,,true,Synthetic phone association.,
REL-0055271,Person,PER-018982,USES,Phone,PH-021726,,MEDIUM,SYNTHETIC,,,true,Synthetic phone association.,
REL-0056027,Person,PER-014187,USES,Phone,PH-022609,,MEDIUM,SYNTHETIC,,,true,Synthetic phone association.,
REL-0056164,Person,PER-034527,USES,Phone,PH-022782,,MEDIUM,SYNTHETIC,,,true,Synthetic phone association.,
REL-0056203,Person,PER-021869,USES,Phone,PH-022831,,MEDIUM,SYNTHETIC,,,true,Synthetic phone association.,
REL-0057006,Person,PER-004674,USES,Phone,PH-027902,,MEDIUM,SYNTHETIC,,,true,Synthetic phone association.,
REL-0057117,Person,PER-007236,USES,Phone,PH-024038,,MEDIUM,SYNTHETIC,,,true,Synthetic phone association.,
REL-0057170,Person,PER-040655,USES,Phone,PH-024107,,MEDIUM,SYNTHETIC,,,true,Synthetic phone association.,
REL-0057338,Person,PER-017239,USES,Phone,PH-024342,,MEDIUM,SYNTHETIC,,,true,Synthetic phone association.,
REL-0057629,Person,PER-022857,USES,Phone,PH-024697,,MEDIUM,SYNTHETIC,,,true,Synthetic phone association.,
REL-0057630,Person,PER-022857,USES,Phone,PH-028720,,MEDIUM,SYNTHETIC,,,true,Synthetic phone association.,
REL-0057817,Person,PER-014567,USES,Phone,PH-024970,,MEDIUM,SYNTHETIC,,,true,Synthetic phone association.,
REL-0057969,Person,PER-018958,USES,Phone,PH-025176,,MEDIUM,SYNTHETIC,,,true,Synthetic phone association.,
REL-0058470,Person,PER-028283,USES,Phone,PH-025856,,MEDIUM,SYNTHETIC,,,true,Synthetic phone association.,
REL-0059056,Person,PER-044187,USES,Phone,PH-026682,,MEDIUM,SYNTHETIC,,,true,Synthetic phone association.,
REL-0059124,Person,PER-009651,USES,Phone,PH-026778,,MEDIUM,SYNTHETIC,,,true,Synthetic phone association.,
REL-0059125,Person,PER-009651,USES,Phone,PH-030044,,MEDIUM,SYNTHETIC,,,true,Synthetic phone association.,
REL-0059755,Person,PER-020096,USES,Phone,PH-027742,,MEDIUM,SYNTHETIC,,,true,Synthetic phone association.,
REL-0060771,Person,PER-031219,USES,Phone,PH-029381,,MEDIUM,SYNTHETIC,,,true,Synthetic phone association.,
REL-0060819,Person,PER-029461,USES,Phone,PH-029455,,MEDIUM,SYNTHETIC,,,true,Synthetic phone association.,
REL-0061074,Person,PER-047796,USES,Phone,PH-029854,,MEDIUM,SYNTHETIC,,,true,Synthetic phone association.,
REL-0061379,Person,PER-003233,USES,Phone,PH-030408,,MEDIUM,SYNTHETIC,,,true,Synthetic phone association.,
REL-0061856,Person,PER-010137,USES,Phone,PH-031235,,MEDIUM,SYNTHETIC,,,true,Synthetic phone association.,
REL-0062679,Person,PER-036437,USES,Phone,PH-032658,,MEDIUM,SYNTHETIC,,,true,Synthetic phone association.,
REL-0062803,Person,PER-026491,USES,Phone,PH-032887,,MEDIUM,SYNTHETIC,,,true,Synthetic phone association.,
REL-0063061,Person,PER-015059,USES,Phone,PH-033378,,MEDIUM,SYNTHETIC,,,true,Synthetic phone association.,
REL-0063266,Person,PER-029525,USES,Phone,PH-033741,,MEDIUM,SYNTHETIC,,,true,Synthetic phone association.,
REL-0064529,Person,PER-010765,USES,Device,DEV-026713,,MEDIUM,SYNTHETIC,,,true,Synthetic device association.,
REL-0064533,Person,PER-010137,USES,Device,DEV-000373,,MEDIUM,SYNTHETIC,,,true,Synthetic device association.,
REL-0064534,Person,PER-010137,USES,Device,DEV-032274,,MEDIUM,SYNTHETIC,,,true,Synthetic device association.,
REL-0064786,Person,PER-028278,USES,Device,DEV-000531,,MEDIUM,SYNTHETIC,,,true,Synthetic device association.,
REL-0064787,Person,PER-028278,USES,Device,DEV-001024,,MEDIUM,SYNTHETIC,,,true,Synthetic device association.,
REL-0064788,Person,PER-028278,USES,Device,DEV-031903,,MEDIUM,SYNTHETIC,,,true,Synthetic device association.,
REL-0065271,Person,PER-030948,USES,Device,DEV-020518,,MEDIUM,SYNTHETIC,,,true,Synthetic device association.,
REL-0065602,Person,PER-019374,USES,Device,DEV-001020,,MEDIUM,SYNTHETIC,,,true,Synthetic device association.,
REL-0065603,Person,PER-019374,USES,Device,DEV-021890,,MEDIUM,SYNTHETIC,,,true,Synthetic device association.,
REL-0066124,Person,PER-009651,USES,Device,DEV-001331,,MEDIUM,SYNTHETIC,,,true,Synthetic device association.,
REL-0066125,Person,PER-009651,USES,Device,DEV-022760,,MEDIUM,SYNTHETIC,,,true,Synthetic device association.,
REL-0066126,Person,PER-009651,USES,Device,DEV-024370,,MEDIUM,SYNTHETIC,,,true,Synthetic device association.,
REL-0066372,Person,PER-022852,USES,Device,DEV-001472,,MEDIUM,SYNTHETIC,,,true,Synthetic device association.,
REL-0066373,Person,PER-022852,USES,Device,DEV-030846,,MEDIUM,SYNTHETIC,,,true,Synthetic device association.,
REL-0068005,Person,PER-027179,USES,Device,DEV-002494,,MEDIUM,SYNTHETIC,,,true,Synthetic device association.,
REL-0068006,Person,PER-027179,USES,Device,DEV-026601,,MEDIUM,SYNTHETIC,,,true,Synthetic device association.,
REL-0068369,Person,PER-002264,USES,Device,DEV-002715,,MEDIUM,SYNTHETIC,,,true,Synthetic device association.,
REL-0068480,Person,PER-032127,USES,Device,DEV-002788,,MEDIUM,SYNTHETIC,,,true,Synthetic device association.,
REL-0068796,Person,PER-019375,USES,Device,DEV-002990,,MEDIUM,SYNTHETIC,,,true,Synthetic device association.,
REL-0068797,Person,PER-019375,USES,Device,DEV-005220,,MEDIUM,SYNTHETIC,,,true,Synthetic device association.,
REL-0068869,Person,PER-000149,USES,Device,DEV-007960,,MEDIUM,SYNTHETIC,,,true,Synthetic device association.,
REL-0069138,Person,PER-007236,USES,Device,DEV-003215,,MEDIUM,SYNTHETIC,,,true,Synthetic device association.,
REL-0069675,Person,PER-003076,USES,Device,DEV-012099,,MEDIUM,SYNTHETIC,,,true,Synthetic device association.,
REL-0070498,Person,PER-002324,USES,Device,DEV-004113,,MEDIUM,SYNTHETIC,,,true,Synthetic device association.,
REL-0070499,Person,PER-002324,USES,Device,DEV-027406,,MEDIUM,SYNTHETIC,,,true,Synthetic device association.,
REL-0070500,Person,PER-002324,USES,Device,DEV-029836,,MEDIUM,SYNTHETIC,,,true,Synthetic device association.,
REL-0070872,Person,PER-023957,USES,Device,DEV-004378,,MEDIUM,SYNTHETIC,,,true,Synthetic device association.,
REL-0070873,Person,PER-023957,USES,Device,DEV-019902,,MEDIUM,SYNTHETIC,,,true,Synthetic device association.,
REL-0070962,Person,PER-008309,USES,Device,DEV-004434,,MEDIUM,SYNTHETIC,,,true,Synthetic device association.,
REL-0070972,Person,PER-021845,USES,Device,DEV-004442,,MEDIUM,SYNTHETIC,,,true,Synthetic device association.,
REL-0070973,Person,PER-021845,USES,Device,DEV-017277,,MEDIUM,SYNTHETIC,,,true,Synthetic device association.,
REL-0071163,Person,PER-018143,USES,Device,DEV-026218,,MEDIUM,SYNTHETIC,,,true,Synthetic device association.,
REL-0071733,Person,PER-014094,USES,Device,DEV-004949,,MEDIUM,SYNTHETIC,,,true,Synthetic device association.,
REL-0072202,Person,PER-041760,USES,Device,DEV-020312,,MEDIUM,SYNTHETIC,,,true,Synthetic device association.,
REL-0072559,Person,PER-017239,USES,Device,DEV-005504,,MEDIUM,SYNTHETIC,,,true,Synthetic device association.,
REL-0072770,Person,PER-002304,USES,Device,DEV-005647,,MEDIUM,SYNTHETIC,,,true,Synthetic device association.,
REL-0073190,Person,PER-039319,USES,Device,DEV-005949,,MEDIUM,SYNTHETIC,,,true,Synthetic device association.,
REL-0073572,Person,PER-003367,USES,Device,DEV-006236,,MEDIUM,SYNTHETIC,,,true,Synthetic device association.,
REL-0073749,Person,PER-035454,USES,Device,DEV-006364,,MEDIUM,SYNTHETIC,,,true,Synthetic device association.,
REL-0073833,Person,PER-046137,USES,Device,DEV-006423,,MEDIUM,SYNTHETIC,,,true,Synthetic device association.,
REL-0073974,Person,PER-016183,USES,Device,DEV-006541,,MEDIUM,SYNTHETIC,,,true,Synthetic device association.,
REL-0074077,Person,PER-027182,USES,Device,DEV-006617,,MEDIUM,SYNTHETIC,,,true,Synthetic device association.,
REL-0074078,Person,PER-027182,USES,Device,DEV-021143,,MEDIUM,SYNTHETIC,,,true,Synthetic device association.,
REL-0074697,Person,PER-004923,USES,Device,DEV-007068,,MEDIUM,SYNTHETIC,,,true,Synthetic device association.,
REL-0075631,Person,PER-031219,USES,Device,DEV-007737,,MEDIUM,SYNTHETIC,,,true,Synthetic device association.,
REL-0075632,Person,PER-031219,USES,Device,DEV-021068,,MEDIUM,SYNTHETIC,,,true,Synthetic device association.,
REL-0076033,Person,PER-042878,USES,Device,DEV-019309,,MEDIUM,SYNTHETIC,,,true,Synthetic device association.,
REL-0076091,Person,PER-042539,USES,Device,DEV-009931,,MEDIUM,SYNTHETIC,,,true,Synthetic device association.,
REL-0076721,Person,PER-006385,USES,Device,DEV-008541,,MEDIUM,SYNTHETIC,,,true,Synthetic device association.,
REL-0076743,Person,PER-041341,USES,Device,DEV-008556,,MEDIUM,SYNTHETIC,,,true,Synthetic device association.,
REL-0076992,Person,PER-032727,USES,Device,DEV-031231,,MEDIUM,SYNTHETIC,,,true,Synthetic device association.,
REL-0077117,Person,PER-007584,USES,Device,DEV-008849,,MEDIUM,SYNTHETIC,,,true,Synthetic device association.,
REL-0077846,Person,PER-007129,USES,Device,DEV-009430,,MEDIUM,SYNTHETIC,,,true,Synthetic device association.,
REL-0078232,Person,PER-017223,USES,Device,DEV-009759,,MEDIUM,SYNTHETIC,,,true,Synthetic device association.,
REL-0078277,Person,PER-023945,USES,Device,DEV-009795,,MEDIUM,SYNTHETIC,,,true,Synthetic device association.,
REL-0078278,Person,PER-023945,USES,Device,DEV-025839,,MEDIUM,SYNTHETIC,,,true,Synthetic device association.,
REL-0078456,Person,PER-029525,USES,Device,DEV-009934,,MEDIUM,SYNTHETIC,,,true,Synthetic device association.,
REL-0078457,Person,PER-029525,USES,Device,DEV-023618,,MEDIUM,SYNTHETIC,,,true,Synthetic device association.,
REL-0079656,Person,PER-003233,USES,Device,DEV-010911,,MEDIUM,SYNTHETIC,,,true,Synthetic device association.,
REL-0079682,Person,PER-021869,USES,Device,DEV-010937,,MEDIUM,SYNTHETIC,,,true,Synthetic device association.,
REL-0079683,Person,PER-021869,USES,Device,DEV-034754,,MEDIUM,SYNTHETIC,,,true,Synthetic device association.,
REL-0081855,Person,PER-020654,USES,Device,DEV-012847,,MEDIUM,SYNTHETIC,,,true,Synthetic device association.,
REL-0082914,Person,PER-010131,USES,Device,DEV-013795,,MEDIUM,SYNTHETIC,,,true,Synthetic device association.,
REL-0082915,Person,PER-010131,USES,Device,DEV-023209,,MEDIUM,SYNTHETIC,,,true,Synthetic device association.,
REL-0082916,Person,PER-010131,USES,Device,DEV-024221,,MEDIUM,SYNTHETIC,,,true,Synthetic device association.,
REL-0083236,Person,PER-029521,USES,Device,DEV-014099,,MEDIUM,SYNTHETIC,,,true,Synthetic device association.,
REL-0083237,Person,PER-029521,USES,Device,DEV-017260,,MEDIUM,SYNTHETIC,,,true,Synthetic device association.,
REL-0083260,Person,PER-046392,USES,Device,DEV-014118,,MEDIUM,SYNTHETIC,,,true,Synthetic device association.,
REL-0083316,Person,PER-031057,USES,Device,DEV-014174,,MEDIUM,SYNTHETIC,,,true,Synthetic device association.,
REL-0083569,Person,PER-028498,USES,Device,DEV-014427,,MEDIUM,SYNTHETIC,,,true,Synthetic device association.,
REL-0083570,Person,PER-028498,USES,Device,DEV-028563,,MEDIUM,SYNTHETIC,,,true,Synthetic device association.,
REL-0084066,Person,PER-006544,USES,Device,DEV-025051,,MEDIUM,SYNTHETIC,,,true,Synthetic device association.,
REL-0084507,Person,PER-042979,USES,Device,DEV-015295,,MEDIUM,SYNTHETIC,,,true,Synthetic device association.,
REL-0084927,Person,PER-028450,USES,Device,DEV-015716,,MEDIUM,SYNTHETIC,,,true,Synthetic device association.,
REL-0084928,Person,PER-028450,USES,Device,DEV-019294,,MEDIUM,SYNTHETIC,,,true,Synthetic device association.,
REL-0085448,Person,PER-018950,USES,Device,DEV-016220,,MEDIUM,SYNTHETIC,,,true,Synthetic device association.,
REL-0085880,Person,PER-020106,USES,Device,DEV-016650,,MEDIUM,SYNTHETIC,,,true,Synthetic device association.,
REL-0086437,Person,PER-028447,USES,Device,DEV-017243,,MEDIUM,SYNTHETIC,,,true,Synthetic device association.,
REL-0086707,Person,PER-025097,USES,Device,DEV-025780,,MEDIUM,SYNTHETIC,,,true,Synthetic device association.,
REL-0087087,Person,PER-006443,USES,Device,DEV-017935,,MEDIUM,SYNTHETIC,,,true,Synthetic device association.,
REL-0087526,Person,PER-006463,USES,Device,DEV-018408,,MEDIUM,SYNTHETIC,,,true,Synthetic device association.,
REL-0087527,Person,PER-006463,USES,Device,DEV-021115,,MEDIUM,SYNTHETIC,,,true,Synthetic device association.,
REL-0088107,Person,PER-019959,USES,Device,DEV-026915,,MEDIUM,SYNTHETIC,,,true,Synthetic device association.,
REL-0088269,Person,PER-015527,USES,Device,DEV-026682,,MEDIUM,SYNTHETIC,,,true,Synthetic device association.,
REL-0088310,Person,PER-028283,USES,Device,DEV-019273,,MEDIUM,SYNTHETIC,,,true,Synthetic device association.,
REL-0088812,Person,PER-020096,USES,Device,DEV-019798,,MEDIUM,SYNTHETIC,,,true,Synthetic device association.,
REL-0088813,Person,PER-020096,USES,Device,DEV-025987,,MEDIUM,SYNTHETIC,,,true,Synthetic device association.,
REL-0089317,Person,PER-035465,USES,Device,DEV-020375,,MEDIUM,SYNTHETIC,,,true,Synthetic device association.,
REL-0089919,Person,PER-007245,USES,Device,DEV-021119,,MEDIUM,SYNTHETIC,,,true,Synthetic device association.,
REL-0089920,Person,PER-007245,USES,Device,DEV-034638,,MEDIUM,SYNTHETIC,,,true,Synthetic device association.,
REL-0090487,Person,PER-033042,USES,Device,DEV-030344,,MEDIUM,SYNTHETIC,,,true,Synthetic device association.,
REL-0091040,Person,PER-040168,USES,Device,DEV-027427,,MEDIUM,SYNTHETIC,,,true,Synthetic device association.,
REL-0092094,Person,PER-043797,USES,Device,DEV-032570,,MEDIUM,SYNTHETIC,,,true,Synthetic device association.,
REL-0092981,Person,PER-004672,USES,Device,DEV-025053,,MEDIUM,SYNTHETIC,,,true,Synthetic device association.,
REL-0093516,Person,PER-000145,USES,Device,DEV-032975,,MEDIUM,SYNTHETIC,,,true,Synthetic device association.,
REL-0093613,Person,PER-027761,USES,Device,DEV-025971,,MEDIUM,SYNTHETIC,,,true,Synthetic device association.,
REL-0094290,Person,PER-048417,USES,Device,DEV-032258,,MEDIUM,SYNTHETIC,,,true,Synthetic device association.,
REL-0094923,Person,PER-028494,USES,Device,DEV-027980,,MEDIUM,SYNTHETIC,,,true,Synthetic device association.,
REL-0095262,Person,PER-012524,USES,Device,DEV-028515,,MEDIUM,SYNTHETIC,,,true,Synthetic device association.,
REL-0095415,Person,PER-044876,USES,Device,DEV-034697,,MEDIUM,SYNTHETIC,,,true,Synthetic device association.,
REL-0096272,Person,PER-027493,USES,Device,DEV-030159,,MEDIUM,SYNTHETIC,,,true,Synthetic device association.,
REL-0096398,Person,PER-009628,USES,Device,DEV-030382,,MEDIUM,SYNTHETIC,,,true,Synthetic device association.,
REL-0096399,Person,PER-009628,USES,Device,DEV-032369,,MEDIUM,SYNTHETIC,,,true,Synthetic device association.,
REL-0096696,Person,PER-003235,USES,Device,DEV-030844,,MEDIUM,SYNTHETIC,,,true,Synthetic device association.,
REL-0096892,Person,PER-042582,USES,Device,DEV-031193,,MEDIUM,SYNTHETIC,,,true,Synthetic device association.,
REL-0097404,Person,PER-012176,USES,Device,DEV-032135,,MEDIUM,SYNTHETIC,,,true,Synthetic device association.,
REL-0097660,Person,PER-022857,USES,Device,DEV-032573,,MEDIUM,SYNTHETIC,,,true,Synthetic device association.,
REL-0098562,Person,PER-033717,USES,Device,DEV-034332,,MEDIUM,SYNTHETIC,,,true,Synthetic device association.,
REL-0098601,Person,PER-018958,USES,Device,DEV-034414,,MEDIUM,SYNTHETIC,,,true,Synthetic device association.,
REL-0098730,Person,PER-031212,USES,Device,DEV-034639,,MEDIUM,SYNTHETIC,,,true,Synthetic device association.,
REL-0099044,Person,PER-000053,LOCATED_AT,Location,LOC-006029,,MEDIUM,SYNTHETIC,,,true,Synthetic primary-location association.,
REL-0099383,Person,PER-000166,LOCATED_AT,Location,LOC-006012,,MEDIUM,SYNTHETIC,,,true,Synthetic primary-location association.,
REL-0099566,Person,PER-000227,LOCATED_AT,Location,LOC-003668,,MEDIUM,SYNTHETIC,,,true,Synthetic primary-location association.,
REL-0099769,Person,PER-000295,OWNS,Vehicle,VEH-000295,,MEDIUM,SYNTHETIC,,,true,Synthetic vehicle ownership.,
REL-0099817,Person,PER-000311,OWNS,Vehicle,VEH-000311,,MEDIUM,SYNTHETIC,,,true,Synthetic vehicle ownership.,
REL-0100016,Person,PER-000377,LOCATED_AT,Location,LOC-004703,,MEDIUM,SYNTHETIC,,,true,Synthetic primary-location association.,
REL-0100028,Person,PER-000381,LOCATED_AT,Location,LOC-009958,,MEDIUM,SYNTHETIC,,,true,Synthetic primary-location association.,
REL-0100043,Person,PER-000386,LOCATED_AT,Location,LOC-009427,,MEDIUM,SYNTHETIC,,,true,Synthetic primary-location association.,
REL-0100169,Person,PER-000428,LOCATED_AT,Location,LOC-006608,,MEDIUM,SYNTHETIC,,,true,Synthetic primary-location association.,
REL-0100205,Person,PER-000440,LOCATED_AT,Location,LOC-003767,,MEDIUM,SYNTHETIC,,,true,Synthetic primary-location association.,
REL-0100252,Person,PER-000456,OWNS,Vehicle,VEH-000456,,MEDIUM,SYNTHETIC,,,true,Synthetic vehicle ownership.,
REL-0100975,Person,PER-000697,OWNS,Vehicle,VEH-000697,,MEDIUM,SYNTHETIC,,,true,Synthetic vehicle ownership.,
REL-0101167,Person,PER-000761,OWNS,Vehicle,VEH-000761,,MEDIUM,SYNTHETIC,,,true,Synthetic vehicle ownership.,
REL-0101243,Person,PER-000786,LOCATED_AT,Location,LOC-000848,,MEDIUM,SYNTHETIC,,,true,Synthetic primary-location association.,
REL-0101636,Person,PER-000917,LOCATED_AT,Location,LOC-003767,,MEDIUM,SYNTHETIC,,,true,Synthetic primary-location association.,
REL-0101645,Person,PER-000920,LOCATED_AT,Location,LOC-008896,,MEDIUM,SYNTHETIC,,,true,Synthetic primary-location association.,
REL-0101647,Person,PER-000921,OWNS,Vehicle,VEH-000921,,MEDIUM,SYNTHETIC,,,true,Synthetic vehicle ownership.,
REL-0101716,Person,PER-000944,OWNS,Vehicle,VEH-000944,,MEDIUM,SYNTHETIC,,,true,Synthetic vehicle ownership.,
REL-0101993,Person,PER-001036,LOCATED_AT,Location,LOC-002481,,MEDIUM,SYNTHETIC,,,true,Synthetic primary-location association.,
REL-0102134,Person,PER-001083,LOCATED_AT,Location,LOC-007127,,MEDIUM,SYNTHETIC,,,true,Synthetic primary-location association.,
REL-0102230,Person,PER-001115,LOCATED_AT,Location,LOC-005358,,MEDIUM,SYNTHETIC,,,true,Synthetic primary-location association.,
REL-0102371,Person,PER-001162,LOCATED_AT,Location,LOC-009427,,MEDIUM,SYNTHETIC,,,true,Synthetic primary-location association.,
REL-0102520,Person,PER-001212,OWNS,Vehicle,VEH-001212,,MEDIUM,SYNTHETIC,,,true,Synthetic vehicle ownership.,
REL-0102541,Person,PER-001219,OWNS,Vehicle,VEH-001219,,MEDIUM,SYNTHETIC,,,true,Synthetic vehicle ownership.,
REL-0102934,Person,PER-001350,OWNS,Vehicle,VEH-001350,,MEDIUM,SYNTHETIC,,,true,Synthetic vehicle ownership.,
REL-0103174,Person,PER-001430,OWNS,Vehicle,VEH-001430,,MEDIUM,SYNTHETIC,,,true,Synthetic vehicle ownership.,
REL-0103220,Person,PER-001445,LOCATED_AT,Location,LOC-005763,,MEDIUM,SYNTHETIC,,,true,Synthetic primary-location association.,
REL-0103376,Person,PER-001497,LOCATED_AT,Location,LOC-003767,,MEDIUM,SYNTHETIC,,,true,Synthetic primary-location association.,
REL-0103696,Person,PER-001604,OWNS,Vehicle,VEH-001604,,MEDIUM,SYNTHETIC,,,true,Synthetic vehicle ownership.,
REL-0103811,Person,PER-001642,LOCATED_AT,Location,LOC-006699,,MEDIUM,SYNTHETIC,,,true,Synthetic primary-location association.,
REL-0103937,Person,PER-001684,LOCATED_AT,Location,LOC-008712,,MEDIUM,SYNTHETIC,,,true,Synthetic primary-location association.,
REL-0104044,Person,PER-001720,OWNS,Vehicle,VEH-001720,,MEDIUM,SYNTHETIC,,,true,Synthetic vehicle ownership.,
REL-0104870,Person,PER-001995,LOCATED_AT,Location,LOC-005692,,MEDIUM,SYNTHETIC,,,true,Synthetic primary-location association.,
REL-0105260,Person,PER-002125,LOCATED_AT,Location,LOC-006641,,MEDIUM,SYNTHETIC,,,true,Synthetic primary-location association.,
REL-0105553,Person,PER-002223,OWNS,Vehicle,VEH-002223,,MEDIUM,SYNTHETIC,,,true,Synthetic vehicle ownership.,
REL-0105601,Person,PER-002239,OWNS,Vehicle,VEH-002239,,MEDIUM,SYNTHETIC,,,true,Synthetic vehicle ownership.,
REL-0105683,Person,PER-002266,LOCATED_AT,Location,LOC-006012,,MEDIUM,SYNTHETIC,,,true,Synthetic primary-location association.,
REL-0105707,Person,PER-002274,LOCATED_AT,Location,LOC-001301,,MEDIUM,SYNTHETIC,,,true,Synthetic primary-location association.,
REL-0105795,Person,PER-002304,WORKS_FOR,Organization,ORG-03548,,MEDIUM,SYNTHETIC,,,true,Synthetic organizational association.,
REL-0105796,Person,PER-002304,OWNS,Vehicle,VEH-002304,,MEDIUM,SYNTHETIC,,,true,Synthetic vehicle ownership.,
REL-0105797,Person,PER-002304,LOCATED_AT,Location,LOC-003069,,MEDIUM,SYNTHETIC,,,true,Synthetic primary-location association.,
REL-0105855,Person,PER-002324,WORKS_FOR,Organization,ORG-00704,,MEDIUM,SYNTHETIC,,,true,Synthetic organizational association.,
REL-0105856,Person,PER-002324,OWNS,Vehicle,VEH-002324,,MEDIUM,SYNTHETIC,,,true,Synthetic vehicle ownership.,
REL-0105857,Person,PER-002324,LOCATED_AT,Location,LOC-009432,,MEDIUM,SYNTHETIC,,,true,Synthetic primary-location association.,
REL-0106342,Person,PER-002486,OWNS,Vehicle,VEH-002486,,MEDIUM,SYNTHETIC,,,true,Synthetic vehicle ownership.,
REL-0106781,Person,PER-002632,LOCATED_AT,Location,LOC-004983,,MEDIUM,SYNTHETIC,,,true,Synthetic primary-location association.,
REL-0107066,Person,PER-002727,LOCATED_AT,Location,LOC-001301,,MEDIUM,SYNTHETIC,,,true,Synthetic primary-location association.,
REL-0107138,Person,PER-002751,LOCATED_AT,Location,LOC-003644,,MEDIUM,SYNTHETIC,,,true,Synthetic primary-location association.,
REL-0108383,Person,PER-003166,LOCATED_AT,Location,LOC-004904,,MEDIUM,SYNTHETIC,,,true,Synthetic primary-location association.,
REL-0108524,Person,PER-003213,LOCATED_AT,Location,LOC-004989,,MEDIUM,SYNTHETIC,,,true,Synthetic primary-location association.,
REL-0108582,Person,PER-003233,WORKS_FOR,Organization,ORG-03081,,MEDIUM,SYNTHETIC,,,true,Synthetic organizational association.,
REL-0108583,Person,PER-003233,OWNS,Vehicle,VEH-003233,,MEDIUM,SYNTHETIC,,,true,Synthetic vehicle ownership.,
REL-0108584,Person,PER-003233,LOCATED_AT,Location,LOC-001301,,MEDIUM,SYNTHETIC,,,true,Synthetic primary-location association.,
REL-0108586,Person,PER-003234,OWNS,Vehicle,VEH-003234,,MEDIUM,SYNTHETIC,,,true,Synthetic vehicle ownership.,
REL-0108588,Person,PER-003235,WORKS_FOR,Organization,ORG-01585,,MEDIUM,SYNTHETIC,,,true,Synthetic organizational association.,
REL-0108589,Person,PER-003235,OWNS,Vehicle,VEH-003235,,MEDIUM,SYNTHETIC,,,true,Synthetic vehicle ownership.,
REL-0108590,Person,PER-003235,LOCATED_AT,Location,LOC-004904,,MEDIUM,SYNTHETIC,,,true,Synthetic primary-location association.,
REL-0108620,Person,PER-003245,LOCATED_AT,Location,LOC-005411,,MEDIUM,SYNTHETIC,,,true,Synthetic primary-location association.,
REL-0109013,Person,PER-003376,LOCATED_AT,Location,LOC-000848,,MEDIUM,SYNTHETIC,,,true,Synthetic primary-location association.,
REL-0109066,Person,PER-003394,OWNS,Vehicle,VEH-003394,,MEDIUM,SYNTHETIC,,,true,Synthetic vehicle ownership.,
REL-0109793,Person,PER-003636,LOCATED_AT,Location,LOC-009166,,MEDIUM,SYNTHETIC,,,true,Synthetic primary-location association.,
REL-0109808,Person,PER-003641,LOCATED_AT,Location,LOC-003069,,MEDIUM,SYNTHETIC,,,true,Synthetic primary-location association.,
REL-0109826,Person,PER-003647,LOCATED_AT,Location,LOC-001440,,MEDIUM,SYNTHETIC,,,true,Synthetic primary-location association.,
REL-0110063,Person,PER-003726,LOCATED_AT,Location,LOC-007711,,MEDIUM,SYNTHETIC,,,true,Synthetic primary-location association.,
REL-0110090,Person,PER-003735,LOCATED_AT,Location,LOC-001352,,MEDIUM,SYNTHETIC,,,true,Synthetic primary-location association.,
REL-0110264,Person,PER-003793,LOCATED_AT,Location,LOC-002374,,MEDIUM,SYNTHETIC,,,true,Synthetic primary-location association.,
REL-0110267,Person,PER-003794,LOCATED_AT,Location,LOC-005358,,MEDIUM,SYNTHETIC,,,true,Synthetic primary-location association.,
REL-0110269,Person,PER-003795,OWNS,Vehicle,VEH-003795,,MEDIUM,SYNTHETIC,,,true,Synthetic vehicle ownership.,
REL-0110351,Person,PER-003822,LOCATED_AT,Location,LOC-001301,,MEDIUM,SYNTHETIC,,,true,Synthetic primary-location association.,
REL-0110734,Person,PER-003950,OWNS,Vehicle,VEH-003950,,MEDIUM,SYNTHETIC,,,true,Synthetic vehicle ownership.,
REL-0110758,Person,PER-003958,OWNS,Vehicle,VEH-003958,,MEDIUM,SYNTHETIC,,,true,Synthetic vehicle ownership.,
REL-0110786,Person,PER-003967,LOCATED_AT,Location,LOC-000811,,MEDIUM,SYNTHETIC,,,true,Synthetic primary-location association.,
REL-0111115,Person,PER-004077,OWNS,Vehicle,VEH-004077,,MEDIUM,SYNTHETIC,,,true,Synthetic vehicle ownership.,
REL-0111302,Person,PER-004139,LOCATED_AT,Location,LOC-002481,,MEDIUM,SYNTHETIC,,,true,Synthetic primary-location association.,
REL-0111773,Person,PER-004296,LOCATED_AT,Location,LOC-006716,,MEDIUM,SYNTHETIC,,,true,Synthetic primary-location association.,
REL-0111814,Person,PER-004310,OWNS,Vehicle,VEH-004310,,MEDIUM,SYNTHETIC,,,true,Synthetic vehicle ownership.,
REL-0112006,Person,PER-004374,OWNS,Vehicle,VEH-004374,,MEDIUM,SYNTHETIC,,,true,Synthetic vehicle ownership.,
REL-0112009,Person,PER-004375,OWNS,Vehicle,VEH-004375,,MEDIUM,SYNTHETIC,,,true,Synthetic vehicle ownership.,
REL-0112145,Person,PER-004420,LOCATED_AT,Location,LOC-003563,,MEDIUM,SYNTHETIC,,,true,Synthetic primary-location association.,
REL-0112355,Person,PER-004490,LOCATED_AT,Location,LOC-004659,,MEDIUM,SYNTHETIC,,,true,Synthetic primary-location association.,
REL-0112400,Person,PER-004505,LOCATED_AT,Location,LOC-004703,,MEDIUM,SYNTHETIC,,,true,Synthetic primary-location association.,
REL-0112568,Person,PER-004561,LOCATED_AT,Location,LOC-005579,,MEDIUM,SYNTHETIC,,,true,Synthetic primary-location association.,
REL-0112877,Person,PER-004664,LOCATED_AT,Location,LOC-008598,,MEDIUM,SYNTHETIC,,,true,Synthetic primary-location association.,
REL-0113018,Person,PER-004711,LOCATED_AT,Location,LOC-008679,,MEDIUM,SYNTHETIC,,,true,Synthetic primary-location association.,
REL-0113531,Person,PER-004882,LOCATED_AT,Location,LOC-000712,,MEDIUM,SYNTHETIC,,,true,Synthetic primary-location association.,
REL-0113765,Person,PER-004960,LOCATED_AT,Location,LOC-009197,,MEDIUM,SYNTHETIC,,,true,Synthetic primary-location association.,
REL-0114172,Person,PER-005096,OWNS,Vehicle,VEH-005096,,MEDIUM,SYNTHETIC,,,true,Synthetic vehicle ownership.,
REL-0114202,Person,PER-005106,OWNS,Vehicle,VEH-005106,,MEDIUM,SYNTHETIC,,,true,Synthetic vehicle ownership.,
REL-0114932,Person,PER-005349,LOCATED_AT,Location,LOC-003767,,MEDIUM,SYNTHETIC,,,true,Synthetic primary-location association.,
REL-0115153,Person,PER-005423,OWNS,Vehicle,VEH-005423,,MEDIUM,SYNTHETIC,,,true,Synthetic vehicle ownership.,
REL-0115246,Person,PER-005454,OWNS,Vehicle,VEH-005454,,MEDIUM,SYNTHETIC,,,true,Synthetic vehicle ownership.,
REL-0115279,Person,PER-005465,OWNS,Vehicle,VEH-005465,,MEDIUM,SYNTHETIC,,,true,Synthetic vehicle ownership.,
REL-0115498,Person,PER-005538,OWNS,Vehicle,VEH-005538,,MEDIUM,SYNTHETIC,,,true,Synthetic vehicle ownership.,
REL-0116147,Person,PER-005754,LOCATED_AT,Location,LOC-000732,,MEDIUM,SYNTHETIC,,,true,Synthetic primary-location association.,
REL-0116348,Person,PER-005821,LOCATED_AT,Location,LOC-003644,,MEDIUM,SYNTHETIC,,,true,Synthetic primary-location association.,
REL-0116366,Person,PER-005827,LOCATED_AT,Location,LOC-001301,,MEDIUM,SYNTHETIC,,,true,Synthetic primary-location association.,
REL-0116651,Person,PER-005922,LOCATED_AT,Location,LOC-000811,,MEDIUM,SYNTHETIC,,,true,Synthetic primary-location association.,
REL-0116945,Person,PER-006020,LOCATED_AT,Location,LOC-000811,,MEDIUM,SYNTHETIC,,,true,Synthetic primary-location association.,
REL-0117494,Person,PER-006203,LOCATED_AT,Location,LOC-005579,,MEDIUM,SYNTHETIC,,,true,Synthetic primary-location association.,
REL-0118157,Person,PER-006424,LOCATED_AT,Location,LOC-009958,,MEDIUM,SYNTHETIC,,,true,Synthetic primary-location association.,
REL-0118187,Person,PER-006434,LOCATED_AT,Location,LOC-004659,,MEDIUM,SYNTHETIC,,,true,Synthetic primary-location association.,
REL-0118212,Person,PER-006443,WORKS_FOR,Organization,ORG-03226,,MEDIUM,SYNTHETIC,,,true,Synthetic organizational association.,
REL-0118213,Person,PER-006443,OWNS,Vehicle,VEH-006443,,MEDIUM,SYNTHETIC,,,true,Synthetic vehicle ownership.,
REL-0118214,Person,PER-006443,LOCATED_AT,Location,LOC-004989,,MEDIUM,SYNTHETIC,,,true,Synthetic primary-location association.,
REL-0118272,Person,PER-006463,WORKS_FOR,Organization,ORG-04816,,MEDIUM,SYNTHETIC,,,true,Synthetic organizational association.,
REL-0118273,Person,PER-006463,OWNS,Vehicle,VEH-006463,,MEDIUM,SYNTHETIC,,,true,Synthetic vehicle ownership.,
REL-0118274,Person,PER-006463,LOCATED_AT,Location,LOC-007251,,MEDIUM,SYNTHETIC,,,true,Synthetic primary-location association.,
REL-0118706,Person,PER-006607,LOCATED_AT,Location,LOC-005763,,MEDIUM,SYNTHETIC,,,true,Synthetic primary-location association.,
REL-0118859,Person,PER-006658,LOCATED_AT,Location,LOC-006699,,MEDIUM,SYNTHETIC,,,true,Synthetic primary-location association.,
REL-0119201,Person,PER-006772,LOCATED_AT,Location,LOC-009427,,MEDIUM,SYNTHETIC,,,true,Synthetic primary-location association.,
REL-0119270,Person,PER-006795,LOCATED_AT,Location,LOC-009427,,MEDIUM,SYNTHETIC,,,true,Synthetic primary-location association.,
REL-0119419,Person,PER-006845,OWNS,Vehicle,VEH-006845,,MEDIUM,SYNTHETIC,,,true,Synthetic vehicle ownership.,
REL-0119491,Person,PER-006869,OWNS,Vehicle,VEH-006869,,MEDIUM,SYNTHETIC,,,true,Synthetic vehicle ownership.,
REL-0119558,Person,PER-006891,LOCATED_AT,Location,LOC-001768,,MEDIUM,SYNTHETIC,,,true,Synthetic primary-location association.,
REL-0119857,Person,PER-006991,OWNS,Vehicle,VEH-006991,,MEDIUM,SYNTHETIC,,,true,Synthetic vehicle ownership.,
REL-0119858,Person,PER-006991,LOCATED_AT,Location,LOC-001440,,MEDIUM,SYNTHETIC,,,true,Synthetic primary-location association.,
REL-0119945,Person,PER-007020,LOCATED_AT,Location,LOC-009679,,MEDIUM,SYNTHETIC,,,true,Synthetic primary-location association.,
REL-0120404,Person,PER-007173,LOCATED_AT,Location,LOC-000594,,MEDIUM,SYNTHETIC,,,true,Synthetic primary-location association.,
REL-0120591,Person,PER-007236,WORKS_FOR,Organization,ORG-01060,,MEDIUM,SYNTHETIC,,,true,Synthetic organizational association.,
REL-0120592,Person,PER-007236,OWNS,Vehicle,VEH-007236,,MEDIUM,SYNTHETIC,,,true,Synthetic vehicle ownership.,
REL-0120593,Person,PER-007236,LOCATED_AT,Location,LOC-001855,,MEDIUM,SYNTHETIC,,,true,Synthetic primary-location association.,
REL-0120618,Person,PER-007245,WORKS_FOR,Organization,ORG-00500,,MEDIUM,SYNTHETIC,,,true,Synthetic organizational association.,
REL-0120619,Person,PER-007245,OWNS,Vehicle,VEH-007245,,MEDIUM,SYNTHETIC,,,true,Synthetic vehicle ownership.,
REL-0120620,Person,PER-007245,LOCATED_AT,Location,LOC-007231,,MEDIUM,SYNTHETIC,,,true,Synthetic primary-location association.,
REL-0121651,Person,PER-007589,OWNS,Vehicle,VEH-007589,,MEDIUM,SYNTHETIC,,,true,Synthetic vehicle ownership.,
REL-0121730,Person,PER-007615,LOCATED_AT,Location,LOC-004659,,MEDIUM,SYNTHETIC,,,true,Synthetic primary-location association.,
REL-0122440,Person,PER-007852,OWNS,Vehicle,VEH-007852,,MEDIUM,SYNTHETIC,,,true,Synthetic vehicle ownership.,
REL-0122455,Person,PER-007857,OWNS,Vehicle,VEH-007857,,MEDIUM,SYNTHETIC,,,true,Synthetic vehicle ownership.,
REL-0122501,Person,PER-007872,LOCATED_AT,Location,LOC-000111,,MEDIUM,SYNTHETIC,,,true,Synthetic primary-location association.,
REL-0122507,Person,PER-007874,LOCATED_AT,Location,LOC-004904,,MEDIUM,SYNTHETIC,,,true,Synthetic primary-location association.,
REL-0122624,Person,PER-007913,LOCATED_AT,Location,LOC-003767,,MEDIUM,SYNTHETIC,,,true,Synthetic primary-location association.,
REL-0122864,Person,PER-007993,LOCATED_AT,Location,LOC-001440,,MEDIUM,SYNTHETIC,,,true,Synthetic primary-location association.,
REL-0123755,Person,PER-008290,LOCATED_AT,Location,LOC-007773,,MEDIUM,SYNTHETIC,,,true,Synthetic primary-location association.,
REL-0124108,Person,PER-008408,OWNS,Vehicle,VEH-008408,,MEDIUM,SYNTHETIC,,,true,Synthetic vehicle ownership.,
REL-0124988,Person,PER-008701,LOCATED_AT,Location,LOC-000795,,MEDIUM,SYNTHETIC,,,true,Synthetic primary-location association.,
REL-0125645,Person,PER-008920,LOCATED_AT,Location,LOC-009197,,MEDIUM,SYNTHETIC,,,true,Synthetic primary-location association.,
REL-0125719,Person,PER-008945,OWNS,Vehicle,VEH-008945,,MEDIUM,SYNTHETIC,,,true,Synthetic vehicle ownership.,
REL-0125755,Person,PER-008957,OWNS,Vehicle,VEH-008957,,MEDIUM,SYNTHETIC,,,true,Synthetic vehicle ownership.,
REL-0126095,Person,PER-009070,LOCATED_AT,Location,LOC-002382,,MEDIUM,SYNTHETIC,,,true,Synthetic primary-location association.,
REL-0126233,Person,PER-009116,LOCATED_AT,Location,LOC-000795,,MEDIUM,SYNTHETIC,,,true,Synthetic primary-location association.,
REL-0126851,Person,PER-009322,LOCATED_AT,Location,LOC-007371,,MEDIUM,SYNTHETIC,,,true,Synthetic primary-location association.,
REL-0126949,Person,PER-009355,OWNS,Vehicle,VEH-009355,,MEDIUM,SYNTHETIC,,,true,Synthetic vehicle ownership.,
REL-0127261,Person,PER-009459,OWNS,Vehicle,VEH-009459,,MEDIUM,SYNTHETIC,,,true,Synthetic vehicle ownership.,
REL-0127565,Person,PER-009560,LOCATED_AT,Location,LOC-008679,,MEDIUM,SYNTHETIC,,,true,Synthetic primary-location association.,
REL-0127767,Person,PER-009628,WORKS_FOR,Organization,ORG-03340,,MEDIUM,SYNTHETIC,,,true,Synthetic organizational association.,
REL-0127768,Person,PER-009628,OWNS,Vehicle,VEH-009628,,MEDIUM,SYNTHETIC,,,true,Synthetic vehicle ownership.,
REL-0127769,Person,PER-009628,LOCATED_AT,Location,LOC-009679,,MEDIUM,SYNTHETIC,,,true,Synthetic primary-location association.,
REL-0127836,Person,PER-009651,WORKS_FOR,Organization,ORG-02726,,MEDIUM,SYNTHETIC,,,true,Synthetic organizational association.,
REL-0127837,Person,PER-009651,OWNS,Vehicle,VEH-009651,,MEDIUM,SYNTHETIC,,,true,Synthetic vehicle ownership.,
REL-0127838,Person,PER-009651,LOCATED_AT,Location,LOC-005474,,MEDIUM,SYNTHETIC,,,true,Synthetic primary-location association.,
REL-0128105,Person,PER-009740,LOCATED_AT,Location,LOC-000732,,MEDIUM,SYNTHETIC,,,true,Synthetic primary-location association.,
REL-0129276,Person,PER-010131,WORKS_FOR,Organization,ORG-04936,,MEDIUM,SYNTHETIC,,,true,Synthetic organizational association.,
REL-0129277,Person,PER-010131,OWNS,Vehicle,VEH-010131,,MEDIUM,SYNTHETIC,,,true,Synthetic vehicle ownership.,
REL-0129278,Person,PER-010131,LOCATED_AT,Location,LOC-008679,,MEDIUM,SYNTHETIC,,,true,Synthetic primary-location association.,
REL-0129294,Person,PER-010137,WORKS_FOR,Organization,ORG-00975,,MEDIUM,SYNTHETIC,,,true,Synthetic organizational association.,
REL-0129295,Person,PER-010137,OWNS,Vehicle,VEH-010137,,MEDIUM,SYNTHETIC,,,true,Synthetic vehicle ownership.,
REL-0129296,Person,PER-010137,LOCATED_AT,Location,LOC-003563,,MEDIUM,SYNTHETIC,,,true,Synthetic primary-location association.,
REL-0129301,Person,PER-010139,OWNS,Vehicle,VEH-010139,,MEDIUM,SYNTHETIC,,,true,Synthetic vehicle ownership.,
REL-0129836,Person,PER-010317,LOCATED_AT,Location,LOC-008712,,MEDIUM,SYNTHETIC,,,true,Synthetic primary-location association.,
REL-0130283,Person,PER-010466,LOCATED_AT,Location,LOC-008029,,MEDIUM,SYNTHETIC,,,true,Synthetic primary-location association.,
REL-0130493,Person,PER-010536,LOCATED_AT,Location,LOC-003486,,MEDIUM,SYNTHETIC,,,true,Synthetic primary-location association.,
REL-0130930,Person,PER-010682,OWNS,Vehicle,VEH-010682,,MEDIUM,SYNTHETIC,,,true,Synthetic vehicle ownership.,
REL-0131090,Person,PER-010735,LOCATED_AT,Location,LOC-007711,,MEDIUM,SYNTHETIC,,,true,Synthetic primary-location association.,
REL-0131446,Person,PER-010854,OWNS,Vehicle,VEH-010854,,MEDIUM,SYNTHETIC,,,true,Synthetic vehicle ownership.,
REL-0131744,Person,PER-010953,LOCATED_AT,Location,LOC-003490,,MEDIUM,SYNTHETIC,,,true,Synthetic primary-location association.,
REL-0131825,Person,PER-010980,LOCATED_AT,Location,LOC-007127,,MEDIUM,SYNTHETIC,,,true,Synthetic primary-location association.,
REL-0131879,Person,PER-010998,LOCATED_AT,Location,LOC-006608,,MEDIUM,SYNTHETIC,,,true,Synthetic primary-location association.,
REL-0132080,Person,PER-011065,LOCATED_AT,Location,LOC-008222,,MEDIUM,SYNTHETIC,,,true,Synthetic primary-location association.,
REL-0132419,Person,PER-011178,LOCATED_AT,Location,LOC-007127,,MEDIUM,SYNTHETIC,,,true,Synthetic primary-location association.,
REL-0132437,Person,PER-011184,LOCATED_AT,Location,LOC-002374,,MEDIUM,SYNTHETIC,,,true,Synthetic primary-location association.,
REL-0132788,Person,PER-011301,LOCATED_AT,Location,LOC-001105,,MEDIUM,SYNTHETIC,,,true,Synthetic primary-location association.,
REL-0132905,Person,PER-011340,LOCATED_AT,Location,LOC-004703,,MEDIUM,SYNTHETIC,,,true,Synthetic primary-location association.,
REL-0132914,Person,PER-011343,LOCATED_AT,Location,LOC-009166,,MEDIUM,SYNTHETIC,,,true,Synthetic primary-location association.,
REL-0132947,Person,PER-011354,LOCATED_AT,Location,LOC-009679,,MEDIUM,SYNTHETIC,,,true,Synthetic primary-location association.,
REL-0133264,Person,PER-011460,OWNS,Vehicle,VEH-011460,,MEDIUM,SYNTHETIC,,,true,Synthetic vehicle ownership.,
REL-0133292,Person,PER-011469,LOCATED_AT,Location,LOC-004703,,MEDIUM,SYNTHETIC,,,true,Synthetic primary-location association.,
REL-0133349,Person,PER-011488,LOCATED_AT,Location,LOC-008029,,MEDIUM,SYNTHETIC,,,true,Synthetic primary-location association.,
REL-0133442,Person,PER-011519,LOCATED_AT,Location,LOC-006029,,MEDIUM,SYNTHETIC,,,true,Synthetic primary-location association.,
REL-0133885,Person,PER-011667,OWNS,Vehicle,VEH-011667,,MEDIUM,SYNTHETIC,,,true,Synthetic vehicle ownership.,
REL-0134363,Person,PER-011826,LOCATED_AT,Location,LOC-000572,,MEDIUM,SYNTHETIC,,,true,Synthetic primary-location association.,
REL-0134492,Person,PER-011869,LOCATED_AT,Location,LOC-009386,,MEDIUM,SYNTHETIC,,,true,Synthetic primary-location association.,
REL-0134906,Person,PER-012007,LOCATED_AT,Location,LOC-004659,,MEDIUM,SYNTHETIC,,,true,Synthetic primary-location association.,
REL-0134996,Person,PER-012037,LOCATED_AT,Location,LOC-002382,,MEDIUM,SYNTHETIC,,,true,Synthetic primary-location association.,
REL-0135322,Person,PER-012146,OWNS,Vehicle,VEH-012146,,MEDIUM,SYNTHETIC,,,true,Synthetic vehicle ownership.,
REL-0135338,Person,PER-012151,LOCATED_AT,Location,LOC-001440,,MEDIUM,SYNTHETIC,,,true,Synthetic primary-location association.,
REL-0135421,Person,PER-012179,OWNS,Vehicle,VEH-012179,,MEDIUM,SYNTHETIC,,,true,Synthetic vehicle ownership.,
REL-0135430,Person,PER-012182,OWNS,Vehicle,VEH-012182,,MEDIUM,SYNTHETIC,,,true,Synthetic vehicle ownership.,
REL-0135536,Person,PER-012217,LOCATED_AT,Location,LOC-005579,,MEDIUM,SYNTHETIC,,,true,Synthetic primary-location association.,
REL-0135920,Person,PER-012345,LOCATED_AT,Location,LOC-008222,,MEDIUM,SYNTHETIC,,,true,Synthetic primary-location association.,
REL-0136564,Person,PER-012560,OWNS,Vehicle,VEH-012560,,MEDIUM,SYNTHETIC,,,true,Synthetic vehicle ownership.,
REL-0136766,Person,PER-012627,LOCATED_AT,Location,LOC-000175,,MEDIUM,SYNTHETIC,,,true,Synthetic primary-location association.,
REL-0136832,Person,PER-012649,LOCATED_AT,Location,LOC-006029,,MEDIUM,SYNTHETIC,,,true,Synthetic primary-location association.,
REL-0136933,Person,PER-012683,OWNS,Vehicle,VEH-012683,,MEDIUM,SYNTHETIC,,,true,Synthetic vehicle ownership.,
REL-0137105,Person,PER-012740,LOCATED_AT,Location,LOC-007127,,MEDIUM,SYNTHETIC,,,true,Synthetic primary-location association.,
REL-0137591,Person,PER-012902,LOCATED_AT,Location,LOC-007251,,MEDIUM,SYNTHETIC,,,true,Synthetic primary-location association.,
REL-0137618,Person,PER-012911,LOCATED_AT,Location,LOC-003668,,MEDIUM,SYNTHETIC,,,true,Synthetic primary-location association.,
REL-0137636,Person,PER-012917,LOCATED_AT,Location,LOC-006012,,MEDIUM,SYNTHETIC,,,true,Synthetic primary-location association.,
REL-0137920,Person,PER-013012,OWNS,Vehicle,VEH-013012,,MEDIUM,SYNTHETIC,,,true,Synthetic vehicle ownership.,
REL-0138392,Person,PER-013169,LOCATED_AT,Location,LOC-002382,,MEDIUM,SYNTHETIC,,,true,Synthetic primary-location association.,
REL-0138464,Person,PER-013193,LOCATED_AT,Location,LOC-001768,,MEDIUM,SYNTHETIC,,,true,Synthetic primary-location association.,
REL-0138718,Person,PER-013278,OWNS,Vehicle,VEH-013278,,MEDIUM,SYNTHETIC,,,true,Synthetic vehicle ownership.,
REL-0138733,Person,PER-013283,OWNS,Vehicle,VEH-013283,,MEDIUM,SYNTHETIC,,,true,Synthetic vehicle ownership.,
REL-0139013,Person,PER-013376,LOCATED_AT,Location,LOC-001768,,MEDIUM,SYNTHETIC,,,true,Synthetic primary-location association.,
REL-0139022,Person,PER-013379,LOCATED_AT,Location,LOC-003668,,MEDIUM,SYNTHETIC,,,true,Synthetic primary-location association.,
REL-0139225,Person,PER-013447,OWNS,Vehicle,VEH-013447,,MEDIUM,SYNTHETIC,,,true,Synthetic vehicle ownership.,
REL-0139234,Person,PER-013450,OWNS,Vehicle,VEH-013450,,MEDIUM,SYNTHETIC,,,true,Synthetic vehicle ownership.,
REL-0139366,Person,PER-013494,OWNS,Vehicle,VEH-013494,,MEDIUM,SYNTHETIC,,,true,Synthetic vehicle ownership.,
REL-0139378,Person,PER-013498,OWNS,Vehicle,VEH-013498,,MEDIUM,SYNTHETIC,,,true,Synthetic vehicle ownership.,
REL-0139849,Person,PER-013655,OWNS,Vehicle,VEH-013655,,MEDIUM,SYNTHETIC,,,true,Synthetic vehicle ownership.,
REL-0139895,Person,PER-013670,LOCATED_AT,Location,LOC-008222,,MEDIUM,SYNTHETIC,,,true,Synthetic primary-location association.,
REL-0140825,Person,PER-013980,LOCATED_AT,Location,LOC-003563,,MEDIUM,SYNTHETIC,,,true,Synthetic primary-location association.,
REL-0141158,Person,PER-014091,LOCATED_AT,Location,LOC-008598,,MEDIUM,SYNTHETIC,,,true,Synthetic primary-location association.,
REL-0141446,Person,PER-014187,LOCATED_AT,Location,LOC-002382,,MEDIUM,SYNTHETIC,,,true,Synthetic primary-location association.,
REL-0141476,Person,PER-014197,LOCATED_AT,Location,LOC-006012,,MEDIUM,SYNTHETIC,,,true,Synthetic primary-location association.,
REL-0141848,Person,PER-014321,LOCATED_AT,Location,LOC-003069,,MEDIUM,SYNTHETIC,,,true,Synthetic primary-location association.,
REL-0142447,Person,PER-014521,OWNS,Vehicle,VEH-014521,,MEDIUM,SYNTHETIC,,,true,Synthetic vehicle ownership.,
REL-0142459,Person,PER-014525,OWNS,Vehicle,VEH-014525,,MEDIUM,SYNTHETIC,,,true,Synthetic vehicle ownership.,
REL-0142556,Person,PER-014557,LOCATED_AT,Location,LOC-004703,,MEDIUM,SYNTHETIC,,,true,Synthetic primary-location association.,
REL-0142790,Person,PER-014635,LOCATED_AT,Location,LOC-009432,,MEDIUM,SYNTHETIC,,,true,Synthetic primary-location association.,
REL-0142958,Person,PER-014691,LOCATED_AT,Location,LOC-004659,,MEDIUM,SYNTHETIC,,,true,Synthetic primary-location association.,
REL-0143180,Person,PER-014765,LOCATED_AT,Location,LOC-004585,,MEDIUM,SYNTHETIC,,,true,Synthetic primary-location association.,
REL-0143447,Person,PER-014854,LOCATED_AT,Location,LOC-008275,,MEDIUM,SYNTHETIC,,,true,Synthetic primary-location association.,
REL-0143894,Person,PER-015003,LOCATED_AT,Location,LOC-004659,,MEDIUM,SYNTHETIC,,,true,Synthetic primary-location association.,
REL-0144317,Person,PER-015144,LOCATED_AT,Location,LOC-007336,,MEDIUM,SYNTHETIC,,,true,Synthetic primary-location association.,
REL-0144455,Person,PER-015190,LOCATED_AT,Location,LOC-008029,,MEDIUM,SYNTHETIC,,,true,Synthetic primary-location association.,
REL-0144491,Person,PER-015202,LOCATED_AT,Location,LOC-004296,,MEDIUM,SYNTHETIC,,,true,Synthetic primary-location association.,
REL-0144769,Person,PER-015295,OWNS,Vehicle,VEH-000295,,MEDIUM,SYNTHETIC,,,true,Synthetic vehicle ownership.,
REL-0144817,Person,PER-015311,OWNS,Vehicle,VEH-000311,,MEDIUM,SYNTHETIC,,,true,Synthetic vehicle ownership.,
REL-0144860,Person,PER-015325,LOCATED_AT,Location,LOC-003767,,MEDIUM,SYNTHETIC,,,true,Synthetic primary-location association.,
REL-0144932,Person,PER-015349,LOCATED_AT,Location,LOC-009958,,MEDIUM,SYNTHETIC,,,true,Synthetic primary-location association.,
REL-0145252,Person,PER-015456,OWNS,Vehicle,VEH-000456,,MEDIUM,SYNTHETIC,,,true,Synthetic vehicle ownership.,
REL-0145975,Person,PER-015697,OWNS,Vehicle,VEH-000697,,MEDIUM,SYNTHETIC,,,true,Synthetic vehicle ownership.,
REL-0146167,Person,PER-015761,OWNS,Vehicle,VEH-000761,,MEDIUM,SYNTHETIC,,,true,Synthetic vehicle ownership.,
REL-0146321,Person,PER-015812,LOCATED_AT,Location,LOC-004699,,MEDIUM,SYNTHETIC,,,true,Synthetic primary-location association.,
REL-0146537,Person,PER-015884,LOCATED_AT,Location,LOC-003563,,MEDIUM,SYNTHETIC,,,true,Synthetic primary-location association.,
REL-0146540,Person,PER-015885,LOCATED_AT,Location,LOC-000111,,MEDIUM,SYNTHETIC,,,true,Synthetic primary-location association.,
REL-0146647,Person,PER-015921,OWNS,Vehicle,VEH-000921,,MEDIUM,SYNTHETIC,,,true,Synthetic vehicle ownership.,
REL-0146716,Person,PER-015944,OWNS,Vehicle,VEH-000944,,MEDIUM,SYNTHETIC,,,true,Synthetic vehicle ownership.,
REL-0146744,Person,PER-015953,LOCATED_AT,Location,LOC-003606,,MEDIUM,SYNTHETIC,,,true,Synthetic primary-location association.,
REL-0146825,Person,PER-015980,LOCATED_AT,Location,LOC-008598,,MEDIUM,SYNTHETIC,,,true,Synthetic primary-location association.,
REL-0147197,Person,PER-016104,LOCATED_AT,Location,LOC-003644,,MEDIUM,SYNTHETIC,,,true,Synthetic primary-location association.,
REL-0147520,Person,PER-016212,OWNS,Vehicle,VEH-001212,,MEDIUM,SYNTHETIC,,,true,Synthetic vehicle ownership.,
REL-0147524,Person,PER-016213,LOCATED_AT,Location,LOC-003691,,MEDIUM,SYNTHETIC,,,true,Synthetic primary-location association.,
REL-0147541,Person,PER-016219,OWNS,Vehicle,VEH-001219,,MEDIUM,SYNTHETIC,,,true,Synthetic vehicle ownership.,
REL-0147934,Person,PER-016350,OWNS,Vehicle,VEH-001350,,MEDIUM,SYNTHETIC,,,true,Synthetic vehicle ownership.,
REL-0148174,Person,PER-016430,OWNS,Vehicle,VEH-001430,,MEDIUM,SYNTHETIC,,,true,Synthetic vehicle ownership.,
REL-0148229,Person,PER-016448,LOCATED_AT,Location,LOC-008712,,MEDIUM,SYNTHETIC,,,true,Synthetic primary-location association.,
REL-0148696,Person,PER-016604,OWNS,Vehicle,VEH-001604,,MEDIUM,SYNTHETIC,,,true,Synthetic vehicle ownership.,
REL-0148880,Person,PER-016665,LOCATED_AT,Location,LOC-000732,,MEDIUM,SYNTHETIC,,,true,Synthetic primary-location association.,
REL-0148910,Person,PER-016675,LOCATED_AT,Location,LOC-001105,,MEDIUM,SYNTHETIC,,,true,Synthetic primary-location association.,
REL-0149044,Person,PER-016720,OWNS,Vehicle,VEH-001720,,MEDIUM,SYNTHETIC,,,true,Synthetic vehicle ownership.,
REL-0149549,Person,PER-016888,LOCATED_AT,Location,LOC-009427,,MEDIUM,SYNTHETIC,,,true,Synthetic primary-location association.,
REL-0149873,Person,PER-016996,LOCATED_AT,Location,LOC-005763,,MEDIUM,SYNTHETIC,,,true,Synthetic primary-location association.,
REL-0150023,Person,PER-017046,LOCATED_AT,Location,LOC-004904,,MEDIUM,SYNTHETIC,,,true,Synthetic primary-location association.,
REL-0150104,Person,PER-017073,LOCATED_AT,Location,LOC-003606,,MEDIUM,SYNTHETIC,,,true,Synthetic primary-location association.,
REL-0150552,Person,PER-017223,WORKS_FOR,Organization,ORG-01887,,MEDIUM,SYNTHETIC,,,true,Synthetic organizational association.,
REL-0150553,Person,PER-017223,OWNS,Vehicle,VEH-002223,,MEDIUM,SYNTHETIC,,,true,Synthetic vehicle ownership.,
REL-0150554,Person,PER-017223,LOCATED_AT,Location,LOC-005692,,MEDIUM,SYNTHETIC,,,true,Synthetic primary-location association.,
REL-0150600,Person,PER-017239,WORKS_FOR,Organization,ORG-04439,,MEDIUM,SYNTHETIC,,,true,Synthetic organizational association.,
REL-0150601,Person,PER-017239,OWNS,Vehicle,VEH-002239,,MEDIUM,SYNTHETIC,,,true,Synthetic vehicle ownership.,
REL-0150602,Person,PER-017239,LOCATED_AT,Location,LOC-001105,,MEDIUM,SYNTHETIC,,,true,Synthetic primary-location association.,
REL-0150734,Person,PER-017283,LOCATED_AT,Location,LOC-008598,,MEDIUM,SYNTHETIC,,,true,Synthetic primary-location association.,
REL-0150796,Person,PER-017304,OWNS,Vehicle,VEH-002304,,MEDIUM,SYNTHETIC,,,true,Synthetic vehicle ownership.,
REL-0150856,Person,PER-017324,OWNS,Vehicle,VEH-002324,,MEDIUM,SYNTHETIC,,,true,Synthetic vehicle ownership.,
REL-0151342,Person,PER-017486,OWNS,Vehicle,VEH-002486,,MEDIUM,SYNTHETIC,,,true,Synthetic vehicle ownership.,
REL-0152105,Person,PER-017740,LOCATED_AT,Location,LOC-009166,,MEDIUM,SYNTHETIC,,,true,Synthetic primary-location association.,
REL-0152192,Person,PER-017769,LOCATED_AT,Location,LOC-005394,,MEDIUM,SYNTHETIC,,,true,Synthetic primary-location association.,
REL-0152384,Person,PER-017833,LOCATED_AT,Location,LOC-003563,,MEDIUM,SYNTHETIC,,,true,Synthetic primary-location association.,
REL-0152618,Person,PER-017911,LOCATED_AT,Location,LOC-009197,,MEDIUM,SYNTHETIC,,,true,Synthetic primary-location association.,
REL-0152708,Person,PER-017941,LOCATED_AT,Location,LOC-003069,,MEDIUM,SYNTHETIC,,,true,Synthetic primary-location association.,
REL-0153110,Person,PER-018075,LOCATED_AT,Location,LOC-008679,,MEDIUM,SYNTHETIC,,,true,Synthetic primary-location association.,
REL-0153401,Person,PER-018172,LOCATED_AT,Location,LOC-004585,,MEDIUM,SYNTHETIC,,,true,Synthetic primary-location association.,
REL-0153512,Person,PER-018209,LOCATED_AT,Location,LOC-003563,,MEDIUM,SYNTHETIC,,,true,Synthetic primary-location association.,
REL-0153583,Person,PER-018233,OWNS,Vehicle,VEH-003233,,MEDIUM,SYNTHETIC,,,true,Synthetic vehicle ownership.,
REL-0153586,Person,PER-018234,OWNS,Vehicle,VEH-003234,,MEDIUM,SYNTHETIC,,,true,Synthetic vehicle ownership.,
REL-0153589,Person,PER-018235,OWNS,Vehicle,VEH-003235,,MEDIUM,SYNTHETIC,,,true,Synthetic vehicle ownership.,
REL-0154066,Person,PER-018394,OWNS,Vehicle,VEH-003394,,MEDIUM,SYNTHETIC,,,true,Synthetic vehicle ownership.,
REL-0154067,Person,PER-018394,LOCATED_AT,Location,LOC-009166,,MEDIUM,SYNTHETIC,,,true,Synthetic primary-location association.,
REL-0154589,Person,PER-018568,LOCATED_AT,Location,LOC-001352,,MEDIUM,SYNTHETIC,,,true,Synthetic primary-location association.,
REL-0155012,Person,PER-018709,LOCATED_AT,Location,LOC-004296,,MEDIUM,SYNTHETIC,,,true,Synthetic primary-location association.,
REL-0155269,Person,PER-018795,OWNS,Vehicle,VEH-003795,,MEDIUM,SYNTHETIC,,,true,Synthetic vehicle ownership.,
REL-0155733,Person,PER-018950,WORKS_FOR,Organization,ORG-01111,,MEDIUM,SYNTHETIC,,,true,Synthetic organizational association.,
REL-0155734,Person,PER-018950,OWNS,Vehicle,VEH-003950,,MEDIUM,SYNTHETIC,,,true,Synthetic vehicle ownership.,
REL-0155735,Person,PER-018950,LOCATED_AT,Location,LOC-002481,,MEDIUM,SYNTHETIC,,,true,Synthetic primary-location association.,
REL-0155757,Person,PER-018958,WORKS_FOR,Organization,ORG-02931,,MEDIUM,SYNTHETIC,,,true,Synthetic organizational association.,
REL-0155758,Person,PER-018958,OWNS,Vehicle,VEH-003958,,MEDIUM,SYNTHETIC,,,true,Synthetic vehicle ownership.,
REL-0155759,Person,PER-018958,LOCATED_AT,Location,LOC-009197,,MEDIUM,SYNTHETIC,,,true,Synthetic primary-location association.,
REL-0155792,Person,PER-018969,LOCATED_AT,Location,LOC-003691,,MEDIUM,SYNTHETIC,,,true,Synthetic primary-location association.,
REL-0156056,Person,PER-019057,LOCATED_AT,Location,LOC-005474,,MEDIUM,SYNTHETIC,,,true,Synthetic primary-location association.,
REL-0156115,Person,PER-019077,OWNS,Vehicle,VEH-004077,,MEDIUM,SYNTHETIC,,,true,Synthetic vehicle ownership.,
REL-0156200,Person,PER-019105,LOCATED_AT,Location,LOC-002382,,MEDIUM,SYNTHETIC,,,true,Synthetic primary-location association.,
REL-0156350,Person,PER-019155,LOCATED_AT,Location,LOC-001855,,MEDIUM,SYNTHETIC,,,true,Synthetic primary-location association.,
REL-0156431,Person,PER-019182,LOCATED_AT,Location,LOC-008029,,MEDIUM,SYNTHETIC,,,true,Synthetic primary-location association.,
REL-0156779,Person,PER-019298,LOCATED_AT,Location,LOC-005394,,MEDIUM,SYNTHETIC,,,true,Synthetic primary-location association.,
REL-0156814,Person,PER-019310,OWNS,Vehicle,VEH-004310,,MEDIUM,SYNTHETIC,,,true,Synthetic vehicle ownership.,
REL-0157001,Person,PER-019372,LOCATED_AT,Location,LOC-007773,,MEDIUM,SYNTHETIC,,,true,Synthetic primary-location association.,
REL-0157005,Person,PER-019374,WORKS_FOR,Organization,ORG-00912,,MEDIUM,SYNTHETIC,,,true,Synthetic organizational association.,
REL-0157006,Person,PER-019374,OWNS,Vehicle,VEH-004374,,MEDIUM,SYNTHETIC,,,true,Synthetic vehicle ownership.,
REL-0157007,Person,PER-019374,LOCATED_AT,Location,LOC-007336,,MEDIUM,SYNTHETIC,,,true,Synthetic primary-location association.,
REL-0157008,Person,PER-019375,WORKS_FOR,Organization,ORG-01640,,MEDIUM,SYNTHETIC,,,true,Synthetic organizational association.,
REL-0157009,Person,PER-019375,OWNS,Vehicle,VEH-004375,,MEDIUM,SYNTHETIC,,,true,Synthetic vehicle ownership.,
REL-0157010,Person,PER-019375,LOCATED_AT,Location,LOC-009166,,MEDIUM,SYNTHETIC,,,true,Synthetic primary-location association.,
REL-0157517,Person,PER-019544,LOCATED_AT,Location,LOC-001301,,MEDIUM,SYNTHETIC,,,true,Synthetic primary-location association.,
REL-0157553,Person,PER-019556,LOCATED_AT,Location,LOC-009427,,MEDIUM,SYNTHETIC,,,true,Synthetic primary-location association.,
REL-0158264,Person,PER-019793,LOCATED_AT,Location,LOC-002251,,MEDIUM,SYNTHETIC,,,true,Synthetic primary-location association.,
REL-0158534,Person,PER-019883,LOCATED_AT,Location,LOC-000572,,MEDIUM,SYNTHETIC,,,true,Synthetic primary-location association.,
REL-0159062,Person,PER-020059,LOCATED_AT,Location,LOC-006012,,MEDIUM,SYNTHETIC,,,true,Synthetic primary-location association.,
REL-0159171,Person,PER-020096,WORKS_FOR,Organization,ORG-00773,,MEDIUM,SYNTHETIC,,,true,Synthetic organizational association.,
REL-0159172,Person,PER-020096,OWNS,Vehicle,VEH-005096,,MEDIUM,SYNTHETIC,,,true,Synthetic vehicle ownership.,
REL-0159173,Person,PER-020096,LOCATED_AT,Location,LOC-007371,,MEDIUM,SYNTHETIC,,,true,Synthetic primary-location association.,
REL-0159201,Person,PER-020106,WORKS_FOR,Organization,ORG-00629,,MEDIUM,SYNTHETIC,,,true,Synthetic organizational association.,
REL-0159202,Person,PER-020106,OWNS,Vehicle,VEH-005106,,MEDIUM,SYNTHETIC,,,true,Synthetic vehicle ownership.,
REL-0159203,Person,PER-020106,LOCATED_AT,Location,LOC-000811,,MEDIUM,SYNTHETIC,,,true,Synthetic primary-location association.,
REL-0159290,Person,PER-020135,LOCATED_AT,Location,LOC-000594,,MEDIUM,SYNTHETIC,,,true,Synthetic primary-location association.,
REL-0159437,Person,PER-020184,LOCATED_AT,Location,LOC-007251,,MEDIUM,SYNTHETIC,,,true,Synthetic primary-location association.,
REL-0159497,Person,PER-020204,LOCATED_AT,Location,LOC-004904,,MEDIUM,SYNTHETIC,,,true,Synthetic primary-location association.,
REL-0159677,Person,PER-020264,LOCATED_AT,Location,LOC-007127,,MEDIUM,SYNTHETIC,,,true,Synthetic primary-location association.,
REL-0159905,Person,PER-020340,LOCATED_AT,Location,LOC-000594,,MEDIUM,SYNTHETIC,,,true,Synthetic primary-location association.,
REL-0159935,Person,PER-020350,LOCATED_AT,Location,LOC-005579,,MEDIUM,SYNTHETIC,,,true,Synthetic primary-location association.,
REL-0159983,Person,PER-020366,LOCATED_AT,Location,LOC-003490,,MEDIUM,SYNTHETIC,,,true,Synthetic primary-location association.,
REL-0160037,Person,PER-020384,LOCATED_AT,Location,LOC-001855,,MEDIUM,SYNTHETIC,,,true,Synthetic primary-location association.,
REL-0160153,Person,PER-020423,OWNS,Vehicle,VEH-005423,,MEDIUM,SYNTHETIC,,,true,Synthetic vehicle ownership.,
REL-0160246,Person,PER-020454,OWNS,Vehicle,VEH-005454,,MEDIUM,SYNTHETIC,,,true,Synthetic vehicle ownership.,
REL-0160279,Person,PER-020465,OWNS,Vehicle,VEH-005465,,MEDIUM,SYNTHETIC,,,true,Synthetic vehicle ownership.,
REL-0160498,Person,PER-020538,OWNS,Vehicle,VEH-005538,,MEDIUM,SYNTHETIC,,,true,Synthetic vehicle ownership.,
REL-0160658,Person,PER-020591,LOCATED_AT,Location,LOC-009197,,MEDIUM,SYNTHETIC,,,true,Synthetic primary-location association.,
REL-0160883,Person,PER-020666,LOCATED_AT,Location,LOC-000594,,MEDIUM,SYNTHETIC,,,true,Synthetic primary-location association.,
REL-0160973,Person,PER-020696,LOCATED_AT,Location,LOC-003691,,MEDIUM,SYNTHETIC,,,true,Synthetic primary-location association.,
REL-0161732,Person,PER-020949,LOCATED_AT,Location,LOC-003767,,MEDIUM,SYNTHETIC,,,true,Synthetic primary-location association.,
REL-0161981,Person,PER-021032,LOCATED_AT,Location,LOC-009197,,MEDIUM,SYNTHETIC,,,true,Synthetic primary-location association.,
REL-0162035,Person,PER-021050,LOCATED_AT,Location,LOC-001105,,MEDIUM,SYNTHETIC,,,true,Synthetic primary-location association.,
REL-0162848,Person,PER-021321,LOCATED_AT,Location,LOC-005692,,MEDIUM,SYNTHETIC,,,true,Synthetic primary-location association.,
REL-0163213,Person,PER-021443,OWNS,Vehicle,VEH-006443,,MEDIUM,SYNTHETIC,,,true,Synthetic vehicle ownership.,
REL-0163273,Person,PER-021463,OWNS,Vehicle,VEH-006463,,MEDIUM,SYNTHETIC,,,true,Synthetic vehicle ownership.,
REL-0163526,Person,PER-021547,LOCATED_AT,Location,LOC-005394,,MEDIUM,SYNTHETIC,,,true,Synthetic primary-location association.,
REL-0163715,Person,PER-021610,LOCATED_AT,Location,LOC-004585,,MEDIUM,SYNTHETIC,,,true,Synthetic primary-location association.,
REL-0164418,Person,PER-021845,WORKS_FOR,Organization,ORG-00237,,MEDIUM,SYNTHETIC,,,true,Synthetic organizational association.,
REL-0164419,Person,PER-021845,OWNS,Vehicle,VEH-006845,,MEDIUM,SYNTHETIC,,,true,Synthetic vehicle ownership.,
REL-0164420,Person,PER-021845,LOCATED_AT,Location,LOC-006029,,MEDIUM,SYNTHETIC,,,true,Synthetic primary-location association.,
REL-0164490,Person,PER-021869,WORKS_FOR,Organization,ORG-01590,,MEDIUM,SYNTHETIC,,,true,Synthetic organizational association.,
REL-0164491,Person,PER-021869,OWNS,Vehicle,VEH-006869,,MEDIUM,SYNTHETIC,,,true,Synthetic vehicle ownership.,
REL-0164492,Person,PER-021869,LOCATED_AT,Location,LOC-006699,,MEDIUM,SYNTHETIC,,,true,Synthetic primary-location association.,
REL-0164777,Person,PER-021964,LOCATED_AT,Location,LOC-003606,,MEDIUM,SYNTHETIC,,,true,Synthetic primary-location association.,
REL-0164857,Person,PER-021991,OWNS,Vehicle,VEH-006991,,MEDIUM,SYNTHETIC,,,true,Synthetic vehicle ownership.,
REL-0165233,Person,PER-022116,LOCATED_AT,Location,LOC-000111,,MEDIUM,SYNTHETIC,,,true,Synthetic primary-location association.,
REL-0165592,Person,PER-022236,OWNS,Vehicle,VEH-007236,,MEDIUM,SYNTHETIC,,,true,Synthetic vehicle ownership.,
REL-0165619,Person,PER-022245,OWNS,Vehicle,VEH-007245,,MEDIUM,SYNTHETIC,,,true,Synthetic vehicle ownership.,
REL-0165650,Person,PER-022255,LOCATED_AT,Location,LOC-004989,,MEDIUM,SYNTHETIC,,,true,Synthetic primary-location association.,
REL-0165983,Person,PER-022366,LOCATED_AT,Location,LOC-005763,,MEDIUM,SYNTHETIC,,,true,Synthetic primary-location association.,
REL-0166259,Person,PER-022458,LOCATED_AT,Location,LOC-006608,,MEDIUM,SYNTHETIC,,,true,Synthetic primary-location association.,
REL-0166481,Person,PER-022532,LOCATED_AT,Location,LOC-006641,,MEDIUM,SYNTHETIC,,,true,Synthetic primary-location association.,
REL-0166544,Person,PER-022553,LOCATED_AT,Location,LOC-006716,,MEDIUM,SYNTHETIC,,,true,Synthetic primary-location association.,
REL-0166651,Person,PER-022589,OWNS,Vehicle,VEH-007589,,MEDIUM,SYNTHETIC,,,true,Synthetic vehicle ownership.,
REL-0166958,Person,PER-022691,LOCATED_AT,Location,LOC-008222,,MEDIUM,SYNTHETIC,,,true,Synthetic primary-location association.,
REL-0167439,Person,PER-022852,WORKS_FOR,Organization,ORG-04916,,MEDIUM,SYNTHETIC,,,true,Synthetic organizational association.,
REL-0167440,Person,PER-022852,OWNS,Vehicle,VEH-007852,,MEDIUM,SYNTHETIC,,,true,Synthetic vehicle ownership.,
REL-0167441,Person,PER-022852,LOCATED_AT,Location,LOC-005358,,MEDIUM,SYNTHETIC,,,true,Synthetic primary-location association.,
REL-0167454,Person,PER-022857,WORKS_FOR,Organization,ORG-04951,,MEDIUM,SYNTHETIC,,,true,Synthetic organizational association.,
REL-0167455,Person,PER-022857,OWNS,Vehicle,VEH-007857,,MEDIUM,SYNTHETIC,,,true,Synthetic vehicle ownership.,
REL-0167456,Person,PER-022857,LOCATED_AT,Location,LOC-007773,,MEDIUM,SYNTHETIC,,,true,Synthetic primary-location association.,
REL-0167591,Person,PER-022902,LOCATED_AT,Location,LOC-000712,,MEDIUM,SYNTHETIC,,,true,Synthetic primary-location association.,
REL-0167615,Person,PER-022910,LOCATED_AT,Location,LOC-004296,,MEDIUM,SYNTHETIC,,,true,Synthetic primary-location association.,
REL-0167750,Person,PER-022955,LOCATED_AT,Location,LOC-005411,,MEDIUM,SYNTHETIC,,,true,Synthetic primary-location association.,
REL-0168041,Person,PER-023052,LOCATED_AT,Location,LOC-009194,,MEDIUM,SYNTHETIC,,,true,Synthetic primary-location association.,
REL-0168125,Person,PER-023080,LOCATED_AT,Location,LOC-009386,,MEDIUM,SYNTHETIC,,,true,Synthetic primary-location association.,
REL-0168302,Person,PER-023139,LOCATED_AT,Location,LOC-008222,,MEDIUM,SYNTHETIC,,,true,Synthetic primary-location association.,
REL-0168314,Person,PER-023143,LOCATED_AT,Location,LOC-007231,,MEDIUM,SYNTHETIC,,,true,Synthetic primary-location association.,
REL-0168467,Person,PER-023194,LOCATED_AT,Location,LOC-009194,,MEDIUM,SYNTHETIC,,,true,Synthetic primary-location association.,
REL-0168638,Person,PER-023251,LOCATED_AT,Location,LOC-006716,,MEDIUM,SYNTHETIC,,,true,Synthetic primary-location association.,
REL-0169108,Person,PER-023408,OWNS,Vehicle,VEH-008408,,MEDIUM,SYNTHETIC,,,true,Synthetic vehicle ownership.,
REL-0169121,Person,PER-023412,LOCATED_AT,Location,LOC-003668,,MEDIUM,SYNTHETIC,,,true,Synthetic primary-location association.,
REL-0170414,Person,PER-023843,LOCATED_AT,Location,LOC-003563,,MEDIUM,SYNTHETIC,,,true,Synthetic primary-location association.,
REL-0170606,Person,PER-023907,LOCATED_AT,Location,LOC-004983,,MEDIUM,SYNTHETIC,,,true,Synthetic primary-location association.,
REL-0170624,Person,PER-023913,LOCATED_AT,Location,LOC-000712,,MEDIUM,SYNTHETIC,,,true,Synthetic primary-location association.,
REL-0170718,Person,PER-023945,WORKS_FOR,Organization,ORG-02684,,MEDIUM,SYNTHETIC,,,true,Synthetic organizational association.,
REL-0170719,Person,PER-023945,OWNS,Vehicle,VEH-008945,,MEDIUM,SYNTHETIC,,,true,Synthetic vehicle ownership.,
REL-0170720,Person,PER-023945,LOCATED_AT,Location,LOC-006608,,MEDIUM,SYNTHETIC,,,true,Synthetic primary-location association.,
REL-0170754,Person,PER-023957,WORKS_FOR,Organization,ORG-04039,,MEDIUM,SYNTHETIC,,,true,Synthetic organizational association.,
REL-0170755,Person,PER-023957,OWNS,Vehicle,VEH-008957,,MEDIUM,SYNTHETIC,,,true,Synthetic vehicle ownership.,
REL-0170756,Person,PER-023957,LOCATED_AT,Location,LOC-004585,,MEDIUM,SYNTHETIC,,,true,Synthetic primary-location association.,
REL-0171077,Person,PER-024064,LOCATED_AT,Location,LOC-004703,,MEDIUM,SYNTHETIC,,,true,Synthetic primary-location association.,
REL-0171185,Person,PER-024100,LOCATED_AT,Location,LOC-005763,,MEDIUM,SYNTHETIC,,,true,Synthetic primary-location association.,
REL-0171949,Person,PER-024355,OWNS,Vehicle,VEH-009355,,MEDIUM,SYNTHETIC,,,true,Synthetic vehicle ownership.,
REL-0172151,Person,PER-024422,LOCATED_AT,Location,LOC-007251,,MEDIUM,SYNTHETIC,,,true,Synthetic primary-location association.,
REL-0172187,Person,PER-024434,LOCATED_AT,Location,LOC-008275,,MEDIUM,SYNTHETIC,,,true,Synthetic primary-location association.,
REL-0172261,Person,PER-024459,OWNS,Vehicle,VEH-009459,,MEDIUM,SYNTHETIC,,,true,Synthetic vehicle ownership.,
REL-0172367,Person,PER-024494,LOCATED_AT,Location,LOC-008275,,MEDIUM,SYNTHETIC,,,true,Synthetic primary-location association.,
REL-0172544,Person,PER-024553,LOCATED_AT,Location,LOC-003668,,MEDIUM,SYNTHETIC,,,true,Synthetic primary-location association.,
REL-0172768,Person,PER-024628,OWNS,Vehicle,VEH-009628,,MEDIUM,SYNTHETIC,,,true,Synthetic vehicle ownership.,
REL-0172787,Person,PER-024634,LOCATED_AT,Location,LOC-009386,,MEDIUM,SYNTHETIC,,,true,Synthetic primary-location association.,
REL-0172796,Person,PER-024637,LOCATED_AT,Location,LOC-000811,,MEDIUM,SYNTHETIC,,,true,Synthetic primary-location association.,
REL-0172837,Person,PER-024651,OWNS,Vehicle,VEH-009651,,MEDIUM,SYNTHETIC,,,true,Synthetic vehicle ownership.,
REL-0173351,Person,PER-024822,LOCATED_AT,Location,LOC-007773,,MEDIUM,SYNTHETIC,,,true,Synthetic primary-location association.,
REL-0173525,Person,PER-024880,LOCATED_AT,Location,LOC-009166,,MEDIUM,SYNTHETIC,,,true,Synthetic primary-location association.,
REL-0174047,Person,PER-025054,LOCATED_AT,Location,LOC-009194,,MEDIUM,SYNTHETIC,,,true,Synthetic primary-location association.,
REL-0174277,Person,PER-025131,OWNS,Vehicle,VEH-010131,,MEDIUM,SYNTHETIC,,,true,Synthetic vehicle ownership.,
REL-0174295,Person,PER-025137,OWNS,Vehicle,VEH-010137,,MEDIUM,SYNTHETIC,,,true,Synthetic vehicle ownership.,
REL-0174301,Person,PER-025139,OWNS,Vehicle,VEH-010139,,MEDIUM,SYNTHETIC,,,true,Synthetic vehicle ownership.,
REL-0174596,Person,PER-025237,LOCATED_AT,Location,LOC-003490,,MEDIUM,SYNTHETIC,,,true,Synthetic primary-location association.,
REL-0174599,Person,PER-025238,LOCATED_AT,Location,LOC-001855,,MEDIUM,SYNTHETIC,,,true,Synthetic primary-location association.,
REL-0174677,Person,PER-025264,LOCATED_AT,Location,LOC-005579,,MEDIUM,SYNTHETIC,,,true,Synthetic primary-location association.,
REL-0174881,Person,PER-025332,LOCATED_AT,Location,LOC-001301,,MEDIUM,SYNTHETIC,,,true,Synthetic primary-location association.,
REL-0175106,Person,PER-025407,LOCATED_AT,Location,LOC-008598,,MEDIUM,SYNTHETIC,,,true,Synthetic primary-location association.,
REL-0175376,Person,PER-025497,LOCATED_AT,Location,LOC-004989,,MEDIUM,SYNTHETIC,,,true,Synthetic primary-location association.,
REL-0175379,Person,PER-025498,LOCATED_AT,Location,LOC-001768,,MEDIUM,SYNTHETIC,,,true,Synthetic primary-location association.,
REL-0175649,Person,PER-025588,LOCATED_AT,Location,LOC-004904,,MEDIUM,SYNTHETIC,,,true,Synthetic primary-location association.,
REL-0175930,Person,PER-025682,OWNS,Vehicle,VEH-010682,,MEDIUM,SYNTHETIC,,,true,Synthetic vehicle ownership.,
REL-0176446,Person,PER-025854,OWNS,Vehicle,VEH-010854,,MEDIUM,SYNTHETIC,,,true,Synthetic vehicle ownership.,
REL-0176672,Person,PER-025929,LOCATED_AT,Location,LOC-009197,,MEDIUM,SYNTHETIC,,,true,Synthetic primary-location association.,
REL-0176816,Person,PER-025977,LOCATED_AT,Location,LOC-001855,,MEDIUM,SYNTHETIC,,,true,Synthetic primary-location association.,
REL-0176951,Person,PER-026022,LOCATED_AT,Location,LOC-009432,,MEDIUM,SYNTHETIC,,,true,Synthetic primary-location association.,
REL-0177119,Person,PER-026078,LOCATED_AT,Location,LOC-009432,,MEDIUM,SYNTHETIC,,,true,Synthetic primary-location association.,
REL-0177521,Person,PER-026212,LOCATED_AT,Location,LOC-005763,,MEDIUM,SYNTHETIC,,,true,Synthetic primary-location association.,
REL-0178199,Person,PER-026438,LOCATED_AT,Location,LOC-000111,,MEDIUM,SYNTHETIC,,,true,Synthetic primary-location association.,
REL-0178264,Person,PER-026460,OWNS,Vehicle,VEH-011460,,MEDIUM,SYNTHETIC,,,true,Synthetic vehicle ownership.,
REL-0178334,Person,PER-026483,LOCATED_AT,Location,LOC-007711,,MEDIUM,SYNTHETIC,,,true,Synthetic primary-location association.,
REL-0178421,Person,PER-026512,LOCATED_AT,Location,LOC-006029,,MEDIUM,SYNTHETIC,,,true,Synthetic primary-location association.,
REL-0178475,Person,PER-026530,LOCATED_AT,Location,LOC-004659,,MEDIUM,SYNTHETIC,,,true,Synthetic primary-location association.,
REL-0178751,Person,PER-026622,LOCATED_AT,Location,LOC-009958,,MEDIUM,SYNTHETIC,,,true,Synthetic primary-location association.,
REL-0178885,Person,PER-026667,OWNS,Vehicle,VEH-011667,,MEDIUM,SYNTHETIC,,,true,Synthetic vehicle ownership.,
REL-0179129,Person,PER-026748,LOCATED_AT,Location,LOC-007231,,MEDIUM,SYNTHETIC,,,true,Synthetic primary-location association.,
REL-0179309,Person,PER-026808,LOCATED_AT,Location,LOC-008679,,MEDIUM,SYNTHETIC,,,true,Synthetic primary-location association.,
REL-0179579,Person,PER-026898,LOCATED_AT,Location,LOC-008275,,MEDIUM,SYNTHETIC,,,true,Synthetic primary-location association.,
REL-0179777,Person,PER-026964,LOCATED_AT,Location,LOC-000111,,MEDIUM,SYNTHETIC,,,true,Synthetic primary-location association.,
REL-0180322,Person,PER-027146,OWNS,Vehicle,VEH-012146,,MEDIUM,SYNTHETIC,,,true,Synthetic vehicle ownership.,
REL-0180420,Person,PER-027179,WORKS_FOR,Organization,ORG-04671,,MEDIUM,SYNTHETIC,,,true,Synthetic organizational association.,
REL-0180421,Person,PER-027179,OWNS,Vehicle,VEH-012179,,MEDIUM,SYNTHETIC,,,true,Synthetic vehicle ownership.,
REL-0180422,Person,PER-027179,LOCATED_AT,Location,LOC-001352,,MEDIUM,SYNTHETIC,,,true,Synthetic primary-location association.,
REL-0180429,Person,PER-027182,WORKS_FOR,Organization,ORG-00004,,MEDIUM,SYNTHETIC,,,true,Synthetic organizational association.,
REL-0180430,Person,PER-027182,OWNS,Vehicle,VEH-012182,,MEDIUM,SYNTHETIC,,,true,Synthetic vehicle ownership.,
REL-0180431,Person,PER-027182,LOCATED_AT,Location,LOC-001440,,MEDIUM,SYNTHETIC,,,true,Synthetic primary-location association.,
REL-0180776,Person,PER-027297,LOCATED_AT,Location,LOC-006012,,MEDIUM,SYNTHETIC,,,true,Synthetic primary-location association.,
REL-0180857,Person,PER-027324,LOCATED_AT,Location,LOC-006716,,MEDIUM,SYNTHETIC,,,true,Synthetic primary-location association.,
REL-0181564,Person,PER-027560,OWNS,Vehicle,VEH-012560,,MEDIUM,SYNTHETIC,,,true,Synthetic vehicle ownership.,
REL-0181933,Person,PER-027683,OWNS,Vehicle,VEH-012683,,MEDIUM,SYNTHETIC,,,true,Synthetic vehicle ownership.,
REL-0182144,Person,PER-027753,LOCATED_AT,Location,LOC-000287,,MEDIUM,SYNTHETIC,,,true,Synthetic primary-location association.,
REL-0182678,Person,PER-027931,LOCATED_AT,Location,LOC-008598,,MEDIUM,SYNTHETIC,,,true,Synthetic primary-location association.,
REL-0182765,Person,PER-027960,LOCATED_AT,Location,LOC-006029,,MEDIUM,SYNTHETIC,,,true,Synthetic primary-location association.,
REL-0182920,Person,PER-028012,OWNS,Vehicle,VEH-013012,,MEDIUM,SYNTHETIC,,,true,Synthetic vehicle ownership.,
REL-0183011,Person,PER-028042,LOCATED_AT,Location,LOC-006641,,MEDIUM,SYNTHETIC,,,true,Synthetic primary-location association.,
REL-0183053,Person,PER-028056,LOCATED_AT,Location,LOC-001251,,MEDIUM,SYNTHETIC,,,true,Synthetic primary-location association.,
REL-0183218,Person,PER-028111,LOCATED_AT,Location,LOC-000287,,MEDIUM,SYNTHETIC,,,true,Synthetic primary-location association.,
REL-0183425,Person,PER-028180,LOCATED_AT,Location,LOC-009194,,MEDIUM,SYNTHETIC,,,true,Synthetic primary-location association.,
REL-0183506,Person,PER-028207,LOCATED_AT,Location,LOC-009958,,MEDIUM,SYNTHETIC,,,true,Synthetic primary-location association.,
REL-0183629,Person,PER-028248,LOCATED_AT,Location,LOC-007773,,MEDIUM,SYNTHETIC,,,true,Synthetic primary-location association.,
REL-0183717,Person,PER-028278,WORKS_FOR,Organization,ORG-02308,,MEDIUM,SYNTHETIC,,,true,Synthetic organizational association.,
REL-0183718,Person,PER-028278,OWNS,Vehicle,VEH-013278,,MEDIUM,SYNTHETIC,,,true,Synthetic vehicle ownership.,
REL-0183719,Person,PER-028278,LOCATED_AT,Location,LOC-001251,,MEDIUM,SYNTHETIC,,,true,Synthetic primary-location association.,
REL-0183732,Person,PER-028283,WORKS_FOR,Organization,ORG-02179,,MEDIUM,SYNTHETIC,,,true,Synthetic organizational association.,
REL-0183733,Person,PER-028283,OWNS,Vehicle,VEH-013283,,MEDIUM,SYNTHETIC,,,true,Synthetic vehicle ownership.,
REL-0183734,Person,PER-028283,LOCATED_AT,Location,LOC-000287,,MEDIUM,SYNTHETIC,,,true,Synthetic primary-location association.,
REL-0184224,Person,PER-028447,WORKS_FOR,Organization,ORG-01646,,MEDIUM,SYNTHETIC,,,true,Synthetic organizational association.,
REL-0184225,Person,PER-028447,OWNS,Vehicle,VEH-013447,,MEDIUM,SYNTHETIC,,,true,Synthetic vehicle ownership.,
REL-0184226,Person,PER-028447,LOCATED_AT,Location,LOC-007127,,MEDIUM,SYNTHETIC,,,true,Synthetic primary-location association.,
REL-0184233,Person,PER-028450,WORKS_FOR,Organization,ORG-01798,,MEDIUM,SYNTHETIC,,,true,Synthetic organizational association.,
REL-0184234,Person,PER-028450,OWNS,Vehicle,VEH-013450,,MEDIUM,SYNTHETIC,,,true,Synthetic vehicle ownership.,
REL-0184235,Person,PER-028450,LOCATED_AT,Location,LOC-009499,,MEDIUM,SYNTHETIC,,,true,Synthetic primary-location association.,
REL-0184365,Person,PER-028494,WORKS_FOR,Organization,ORG-04651,,MEDIUM,SYNTHETIC,,,true,Synthetic organizational association.,
REL-0184366,Person,PER-028494,OWNS,Vehicle,VEH-013494,,MEDIUM,SYNTHETIC,,,true,Synthetic vehicle ownership.,
REL-0184367,Person,PER-028494,LOCATED_AT,Location,LOC-003606,,MEDIUM,SYNTHETIC,,,true,Synthetic primary-location association.,
REL-0184377,Person,PER-028498,WORKS_FOR,Organization,ORG-01672,,MEDIUM,SYNTHETIC,,,true,Synthetic organizational association.,
REL-0184378,Person,PER-028498,OWNS,Vehicle,VEH-013498,,MEDIUM,SYNTHETIC,,,true,Synthetic vehicle ownership.,
REL-0184379,Person,PER-028498,LOCATED_AT,Location,LOC-000572,,MEDIUM,SYNTHETIC,,,true,Synthetic primary-location association.,
REL-0184415,Person,PER-028510,LOCATED_AT,Location,LOC-009166,,MEDIUM,SYNTHETIC,,,true,Synthetic primary-location association.,
REL-0184526,Person,PER-028547,LOCATED_AT,Location,LOC-007336,,MEDIUM,SYNTHETIC,,,true,Synthetic primary-location association.,
REL-0184664,Person,PER-028593,LOCATED_AT,Location,LOC-000175,,MEDIUM,SYNTHETIC,,,true,Synthetic primary-location association.,
REL-0184814,Person,PER-028643,LOCATED_AT,Location,LOC-007231,,MEDIUM,SYNTHETIC,,,true,Synthetic primary-location association.,
REL-0184849,Person,PER-028655,OWNS,Vehicle,VEH-013655,,MEDIUM,SYNTHETIC,,,true,Synthetic vehicle ownership.,
REL-0185486,Person,PER-028867,LOCATED_AT,Location,LOC-005411,,MEDIUM,SYNTHETIC,,,true,Synthetic primary-location association.,
REL-0185510,Person,PER-028875,LOCATED_AT,Location,LOC-004703,,MEDIUM,SYNTHETIC,,,true,Synthetic primary-location association.,
REL-0186185,Person,PER-029100,LOCATED_AT,Location,LOC-003486,,MEDIUM,SYNTHETIC,,,true,Synthetic primary-location association.,
REL-0187446,Person,PER-029521,WORKS_FOR,Organization,ORG-01940,,MEDIUM,SYNTHETIC,,,true,Synthetic organizational association.,
REL-0187447,Person,PER-029521,OWNS,Vehicle,VEH-014521,,MEDIUM,SYNTHETIC,,,true,Synthetic vehicle ownership.,
REL-0187448,Person,PER-029521,LOCATED_AT,Location,LOC-006867,,MEDIUM,SYNTHETIC,,,true,Synthetic primary-location association.,
REL-0187458,Person,PER-029525,WORKS_FOR,Organization,ORG-03196,,MEDIUM,SYNTHETIC,,,true,Synthetic organizational association.,
REL-0187459,Person,PER-029525,OWNS,Vehicle,VEH-014525,,MEDIUM,SYNTHETIC,,,true,Synthetic vehicle ownership.,
REL-0187460,Person,PER-029525,LOCATED_AT,Location,LOC-005411,,MEDIUM,SYNTHETIC,,,true,Synthetic primary-location association.,
REL-0187505,Person,PER-029540,LOCATED_AT,Location,LOC-004296,,MEDIUM,SYNTHETIC,,,true,Synthetic primary-location association.,
REL-0187709,Person,PER-029608,LOCATED_AT,Location,LOC-004659,,MEDIUM,SYNTHETIC,,,true,Synthetic primary-location association.,
REL-0187754,Person,PER-029623,LOCATED_AT,Location,LOC-006012,,MEDIUM,SYNTHETIC,,,true,Synthetic primary-location association.,
REL-0187937,Person,PER-029684,LOCATED_AT,Location,LOC-001352,,MEDIUM,SYNTHETIC,,,true,Synthetic primary-location association.,
REL-0188132,Person,PER-029749,LOCATED_AT,Location,LOC-009197,,MEDIUM,SYNTHETIC,,,true,Synthetic primary-location association.,
REL-0188363,Person,PER-029826,LOCATED_AT,Location,LOC-004983,,MEDIUM,SYNTHETIC,,,true,Synthetic primary-location association.,
REL-0188507,Person,PER-029874,LOCATED_AT,Location,LOC-005881,,MEDIUM,SYNTHETIC,,,true,Synthetic primary-location association.,
REL-0188780,Person,PER-029965,LOCATED_AT,Location,LOC-007231,,MEDIUM,SYNTHETIC,,,true,Synthetic primary-location association.,
REL-0188819,Person,PER-029978,LOCATED_AT,Location,LOC-007127,,MEDIUM,SYNTHETIC,,,true,Synthetic primary-location association.,
REL-0189035,Person,PER-030050,LOCATED_AT,Location,LOC-002382,,MEDIUM,SYNTHETIC,,,true,Synthetic primary-location association.,
REL-0189233,Person,PER-030116,LOCATED_AT,Location,LOC-007711,,MEDIUM,SYNTHETIC,,,true,Synthetic primary-location association.,
REL-0189353,Person,PER-030156,LOCATED_AT,Location,LOC-008712,,MEDIUM,SYNTHETIC,,,true,Synthetic primary-location association.,
REL-0189731,Person,PER-030282,LOCATED_AT,Location,LOC-005763,,MEDIUM,SYNTHETIC,,,true,Synthetic primary-location association.,
REL-0189769,Person,PER-030295,OWNS,Vehicle,VEH-000295,,MEDIUM,SYNTHETIC,,,true,Synthetic vehicle ownership.,
REL-0189817,Person,PER-030311,OWNS,Vehicle,VEH-000311,,MEDIUM,SYNTHETIC,,,true,Synthetic vehicle ownership.,
REL-0189833,Person,PER-030316,LOCATED_AT,Location,LOC-007251,,MEDIUM,SYNTHETIC,,,true,Synthetic primary-location association.,
REL-0190109,Person,PER-030408,LOCATED_AT,Location,LOC-000111,,MEDIUM,SYNTHETIC,,,true,Synthetic primary-location association.,
REL-0190252,Person,PER-030456,OWNS,Vehicle,VEH-000456,,MEDIUM,SYNTHETIC,,,true,Synthetic vehicle ownership.,
REL-0190817,Person,PER-030644,LOCATED_AT,Location,LOC-000287,,MEDIUM,SYNTHETIC,,,true,Synthetic primary-location association.,
REL-0190975,Person,PER-030697,OWNS,Vehicle,VEH-000697,,MEDIUM,SYNTHETIC,,,true,Synthetic vehicle ownership.,
REL-0191167,Person,PER-030761,OWNS,Vehicle,VEH-000761,,MEDIUM,SYNTHETIC,,,true,Synthetic vehicle ownership.,
REL-0191647,Person,PER-030921,OWNS,Vehicle,VEH-000921,,MEDIUM,SYNTHETIC,,,true,Synthetic vehicle ownership.,
REL-0191708,Person,PER-030941,LOCATED_AT,Location,LOC-004699,,MEDIUM,SYNTHETIC,,,true,Synthetic primary-location association.,
REL-0191716,Person,PER-030944,OWNS,Vehicle,VEH-000944,,MEDIUM,SYNTHETIC,,,true,Synthetic vehicle ownership.,
REL-0192023,Person,PER-031046,LOCATED_AT,Location,LOC-006699,,MEDIUM,SYNTHETIC,,,true,Synthetic primary-location association.,
REL-0192323,Person,PER-031146,LOCATED_AT,Location,LOC-006012,,MEDIUM,SYNTHETIC,,,true,Synthetic primary-location association.,
REL-0192338,Person,PER-031151,LOCATED_AT,Location,LOC-000287,,MEDIUM,SYNTHETIC,,,true,Synthetic primary-location association.,
REL-0192519,Person,PER-031212,WORKS_FOR,Organization,ORG-02552,,MEDIUM,SYNTHETIC,,,true,Synthetic organizational association.,
REL-0192520,Person,PER-031212,OWNS,Vehicle,VEH-001212,,MEDIUM,SYNTHETIC,,,true,Synthetic vehicle ownership.,
REL-0192521,Person,PER-031212,LOCATED_AT,Location,LOC-008029,,MEDIUM,SYNTHETIC,,,true,Synthetic primary-location association.,
REL-0192540,Person,PER-031219,WORKS_FOR,Organization,ORG-00435,,MEDIUM,SYNTHETIC,,,true,Synthetic organizational association.,
REL-0192541,Person,PER-031219,OWNS,Vehicle,VEH-001219,,MEDIUM,SYNTHETIC,,,true,Synthetic vehicle ownership.,
REL-0192542,Person,PER-031219,LOCATED_AT,Location,LOC-003486,,MEDIUM,SYNTHETIC,,,true,Synthetic primary-location association.,
REL-0192821,Person,PER-031312,LOCATED_AT,Location,LOC-001251,,MEDIUM,SYNTHETIC,,,true,Synthetic primary-location association.,
REL-0192934,Person,PER-031350,OWNS,Vehicle,VEH-001350,,MEDIUM,SYNTHETIC,,,true,Synthetic vehicle ownership.,
REL-0192968,Person,PER-031361,LOCATED_AT,Location,LOC-009386,,MEDIUM,SYNTHETIC,,,true,Synthetic primary-location association.,
REL-0192998,Person,PER-031371,LOCATED_AT,Location,LOC-008896,,MEDIUM,SYNTHETIC,,,true,Synthetic primary-location association.,
REL-0193073,Person,PER-031396,LOCATED_AT,Location,LOC-002251,,MEDIUM,SYNTHETIC,,,true,Synthetic primary-location association.,
REL-0193174,Person,PER-031430,OWNS,Vehicle,VEH-001430,,MEDIUM,SYNTHETIC,,,true,Synthetic vehicle ownership.,
REL-0193274,Person,PER-031463,LOCATED_AT,Location,LOC-009980,,MEDIUM,SYNTHETIC,,,true,Synthetic primary-location association.,
REL-0193457,Person,PER-031524,LOCATED_AT,Location,LOC-006029,,MEDIUM,SYNTHETIC,,,true,Synthetic primary-location association.,
REL-0193696,Person,PER-031604,OWNS,Vehicle,VEH-001604,,MEDIUM,SYNTHETIC,,,true,Synthetic vehicle ownership.,
REL-0194044,Person,PER-031720,OWNS,Vehicle,VEH-001720,,MEDIUM,SYNTHETIC,,,true,Synthetic vehicle ownership.,
REL-0195023,Person,PER-032046,LOCATED_AT,Location,LOC-002374,,MEDIUM,SYNTHETIC,,,true,Synthetic primary-location association.,
REL-0195176,Person,PER-032097,LOCATED_AT,Location,LOC-001301,,MEDIUM,SYNTHETIC,,,true,Synthetic primary-location association.,
REL-0195461,Person,PER-032192,LOCATED_AT,Location,LOC-001352,,MEDIUM,SYNTHETIC,,,true,Synthetic primary-location association.,
REL-0195553,Person,PER-032223,OWNS,Vehicle,VEH-002223,,MEDIUM,SYNTHETIC,,,true,Synthetic vehicle ownership.,
REL-0195601,Person,PER-032239,OWNS,Vehicle,VEH-002239,,MEDIUM,SYNTHETIC,,,true,Synthetic vehicle ownership.,
REL-0195796,Person,PER-032304,OWNS,Vehicle,VEH-002304,,MEDIUM,SYNTHETIC,,,true,Synthetic vehicle ownership.,
REL-0195856,Person,PER-032324,OWNS,Vehicle,VEH-002324,,MEDIUM,SYNTHETIC,,,true,Synthetic vehicle ownership.,
REL-0196342,Person,PER-032486,OWNS,Vehicle,VEH-002486,,MEDIUM,SYNTHETIC,,,true,Synthetic vehicle ownership.,
REL-0196619,Person,PER-032578,LOCATED_AT,Location,LOC-006716,,MEDIUM,SYNTHETIC,,,true,Synthetic primary-location association.,
REL-0197294,Person,PER-032803,LOCATED_AT,Location,LOC-009958,,MEDIUM,SYNTHETIC,,,true,Synthetic primary-location association.,
REL-0197444,Person,PER-032853,LOCATED_AT,Location,LOC-003069,,MEDIUM,SYNTHETIC,,,true,Synthetic primary-location association.,
REL-0197480,Person,PER-032865,LOCATED_AT,Location,LOC-005881,,MEDIUM,SYNTHETIC,,,true,Synthetic primary-location association.,
REL-0198583,Person,PER-033233,OWNS,Vehicle,VEH-003233,,MEDIUM,SYNTHETIC,,,true,Synthetic vehicle ownership.,
REL-0198586,Person,PER-033234,OWNS,Vehicle,VEH-003234,,MEDIUM,SYNTHETIC,,,true,Synthetic vehicle ownership.,
REL-0198589,Person,PER-033235,OWNS,Vehicle,VEH-003235,,MEDIUM,SYNTHETIC,,,true,Synthetic vehicle ownership.,
REL-0199066,Person,PER-033394,OWNS,Vehicle,VEH-003394,,MEDIUM,SYNTHETIC,,,true,Synthetic vehicle ownership.,
REL-0199085,Person,PER-033400,LOCATED_AT,Location,LOC-001352,,MEDIUM,SYNTHETIC,,,true,Synthetic primary-location association.,
REL-0200267,Person,PER-033794,LOCATED_AT,Location,LOC-000175,,MEDIUM,SYNTHETIC,,,true,Synthetic primary-location association.,
REL-0200269,Person,PER-033795,OWNS,Vehicle,VEH-003795,,MEDIUM,SYNTHETIC,,,true,Synthetic vehicle ownership.,
REL-0200734,Person,PER-033950,OWNS,Vehicle,VEH-003950,,MEDIUM,SYNTHETIC,,,true,Synthetic vehicle ownership.,
REL-0200758,Person,PER-033958,OWNS,Vehicle,VEH-003958,,MEDIUM,SYNTHETIC,,,true,Synthetic vehicle ownership.,
REL-0201115,Person,PER-034077,OWNS,Vehicle,VEH-004077,,MEDIUM,SYNTHETIC,,,true,Synthetic vehicle ownership.,
REL-0201194,Person,PER-034103,LOCATED_AT,Location,LOC-003767,,MEDIUM,SYNTHETIC,,,true,Synthetic primary-location association.,
REL-0201814,Person,PER-034310,OWNS,Vehicle,VEH-004310,,MEDIUM,SYNTHETIC,,,true,Synthetic vehicle ownership.,
REL-0201884,Person,PER-034333,LOCATED_AT,Location,LOC-000111,,MEDIUM,SYNTHETIC,,,true,Synthetic primary-location association.,
REL-0202006,Person,PER-034374,OWNS,Vehicle,VEH-004374,,MEDIUM,SYNTHETIC,,,true,Synthetic vehicle ownership.,
REL-0202009,Person,PER-034375,OWNS,Vehicle,VEH-004375,,MEDIUM,SYNTHETIC,,,true,Synthetic vehicle ownership.,
REL-0202379,Person,PER-034498,LOCATED_AT,Location,LOC-000175,,MEDIUM,SYNTHETIC,,,true,Synthetic primary-location association.,
REL-0202562,Person,PER-034559,LOCATED_AT,Location,LOC-006699,,MEDIUM,SYNTHETIC,,,true,Synthetic primary-location association.,
REL-0203828,Person,PER-034981,LOCATED_AT,Location,LOC-002374,,MEDIUM,SYNTHETIC,,,true,Synthetic primary-location association.,
REL-0203861,Person,PER-034992,LOCATED_AT,Location,LOC-007251,,MEDIUM,SYNTHETIC,,,true,Synthetic primary-location association.,
REL-0204002,Person,PER-035039,LOCATED_AT,Location,LOC-006716,,MEDIUM,SYNTHETIC,,,true,Synthetic primary-location association.,
REL-0204172,Person,PER-035096,OWNS,Vehicle,VEH-005096,,MEDIUM,SYNTHETIC,,,true,Synthetic vehicle ownership.,
REL-0204202,Person,PER-035106,OWNS,Vehicle,VEH-005106,,MEDIUM,SYNTHETIC,,,true,Synthetic vehicle ownership.,
REL-0204440,Person,PER-035185,LOCATED_AT,Location,LOC-001440,,MEDIUM,SYNTHETIC,,,true,Synthetic primary-location association.,
REL-0204518,Person,PER-035211,LOCATED_AT,Location,LOC-001352,,MEDIUM,SYNTHETIC,,,true,Synthetic primary-location association.,
REL-0204542,Person,PER-035219,LOCATED_AT,Location,LOC-009679,,MEDIUM,SYNTHETIC,,,true,Synthetic primary-location association.,
REL-0205153,Person,PER-035423,OWNS,Vehicle,VEH-005423,,MEDIUM,SYNTHETIC,,,true,Synthetic vehicle ownership.,
REL-0205235,Person,PER-035450,LOCATED_AT,Location,LOC-009197,,MEDIUM,SYNTHETIC,,,true,Synthetic primary-location association.,
REL-0205245,Person,PER-035454,WORKS_FOR,Organization,ORG-01122,,MEDIUM,SYNTHETIC,,,true,Synthetic organizational association.,
REL-0205246,Person,PER-035454,OWNS,Vehicle,VEH-005454,,MEDIUM,SYNTHETIC,,,true,Synthetic vehicle ownership.,
REL-0205247,Person,PER-035454,LOCATED_AT,Location,LOC-003644,,MEDIUM,SYNTHETIC,,,true,Synthetic primary-location association.,
REL-0205278,Person,PER-035465,WORKS_FOR,Organization,ORG-00176,,MEDIUM,SYNTHETIC,,,true,Synthetic organizational association.,
REL-0205279,Person,PER-035465,OWNS,Vehicle,VEH-005465,,MEDIUM,SYNTHETIC,,,true,Synthetic vehicle ownership.,
REL-0205280,Person,PER-035465,LOCATED_AT,Location,LOC-003668,,MEDIUM,SYNTHETIC,,,true,Synthetic primary-location association.,
REL-0205385,Person,PER-035500,LOCATED_AT,Location,LOC-008948,,MEDIUM,SYNTHETIC,,,true,Synthetic primary-location association.,
REL-0205493,Person,PER-035536,LOCATED_AT,Location,LOC-005579,,MEDIUM,SYNTHETIC,,,true,Synthetic primary-location association.,
REL-0205498,Person,PER-035538,OWNS,Vehicle,VEH-005538,,MEDIUM,SYNTHETIC,,,true,Synthetic vehicle ownership.,
REL-0205754,Person,PER-035623,LOCATED_AT,Location,LOC-003644,,MEDIUM,SYNTHETIC,,,true,Synthetic primary-location association.,
REL-0206345,Person,PER-035820,LOCATED_AT,Location,LOC-002382,,MEDIUM,SYNTHETIC,,,true,Synthetic primary-location association.,
REL-0206624,Person,PER-035913,LOCATED_AT,Location,LOC-009166,,MEDIUM,SYNTHETIC,,,true,Synthetic primary-location association.,
REL-0206786,Person,PER-035967,LOCATED_AT,Location,LOC-004703,,MEDIUM,SYNTHETIC,,,true,Synthetic primary-location association.,
REL-0206978,Person,PER-036031,LOCATED_AT,Location,LOC-005579,,MEDIUM,SYNTHETIC,,,true,Synthetic primary-location association.,
REL-0207485,Person,PER-036200,LOCATED_AT,Location,LOC-009499,,MEDIUM,SYNTHETIC,,,true,Synthetic primary-location association.,
REL-0207695,Person,PER-036270,LOCATED_AT,Location,LOC-009166,,MEDIUM,SYNTHETIC,,,true,Synthetic primary-location association.,
REL-0208213,Person,PER-036443,OWNS,Vehicle,VEH-006443,,MEDIUM,SYNTHETIC,,,true,Synthetic vehicle ownership.,
REL-0208273,Person,PER-036463,OWNS,Vehicle,VEH-006463,,MEDIUM,SYNTHETIC,,,true,Synthetic vehicle ownership.,
REL-0208301,Person,PER-036472,LOCATED_AT,Location,LOC-009499,,MEDIUM,SYNTHETIC,,,true,Synthetic primary-location association.,
REL-0208547,Person,PER-036554,LOCATED_AT,Location,LOC-001301,,MEDIUM,SYNTHETIC,,,true,Synthetic primary-location association.,
REL-0208802,Person,PER-036639,LOCATED_AT,Location,LOC-004989,,MEDIUM,SYNTHETIC,,,true,Synthetic primary-location association.,
REL-0208856,Person,PER-036657,LOCATED_AT,Location,LOC-007711,,MEDIUM,SYNTHETIC,,,true,Synthetic primary-location association.,
REL-0208979,Person,PER-036698,LOCATED_AT,Location,LOC-004983,,MEDIUM,SYNTHETIC,,,true,Synthetic primary-location association.,
REL-0209318,Person,PER-036811,LOCATED_AT,Location,LOC-001855,,MEDIUM,SYNTHETIC,,,true,Synthetic primary-location association.,
REL-0209419,Person,PER-036845,OWNS,Vehicle,VEH-006845,,MEDIUM,SYNTHETIC,,,true,Synthetic vehicle ownership.,
REL-0209491,Person,PER-036869,OWNS,Vehicle,VEH-006869,,MEDIUM,SYNTHETIC,,,true,Synthetic vehicle ownership.,
REL-0209696,Person,PER-036937,LOCATED_AT,Location,LOC-002382,,MEDIUM,SYNTHETIC,,,true,Synthetic primary-location association.,
REL-0209857,Person,PER-036991,OWNS,Vehicle,VEH-006991,,MEDIUM,SYNTHETIC,,,true,Synthetic vehicle ownership.,
REL-0210533,Person,PER-037216,LOCATED_AT,Location,LOC-008222,,MEDIUM,SYNTHETIC,,,true,Synthetic primary-location association.,
REL-0210592,Person,PER-037236,OWNS,Vehicle,VEH-007236,,MEDIUM,SYNTHETIC,,,true,Synthetic vehicle ownership.,
REL-0210619,Person,PER-037245,OWNS,Vehicle,VEH-007245,,MEDIUM,SYNTHETIC,,,true,Synthetic vehicle ownership.,
REL-0211076,Person,PER-037397,LOCATED_AT,Location,LOC-000795,,MEDIUM,SYNTHETIC,,,true,Synthetic primary-location association.,
REL-0211253,Person,PER-037456,LOCATED_AT,Location,LOC-000572,,MEDIUM,SYNTHETIC,,,true,Synthetic primary-location association.,
REL-0211265,Person,PER-037460,LOCATED_AT,Location,LOC-006699,,MEDIUM,SYNTHETIC,,,true,Synthetic primary-location association.,
REL-0211340,Person,PER-037485,LOCATED_AT,Location,LOC-009679,,MEDIUM,SYNTHETIC,,,true,Synthetic primary-location association.,
REL-0211355,Person,PER-037490,LOCATED_AT,Location,LOC-004699,,MEDIUM,SYNTHETIC,,,true,Synthetic primary-location association.,
REL-0211495,Person,PER-037555,LOCATED_AT,Location,LOC-000111,,MEDIUM,SYNTHETIC,,,true,Synthetic primary-location association.,
REL-0211545,Person,PER-037580,LOCATED_AT,Location,LOC-005692,,MEDIUM,SYNTHETIC,,,true,Synthetic primary-location association.,
REL-0211769,Person,PER-037692,LOCATED_AT,Location,LOC-001352,,MEDIUM,SYNTHETIC,,,true,Synthetic primary-location association.,
REL-0212097,Person,PER-037856,LOCATED_AT,Location,LOC-006699,,MEDIUM,SYNTHETIC,,,true,Synthetic primary-location association.,
REL-0212203,Person,PER-037909,LOCATED_AT,Location,LOC-000287,,MEDIUM,SYNTHETIC,,,true,Synthetic primary-location association.,
REL-0212379,Person,PER-037997,LOCATED_AT,Location,LOC-003644,,MEDIUM,SYNTHETIC,,,true,Synthetic primary-location association.,
REL-0212401,Person,PER-038008,LOCATED_AT,Location,LOC-001352,,MEDIUM,SYNTHETIC,,,true,Synthetic primary-location association.,
REL-0212435,Person,PER-038025,LOCATED_AT,Location,LOC-000594,,MEDIUM,SYNTHETIC,,,true,Synthetic primary-location association.,
REL-0212545,Person,PER-038080,LOCATED_AT,Location,LOC-002924,,MEDIUM,SYNTHETIC,,,true,Synthetic primary-location association.,
REL-0212837,Person,PER-038226,LOCATED_AT,Location,LOC-002382,,MEDIUM,SYNTHETIC,,,true,Synthetic primary-location association.,
REL-0213175,Person,PER-038395,LOCATED_AT,Location,LOC-002374,,MEDIUM,SYNTHETIC,,,true,Synthetic primary-location association.,
REL-0213355,Person,PER-038485,LOCATED_AT,Location,LOC-009166,,MEDIUM,SYNTHETIC,,,true,Synthetic primary-location association.,
REL-0213531,Person,PER-038573,LOCATED_AT,Location,LOC-004699,,MEDIUM,SYNTHETIC,,,true,Synthetic primary-location association.,
REL-0213675,Person,PER-038645,LOCATED_AT,Location,LOC-005881,,MEDIUM,SYNTHETIC,,,true,Synthetic primary-location association.,
REL-0213969,Person,PER-038792,LOCATED_AT,Location,LOC-000287,,MEDIUM,SYNTHETIC,,,true,Synthetic primary-location association.,
REL-0214275,Person,PER-038945,LOCATED_AT,Location,LOC-008679,,MEDIUM,SYNTHETIC,,,true,Synthetic primary-location association.,
REL-0214301,Person,PER-038958,LOCATED_AT,Location,LOC-008948,,MEDIUM,SYNTHETIC,,,true,Synthetic primary-location association.,
REL-0214555,Person,PER-039085,LOCATED_AT,Location,LOC-004904,,MEDIUM,SYNTHETIC,,,true,Synthetic primary-location association.,
REL-0214775,Person,PER-039195,LOCATED_AT,Location,LOC-001105,,MEDIUM,SYNTHETIC,,,true,Synthetic primary-location association.,
REL-0215059,Person,PER-039337,LOCATED_AT,Location,LOC-001768,,MEDIUM,SYNTHETIC,,,true,Synthetic primary-location association.,
REL-0215361,Person,PER-039488,LOCATED_AT,Location,LOC-003069,,MEDIUM,SYNTHETIC,,,true,Synthetic primary-location association.,
REL-0215579,Person,PER-039597,LOCATED_AT,Location,LOC-003606,,MEDIUM,SYNTHETIC,,,true,Synthetic primary-location association.,
REL-0215677,Person,PER-039646,LOCATED_AT,Location,LOC-002382,,MEDIUM,SYNTHETIC,,,true,Synthetic primary-location association.,
REL-0216271,Person,PER-039943,LOCATED_AT,Location,LOC-003490,,MEDIUM,SYNTHETIC,,,true,Synthetic primary-location association.,
REL-0216777,Person,PER-040196,LOCATED_AT,Location,LOC-005692,,MEDIUM,SYNTHETIC,,,true,Synthetic primary-location association.,
REL-0216853,Person,PER-040234,LOCATED_AT,Location,LOC-005763,,MEDIUM,SYNTHETIC,,,true,Synthetic primary-location association.,
REL-0217277,Person,PER-040446,LOCATED_AT,Location,LOC-009980,,MEDIUM,SYNTHETIC,,,true,Synthetic primary-location association.,
REL-0217343,Person,PER-040479,LOCATED_AT,Location,LOC-000287,,MEDIUM,SYNTHETIC,,,true,Synthetic primary-location association.,
REL-0217963,Person,PER-040789,LOCATED_AT,Location,LOC-007127,,MEDIUM,SYNTHETIC,,,true,Synthetic primary-location association.,
REL-0218117,Person,PER-040866,LOCATED_AT,Location,LOC-009980,,MEDIUM,SYNTHETIC,,,true,Synthetic primary-location association.,
REL-0218163,Person,PER-040889,LOCATED_AT,Location,LOC-007336,,MEDIUM,SYNTHETIC,,,true,Synthetic primary-location association.,
REL-0218273,Person,PER-040944,LOCATED_AT,Location,LOC-009499,,MEDIUM,SYNTHETIC,,,true,Synthetic primary-location association.,
REL-0218799,Person,PER-041207,LOCATED_AT,Location,LOC-009432,,MEDIUM,SYNTHETIC,,,true,Synthetic primary-location association.,
REL-0218895,Person,PER-041255,LOCATED_AT,Location,LOC-007711,,MEDIUM,SYNTHETIC,,,true,Synthetic primary-location association.,
REL-0219251,Person,PER-041433,LOCATED_AT,Location,LOC-008275,,MEDIUM,SYNTHETIC,,,true,Synthetic primary-location association.,
REL-0219305,Person,PER-041460,LOCATED_AT,Location,LOC-000175,,MEDIUM,SYNTHETIC,,,true,Synthetic primary-location association.,
REL-0219489,Person,PER-041552,LOCATED_AT,Location,LOC-005579,,MEDIUM,SYNTHETIC,,,true,Synthetic primary-location association.,
REL-0219615,Person,PER-041615,LOCATED_AT,Location,LOC-001251,,MEDIUM,SYNTHETIC,,,true,Synthetic primary-location association.,
REL-0219659,Person,PER-041637,LOCATED_AT,Location,LOC-004659,,MEDIUM,SYNTHETIC,,,true,Synthetic primary-location association.,
REL-0219853,Person,PER-041734,LOCATED_AT,Location,LOC-000848,,MEDIUM,SYNTHETIC,,,true,Synthetic primary-location association.,
REL-0220067,Person,PER-041841,LOCATED_AT,Location,LOC-007773,,MEDIUM,SYNTHETIC,,,true,Synthetic primary-location association.,
REL-0220789,Person,PER-042202,LOCATED_AT,Location,LOC-008712,,MEDIUM,SYNTHETIC,,,true,Synthetic primary-location association.,
REL-0220821,Person,PER-042218,LOCATED_AT,Location,LOC-006029,,MEDIUM,SYNTHETIC,,,true,Synthetic primary-location association.,
REL-0220941,Person,PER-042278,LOCATED_AT,Location,LOC-007336,,MEDIUM,SYNTHETIC,,,true,Synthetic primary-location association.,
REL-0221057,Person,PER-042336,LOCATED_AT,Location,LOC-005579,,MEDIUM,SYNTHETIC,,,true,Synthetic primary-location association.,
REL-0221577,Person,PER-042596,LOCATED_AT,Location,LOC-007773,,MEDIUM,SYNTHETIC,,,true,Synthetic primary-location association.,
REL-0221639,Person,PER-042627,LOCATED_AT,Location,LOC-005474,,MEDIUM,SYNTHETIC,,,true,Synthetic primary-location association.,
REL-0221683,Person,PER-042649,LOCATED_AT,Location,LOC-009197,,MEDIUM,SYNTHETIC,,,true,Synthetic primary-location association.,
REL-0221867,Person,PER-042741,LOCATED_AT,Location,LOC-009980,,MEDIUM,SYNTHETIC,,,true,Synthetic primary-location association.,
REL-0222265,Person,PER-042940,LOCATED_AT,Location,LOC-003486,,MEDIUM,SYNTHETIC,,,true,Synthetic primary-location association.,
REL-0222403,Person,PER-043009,LOCATED_AT,Location,LOC-004699,,MEDIUM,SYNTHETIC,,,true,Synthetic primary-location association.,
REL-0222649,Person,PER-043132,LOCATED_AT,Location,LOC-009432,,MEDIUM,SYNTHETIC,,,true,Synthetic primary-location association.,
REL-0223297,Person,PER-043456,LOCATED_AT,Location,LOC-008275,,MEDIUM,SYNTHETIC,,,true,Synthetic primary-location association.,
REL-0223377,Person,PER-043496,LOCATED_AT,Location,LOC-002382,,MEDIUM,SYNTHETIC,,,true,Synthetic primary-location association.,
REL-0223519,Person,PER-043567,LOCATED_AT,Location,LOC-004703,,MEDIUM,SYNTHETIC,,,true,Synthetic primary-location association.,
REL-0223917,Person,PER-043766,LOCATED_AT,Location,LOC-001768,,MEDIUM,SYNTHETIC,,,true,Synthetic primary-location association.,
REL-0224453,Person,PER-044034,LOCATED_AT,Location,LOC-000287,,MEDIUM,SYNTHETIC,,,true,Synthetic primary-location association.,
REL-0224489,Person,PER-044052,LOCATED_AT,Location,LOC-003069,,MEDIUM,SYNTHETIC,,,true,Synthetic primary-location association.,
REL-0224789,Person,PER-044202,LOCATED_AT,Location,LOC-005763,,MEDIUM,SYNTHETIC,,,true,Synthetic primary-location association.,
REL-0224895,Person,PER-044255,LOCATED_AT,Location,LOC-005474,,MEDIUM,SYNTHETIC,,,true,Synthetic primary-location association.,
REL-0224913,Person,PER-044264,LOCATED_AT,Location,LOC-007336,,MEDIUM,SYNTHETIC,,,true,Synthetic primary-location association.,
REL-0224989,Person,PER-044302,LOCATED_AT,Location,LOC-003767,,MEDIUM,SYNTHETIC,,,true,Synthetic primary-location association.,
REL-0225075,Person,PER-044345,LOCATED_AT,Location,LOC-003606,,MEDIUM,SYNTHETIC,,,true,Synthetic primary-location association.,
REL-0225855,Person,PER-044735,LOCATED_AT,Location,LOC-003668,,MEDIUM,SYNTHETIC,,,true,Synthetic primary-location association.,
REL-0226943,Person,PER-045279,LOCATED_AT,Location,LOC-000712,,MEDIUM,SYNTHETIC,,,true,Synthetic primary-location association.,
REL-0226979,Person,PER-045297,LOCATED_AT,Location,LOC-000848,,MEDIUM,SYNTHETIC,,,true,Synthetic primary-location association.,
REL-0227043,Person,PER-045329,LOCATED_AT,Location,LOC-009194,,MEDIUM,SYNTHETIC,,,true,Synthetic primary-location association.,
REL-0227193,Person,PER-045404,LOCATED_AT,Location,LOC-009958,,MEDIUM,SYNTHETIC,,,true,Synthetic primary-location association.,
REL-0227225,Person,PER-045420,LOCATED_AT,Location,LOC-004983,,MEDIUM,SYNTHETIC,,,true,Synthetic primary-location association.,
REL-0227285,Person,PER-045450,LOCATED_AT,Location,LOC-004703,,MEDIUM,SYNTHETIC,,,true,Synthetic primary-location association.,
REL-0227665,Person,PER-045640,LOCATED_AT,Location,LOC-003644,,MEDIUM,SYNTHETIC,,,true,Synthetic primary-location association.,
REL-0227689,Person,PER-045652,LOCATED_AT,Location,LOC-000848,,MEDIUM,SYNTHETIC,,,true,Synthetic primary-location association.,
REL-0227771,Person,PER-045693,LOCATED_AT,Location,LOC-009679,,MEDIUM,SYNTHETIC,,,true,Synthetic primary-location association.,
REL-0227849,Person,PER-045732,LOCATED_AT,Location,LOC-007371,,MEDIUM,SYNTHETIC,,,true,Synthetic primary-location association.,
REL-0227875,Person,PER-045745,LOCATED_AT,Location,LOC-009958,,MEDIUM,SYNTHETIC,,,true,Synthetic primary-location association.,
REL-0227899,Person,PER-045757,LOCATED_AT,Location,LOC-003691,,MEDIUM,SYNTHETIC,,,true,Synthetic primary-location association.,
REL-0227903,Person,PER-045759,LOCATED_AT,Location,LOC-004703,,MEDIUM,SYNTHETIC,,,true,Synthetic primary-location association.,
REL-0228129,Person,PER-045872,LOCATED_AT,Location,LOC-002251,,MEDIUM,SYNTHETIC,,,true,Synthetic primary-location association.,
REL-0228251,Person,PER-045933,LOCATED_AT,Location,LOC-009386,,MEDIUM,SYNTHETIC,,,true,Synthetic primary-location association.,
REL-0228477,Person,PER-046046,LOCATED_AT,Location,LOC-000811,,MEDIUM,SYNTHETIC,,,true,Synthetic primary-location association.,
REL-0228731,Person,PER-046173,LOCATED_AT,Location,LOC-000795,,MEDIUM,SYNTHETIC,,,true,Synthetic primary-location association.,
REL-0228759,Person,PER-046187,LOCATED_AT,Location,LOC-009386,,MEDIUM,SYNTHETIC,,,true,Synthetic primary-location association.,
REL-0228883,Person,PER-046249,LOCATED_AT,Location,LOC-008275,,MEDIUM,SYNTHETIC,,,true,Synthetic primary-location association.,
REL-0229217,Person,PER-046416,LOCATED_AT,Location,LOC-000111,,MEDIUM,SYNTHETIC,,,true,Synthetic primary-location association.,
REL-0229391,Person,PER-046503,LOCATED_AT,Location,LOC-001301,,MEDIUM,SYNTHETIC,,,true,Synthetic primary-location association.,
REL-0229817,Person,PER-046716,LOCATED_AT,Location,LOC-006029,,MEDIUM,SYNTHETIC,,,true,Synthetic primary-location association.,
REL-0230373,Person,PER-046994,LOCATED_AT,Location,LOC-003691,,MEDIUM,SYNTHETIC,,,true,Synthetic primary-location association.,
REL-0230639,Person,PER-047127,LOCATED_AT,Location,LOC-003691,,MEDIUM,SYNTHETIC,,,true,Synthetic primary-location association.,
REL-0230789,Person,PER-047202,LOCATED_AT,Location,LOC-000594,,MEDIUM,SYNTHETIC,,,true,Synthetic primary-location association.,
REL-0230941,Person,PER-047278,LOCATED_AT,Location,LOC-002382,,MEDIUM,SYNTHETIC,,,true,Synthetic primary-location association.,
REL-0231039,Person,PER-047327,LOCATED_AT,Location,LOC-000572,,MEDIUM,SYNTHETIC,,,true,Synthetic primary-location association.,
REL-0231397,Person,PER-047506,LOCATED_AT,Location,LOC-008029,,MEDIUM,SYNTHETIC,,,true,Synthetic primary-location association.,
REL-0232661,Person,PER-048138,LOCATED_AT,Location,LOC-001768,,MEDIUM,SYNTHETIC,,,true,Synthetic primary-location association.,
REL-0232897,Person,PER-048256,LOCATED_AT,Location,LOC-007336,,MEDIUM,SYNTHETIC,,,true,Synthetic primary-location association.,
REL-0232977,Person,PER-048296,LOCATED_AT,Location,LOC-005579,,MEDIUM,SYNTHETIC,,,true,Synthetic primary-location association.,
REL-0234067,Person,PER-048841,LOCATED_AT,Location,LOC-007371,,MEDIUM,SYNTHETIC,,,true,Synthetic primary-location association.,
REL-0234199,Person,PER-048907,LOCATED_AT,Location,LOC-000111,,MEDIUM,SYNTHETIC,,,true,Synthetic primary-location association.,
REL-0234341,Person,PER-048978,LOCATED_AT,Location,LOC-003563,,MEDIUM,SYNTHETIC,,,true,Synthetic primary-location association.,
REL-0234349,Person,PER-048982,LOCATED_AT,Location,LOC-009427,,MEDIUM,SYNTHETIC,,,true,Synthetic primary-location association.,
REL-0234545,Person,PER-049080,LOCATED_AT,Location,LOC-001251,,MEDIUM,SYNTHETIC,,,true,Synthetic primary-location association.,
REL-0234555,Person,PER-049085,LOCATED_AT,Location,LOC-007336,,MEDIUM,SYNTHETIC,,,true,Synthetic primary-location association.,
REL-0234597,Person,PER-049106,LOCATED_AT,Location,LOC-009499,,MEDIUM,SYNTHETIC,,,true,Synthetic primary-location association.,
REL-0234989,Person,PER-049302,LOCATED_AT,Location,LOC-007251,,MEDIUM,SYNTHETIC,,,true,Synthetic primary-location association.,
REL-0235339,Person,PER-049477,LOCATED_AT,Location,LOC-007127,,MEDIUM,SYNTHETIC,,,true,Synthetic primary-location association.,
REL-0235841,Person,PER-049728,LOCATED_AT,Location,LOC-003691,,MEDIUM,SYNTHETIC,,,true,Synthetic primary-location association.,
REL-0236157,Person,PER-049886,LOCATED_AT,Location,LOC-000111,,MEDIUM,SYNTHETIC,,,true,Synthetic primary-location association.,
REL-0236167,Person,PER-049891,LOCATED_AT,Location,LOC-009427,,MEDIUM,SYNTHETIC,,,true,Synthetic primary-location association.,
REL-0236321,Person,PER-049968,LOCATED_AT,Location,LOC-001105,,MEDIUM,SYNTHETIC,,,true,Synthetic primary-location association.,
REL-0236938,Person,PER-002304,INVOLVED_IN,Case,CASE-00139,,MEDIUM,SYNTHETIC,,,true,Primary synthetic case participant.,SCN-PHYS-0139
REL-0236939,Person,PER-002324,INVOLVED_IN,Case,CASE-00139,,MEDIUM,SYNTHETIC,,,true,Secondary synthetic case participant.,SCN-PHYS-0139
REL-0236940,Incident,INC-00139,ASSOCIATED_WITH,Case,CASE-00139,,MEDIUM,SYNTHETIC,,,true,Synthetic incident-to-case association.,SCN-PHYS-0139
REL-0236941,Case,CASE-00139,HAS_DOCUMENT,Document,DOC-00138,,MEDIUM,SYNTHETIC,,,true,Synthetic case document linkage.,SCN-PHYS-0139
REL-0237118,Person,PER-003233,INVOLVED_IN,Case,CASE-00184,,MEDIUM,SYNTHETIC,,,true,Primary synthetic case participant.,SCN-PHYS-0184
REL-0237119,Person,PER-003235,INVOLVED_IN,Case,CASE-00184,,MEDIUM,SYNTHETIC,,,true,Secondary synthetic case participant.,SCN-PHYS-0184
REL-0237120,Incident,INC-00184,ASSOCIATED_WITH,Case,CASE-00184,,MEDIUM,SYNTHETIC,,,true,Synthetic incident-to-case association.,SCN-PHYS-0184
REL-0237121,Case,CASE-00184,HAS_DOCUMENT,Document,DOC-00183,,MEDIUM,SYNTHETIC,,,true,Synthetic case document linkage.,SCN-PHYS-0184
REL-0237778,Person,PER-006443,INVOLVED_IN,Case,CASE-00349,,MEDIUM,SYNTHETIC,,,true,Primary synthetic case participant.,SCN-PHYS-0349
REL-0237779,Person,PER-006463,INVOLVED_IN,Case,CASE-00349,,MEDIUM,SYNTHETIC,,,true,Secondary synthetic case participant.,SCN-PHYS-0349
REL-0237780,Incident,INC-00349,ASSOCIATED_WITH,Case,CASE-00349,,MEDIUM,SYNTHETIC,,,true,Synthetic incident-to-case association.,SCN-PHYS-0349
REL-0237781,Case,CASE-00349,HAS_DOCUMENT,Document,DOC-00348,,MEDIUM,SYNTHETIC,,,true,Synthetic case document linkage.,SCN-PHYS-0349
REL-0237958,Person,PER-007236,INVOLVED_IN,Case,CASE-00394,,MEDIUM,SYNTHETIC,,,true,Primary synthetic case participant.,SCN-PHYS-0394
REL-0237959,Person,PER-007245,INVOLVED_IN,Case,CASE-00394,,MEDIUM,SYNTHETIC,,,true,Secondary synthetic case participant.,SCN-PHYS-0394
REL-0237960,Incident,INC-00394,ASSOCIATED_WITH,Case,CASE-00394,,MEDIUM,SYNTHETIC,,,true,Synthetic incident-to-case association.,SCN-PHYS-0394
REL-0237961,Case,CASE-00394,HAS_DOCUMENT,Document,DOC-00393,,MEDIUM,SYNTHETIC,,,true,Synthetic case document linkage.,SCN-PHYS-0394
REL-0238498,Person,PER-009628,INVOLVED_IN,Case,CASE-00529,,MEDIUM,SYNTHETIC,,,true,Primary synthetic case participant.,SCN-PHYS-0529
REL-0238499,Person,PER-009651,INVOLVED_IN,Case,CASE-00529,,MEDIUM,SYNTHETIC,,,true,Secondary synthetic case participant.,SCN-PHYS-0529
REL-0238500,Incident,INC-00529,ASSOCIATED_WITH,Case,CASE-00529,,MEDIUM,SYNTHETIC,,,true,Synthetic incident-to-case association.,SCN-PHYS-0529
REL-0238501,Case,CASE-00529,HAS_DOCUMENT,Document,DOC-00528,,MEDIUM,SYNTHETIC,,,true,Synthetic case document linkage.,SCN-PHYS-0529
REL-0238638,Person,PER-010131,INVOLVED_IN,Case,CASE-00564,,MEDIUM,SYNTHETIC,,,true,Primary synthetic case participant.,SCN-PHYS-0564
REL-0238639,Person,PER-010137,INVOLVED_IN,Case,CASE-00564,,MEDIUM,SYNTHETIC,,,true,Secondary synthetic case participant.,SCN-PHYS-0564
REL-0238640,Incident,INC-00564,ASSOCIATED_WITH,Case,CASE-00564,,MEDIUM,SYNTHETIC,,,true,Synthetic incident-to-case association.,SCN-PHYS-0564
REL-0238641,Case,CASE-00564,HAS_DOCUMENT,Document,DOC-00563,,MEDIUM,SYNTHETIC,,,true,Synthetic case document linkage.,SCN-PHYS-0564
REL-0240218,Person,PER-017223,INVOLVED_IN,Case,CASE-00959,,MEDIUM,SYNTHETIC,,,true,Primary synthetic case participant.,SCN-PHYS-0959
REL-0240219,Person,PER-017239,INVOLVED_IN,Case,CASE-00959,,MEDIUM,SYNTHETIC,,,true,Secondary synthetic case participant.,SCN-PHYS-0959
REL-0240220,Incident,INC-00959,ASSOCIATED_WITH,Case,CASE-00959,,MEDIUM,SYNTHETIC,,,true,Synthetic incident-to-case association.,SCN-PHYS-0959
REL-0240221,Case,CASE-00959,HAS_DOCUMENT,Document,DOC-00958,,MEDIUM,SYNTHETIC,,,true,Synthetic case document linkage.,SCN-PHYS-0959
REL-0240618,Person,PER-018950,INVOLVED_IN,Case,CASE-01059,,MEDIUM,SYNTHETIC,,,true,Primary synthetic case participant.,SCN-PHYS-1059
REL-0240619,Person,PER-018958,INVOLVED_IN,Case,CASE-01059,,MEDIUM,SYNTHETIC,,,true,Secondary synthetic case participant.,SCN-PHYS-1059
REL-0240620,Incident,INC-01059,ASSOCIATED_WITH,Case,CASE-01059,,MEDIUM,SYNTHETIC,,,true,Synthetic incident-to-case association.,SCN-PHYS-1059
REL-0240621,Case,CASE-01059,HAS_DOCUMENT,Document,DOC-01058,,MEDIUM,SYNTHETIC,,,true,Synthetic case document linkage.,SCN-PHYS-1059
REL-0240718,Person,PER-019374,INVOLVED_IN,Case,CASE-01084,,MEDIUM,SYNTHETIC,,,true,Primary synthetic case participant.,SCN-PHYS-1084
REL-0240719,Person,PER-019375,INVOLVED_IN,Case,CASE-01084,,MEDIUM,SYNTHETIC,,,true,Secondary synthetic case participant.,SCN-PHYS-1084
REL-0240720,Incident,INC-01084,ASSOCIATED_WITH,Case,CASE-01084,,MEDIUM,SYNTHETIC,,,true,Synthetic incident-to-case association.,SCN-PHYS-1084
REL-0240721,Case,CASE-01084,HAS_DOCUMENT,Document,DOC-01083,,MEDIUM,SYNTHETIC,,,true,Synthetic case document linkage.,SCN-PHYS-1084
REL-0240878,Person,PER-020096,INVOLVED_IN,Case,CASE-01124,,MEDIUM,SYNTHETIC,,,true,Primary synthetic case participant.,SCN-PHYS-1124
REL-0240879,Person,PER-020106,INVOLVED_IN,Case,CASE-01124,,MEDIUM,SYNTHETIC,,,true,Secondary synthetic case participant.,SCN-PHYS-1124
REL-0240880,Incident,INC-01124,ASSOCIATED_WITH,Case,CASE-01124,,MEDIUM,SYNTHETIC,,,true,Synthetic incident-to-case association.,SCN-PHYS-1124
REL-0240881,Case,CASE-01124,HAS_DOCUMENT,Document,DOC-01123,,MEDIUM,SYNTHETIC,,,true,Synthetic case document linkage.,SCN-PHYS-1124
REL-0241218,Person,PER-021845,INVOLVED_IN,Case,CASE-01209,,MEDIUM,SYNTHETIC,,,true,Primary synthetic case participant.,SCN-PHYS-1209
REL-0241219,Person,PER-021869,INVOLVED_IN,Case,CASE-01209,,MEDIUM,SYNTHETIC,,,true,Secondary synthetic case participant.,SCN-PHYS-1209
REL-0241220,Incident,INC-01209,ASSOCIATED_WITH,Case,CASE-01209,,MEDIUM,SYNTHETIC,,,true,Synthetic incident-to-case association.,SCN-PHYS-1209
REL-0241221,Case,CASE-01209,HAS_DOCUMENT,Document,DOC-01208,,MEDIUM,SYNTHETIC,,,true,Synthetic case document linkage.,SCN-PHYS-1209
REL-0241458,Person,PER-022852,INVOLVED_IN,Case,CASE-01269,,MEDIUM,SYNTHETIC,,,true,Primary synthetic case participant.,SCN-PHYS-1269
REL-0241459,Person,PER-022857,INVOLVED_IN,Case,CASE-01269,,MEDIUM,SYNTHETIC,,,true,Secondary synthetic case participant.,SCN-PHYS-1269
REL-0241460,Incident,INC-01269,ASSOCIATED_WITH,Case,CASE-01269,,MEDIUM,SYNTHETIC,,,true,Synthetic incident-to-case association.,SCN-PHYS-1269
REL-0241461,Case,CASE-01269,HAS_DOCUMENT,Document,DOC-01268,,MEDIUM,SYNTHETIC,,,true,Synthetic case document linkage.,SCN-PHYS-1269
REL-0241718,Person,PER-023945,INVOLVED_IN,Case,CASE-01334,,MEDIUM,SYNTHETIC,,,true,Primary synthetic case participant.,SCN-PHYS-1334
REL-0241719,Person,PER-023957,INVOLVED_IN,Case,CASE-01334,,MEDIUM,SYNTHETIC,,,true,Secondary synthetic case participant.,SCN-PHYS-1334
REL-0241720,Incident,INC-01334,ASSOCIATED_WITH,Case,CASE-01334,,MEDIUM,SYNTHETIC,,,true,Synthetic incident-to-case association.,SCN-PHYS-1334
REL-0241721,Case,CASE-01334,HAS_DOCUMENT,Document,DOC-01333,,MEDIUM,SYNTHETIC,,,true,Synthetic case document linkage.,SCN-PHYS-1334
REL-0242458,Person,PER-027179,INVOLVED_IN,Case,CASE-01519,,MEDIUM,SYNTHETIC,,,true,Primary synthetic case participant.,SCN-PHYS-1519
REL-0242459,Person,PER-027182,INVOLVED_IN,Case,CASE-01519,,MEDIUM,SYNTHETIC,,,true,Secondary synthetic case participant.,SCN-PHYS-1519
REL-0242460,Incident,INC-01519,ASSOCIATED_WITH,Case,CASE-01519,,MEDIUM,SYNTHETIC,,,true,Synthetic incident-to-case association.,SCN-PHYS-1519
REL-0242461,Case,CASE-01519,HAS_DOCUMENT,Document,DOC-01518,,MEDIUM,SYNTHETIC,,,true,Synthetic case document linkage.,SCN-PHYS-1519
REL-0242718,Person,PER-028278,INVOLVED_IN,Case,CASE-01584,,MEDIUM,SYNTHETIC,,,true,Primary synthetic case participant.,SCN-PHYS-1584
REL-0242719,Person,PER-028283,INVOLVED_IN,Case,CASE-01584,,MEDIUM,SYNTHETIC,,,true,Secondary synthetic case participant.,SCN-PHYS-1584
REL-0242720,Incident,INC-01584,ASSOCIATED_WITH,Case,CASE-01584,,MEDIUM,SYNTHETIC,,,true,Synthetic incident-to-case association.,SCN-PHYS-1584
REL-0242721,Case,CASE-01584,HAS_DOCUMENT,Document,DOC-01583,,MEDIUM,SYNTHETIC,,,true,Synthetic case document linkage.,SCN-PHYS-1584
REL-0242746,Person,PER-028447,INVOLVED_IN,Case,CASE-01591,,MEDIUM,SYNTHETIC,,,true,Primary synthetic case participant.,SCN-FIN-1591
REL-0242747,Person,PER-028450,INVOLVED_IN,Case,CASE-01591,,MEDIUM,SYNTHETIC,,,true,Secondary synthetic case participant.,SCN-FIN-1591
REL-0242748,Incident,INC-01591,ASSOCIATED_WITH,Case,CASE-01591,,MEDIUM,SYNTHETIC,,,true,Synthetic incident-to-case association.,SCN-FIN-1591
REL-0242749,Case,CASE-01591,HAS_DOCUMENT,Document,DOC-01590,,MEDIUM,SYNTHETIC,,,true,Synthetic case document linkage.,SCN-FIN-1591
REL-0242758,Person,PER-028494,INVOLVED_IN,Case,CASE-01594,,MEDIUM,SYNTHETIC,,,true,Primary synthetic case participant.,SCN-PHYS-1594
REL-0242759,Person,PER-028498,INVOLVED_IN,Case,CASE-01594,,MEDIUM,SYNTHETIC,,,true,Secondary synthetic case participant.,SCN-PHYS-1594
REL-0242760,Incident,INC-01594,ASSOCIATED_WITH,Case,CASE-01594,,MEDIUM,SYNTHETIC,,,true,Synthetic incident-to-case association.,SCN-PHYS-1594
REL-0242761,Case,CASE-01594,HAS_DOCUMENT,Document,DOC-01593,,MEDIUM,SYNTHETIC,,,true,Synthetic case document linkage.,SCN-PHYS-1594
REL-0243038,Person,PER-029521,INVOLVED_IN,Case,CASE-01664,,MEDIUM,SYNTHETIC,,,true,Primary synthetic case participant.,SCN-PHYS-1664
REL-0243039,Person,PER-029525,INVOLVED_IN,Case,CASE-01664,,MEDIUM,SYNTHETIC,,,true,Secondary synthetic case participant.,SCN-PHYS-1664
REL-0243040,Incident,INC-01664,ASSOCIATED_WITH,Case,CASE-01664,,MEDIUM,SYNTHETIC,,,true,Synthetic incident-to-case association.,SCN-PHYS-1664
REL-0243041,Case,CASE-01664,HAS_DOCUMENT,Document,DOC-01663,,MEDIUM,SYNTHETIC,,,true,Synthetic case document linkage.,SCN-PHYS-1664
REL-0243358,Person,PER-031212,INVOLVED_IN,Case,CASE-01744,,MEDIUM,SYNTHETIC,,,true,Primary synthetic case participant.,SCN-PHYS-1744
REL-0243359,Person,PER-031219,INVOLVED_IN,Case,CASE-01744,,MEDIUM,SYNTHETIC,,,true,Secondary synthetic case participant.,SCN-PHYS-1744
REL-0243360,Incident,INC-01744,ASSOCIATED_WITH,Case,CASE-01744,,MEDIUM,SYNTHETIC,,,true,Synthetic incident-to-case association.,SCN-PHYS-1744
REL-0243361,Case,CASE-01744,HAS_DOCUMENT,Document,DOC-01743,,MEDIUM,SYNTHETIC,,,true,Synthetic case document linkage.,SCN-PHYS-1744
REL-0244358,Person,PER-035454,INVOLVED_IN,Case,CASE-01994,,MEDIUM,SYNTHETIC,,,true,Primary synthetic case participant.,SCN-PHYS-1994
REL-0244359,Person,PER-035465,INVOLVED_IN,Case,CASE-01994,,MEDIUM,SYNTHETIC,,,true,Secondary synthetic case participant.,SCN-PHYS-1994
REL-0244360,Incident,INC-01994,ASSOCIATED_WITH,Case,CASE-01994,,MEDIUM,SYNTHETIC,,,true,Synthetic incident-to-case association.,SCN-PHYS-1994
REL-0244361,Case,CASE-01994,HAS_DOCUMENT,Document,DOC-01993,,MEDIUM,SYNTHETIC,,,true,Synthetic case document linkage.,SCN-PHYS-1994
REL-0244601,Account,ACC-002889,TRANSFERRED_TO,Account,ACC-026768,2025-01-26T02:22:01,HIGH,SYNTHETIC,,,true,Synthetic transaction flow.,SCN-FIN-0426
REL-0245151,Account,ACC-019814,TRANSFERRED_TO,Account,ACC-009154,2024-04-09T01:57:31,HIGH,SYNTHETIC,,,true,Synthetic transaction flow.,SCN-FIN-1526
REL-0245182,Case,CASE-01591,HAS_EVENT,Transaction,TXN-00000399,2025-10-20T10:02:01,MEDIUM,SYNTHETIC,,,true,Synthetic case evidence linkage.,SCN-FIN-1591
REL-0245183,Account,ACC-013737,TRANSFERRED_TO,Account,ACC-017525,2025-10-20T10:02:01,HIGH,SYNTHETIC,,,true,Synthetic transaction flow.,SCN-FIN-1591
REL-0245585,Account,ACC-013901,TRANSFERRED_TO,Account,ACC-021391,2024-08-17T12:46:00,HIGH,SYNTHETIC,,,true,Synthetic transaction flow.,SCN-MIXED-0670
REL-0245864,Case,CASE-01591,HAS_EVENT,Transaction,TXN-00000899,2025-06-24T17:12:21,MEDIUM,SYNTHETIC,,,true,Synthetic case evidence linkage.,SCN-FIN-1591
REL-0246464,Case,CASE-01591,HAS_EVENT,Transaction,TXN-00001399,2025-04-23T08:27:55,MEDIUM,SYNTHETIC,,,true,Synthetic case evidence linkage.,SCN-FIN-1591
REL-0247064,Case,CASE-01591,HAS_EVENT,Transaction,TXN-00001899,2025-02-04T15:33:59,MEDIUM,SYNTHETIC,,,true,Synthetic case evidence linkage.,SCN-FIN-1591
REL-0247584,Case,CASE-01591,HAS_EVENT,Transaction,TXN-00002399,2024-04-27T11:07:56,MEDIUM,SYNTHETIC,,,true,Synthetic case evidence linkage.,SCN-FIN-1591
REL-0248084,Case,CASE-01591,HAS_EVENT,Transaction,TXN-00002899,2024-07-21T21:16:34,MEDIUM,SYNTHETIC,,,true,Synthetic case evidence linkage.,SCN-FIN-1591
REL-0248584,Case,CASE-01591,HAS_EVENT,Transaction,TXN-00003399,2024-05-14T23:45:36,MEDIUM,SYNTHETIC,,,true,Synthetic case evidence linkage.,SCN-FIN-1591
REL-0249084,Case,CASE-01591,HAS_EVENT,Transaction,TXN-00003899,2025-11-04T17:21:35,MEDIUM,SYNTHETIC,,,true,Synthetic case evidence linkage.,SCN-FIN-1591
REL-0249584,Case,CASE-01591,HAS_EVENT,Transaction,TXN-00004399,2025-05-02T20:53:21,MEDIUM,SYNTHETIC,,,true,Synthetic case evidence linkage.,SCN-FIN-1591
REL-0250084,Case,CASE-01591,HAS_EVENT,Transaction,TXN-00004899,2024-04-09T21:11:31,MEDIUM,SYNTHETIC,,,true,Synthetic case evidence linkage.,SCN-FIN-1591
REL-0250584,Case,CASE-01591,HAS_EVENT,Transaction,TXN-00005399,2024-10-25T22:18:34,MEDIUM,SYNTHETIC,,,true,Synthetic case evidence linkage.,SCN-FIN-1591
REL-0251084,Case,CASE-01591,HAS_EVENT,Transaction,TXN-00005899,2024-10-08T18:13:08,MEDIUM,SYNTHETIC,,,true,Synthetic case evidence linkage.,SCN-FIN-1591
REL-0251584,Case,CASE-01591,HAS_EVENT,Transaction,TXN-00006399,2025-07-30T07:29:27,MEDIUM,SYNTHETIC,,,true,Synthetic case evidence linkage.,SCN-FIN-1591
REL-0252084,Case,CASE-01591,HAS_EVENT,Transaction,TXN-00006899,2024-02-01T00:57:30,MEDIUM,SYNTHETIC,,,true,Synthetic case evidence linkage.,SCN-FIN-1591
REL-0252584,Case,CASE-01591,HAS_EVENT,Transaction,TXN-00007399,2025-02-02T13:17:23,MEDIUM,SYNTHETIC,,,true,Synthetic case evidence linkage.,SCN-FIN-1591
REL-0253084,Case,CASE-01591,HAS_EVENT,Transaction,TXN-00007899,2025-11-08T03:38:54,MEDIUM,SYNTHETIC,,,true,Synthetic case evidence linkage.,SCN-FIN-1591
REL-0253584,Case,CASE-01591,HAS_EVENT,Transaction,TXN-00008399,2025-12-07T11:14:55,MEDIUM,SYNTHETIC,,,true,Synthetic case evidence linkage.,SCN-FIN-1591
REL-0254084,Case,CASE-01591,HAS_EVENT,Transaction,TXN-00008899,2024-10-05T05:26:16,MEDIUM,SYNTHETIC,,,true,Synthetic case evidence linkage.,SCN-FIN-1591
REL-0254584,Case,CASE-01591,HAS_EVENT,Transaction,TXN-00009399,2025-11-14T16:38:55,MEDIUM,SYNTHETIC,,,true,Synthetic case evidence linkage.,SCN-FIN-1591
REL-0255084,Case,CASE-01591,HAS_EVENT,Transaction,TXN-00009899,2024-07-24T21:16:33,MEDIUM,SYNTHETIC,,,true,Synthetic case evidence linkage.,SCN-FIN-1591
REL-0255584,Case,CASE-01591,HAS_EVENT,Transaction,TXN-00010399,2025-04-20T20:05:05,MEDIUM,SYNTHETIC,,,true,Synthetic case evidence linkage.,SCN-FIN-1591
REL-0256084,Case,CASE-01591,HAS_EVENT,Transaction,TXN-00010899,2024-06-21T12:14:23,MEDIUM,SYNTHETIC,,,true,Synthetic case evidence linkage.,SCN-FIN-1591
REL-0256584,Case,CASE-01591,HAS_EVENT,Transaction,TXN-00011399,2025-06-20T07:51:29,MEDIUM,SYNTHETIC,,,true,Synthetic case evidence linkage.,SCN-FIN-1591
REL-0257084,Case,CASE-01591,HAS_EVENT,Transaction,TXN-00011899,2025-12-21T13:49:08,MEDIUM,SYNTHETIC,,,true,Synthetic case evidence linkage.,SCN-FIN-1591
REL-0257584,Case,CASE-01591,HAS_EVENT,Transaction,TXN-00012399,2024-02-09T01:42:07,MEDIUM,SYNTHETIC,,,true,Synthetic case evidence linkage.,SCN-FIN-1591
REL-0258084,Case,CASE-01591,HAS_EVENT,Transaction,TXN-00012899,2024-05-31T11:02:38,MEDIUM,SYNTHETIC,,,true,Synthetic case evidence linkage.,SCN-FIN-1591
REL-0258584,Case,CASE-01591,HAS_EVENT,Transaction,TXN-00013399,2024-01-25T15:52:50,MEDIUM,SYNTHETIC,,,true,Synthetic case evidence linkage.,SCN-FIN-1591
REL-0259084,Case,CASE-01591,HAS_EVENT,Transaction,TXN-00013899,2024-07-01T06:07:47,MEDIUM,SYNTHETIC,,,true,Synthetic case evidence linkage.,SCN-FIN-1591
REL-0259584,Case,CASE-01591,HAS_EVENT,Transaction,TXN-00014399,2025-11-14T00:50:46,MEDIUM,SYNTHETIC,,,true,Synthetic case evidence linkage.,SCN-FIN-1591
REL-0260084,Case,CASE-01591,HAS_EVENT,Transaction,TXN-00014899,2025-10-26T02:19:14,MEDIUM,SYNTHETIC,,,true,Synthetic case evidence linkage.,SCN-FIN-1591
REL-0260584,Case,CASE-01591,HAS_EVENT,Transaction,TXN-00015399,2024-09-03T05:44:39,MEDIUM,SYNTHETIC,,,true,Synthetic case evidence linkage.,SCN-FIN-1591
REL-0261084,Case,CASE-01591,HAS_EVENT,Transaction,TXN-00015899,2025-09-02T05:37:52,MEDIUM,SYNTHETIC,,,true,Synthetic case evidence linkage.,SCN-FIN-1591
REL-0261584,Case,CASE-01591,HAS_EVENT,Transaction,TXN-00016399,2024-08-03T16:47:11,MEDIUM,SYNTHETIC,,,true,Synthetic case evidence linkage.,SCN-FIN-1591
REL-0262084,Case,CASE-01591,HAS_EVENT,Transaction,TXN-00016899,2025-07-30T21:20:12,MEDIUM,SYNTHETIC,,,true,Synthetic case evidence linkage.,SCN-FIN-1591
REL-0262584,Case,CASE-01591,HAS_EVENT,Transaction,TXN-00017399,2024-01-15T01:27:16,MEDIUM,SYNTHETIC,,,true,Synthetic case evidence linkage.,SCN-FIN-1591
REL-0263084,Case,CASE-01591,HAS_EVENT,Transaction,TXN-00017899,2024-01-09T00:34:43,MEDIUM,SYNTHETIC,,,true,Synthetic case evidence linkage.,SCN-FIN-1591
REL-0263584,Case,CASE-01591,HAS_EVENT,Transaction,TXN-00018399,2025-02-16T23:41:21,MEDIUM,SYNTHETIC,,,true,Synthetic case evidence linkage.,SCN-FIN-1591
REL-0264084,Case,CASE-01591,HAS_EVENT,Transaction,TXN-00018899,2024-06-10T11:07:09,MEDIUM,SYNTHETIC,,,true,Synthetic case evidence linkage.,SCN-FIN-1591
REL-0264584,Case,CASE-01591,HAS_EVENT,Transaction,TXN-00019399,2024-06-30T10:06:23,MEDIUM,SYNTHETIC,,,true,Synthetic case evidence linkage.,SCN-FIN-1591
REL-0265084,Case,CASE-01591,HAS_EVENT,Transaction,TXN-00019899,2024-09-13T03:54:32,MEDIUM,SYNTHETIC,,,true,Synthetic case evidence linkage.,SCN-FIN-1591
REL-0265584,Case,CASE-01591,HAS_EVENT,Transaction,TXN-00020399,2024-01-28T22:46:00,MEDIUM,SYNTHETIC,,,true,Synthetic case evidence linkage.,SCN-FIN-1591
REL-0266084,Case,CASE-01591,HAS_EVENT,Transaction,TXN-00020899,2025-01-12T15:44:53,MEDIUM,SYNTHETIC,,,true,Synthetic case evidence linkage.,SCN-FIN-1591
REL-0266584,Case,CASE-01591,HAS_EVENT,Transaction,TXN-00021399,2025-07-22T15:30:28,MEDIUM,SYNTHETIC,,,true,Synthetic case evidence linkage.,SCN-FIN-1591
REL-0267084,Case,CASE-01591,HAS_EVENT,Transaction,TXN-00021899,2024-07-21T11:15:33,MEDIUM,SYNTHETIC,,,true,Synthetic case evidence linkage.,SCN-FIN-1591
REL-0267584,Case,CASE-01591,HAS_EVENT,Transaction,TXN-00022399,2025-03-16T21:04:38,MEDIUM,SYNTHETIC,,,true,Synthetic case evidence linkage.,SCN-FIN-1591
REL-0268084,Case,CASE-01591,HAS_EVENT,Transaction,TXN-00022899,2025-08-18T19:30:44,MEDIUM,SYNTHETIC,,,true,Synthetic case evidence linkage.,SCN-FIN-1591
REL-0268584,Case,CASE-01591,HAS_EVENT,Transaction,TXN-00023399,2025-12-03T08:29:44,MEDIUM,SYNTHETIC,,,true,Synthetic case evidence linkage.,SCN-FIN-1591
REL-0269084,Case,CASE-01591,HAS_EVENT,Transaction,TXN-00023899,2024-08-12T21:13:18,MEDIUM,SYNTHETIC,,,true,Synthetic case evidence linkage.,SCN-FIN-1591
REL-0269584,Case,CASE-01591,HAS_EVENT,Transaction,TXN-00024399,2025-07-07T00:06:12,MEDIUM,SYNTHETIC,,,true,Synthetic case evidence linkage.,SCN-FIN-1591
REL-0270084,Case,CASE-01591,HAS_EVENT,Transaction,TXN-00024899,2025-01-24T08:03:42,MEDIUM,SYNTHETIC,,,true,Synthetic case evidence linkage.,SCN-FIN-1591
REL-0270584,Case,CASE-01591,HAS_EVENT,Transaction,TXN-00025399,2025-09-05T05:05:33,MEDIUM,SYNTHETIC,,,true,Synthetic case evidence linkage.,SCN-FIN-1591
REL-0271084,Case,CASE-01591,HAS_EVENT,Transaction,TXN-00025899,2024-08-17T14:31:08,MEDIUM,SYNTHETIC,,,true,Synthetic case evidence linkage.,SCN-FIN-1591
REL-0271584,Case,CASE-01591,HAS_EVENT,Transaction,TXN-00026399,2025-12-24T20:57:45,MEDIUM,SYNTHETIC,,,true,Synthetic case evidence linkage.,SCN-FIN-1591
REL-0272084,Case,CASE-01591,HAS_EVENT,Transaction,TXN-00026899,2025-06-10T17:37:09,MEDIUM,SYNTHETIC,,,true,Synthetic case evidence linkage.,SCN-FIN-1591
REL-0272584,Case,CASE-01591,HAS_EVENT,Transaction,TXN-00027399,2024-09-11T09:10:54,MEDIUM,SYNTHETIC,,,true,Synthetic case evidence linkage.,SCN-FIN-1591
REL-0273084,Case,CASE-01591,HAS_EVENT,Transaction,TXN-00027899,2025-10-10T15:14:21,MEDIUM,SYNTHETIC,,,true,Synthetic case evidence linkage.,SCN-FIN-1591
REL-0273584,Case,CASE-01591,HAS_EVENT,Transaction,TXN-00028399,2024-04-15T04:11:32,MEDIUM,SYNTHETIC,,,true,Synthetic case evidence linkage.,SCN-FIN-1591
REL-0274084,Case,CASE-01591,HAS_EVENT,Transaction,TXN-00028899,2025-04-19T07:02:06,MEDIUM,SYNTHETIC,,,true,Synthetic case evidence linkage.,SCN-FIN-1591
REL-0274584,Case,CASE-01591,HAS_EVENT,Transaction,TXN-00029399,2024-08-04T07:55:54,MEDIUM,SYNTHETIC,,,true,Synthetic case evidence linkage.,SCN-FIN-1591
REL-0275084,Case,CASE-01591,HAS_EVENT,Transaction,TXN-00029899,2025-07-02T00:38:35,MEDIUM,SYNTHETIC,,,true,Synthetic case evidence linkage.,SCN-FIN-1591
REL-0275584,Case,CASE-01591,HAS_EVENT,Transaction,TXN-00030399,2024-10-13T09:38:10,MEDIUM,SYNTHETIC,,,true,Synthetic case evidence linkage.,SCN-FIN-1591
REL-0276084,Case,CASE-01591,HAS_EVENT,Transaction,TXN-00030899,2025-03-17T20:35:28,MEDIUM,SYNTHETIC,,,true,Synthetic case evidence linkage.,SCN-FIN-1591
REL-0276584,Case,CASE-01591,HAS_EVENT,Transaction,TXN-00031399,2024-12-17T13:01:49,MEDIUM,SYNTHETIC,,,true,Synthetic case evidence linkage.,SCN-FIN-1591
REL-0277084,Case,CASE-01591,HAS_EVENT,Transaction,TXN-00031899,2024-11-23T05:51:54,MEDIUM,SYNTHETIC,,,true,Synthetic case evidence linkage.,SCN-FIN-1591
REL-0277584,Case,CASE-01591,HAS_EVENT,Transaction,TXN-00032399,2024-01-18T07:30:15,MEDIUM,SYNTHETIC,,,true,Synthetic case evidence linkage.,SCN-FIN-1591
REL-0278084,Case,CASE-01591,HAS_EVENT,Transaction,TXN-00032899,2024-03-17T16:14:58,MEDIUM,SYNTHETIC,,,true,Synthetic case evidence linkage.,SCN-FIN-1591
REL-0278584,Case,CASE-01591,HAS_EVENT,Transaction,TXN-00033399,2025-04-21T20:03:53,MEDIUM,SYNTHETIC,,,true,Synthetic case evidence linkage.,SCN-FIN-1591
REL-0279084,Case,CASE-01591,HAS_EVENT,Transaction,TXN-00033899,2025-07-25T10:45:37,MEDIUM,SYNTHETIC,,,true,Synthetic case evidence linkage.,SCN-FIN-1591
REL-0279584,Case,CASE-01591,HAS_EVENT,Transaction,TXN-00034399,2025-11-17T01:05:42,MEDIUM,SYNTHETIC,,,true,Synthetic case evidence linkage.,SCN-FIN-1591
REL-0280084,Case,CASE-01591,HAS_EVENT,Transaction,TXN-00034899,2024-11-21T20:22:09,MEDIUM,SYNTHETIC,,,true,Synthetic case evidence linkage.,SCN-FIN-1591
REL-0280584,Case,CASE-01591,HAS_EVENT,Transaction,TXN-00035399,2025-10-26T11:55:22,MEDIUM,SYNTHETIC,,,true,Synthetic case evidence linkage.,SCN-FIN-1591
REL-0281084,Case,CASE-01591,HAS_EVENT,Transaction,TXN-00035899,2024-04-28T21:06:04,MEDIUM,SYNTHETIC,,,true,Synthetic case evidence linkage.,SCN-FIN-1591
REL-0281584,Case,CASE-01591,HAS_EVENT,Transaction,TXN-00036399,2025-04-29T14:36:00,MEDIUM,SYNTHETIC,,,true,Synthetic case evidence linkage.,SCN-FIN-1591
REL-0282084,Case,CASE-01591,HAS_EVENT,Transaction,TXN-00036899,2025-02-25T06:11:09,MEDIUM,SYNTHETIC,,,true,Synthetic case evidence linkage.,SCN-FIN-1591
REL-0282584,Case,CASE-01591,HAS_EVENT,Transaction,TXN-00037399,2025-11-12T01:29:34,MEDIUM,SYNTHETIC,,,true,Synthetic case evidence linkage.,SCN-FIN-1591
REL-0283084,Case,CASE-01591,HAS_EVENT,Transaction,TXN-00037899,2024-01-25T09:07:07,MEDIUM,SYNTHETIC,,,true,Synthetic case evidence linkage.,SCN-FIN-1591
REL-0283584,Case,CASE-01591,HAS_EVENT,Transaction,TXN-00038399,2025-02-14T12:37:39,MEDIUM,SYNTHETIC,,,true,Synthetic case evidence linkage.,SCN-FIN-1591
REL-0284084,Case,CASE-01591,HAS_EVENT,Transaction,TXN-00038899,2025-08-31T03:49:34,MEDIUM,SYNTHETIC,,,true,Synthetic case evidence linkage.,SCN-FIN-1591
REL-0284584,Case,CASE-01591,HAS_EVENT,Transaction,TXN-00039399,2024-06-08T06:25:49,MEDIUM,SYNTHETIC,,,true,Synthetic case evidence linkage.,SCN-FIN-1591
REL-0285084,Case,CASE-01591,HAS_EVENT,Transaction,TXN-00039899,2024-07-31T22:57:54,MEDIUM,SYNTHETIC,,,true,Synthetic case evidence linkage.,SCN-FIN-1591
REL-0285584,Case,CASE-01591,HAS_EVENT,Transaction,TXN-00040399,2024-01-04T22:21:37,MEDIUM,SYNTHETIC,,,true,Synthetic case evidence linkage.,SCN-FIN-1591
REL-0286084,Case,CASE-01591,HAS_EVENT,Transaction,TXN-00040899,2025-05-12T06:08:32,MEDIUM,SYNTHETIC,,,true,Synthetic case evidence linkage.,SCN-FIN-1591
REL-0286584,Case,CASE-01591,HAS_EVENT,Transaction,TXN-00041399,2025-08-17T10:29:04,MEDIUM,SYNTHETIC,,,true,Synthetic case evidence linkage.,SCN-FIN-1591
REL-0287084,Case,CASE-01591,HAS_EVENT,Transaction,TXN-00041899,2024-10-22T09:42:46,MEDIUM,SYNTHETIC,,,true,Synthetic case evidence linkage.,SCN-FIN-1591
REL-0287584,Case,CASE-01591,HAS_EVENT,Transaction,TXN-00042399,2025-02-18T06:13:19,MEDIUM,SYNTHETIC,,,true,Synthetic case evidence linkage.,SCN-FIN-1591
REL-0288084,Case,CASE-01591,HAS_EVENT,Transaction,TXN-00042899,2025-06-19T03:38:40,MEDIUM,SYNTHETIC,,,true,Synthetic case evidence linkage.,SCN-FIN-1591
REL-0288584,Case,CASE-01591,HAS_EVENT,Transaction,TXN-00043399,2024-06-15T20:42:31,MEDIUM,SYNTHETIC,,,true,Synthetic case evidence linkage.,SCN-FIN-1591
REL-0289084,Case,CASE-01591,HAS_EVENT,Transaction,TXN-00043899,2025-10-19T00:32:36,MEDIUM,SYNTHETIC,,,true,Synthetic case evidence linkage.,SCN-FIN-1591
REL-0289584,Case,CASE-01591,HAS_EVENT,Transaction,TXN-00044399,2024-01-06T18:03:55,MEDIUM,SYNTHETIC,,,true,Synthetic case evidence linkage.,SCN-FIN-1591
REL-0290084,Case,CASE-01591,HAS_EVENT,Transaction,TXN-00044899,2024-01-13T01:43:56,MEDIUM,SYNTHETIC,,,true,Synthetic case evidence linkage.,SCN-FIN-1591
REL-0290584,Case,CASE-01591,HAS_EVENT,Transaction,TXN-00045399,2025-04-29T14:38:07,MEDIUM,SYNTHETIC,,,true,Synthetic case evidence linkage.,SCN-FIN-1591
REL-0291084,Case,CASE-01591,HAS_EVENT,Transaction,TXN-00045899,2025-03-18T05:59:15,MEDIUM,SYNTHETIC,,,true,Synthetic case evidence linkage.,SCN-FIN-1591
REL-0291584,Case,CASE-01591,HAS_EVENT,Transaction,TXN-00046399,2024-06-30T05:42:28,MEDIUM,SYNTHETIC,,,true,Synthetic case evidence linkage.,SCN-FIN-1591
REL-0292084,Case,CASE-01591,HAS_EVENT,Transaction,TXN-00046899,2024-11-22T01:52:54,MEDIUM,SYNTHETIC,,,true,Synthetic case evidence linkage.,SCN-FIN-1591
REL-0292584,Case,CASE-01591,HAS_EVENT,Transaction,TXN-00047399,2024-09-04T11:19:50,MEDIUM,SYNTHETIC,,,true,Synthetic case evidence linkage.,SCN-FIN-1591
REL-0293084,Case,CASE-01591,HAS_EVENT,Transaction,TXN-00047899,2024-03-22T17:59:48,MEDIUM,SYNTHETIC,,,true,Synthetic case evidence linkage.,SCN-FIN-1591
REL-0293584,Case,CASE-01591,HAS_EVENT,Transaction,TXN-00048399,2024-04-27T12:17:34,MEDIUM,SYNTHETIC,,,true,Synthetic case evidence linkage.,SCN-FIN-1591
REL-0294084,Case,CASE-01591,HAS_EVENT,Transaction,TXN-00048899,2024-03-11T09:16:32,MEDIUM,SYNTHETIC,,,true,Synthetic case evidence linkage.,SCN-FIN-1591
REL-0294584,Case,CASE-01591,HAS_EVENT,Transaction,TXN-00049399,2025-09-05T16:23:21,MEDIUM,SYNTHETIC,,,true,Synthetic case evidence linkage.,SCN-FIN-1591
REL-0295084,Case,CASE-01591,HAS_EVENT,Transaction,TXN-00049899,2025-05-11T12:04:26,MEDIUM,SYNTHETIC,,,true,Synthetic case evidence linkage.,SCN-FIN-1591
REL-0295584,Case,CASE-01591,HAS_EVENT,Transaction,TXN-00050399,2025-09-26T17:35:31,MEDIUM,SYNTHETIC,,,true,Synthetic case evidence linkage.,SCN-FIN-1591
REL-0296084,Case,CASE-01591,HAS_EVENT,Transaction,TXN-00050899,2025-11-14T07:06:43,MEDIUM,SYNTHETIC,,,true,Synthetic case evidence linkage.,SCN-FIN-1591
REL-0296584,Case,CASE-01591,HAS_EVENT,Transaction,TXN-00051399,2025-01-15T02:15:14,MEDIUM,SYNTHETIC,,,true,Synthetic case evidence linkage.,SCN-FIN-1591
REL-0297084,Case,CASE-01591,HAS_EVENT,Transaction,TXN-00051899,2025-09-02T21:44:38,MEDIUM,SYNTHETIC,,,true,Synthetic case evidence linkage.,SCN-FIN-1591
REL-0297584,Case,CASE-01591,HAS_EVENT,Transaction,TXN-00052399,2025-03-19T07:54:11,MEDIUM,SYNTHETIC,,,true,Synthetic case evidence linkage.,SCN-FIN-1591
REL-0298084,Case,CASE-01591,HAS_EVENT,Transaction,TXN-00052899,2024-08-21T02:29:58,MEDIUM,SYNTHETIC,,,true,Synthetic case evidence linkage.,SCN-FIN-1591
REL-0298584,Case,CASE-01591,HAS_EVENT,Transaction,TXN-00053399,2024-02-11T11:29:49,MEDIUM,SYNTHETIC,,,true,Synthetic case evidence linkage.,SCN-FIN-1591
REL-0299084,Case,CASE-01591,HAS_EVENT,Transaction,TXN-00053899,2024-03-23T03:43:22,MEDIUM,SYNTHETIC,,,true,Synthetic case evidence linkage.,SCN-FIN-1591
REL-0299584,Case,CASE-01591,HAS_EVENT,Transaction,TXN-00054399,2024-09-01T17:10:46,MEDIUM,SYNTHETIC,,,true,Synthetic case evidence linkage.,SCN-FIN-1591
REL-0300084,Case,CASE-01591,HAS_EVENT,Transaction,TXN-00054899,2024-11-07T09:16:46,MEDIUM,SYNTHETIC,,,true,Synthetic case evidence linkage.,SCN-FIN-1591
REL-0300584,Case,CASE-01591,HAS_EVENT,Transaction,TXN-00055399,2025-09-09T21:53:38,MEDIUM,SYNTHETIC,,,true,Synthetic case evidence linkage.,SCN-FIN-1591
REL-0301084,Case,CASE-01591,HAS_EVENT,Transaction,TXN-00055899,2024-05-13T18:12:32,MEDIUM,SYNTHETIC,,,true,Synthetic case evidence linkage.,SCN-FIN-1591
REL-0301584,Case,CASE-01591,HAS_EVENT,Transaction,TXN-00056399,2024-10-02T09:18:07,MEDIUM,SYNTHETIC,,,true,Synthetic case evidence linkage.,SCN-FIN-1591
REL-0302084,Case,CASE-01591,HAS_EVENT,Transaction,TXN-00056899,2025-12-30T06:44:08,MEDIUM,SYNTHETIC,,,true,Synthetic case evidence linkage.,SCN-FIN-1591
REL-0302584,Case,CASE-01591,HAS_EVENT,Transaction,TXN-00057399,2024-12-02T21:23:57,MEDIUM,SYNTHETIC,,,true,Synthetic case evidence linkage.,SCN-FIN-1591
REL-0303084,Case,CASE-01591,HAS_EVENT,Transaction,TXN-00057899,2024-12-12T22:08:04,MEDIUM,SYNTHETIC,,,true,Synthetic case evidence linkage.,SCN-FIN-1591
REL-0303584,Case,CASE-01591,HAS_EVENT,Transaction,TXN-00058399,2024-04-13T05:39:29,MEDIUM,SYNTHETIC,,,true,Synthetic case evidence linkage.,SCN-FIN-1591
REL-0304084,Case,CASE-01591,HAS_EVENT,Transaction,TXN-00058899,2025-09-07T03:33:12,MEDIUM,SYNTHETIC,,,true,Synthetic case evidence linkage.,SCN-FIN-1591
REL-0304584,Case,CASE-01591,HAS_EVENT,Transaction,TXN-00059399,2024-11-18T08:49:35,MEDIUM,SYNTHETIC,,,true,Synthetic case evidence linkage.,SCN-FIN-1591
REL-0305084,Case,CASE-01591,HAS_EVENT,Transaction,TXN-00059899,2025-06-10T11:25:26,MEDIUM,SYNTHETIC,,,true,Synthetic case evidence linkage.,SCN-FIN-1591
REL-0305584,Case,CASE-01591,HAS_EVENT,Transaction,TXN-00060399,2024-09-12T06:48:23,MEDIUM,SYNTHETIC,,,true,Synthetic case evidence linkage.,SCN-FIN-1591
REL-0306084,Case,CASE-01591,HAS_EVENT,Transaction,TXN-00060899,2025-12-02T01:39:53,MEDIUM,SYNTHETIC,,,true,Synthetic case evidence linkage.,SCN-FIN-1591
REL-0306584,Case,CASE-01591,HAS_EVENT,Transaction,TXN-00061399,2025-04-12T22:16:28,MEDIUM,SYNTHETIC,,,true,Synthetic case evidence linkage.,SCN-FIN-1591
REL-0307084,Case,CASE-01591,HAS_EVENT,Transaction,TXN-00061899,2024-12-11T13:57:50,MEDIUM,SYNTHETIC,,,true,Synthetic case evidence linkage.,SCN-FIN-1591
REL-0307584,Case,CASE-01591,HAS_EVENT,Transaction,TXN-00062399,2024-10-02T00:21:02,MEDIUM,SYNTHETIC,,,true,Synthetic case evidence linkage.,SCN-FIN-1591
REL-0308084,Case,CASE-01591,HAS_EVENT,Transaction,TXN-00062899,2024-07-16T23:17:24,MEDIUM,SYNTHETIC,,,true,Synthetic case evidence linkage.,SCN-FIN-1591
REL-0308584,Case,CASE-01591,HAS_EVENT,Transaction,TXN-00063399,2025-11-09T00:48:24,MEDIUM,SYNTHETIC,,,true,Synthetic case evidence linkage.,SCN-FIN-1591
REL-0309084,Case,CASE-01591,HAS_EVENT,Transaction,TXN-00063899,2025-02-07T01:39:47,MEDIUM,SYNTHETIC,,,true,Synthetic case evidence linkage.,SCN-FIN-1591
REL-0309584,Case,CASE-01591,HAS_EVENT,Transaction,TXN-00064399,2024-09-06T21:51:44,MEDIUM,SYNTHETIC,,,true,Synthetic case evidence linkage.,SCN-FIN-1591
REL-0310084,Case,CASE-01591,HAS_EVENT,Transaction,TXN-00064899,2024-07-04T15:58:15,MEDIUM,SYNTHETIC,,,true,Synthetic case evidence linkage.,SCN-FIN-1591
REL-0310584,Case,CASE-01591,HAS_EVENT,Transaction,TXN-00065399,2024-06-25T07:23:22,MEDIUM,SYNTHETIC,,,true,Synthetic case evidence linkage.,SCN-FIN-1591
REL-0311084,Case,CASE-01591,HAS_EVENT,Transaction,TXN-00065899,2024-09-24T03:01:14,MEDIUM,SYNTHETIC,,,true,Synthetic case evidence linkage.,SCN-FIN-1591
REL-0311584,Case,CASE-01591,HAS_EVENT,Transaction,TXN-00066399,2025-10-27T12:09:13,MEDIUM,SYNTHETIC,,,true,Synthetic case evidence linkage.,SCN-FIN-1591
REL-0312084,Case,CASE-01591,HAS_EVENT,Transaction,TXN-00066899,2024-11-09T12:09:51,MEDIUM,SYNTHETIC,,,true,Synthetic case evidence linkage.,SCN-FIN-1591
REL-0312584,Case,CASE-01591,HAS_EVENT,Transaction,TXN-00067399,2024-05-03T06:41:46,MEDIUM,SYNTHETIC,,,true,Synthetic case evidence linkage.,SCN-FIN-1591
REL-0313084,Case,CASE-01591,HAS_EVENT,Transaction,TXN-00067899,2025-02-22T12:51:52,MEDIUM,SYNTHETIC,,,true,Synthetic case evidence linkage.,SCN-FIN-1591
REL-0313584,Case,CASE-01591,HAS_EVENT,Transaction,TXN-00068399,2025-08-27T21:26:21,MEDIUM,SYNTHETIC,,,true,Synthetic case evidence linkage.,SCN-FIN-1591
REL-0314084,Case,CASE-01591,HAS_EVENT,Transaction,TXN-00068899,2024-12-21T07:00:52,MEDIUM,SYNTHETIC,,,true,Synthetic case evidence linkage.,SCN-FIN-1591
REL-0314584,Case,CASE-01591,HAS_EVENT,Transaction,TXN-00069399,2025-04-30T11:23:47,MEDIUM,SYNTHETIC,,,true,Synthetic case evidence linkage.,SCN-FIN-1591
REL-0315084,Case,CASE-01591,HAS_EVENT,Transaction,TXN-00069899,2024-02-12T20:38:14,MEDIUM,SYNTHETIC,,,true,Synthetic case evidence linkage.,SCN-FIN-1591
REL-0315584,Case,CASE-01591,HAS_EVENT,Transaction,TXN-00070399,2024-03-18T20:16:26,MEDIUM,SYNTHETIC,,,true,Synthetic case evidence linkage.,SCN-FIN-1591
REL-0316084,Case,CASE-01591,HAS_EVENT,Transaction,TXN-00070899,2025-06-27T12:04:08,MEDIUM,SYNTHETIC,,,true,Synthetic case evidence linkage.,SCN-FIN-1591
REL-0316584,Case,CASE-01591,HAS_EVENT,Transaction,TXN-00071399,2025-11-02T08:19:06,MEDIUM,SYNTHETIC,,,true,Synthetic case evidence linkage.,SCN-FIN-1591
REL-0317084,Case,CASE-01591,HAS_EVENT,Transaction,TXN-00071899,2025-09-15T06:27:09,MEDIUM,SYNTHETIC,,,true,Synthetic case evidence linkage.,SCN-FIN-1591
REL-0317584,Case,CASE-01591,HAS_EVENT,Transaction,TXN-00072399,2025-02-06T10:19:23,MEDIUM,SYNTHETIC,,,true,Synthetic case evidence linkage.,SCN-FIN-1591
REL-0318084,Case,CASE-01591,HAS_EVENT,Transaction,TXN-00072899,2024-02-25T20:28:30,MEDIUM,SYNTHETIC,,,true,Synthetic case evidence linkage.,SCN-FIN-1591
REL-0318584,Case,CASE-01591,HAS_EVENT,Transaction,TXN-00073399,2024-12-05T22:16:41,MEDIUM,SYNTHETIC,,,true,Synthetic case evidence linkage.,SCN-FIN-1591
REL-0319084,Case,CASE-01591,HAS_EVENT,Transaction,TXN-00073899,2024-04-05T06:32:40,MEDIUM,SYNTHETIC,,,true,Synthetic case evidence linkage.,SCN-FIN-1591
REL-0319584,Case,CASE-01591,HAS_EVENT,Transaction,TXN-00074399,2025-04-04T03:27:15,MEDIUM,SYNTHETIC,,,true,Synthetic case evidence linkage.,SCN-FIN-1591
REL-0320084,Case,CASE-01591,HAS_EVENT,Transaction,TXN-00074899,2024-07-17T02:41:41,MEDIUM,SYNTHETIC,,,true,Synthetic case evidence linkage.,SCN-FIN-1591
REL-0320584,Case,CASE-01591,HAS_EVENT,Transaction,TXN-00075399,2025-10-12T22:57:33,MEDIUM,SYNTHETIC,,,true,Synthetic case evidence linkage.,SCN-FIN-1591
REL-0321084,Case,CASE-01591,HAS_EVENT,Transaction,TXN-00075899,2025-04-17T09:48:19,MEDIUM,SYNTHETIC,,,true,Synthetic case evidence linkage.,SCN-FIN-1591
REL-0321584,Case,CASE-01591,HAS_EVENT,Transaction,TXN-00076399,2024-04-24T21:48:40,MEDIUM,SYNTHETIC,,,true,Synthetic case evidence linkage.,SCN-FIN-1591
REL-0322084,Case,CASE-01591,HAS_EVENT,Transaction,TXN-00076899,2025-03-07T03:19:01,MEDIUM,SYNTHETIC,,,true,Synthetic case evidence linkage.,SCN-FIN-1591
REL-0322584,Case,CASE-01591,HAS_EVENT,Transaction,TXN-00077399,2024-11-26T22:47:54,MEDIUM,SYNTHETIC,,,true,Synthetic case evidence linkage.,SCN-FIN-1591
REL-0323084,Case,CASE-01591,HAS_EVENT,Transaction,TXN-00077899,2024-12-17T14:46:23,MEDIUM,SYNTHETIC,,,true,Synthetic case evidence linkage.,SCN-FIN-1591
REL-0323584,Case,CASE-01591,HAS_EVENT,Transaction,TXN-00078399,2025-12-06T02:30:38,MEDIUM,SYNTHETIC,,,true,Synthetic case evidence linkage.,SCN-FIN-1591
REL-0324084,Case,CASE-01591,HAS_EVENT,Transaction,TXN-00078899,2025-08-15T21:45:34,MEDIUM,SYNTHETIC,,,true,Synthetic case evidence linkage.,SCN-FIN-1591
REL-0324584,Case,CASE-01591,HAS_EVENT,Transaction,TXN-00079399,2025-04-03T17:35:21,MEDIUM,SYNTHETIC,,,true,Synthetic case evidence linkage.,SCN-FIN-1591
REL-0325084,Case,CASE-01591,HAS_EVENT,Transaction,TXN-00079899,2024-06-05T03:19:44,MEDIUM,SYNTHETIC,,,true,Synthetic case evidence linkage.,SCN-FIN-1591
REL-0325584,Case,CASE-01591,HAS_EVENT,Transaction,TXN-00080399,2025-08-27T13:16:29,MEDIUM,SYNTHETIC,,,true,Synthetic case evidence linkage.,SCN-FIN-1591
REL-0326084,Case,CASE-01591,HAS_EVENT,Transaction,TXN-00080899,2024-10-04T14:18:05,MEDIUM,SYNTHETIC,,,true,Synthetic case evidence linkage.,SCN-FIN-1591
REL-0326584,Case,CASE-01591,HAS_EVENT,Transaction,TXN-00081399,2024-11-26T16:31:05,MEDIUM,SYNTHETIC,,,true,Synthetic case evidence linkage.,SCN-FIN-1591
REL-0327084,Case,CASE-01591,HAS_EVENT,Transaction,TXN-00081899,2024-06-22T10:30:34,MEDIUM,SYNTHETIC,,,true,Synthetic case evidence linkage.,SCN-FIN-1591
REL-0327584,Case,CASE-01591,HAS_EVENT,Transaction,TXN-00082399,2025-05-19T01:42:11,MEDIUM,SYNTHETIC,,,true,Synthetic case evidence linkage.,SCN-FIN-1591
REL-0328084,Case,CASE-01591,HAS_EVENT,Transaction,TXN-00082899,2024-04-06T04:32:28,MEDIUM,SYNTHETIC,,,true,Synthetic case evidence linkage.,SCN-FIN-1591
REL-0328584,Case,CASE-01591,HAS_EVENT,Transaction,TXN-00083399,2025-08-13T02:03:12,MEDIUM,SYNTHETIC,,,true,Synthetic case evidence linkage.,SCN-FIN-1591
REL-0329084,Case,CASE-01591,HAS_EVENT,Transaction,TXN-00083899,2024-03-10T19:34:52,MEDIUM,SYNTHETIC,,,true,Synthetic case evidence linkage.,SCN-FIN-1591
REL-0329584,Case,CASE-01591,HAS_EVENT,Transaction,TXN-00084399,2025-11-25T01:32:44,MEDIUM,SYNTHETIC,,,true,Synthetic case evidence linkage.,SCN-FIN-1591
REL-0330084,Case,CASE-01591,HAS_EVENT,Transaction,TXN-00084899,2025-06-27T01:36:41,MEDIUM,SYNTHETIC,,,true,Synthetic case evidence linkage.,SCN-FIN-1591
REL-0330584,Case,CASE-01591,HAS_EVENT,Transaction,TXN-00085399,2025-10-24T03:45:06,MEDIUM,SYNTHETIC,,,true,Synthetic case evidence linkage.,SCN-FIN-1591
REL-0331084,Case,CASE-01591,HAS_EVENT,Transaction,TXN-00085899,2025-12-03T11:26:10,MEDIUM,SYNTHETIC,,,true,Synthetic case evidence linkage.,SCN-FIN-1591
REL-0331584,Case,CASE-01591,HAS_EVENT,Transaction,TXN-00086399,2025-02-20T01:15:03,MEDIUM,SYNTHETIC,,,true,Synthetic case evidence linkage.,SCN-FIN-1591
REL-0332084,Case,CASE-01591,HAS_EVENT,Transaction,TXN-00086899,2025-08-23T12:15:47,MEDIUM,SYNTHETIC,,,true,Synthetic case evidence linkage.,SCN-FIN-1591
REL-0332584,Case,CASE-01591,HAS_EVENT,Transaction,TXN-00087399,2025-04-27T07:10:38,MEDIUM,SYNTHETIC,,,true,Synthetic case evidence linkage.,SCN-FIN-1591
REL-0333084,Case,CASE-01591,HAS_EVENT,Transaction,TXN-00087899,2025-11-12T08:50:59,MEDIUM,SYNTHETIC,,,true,Synthetic case evidence linkage.,SCN-FIN-1591
REL-0333584,Case,CASE-01591,HAS_EVENT,Transaction,TXN-00088399,2024-08-04T08:49:47,MEDIUM,SYNTHETIC,,,true,Synthetic case evidence linkage.,SCN-FIN-1591
REL-0334084,Case,CASE-01591,HAS_EVENT,Transaction,TXN-00088899,2025-11-23T20:56:41,MEDIUM,SYNTHETIC,,,true,Synthetic case evidence linkage.,SCN-FIN-1591
REL-0334584,Case,CASE-01591,HAS_EVENT,Transaction,TXN-00089399,2025-11-03T06:28:13,MEDIUM,SYNTHETIC,,,true,Synthetic case evidence linkage.,SCN-FIN-1591
REL-0335084,Case,CASE-01591,HAS_EVENT,Transaction,TXN-00089899,2024-08-26T10:09:40,MEDIUM,SYNTHETIC,,,true,Synthetic case evidence linkage.,SCN-FIN-1591
REL-0335584,Case,CASE-01591,HAS_EVENT,Transaction,TXN-00090399,2024-06-29T03:52:48,MEDIUM,SYNTHETIC,,,true,Synthetic case evidence linkage.,SCN-FIN-1591
REL-0336084,Case,CASE-01591,HAS_EVENT,Transaction,TXN-00090899,2024-02-17T14:44:16,MEDIUM,SYNTHETIC,,,true,Synthetic case evidence linkage.,SCN-FIN-1591
REL-0336584,Case,CASE-01591,HAS_EVENT,Transaction,TXN-00091399,2025-03-23T14:34:34,MEDIUM,SYNTHETIC,,,true,Synthetic case evidence linkage.,SCN-FIN-1591
REL-0337084,Case,CASE-01591,HAS_EVENT,Transaction,TXN-00091899,2025-01-30T12:41:08,MEDIUM,SYNTHETIC,,,true,Synthetic case evidence linkage.,SCN-FIN-1591
REL-0337584,Case,CASE-01591,HAS_EVENT,Transaction,TXN-00092399,2024-12-05T09:12:51,MEDIUM,SYNTHETIC,,,true,Synthetic case evidence linkage.,SCN-FIN-1591
REL-0338084,Case,CASE-01591,HAS_EVENT,Transaction,TXN-00092899,2024-01-26T22:59:28,MEDIUM,SYNTHETIC,,,true,Synthetic case evidence linkage.,SCN-FIN-1591
REL-0338584,Case,CASE-01591,HAS_EVENT,Transaction,TXN-00093399,2025-07-19T14:37:20,MEDIUM,SYNTHETIC,,,true,Synthetic case evidence linkage.,SCN-FIN-1591
REL-0339084,Case,CASE-01591,HAS_EVENT,Transaction,TXN-00093899,2025-02-19T14:24:56,MEDIUM,SYNTHETIC,,,true,Synthetic case evidence linkage.,SCN-FIN-1591
REL-0339584,Case,CASE-01591,HAS_EVENT,Transaction,TXN-00094399,2024-05-06T04:03:56,MEDIUM,SYNTHETIC,,,true,Synthetic case evidence linkage.,SCN-FIN-1591
REL-0340084,Case,CASE-01591,HAS_EVENT,Transaction,TXN-00094899,2024-01-07T14:20:38,MEDIUM,SYNTHETIC,,,true,Synthetic case evidence linkage.,SCN-FIN-1591
REL-0340584,Case,CASE-01591,HAS_EVENT,Transaction,TXN-00095399,2025-08-05T22:29:08,MEDIUM,SYNTHETIC,,,true,Synthetic case evidence linkage.,SCN-FIN-1591
REL-0341084,Case,CASE-01591,HAS_EVENT,Transaction,TXN-00095899,2024-07-21T00:29:25,MEDIUM,SYNTHETIC,,,true,Synthetic case evidence linkage.,SCN-FIN-1591
REL-0341584,Case,CASE-01591,HAS_EVENT,Transaction,TXN-00096399,2025-06-26T03:32:17,MEDIUM,SYNTHETIC,,,true,Synthetic case evidence linkage.,SCN-FIN-1591
REL-0342084,Case,CASE-01591,HAS_EVENT,Transaction,TXN-00096899,2024-06-09T00:30:19,MEDIUM,SYNTHETIC,,,true,Synthetic case evidence linkage.,SCN-FIN-1591
REL-0342584,Case,CASE-01591,HAS_EVENT,Transaction,TXN-00097399,2024-12-08T19:39:05,MEDIUM,SYNTHETIC,,,true,Synthetic case evidence linkage.,SCN-FIN-1591
REL-0343084,Case,CASE-01591,HAS_EVENT,Transaction,TXN-00097899,2024-05-31T06:05:32,MEDIUM,SYNTHETIC,,,true,Synthetic case evidence linkage.,SCN-FIN-1591
REL-0343584,Case,CASE-01591,HAS_EVENT,Transaction,TXN-00098399,2024-05-19T00:56:07,MEDIUM,SYNTHETIC,,,true,Synthetic case evidence linkage.,SCN-FIN-1591
REL-0344084,Case,CASE-01591,HAS_EVENT,Transaction,TXN-00098899,2025-07-09T02:12:34,MEDIUM,SYNTHETIC,,,true,Synthetic case evidence linkage.,SCN-FIN-1591
REL-0344584,Case,CASE-01591,HAS_EVENT,Transaction,TXN-00099399,2024-09-12T18:25:34,MEDIUM,SYNTHETIC,,,true,Synthetic case evidence linkage.,SCN-FIN-1591
REL-0345084,Case,CASE-01591,HAS_EVENT,Transaction,TXN-00099899,2025-05-16T20:40:29,MEDIUM,SYNTHETIC,,,true,Synthetic case evidence linkage.,SCN-FIN-1591
REL-0345584,Case,CASE-01591,HAS_EVENT,Transaction,TXN-00100399,2024-09-04T19:40:58,MEDIUM,SYNTHETIC,,,true,Synthetic case evidence linkage.,SCN-FIN-1591
REL-0346084,Case,CASE-01591,HAS_EVENT,Transaction,TXN-00100899,2024-02-26T00:56:21,MEDIUM,SYNTHETIC,,,true,Synthetic case evidence linkage.,SCN-FIN-1591
REL-0346584,Case,CASE-01591,HAS_EVENT,Transaction,TXN-00101399,2024-05-06T10:22:49,MEDIUM,SYNTHETIC,,,true,Synthetic case evidence linkage.,SCN-FIN-1591
REL-0347084,Case,CASE-01591,HAS_EVENT,Transaction,TXN-00101899,2024-03-07T11:33:01,MEDIUM,SYNTHETIC,,,true,Synthetic case evidence linkage.,SCN-FIN-1591
REL-0347584,Case,CASE-01591,HAS_EVENT,Transaction,TXN-00102399,2024-10-14T22:03:38,MEDIUM,SYNTHETIC,,,true,Synthetic case evidence linkage.,SCN-FIN-1591
REL-0348084,Case,CASE-01591,HAS_EVENT,Transaction,TXN-00102899,2024-03-18T12:29:06,MEDIUM,SYNTHETIC,,,true,Synthetic case evidence linkage.,SCN-FIN-1591
REL-0348584,Case,CASE-01591,HAS_EVENT,Transaction,TXN-00103399,2024-06-17T20:14:20,MEDIUM,SYNTHETIC,,,true,Synthetic case evidence linkage.,SCN-FIN-1591
REL-0349084,Case,CASE-01591,HAS_EVENT,Transaction,TXN-00103899,2025-08-13T07:44:16,MEDIUM,SYNTHETIC,,,true,Synthetic case evidence linkage.,SCN-FIN-1591
REL-0349584,Case,CASE-01591,HAS_EVENT,Transaction,TXN-00104399,2025-06-17T12:29:25,MEDIUM,SYNTHETIC,,,true,Synthetic case evidence linkage.,SCN-FIN-1591
REL-0350084,Case,CASE-01591,HAS_EVENT,Transaction,TXN-00104899,2024-05-23T22:16:47,MEDIUM,SYNTHETIC,,,true,Synthetic case evidence linkage.,SCN-FIN-1591
REL-0350584,Case,CASE-01591,HAS_EVENT,Transaction,TXN-00105399,2024-04-22T06:22:08,MEDIUM,SYNTHETIC,,,true,Synthetic case evidence linkage.,SCN-FIN-1591
REL-0351084,Case,CASE-01591,HAS_EVENT,Transaction,TXN-00105899,2024-12-12T23:24:07,MEDIUM,SYNTHETIC,,,true,Synthetic case evidence linkage.,SCN-FIN-1591
REL-0351584,Case,CASE-01591,HAS_EVENT,Transaction,TXN-00106399,2025-02-28T20:07:55,MEDIUM,SYNTHETIC,,,true,Synthetic case evidence linkage.,SCN-FIN-1591
REL-0352084,Case,CASE-01591,HAS_EVENT,Transaction,TXN-00106899,2024-02-05T02:24:06,MEDIUM,SYNTHETIC,,,true,Synthetic case evidence linkage.,SCN-FIN-1591
REL-0352584,Case,CASE-01591,HAS_EVENT,Transaction,TXN-00107399,2024-03-04T12:02:56,MEDIUM,SYNTHETIC,,,true,Synthetic case evidence linkage.,SCN-FIN-1591
REL-0353084,Case,CASE-01591,HAS_EVENT,Transaction,TXN-00107899,2025-04-03T23:15:14,MEDIUM,SYNTHETIC,,,true,Synthetic case evidence linkage.,SCN-FIN-1591
REL-0353584,Case,CASE-01591,HAS_EVENT,Transaction,TXN-00108399,2024-09-25T00:57:11,MEDIUM,SYNTHETIC,,,true,Synthetic case evidence linkage.,SCN-FIN-1591
REL-0354084,Case,CASE-01591,HAS_EVENT,Transaction,TXN-00108899,2025-06-24T02:36:05,MEDIUM,SYNTHETIC,,,true,Synthetic case evidence linkage.,SCN-FIN-1591
REL-0354584,Case,CASE-01591,HAS_EVENT,Transaction,TXN-00109399,2024-12-02T00:18:23,MEDIUM,SYNTHETIC,,,true,Synthetic case evidence linkage.,SCN-FIN-1591
REL-0355084,Case,CASE-01591,HAS_EVENT,Transaction,TXN-00109899,2025-05-27T07:02:01,MEDIUM,SYNTHETIC,,,true,Synthetic case evidence linkage.,SCN-FIN-1591
REL-0355584,Case,CASE-01591,HAS_EVENT,Transaction,TXN-00110399,2024-03-07T00:52:20,MEDIUM,SYNTHETIC,,,true,Synthetic case evidence linkage.,SCN-FIN-1591
REL-0356084,Case,CASE-01591,HAS_EVENT,Transaction,TXN-00110899,2025-10-16T20:27:28,MEDIUM,SYNTHETIC,,,true,Synthetic case evidence linkage.,SCN-FIN-1591
REL-0356584,Case,CASE-01591,HAS_EVENT,Transaction,TXN-00111399,2024-07-24T07:50:54,MEDIUM,SYNTHETIC,,,true,Synthetic case evidence linkage.,SCN-FIN-1591
REL-0357084,Case,CASE-01591,HAS_EVENT,Transaction,TXN-00111899,2025-03-02T22:56:34,MEDIUM,SYNTHETIC,,,true,Synthetic case evidence linkage.,SCN-FIN-1591
REL-0357584,Case,CASE-01591,HAS_EVENT,Transaction,TXN-00112399,2024-03-30T17:44:30,MEDIUM,SYNTHETIC,,,true,Synthetic case evidence linkage.,SCN-FIN-1591
REL-0358084,Case,CASE-01591,HAS_EVENT,Transaction,TXN-00112899,2024-04-06T16:10:03,MEDIUM,SYNTHETIC,,,true,Synthetic case evidence linkage.,SCN-FIN-1591
REL-0358584,Case,CASE-01591,HAS_EVENT,Transaction,TXN-00113399,2024-05-05T03:04:45,MEDIUM,SYNTHETIC,,,true,Synthetic case evidence linkage.,SCN-FIN-1591
REL-0359084,Case,CASE-01591,HAS_EVENT,Transaction,TXN-00113899,2025-08-01T04:19:54,MEDIUM,SYNTHETIC,,,true,Synthetic case evidence linkage.,SCN-FIN-1591
REL-0359584,Case,CASE-01591,HAS_EVENT,Transaction,TXN-00114399,2024-04-20T04:34:28,MEDIUM,SYNTHETIC,,,true,Synthetic case evidence linkage.,SCN-FIN-1591
REL-0360084,Case,CASE-01591,HAS_EVENT,Transaction,TXN-00114899,2024-05-16T13:32:38,MEDIUM,SYNTHETIC,,,true,Synthetic case evidence linkage.,SCN-FIN-1591
REL-0360584,Case,CASE-01591,HAS_EVENT,Transaction,TXN-00115399,2024-12-10T02:04:35,MEDIUM,SYNTHETIC,,,true,Synthetic case evidence linkage.,SCN-FIN-1591
REL-0361084,Case,CASE-01591,HAS_EVENT,Transaction,TXN-00115899,2024-05-28T12:24:30,MEDIUM,SYNTHETIC,,,true,Synthetic case evidence linkage.,SCN-FIN-1591
REL-0361584,Case,CASE-01591,HAS_EVENT,Transaction,TXN-00116399,2024-06-12T21:31:40,MEDIUM,SYNTHETIC,,,true,Synthetic case evidence linkage.,SCN-FIN-1591
REL-0362084,Case,CASE-01591,HAS_EVENT,Transaction,TXN-00116899,2024-06-09T06:28:16,MEDIUM,SYNTHETIC,,,true,Synthetic case evidence linkage.,SCN-FIN-1591
REL-0362584,Case,CASE-01591,HAS_EVENT,Transaction,TXN-00117399,2024-08-22T09:33:42,MEDIUM,SYNTHETIC,,,true,Synthetic case evidence linkage.,SCN-FIN-1591
REL-0363084,Case,CASE-01591,HAS_EVENT,Transaction,TXN-00117899,2024-10-02T12:57:19,MEDIUM,SYNTHETIC,,,true,Synthetic case evidence linkage.,SCN-FIN-1591
REL-0363584,Case,CASE-01591,HAS_EVENT,Transaction,TXN-00118399,2025-01-23T02:54:44,MEDIUM,SYNTHETIC,,,true,Synthetic case evidence linkage.,SCN-FIN-1591
REL-0364084,Case,CASE-01591,HAS_EVENT,Transaction,TXN-00118899,2025-08-07T19:58:55,MEDIUM,SYNTHETIC,,,true,Synthetic case evidence linkage.,SCN-FIN-1591
REL-0364584,Case,CASE-01591,HAS_EVENT,Transaction,TXN-00119399,2024-07-29T22:41:29,MEDIUM,SYNTHETIC,,,true,Synthetic case evidence linkage.,SCN-FIN-1591
REL-0365084,Case,CASE-01591,HAS_EVENT,Transaction,TXN-00119899,2024-12-23T12:44:03,MEDIUM,SYNTHETIC,,,true,Synthetic case evidence linkage.,SCN-FIN-1591
REL-0548463,Device,DEV-017422,CONNECTED_TO,Device,DEV-014174,2024-08-29T02:55:34,MEDIUM,SYNTHETIC,,,true,Synthetic network activity pattern.,SCN-MIXED-1735
REL-0636854,Case,CASE-00139,HAS_EVENT,PhysicalAccessEvent,PHY-00000035,2024-02-04T00:44:10,MEDIUM,SYNTHETIC,,,true,Synthetic case evidence linkage.,SCN-PHYS-0139
REL-0636855,Person,PER-002304,PARTICIPATED_IN,PhysicalAccessEvent,PHY-00000035,2024-02-04T00:44:10,MEDIUM,SYNTHETIC,,,true,Synthetic physical activity pattern.,SCN-PHYS-0139
REL-0636878,Case,CASE-00184,HAS_EVENT,PhysicalAccessEvent,PHY-00000047,2025-08-17T01:23:02,MEDIUM,SYNTHETIC,,,true,Synthetic case evidence linkage.,SCN-PHYS-0184
REL-0636879,Person,PER-003233,PARTICIPATED_IN,PhysicalAccessEvent,PHY-00000047,2025-08-17T01:23:02,MEDIUM,SYNTHETIC,,,true,Synthetic physical activity pattern.,SCN-PHYS-0184
REL-0636960,Case,CASE-00349,HAS_EVENT,PhysicalAccessEvent,PHY-00000088,2024-04-03T00:38:37,MEDIUM,SYNTHETIC,,,true,Synthetic case evidence linkage.,SCN-PHYS-0349
REL-0636961,Person,PER-006443,PARTICIPATED_IN,PhysicalAccessEvent,PHY-00000088,2024-04-03T00:38:37,MEDIUM,SYNTHETIC,,,true,Synthetic physical activity pattern.,SCN-PHYS-0349
REL-0636982,Case,CASE-00394,HAS_EVENT,PhysicalAccessEvent,PHY-00000099,2024-09-21T07:05:22,MEDIUM,SYNTHETIC,,,true,Synthetic case evidence linkage.,SCN-PHYS-0394
REL-0636983,Person,PER-007236,PARTICIPATED_IN,PhysicalAccessEvent,PHY-00000099,2024-09-21T07:05:22,MEDIUM,SYNTHETIC,,,true,Synthetic physical activity pattern.,SCN-PHYS-0394
REL-0637050,Case,CASE-00529,HAS_EVENT,PhysicalAccessEvent,PHY-00000133,2025-01-27T05:05:38,MEDIUM,SYNTHETIC,,,true,Synthetic case evidence linkage.,SCN-PHYS-0529
REL-0637051,Person,PER-009628,PARTICIPATED_IN,PhysicalAccessEvent,PHY-00000133,2025-01-27T05:05:38,MEDIUM,SYNTHETIC,,,true,Synthetic physical activity pattern.,SCN-PHYS-0529
REL-0637068,Case,CASE-00564,HAS_EVENT,PhysicalAccessEvent,PHY-00000142,2024-02-28T20:39:12,MEDIUM,SYNTHETIC,,,true,Synthetic case evidence linkage.,SCN-PHYS-0564
REL-0637069,Person,PER-010131,PARTICIPATED_IN,PhysicalAccessEvent,PHY-00000142,2024-02-28T20:39:12,MEDIUM,SYNTHETIC,,,true,Synthetic physical activity pattern.,SCN-PHYS-0564
REL-0637264,Case,CASE-00959,HAS_EVENT,PhysicalAccessEvent,PHY-00000240,2025-06-27T23:35:04,MEDIUM,SYNTHETIC,,,true,Synthetic case evidence linkage.,SCN-PHYS-0959
REL-0637265,Person,PER-017223,PARTICIPATED_IN,PhysicalAccessEvent,PHY-00000240,2025-06-27T23:35:04,MEDIUM,SYNTHETIC,,,true,Synthetic physical activity pattern.,SCN-PHYS-0959
REL-0637314,Case,CASE-01059,HAS_EVENT,PhysicalAccessEvent,PHY-00000265,2025-08-30T18:32:02,MEDIUM,SYNTHETIC,,,true,Synthetic case evidence linkage.,SCN-PHYS-1059
REL-0637315,Person,PER-018950,PARTICIPATED_IN,PhysicalAccessEvent,PHY-00000265,2025-08-30T18:32:02,MEDIUM,SYNTHETIC,,,true,Synthetic physical activity pattern.,SCN-PHYS-1059
REL-0637328,Case,CASE-01084,HAS_EVENT,PhysicalAccessEvent,PHY-00000272,2025-07-26T13:11:09,MEDIUM,SYNTHETIC,,,true,Synthetic case evidence linkage.,SCN-PHYS-1084
REL-0637329,Person,PER-019374,PARTICIPATED_IN,PhysicalAccessEvent,PHY-00000272,2025-07-26T13:11:09,MEDIUM,SYNTHETIC,,,true,Synthetic physical activity pattern.,SCN-PHYS-1084
REL-0637348,Case,CASE-01124,HAS_EVENT,PhysicalAccessEvent,PHY-00000282,2024-03-24T15:43:18,MEDIUM,SYNTHETIC,,,true,Synthetic case evidence linkage.,SCN-PHYS-1124
REL-0637349,Person,PER-020096,PARTICIPATED_IN,PhysicalAccessEvent,PHY-00000282,2024-03-24T15:43:18,MEDIUM,SYNTHETIC,,,true,Synthetic physical activity pattern.,SCN-PHYS-1124
REL-0637390,Case,CASE-01209,HAS_EVENT,PhysicalAccessEvent,PHY-00000303,2025-12-15T06:54:48,MEDIUM,SYNTHETIC,,,true,Synthetic case evidence linkage.,SCN-PHYS-1209
REL-0637391,Person,PER-021845,PARTICIPATED_IN,PhysicalAccessEvent,PHY-00000303,2025-12-15T06:54:48,MEDIUM,SYNTHETIC,,,true,Synthetic physical activity pattern.,SCN-PHYS-1209
REL-0637420,Case,CASE-01269,HAS_EVENT,PhysicalAccessEvent,PHY-00000318,2025-12-03T15:31:13,MEDIUM,SYNTHETIC,,,true,Synthetic case evidence linkage.,SCN-PHYS-1269
REL-0637421,Person,PER-022852,PARTICIPATED_IN,PhysicalAccessEvent,PHY-00000318,2025-12-03T15:31:13,MEDIUM,SYNTHETIC,,,true,Synthetic physical activity pattern.,SCN-PHYS-1269
REL-0637452,Case,CASE-01334,HAS_EVENT,PhysicalAccessEvent,PHY-00000334,2024-03-13T00:52:08,MEDIUM,SYNTHETIC,,,true,Synthetic case evidence linkage.,SCN-PHYS-1334
REL-0637453,Person,PER-023945,PARTICIPATED_IN,PhysicalAccessEvent,PHY-00000334,2024-03-13T00:52:08,MEDIUM,SYNTHETIC,,,true,Synthetic physical activity pattern.,SCN-PHYS-1334
REL-0637544,Case,CASE-01519,HAS_EVENT,PhysicalAccessEvent,PHY-00000380,2024-08-02T18:12:54,MEDIUM,SYNTHETIC,,,true,Synthetic case evidence linkage.,SCN-PHYS-1519
REL-0637545,Person,PER-027179,PARTICIPATED_IN,PhysicalAccessEvent,PHY-00000380,2024-08-02T18:12:54,MEDIUM,SYNTHETIC,,,true,Synthetic physical activity pattern.,SCN-PHYS-1519
REL-0637578,Case,CASE-01584,HAS_EVENT,PhysicalAccessEvent,PHY-00000397,2024-12-30T01:06:44,MEDIUM,SYNTHETIC,,,true,Synthetic case evidence linkage.,SCN-PHYS-1584
REL-0637579,Person,PER-028278,PARTICIPATED_IN,PhysicalAccessEvent,PHY-00000397,2024-12-30T01:06:44,MEDIUM,SYNTHETIC,,,true,Synthetic physical activity pattern.,SCN-PHYS-1584
REL-0637582,Case,CASE-01594,HAS_EVENT,PhysicalAccessEvent,PHY-00000399,2025-09-28T22:21:59,MEDIUM,SYNTHETIC,,,true,Synthetic case evidence linkage.,SCN-PHYS-1594
REL-0637583,Person,PER-028494,PARTICIPATED_IN,PhysicalAccessEvent,PHY-00000399,2025-09-28T22:21:59,MEDIUM,SYNTHETIC,,,true,Synthetic physical activity pattern.,SCN-PHYS-1594
REL-0637618,Case,CASE-01664,HAS_EVENT,PhysicalAccessEvent,PHY-00000417,2025-08-12T05:05:36,MEDIUM,SYNTHETIC,,,true,Synthetic case evidence linkage.,SCN-PHYS-1664
REL-0637619,Person,PER-029521,PARTICIPATED_IN,PhysicalAccessEvent,PHY-00000417,2025-08-12T05:05:36,MEDIUM,SYNTHETIC,,,true,Synthetic physical activity pattern.,SCN-PHYS-1664
REL-0637658,Case,CASE-01744,HAS_EVENT,PhysicalAccessEvent,PHY-00000437,2025-05-15T07:49:47,MEDIUM,SYNTHETIC,,,true,Synthetic case evidence linkage.,SCN-PHYS-1744
REL-0637659,Person,PER-031212,PARTICIPATED_IN,PhysicalAccessEvent,PHY-00000437,2025-05-15T07:49:47,MEDIUM,SYNTHETIC,,,true,Synthetic physical activity pattern.,SCN-PHYS-1744
REL-0637782,Case,CASE-01994,HAS_EVENT,PhysicalAccessEvent,PHY-00000499,2025-12-07T11:08:40,MEDIUM,SYNTHETIC,,,true,Synthetic case evidence linkage.,SCN-PHYS-1994
REL-0637783,Person,PER-035454,PARTICIPATED_IN,PhysicalAccessEvent,PHY-00000499,2025-12-07T11:08:40,MEDIUM,SYNTHETIC,,,true,Synthetic physical activity pattern.,SCN-PHYS-1994
REL-0637854,Case,CASE-00139,HAS_EVENT,PhysicalAccessEvent,PHY-00000535,2025-01-24T13:16:19,MEDIUM,SYNTHETIC,,,true,Synthetic case evidence linkage.,SCN-PHYS-0139
REL-0637855,Person,PER-002304,PARTICIPATED_IN,PhysicalAccessEvent,PHY-00000535,2025-01-24T13:16:19,MEDIUM,SYNTHETIC,,,true,Synthetic physical activity pattern.,SCN-PHYS-0139
REL-0637878,Case,CASE-00184,HAS_EVENT,PhysicalAccessEvent,PHY-00000547,2024-08-21T02:11:39,MEDIUM,SYNTHETIC,,,true,Synthetic case evidence linkage.,SCN-PHYS-0184
REL-0637879,Person,PER-003233,PARTICIPATED_IN,PhysicalAccessEvent,PHY-00000547,2024-08-21T02:11:39,MEDIUM,SYNTHETIC,,,true,Synthetic physical activity pattern.,SCN-PHYS-0184
REL-0637960,Case,CASE-00349,HAS_EVENT,PhysicalAccessEvent,PHY-00000588,2024-10-28T06:44:14,MEDIUM,SYNTHETIC,,,true,Synthetic case evidence linkage.,SCN-PHYS-0349
REL-0637961,Person,PER-006443,PARTICIPATED_IN,PhysicalAccessEvent,PHY-00000588,2024-10-28T06:44:14,MEDIUM,SYNTHETIC,,,true,Synthetic physical activity pattern.,SCN-PHYS-0349
REL-0637982,Case,CASE-00394,HAS_EVENT,PhysicalAccessEvent,PHY-00000599,2025-11-10T03:06:30,MEDIUM,SYNTHETIC,,,true,Synthetic case evidence linkage.,SCN-PHYS-0394
REL-0637983,Person,PER-007236,PARTICIPATED_IN,PhysicalAccessEvent,PHY-00000599,2025-11-10T03:06:30,MEDIUM,SYNTHETIC,,,true,Synthetic physical activity pattern.,SCN-PHYS-0394
REL-0638050,Case,CASE-00529,HAS_EVENT,PhysicalAccessEvent,PHY-00000633,2024-02-17T15:18:11,MEDIUM,SYNTHETIC,,,true,Synthetic case evidence linkage.,SCN-PHYS-0529
REL-0638051,Person,PER-009628,PARTICIPATED_IN,PhysicalAccessEvent,PHY-00000633,2024-02-17T15:18:11,MEDIUM,SYNTHETIC,,,true,Synthetic physical activity pattern.,SCN-PHYS-0529
REL-0638068,Case,CASE-00564,HAS_EVENT,PhysicalAccessEvent,PHY-00000642,2024-05-14T06:30:24,MEDIUM,SYNTHETIC,,,true,Synthetic case evidence linkage.,SCN-PHYS-0564
REL-0638069,Person,PER-010131,PARTICIPATED_IN,PhysicalAccessEvent,PHY-00000642,2024-05-14T06:30:24,MEDIUM,SYNTHETIC,,,true,Synthetic physical activity pattern.,SCN-PHYS-0564
REL-0638264,Case,CASE-00959,HAS_EVENT,PhysicalAccessEvent,PHY-00000740,2024-04-18T03:22:29,MEDIUM,SYNTHETIC,,,true,Synthetic case evidence linkage.,SCN-PHYS-0959
REL-0638265,Person,PER-017223,PARTICIPATED_IN,PhysicalAccessEvent,PHY-00000740,2024-04-18T03:22:29,MEDIUM,SYNTHETIC,,,true,Synthetic physical activity pattern.,SCN-PHYS-0959
REL-0638314,Case,CASE-01059,HAS_EVENT,PhysicalAccessEvent,PHY-00000765,2025-11-11T15:16:38,MEDIUM,SYNTHETIC,,,true,Synthetic case evidence linkage.,SCN-PHYS-1059
REL-0638315,Person,PER-018950,PARTICIPATED_IN,PhysicalAccessEvent,PHY-00000765,2025-11-11T15:16:38,MEDIUM,SYNTHETIC,,,true,Synthetic physical activity pattern.,SCN-PHYS-1059
REL-0638328,Case,CASE-01084,HAS_EVENT,PhysicalAccessEvent,PHY-00000772,2024-10-03T14:37:34,MEDIUM,SYNTHETIC,,,true,Synthetic case evidence linkage.,SCN-PHYS-1084
REL-0638329,Person,PER-019374,PARTICIPATED_IN,PhysicalAccessEvent,PHY-00000772,2024-10-03T14:37:34,MEDIUM,SYNTHETIC,,,true,Synthetic physical activity pattern.,SCN-PHYS-1084
REL-0638348,Case,CASE-01124,HAS_EVENT,PhysicalAccessEvent,PHY-00000782,2024-11-17T14:35:44,MEDIUM,SYNTHETIC,,,true,Synthetic case evidence linkage.,SCN-PHYS-1124
REL-0638349,Person,PER-020096,PARTICIPATED_IN,PhysicalAccessEvent,PHY-00000782,2024-11-17T14:35:44,MEDIUM,SYNTHETIC,,,true,Synthetic physical activity pattern.,SCN-PHYS-1124
REL-0638390,Case,CASE-01209,HAS_EVENT,PhysicalAccessEvent,PHY-00000803,2024-08-31T18:24:30,MEDIUM,SYNTHETIC,,,true,Synthetic case evidence linkage.,SCN-PHYS-1209
REL-0638391,Person,PER-021845,PARTICIPATED_IN,PhysicalAccessEvent,PHY-00000803,2024-08-31T18:24:30,MEDIUM,SYNTHETIC,,,true,Synthetic physical activity pattern.,SCN-PHYS-1209
REL-0638420,Case,CASE-01269,HAS_EVENT,PhysicalAccessEvent,PHY-00000818,2025-12-26T02:11:59,MEDIUM,SYNTHETIC,,,true,Synthetic case evidence linkage.,SCN-PHYS-1269
REL-0638421,Person,PER-022852,PARTICIPATED_IN,PhysicalAccessEvent,PHY-00000818,2025-12-26T02:11:59,MEDIUM,SYNTHETIC,,,true,Synthetic physical activity pattern.,SCN-PHYS-1269
REL-0638452,Case,CASE-01334,HAS_EVENT,PhysicalAccessEvent,PHY-00000834,2024-11-03T00:34:13,MEDIUM,SYNTHETIC,,,true,Synthetic case evidence linkage.,SCN-PHYS-1334
REL-0638453,Person,PER-023945,PARTICIPATED_IN,PhysicalAccessEvent,PHY-00000834,2024-11-03T00:34:13,MEDIUM,SYNTHETIC,,,true,Synthetic physical activity pattern.,SCN-PHYS-1334
REL-0638544,Case,CASE-01519,HAS_EVENT,PhysicalAccessEvent,PHY-00000880,2024-10-25T23:10:05,MEDIUM,SYNTHETIC,,,true,Synthetic case evidence linkage.,SCN-PHYS-1519
REL-0638545,Person,PER-027179,PARTICIPATED_IN,PhysicalAccessEvent,PHY-00000880,2024-10-25T23:10:05,MEDIUM,SYNTHETIC,,,true,Synthetic physical activity pattern.,SCN-PHYS-1519
REL-0638578,Case,CASE-01584,HAS_EVENT,PhysicalAccessEvent,PHY-00000897,2024-04-28T21:55:31,MEDIUM,SYNTHETIC,,,true,Synthetic case evidence linkage.,SCN-PHYS-1584
REL-0638579,Person,PER-028278,PARTICIPATED_IN,PhysicalAccessEvent,PHY-00000897,2024-04-28T21:55:31,MEDIUM,SYNTHETIC,,,true,Synthetic physical activity pattern.,SCN-PHYS-1584
REL-0638582,Case,CASE-01594,HAS_EVENT,PhysicalAccessEvent,PHY-00000899,2025-09-13T05:09:12,MEDIUM,SYNTHETIC,,,true,Synthetic case evidence linkage.,SCN-PHYS-1594
REL-0638583,Person,PER-028494,PARTICIPATED_IN,PhysicalAccessEvent,PHY-00000899,2025-09-13T05:09:12,MEDIUM,SYNTHETIC,,,true,Synthetic physical activity pattern.,SCN-PHYS-1594
REL-0638618,Case,CASE-01664,HAS_EVENT,PhysicalAccessEvent,PHY-00000917,2025-07-10T22:01:29,MEDIUM,SYNTHETIC,,,true,Synthetic case evidence linkage.,SCN-PHYS-1664
REL-0638619,Person,PER-029521,PARTICIPATED_IN,PhysicalAccessEvent,PHY-00000917,2025-07-10T22:01:29,MEDIUM,SYNTHETIC,,,true,Synthetic physical activity pattern.,SCN-PHYS-1664
REL-0638658,Case,CASE-01744,HAS_EVENT,PhysicalAccessEvent,PHY-00000937,2024-12-30T17:51:46,MEDIUM,SYNTHETIC,,,true,Synthetic case evidence linkage.,SCN-PHYS-1744
REL-0638659,Person,PER-031212,PARTICIPATED_IN,PhysicalAccessEvent,PHY-00000937,2024-12-30T17:51:46,MEDIUM,SYNTHETIC,,,true,Synthetic physical activity pattern.,SCN-PHYS-1744
REL-0638782,Case,CASE-01994,HAS_EVENT,PhysicalAccessEvent,PHY-00000999,2025-09-10T16:46:21,MEDIUM,SYNTHETIC,,,true,Synthetic case evidence linkage.,SCN-PHYS-1994
REL-0638783,Person,PER-035454,PARTICIPATED_IN,PhysicalAccessEvent,PHY-00000999,2025-09-10T16:46:21,MEDIUM,SYNTHETIC,,,true,Synthetic physical activity pattern.,SCN-PHYS-1994
REL-0638854,Case,CASE-00139,HAS_EVENT,PhysicalAccessEvent,PHY-00001035,2024-06-25T03:15:30,MEDIUM,SYNTHETIC,,,true,Synthetic case evidence linkage.,SCN-PHYS-0139
REL-0638855,Person,PER-002304,PARTICIPATED_IN,PhysicalAccessEvent,PHY-00001035,2024-06-25T03:15:30,MEDIUM,SYNTHETIC,,,true,Synthetic physical activity pattern.,SCN-PHYS-0139
REL-0638878,Case,CASE-00184,HAS_EVENT,PhysicalAccessEvent,PHY-00001047,2024-08-02T11:53:23,MEDIUM,SYNTHETIC,,,true,Synthetic case evidence linkage.,SCN-PHYS-0184
REL-0638879,Person,PER-003233,PARTICIPATED_IN,PhysicalAccessEvent,PHY-00001047,2024-08-02T11:53:23,MEDIUM,SYNTHETIC,,,true,Synthetic physical activity pattern.,SCN-PHYS-0184
REL-0638960,Case,CASE-00349,HAS_EVENT,PhysicalAccessEvent,PHY-00001088,2024-03-01T06:55:17,MEDIUM,SYNTHETIC,,,true,Synthetic case evidence linkage.,SCN-PHYS-0349
REL-0638961,Person,PER-006443,PARTICIPATED_IN,PhysicalAccessEvent,PHY-00001088,2024-03-01T06:55:17,MEDIUM,SYNTHETIC,,,true,Synthetic physical activity pattern.,SCN-PHYS-0349
REL-0638982,Case,CASE-00394,HAS_EVENT,PhysicalAccessEvent,PHY-00001099,2025-07-05T13:40:33,MEDIUM,SYNTHETIC,,,true,Synthetic case evidence linkage.,SCN-PHYS-0394
REL-0638983,Person,PER-007236,PARTICIPATED_IN,PhysicalAccessEvent,PHY-00001099,2025-07-05T13:40:33,MEDIUM,SYNTHETIC,,,true,Synthetic physical activity pattern.,SCN-PHYS-0394
REL-0639050,Case,CASE-00529,HAS_EVENT,PhysicalAccessEvent,PHY-00001133,2024-03-22T03:24:41,MEDIUM,SYNTHETIC,,,true,Synthetic case evidence linkage.,SCN-PHYS-0529
REL-0639051,Person,PER-009628,PARTICIPATED_IN,PhysicalAccessEvent,PHY-00001133,2024-03-22T03:24:41,MEDIUM,SYNTHETIC,,,true,Synthetic physical activity pattern.,SCN-PHYS-0529
REL-0639068,Case,CASE-00564,HAS_EVENT,PhysicalAccessEvent,PHY-00001142,2024-07-24T07:36:57,MEDIUM,SYNTHETIC,,,true,Synthetic case evidence linkage.,SCN-PHYS-0564
REL-0639069,Person,PER-010131,PARTICIPATED_IN,PhysicalAccessEvent,PHY-00001142,2024-07-24T07:36:57,MEDIUM,SYNTHETIC,,,true,Synthetic physical activity pattern.,SCN-PHYS-0564
REL-0639264,Case,CASE-00959,HAS_EVENT,PhysicalAccessEvent,PHY-00001240,2025-05-17T18:43:05,MEDIUM,SYNTHETIC,,,true,Synthetic case evidence linkage.,SCN-PHYS-0959
REL-0639265,Person,PER-017223,PARTICIPATED_IN,PhysicalAccessEvent,PHY-00001240,2025-05-17T18:43:05,MEDIUM,SYNTHETIC,,,true,Synthetic physical activity pattern.,SCN-PHYS-0959
REL-0639314,Case,CASE-01059,HAS_EVENT,PhysicalAccessEvent,PHY-00001265,2024-01-06T00:41:42,MEDIUM,SYNTHETIC,,,true,Synthetic case evidence linkage.,SCN-PHYS-1059
REL-0639315,Person,PER-018950,PARTICIPATED_IN,PhysicalAccessEvent,PHY-00001265,2024-01-06T00:41:42,MEDIUM,SYNTHETIC,,,true,Synthetic physical activity pattern.,SCN-PHYS-1059
REL-0639328,Case,CASE-01084,HAS_EVENT,PhysicalAccessEvent,PHY-00001272,2025-10-30T20:21:39,MEDIUM,SYNTHETIC,,,true,Synthetic case evidence linkage.,SCN-PHYS-1084
REL-0639329,Person,PER-019374,PARTICIPATED_IN,PhysicalAccessEvent,PHY-00001272,2025-10-30T20:21:39,MEDIUM,SYNTHETIC,,,true,Synthetic physical activity pattern.,SCN-PHYS-1084
REL-0639348,Case,CASE-01124,HAS_EVENT,PhysicalAccessEvent,PHY-00001282,2025-10-05T11:04:07,MEDIUM,SYNTHETIC,,,true,Synthetic case evidence linkage.,SCN-PHYS-1124
REL-0639349,Person,PER-020096,PARTICIPATED_IN,PhysicalAccessEvent,PHY-00001282,2025-10-05T11:04:07,MEDIUM,SYNTHETIC,,,true,Synthetic physical activity pattern.,SCN-PHYS-1124
REL-0639390,Case,CASE-01209,HAS_EVENT,PhysicalAccessEvent,PHY-00001303,2024-05-25T18:23:16,MEDIUM,SYNTHETIC,,,true,Synthetic case evidence linkage.,SCN-PHYS-1209
REL-0639391,Person,PER-021845,PARTICIPATED_IN,PhysicalAccessEvent,PHY-00001303,2024-05-25T18:23:16,MEDIUM,SYNTHETIC,,,true,Synthetic physical activity pattern.,SCN-PHYS-1209
REL-0639420,Case,CASE-01269,HAS_EVENT,PhysicalAccessEvent,PHY-00001318,2024-02-18T03:07:15,MEDIUM,SYNTHETIC,,,true,Synthetic case evidence linkage.,SCN-PHYS-1269
REL-0639421,Person,PER-022852,PARTICIPATED_IN,PhysicalAccessEvent,PHY-00001318,2024-02-18T03:07:15,MEDIUM,SYNTHETIC,,,true,Synthetic physical activity pattern.,SCN-PHYS-1269
REL-0639452,Case,CASE-01334,HAS_EVENT,PhysicalAccessEvent,PHY-00001334,2025-02-02T14:20:50,MEDIUM,SYNTHETIC,,,true,Synthetic case evidence linkage.,SCN-PHYS-1334
REL-0639453,Person,PER-023945,PARTICIPATED_IN,PhysicalAccessEvent,PHY-00001334,2025-02-02T14:20:50,MEDIUM,SYNTHETIC,,,true,Synthetic physical activity pattern.,SCN-PHYS-1334
REL-0639544,Case,CASE-01519,HAS_EVENT,PhysicalAccessEvent,PHY-00001380,2024-01-29T14:50:28,MEDIUM,SYNTHETIC,,,true,Synthetic case evidence linkage.,SCN-PHYS-1519
REL-0639545,Person,PER-027179,PARTICIPATED_IN,PhysicalAccessEvent,PHY-00001380,2024-01-29T14:50:28,MEDIUM,SYNTHETIC,,,true,Synthetic physical activity pattern.,SCN-PHYS-1519
REL-0639578,Case,CASE-01584,HAS_EVENT,PhysicalAccessEvent,PHY-00001397,2024-04-02T23:28:00,MEDIUM,SYNTHETIC,,,true,Synthetic case evidence linkage.,SCN-PHYS-1584
REL-0639579,Person,PER-028278,PARTICIPATED_IN,PhysicalAccessEvent,PHY-00001397,2024-04-02T23:28:00,MEDIUM,SYNTHETIC,,,true,Synthetic physical activity pattern.,SCN-PHYS-1584
REL-0639582,Case,CASE-01594,HAS_EVENT,PhysicalAccessEvent,PHY-00001399,2025-07-15T20:59:51,MEDIUM,SYNTHETIC,,,true,Synthetic case evidence linkage.,SCN-PHYS-1594
REL-0639583,Person,PER-028494,PARTICIPATED_IN,PhysicalAccessEvent,PHY-00001399,2025-07-15T20:59:51,MEDIUM,SYNTHETIC,,,true,Synthetic physical activity pattern.,SCN-PHYS-1594
REL-0639618,Case,CASE-01664,HAS_EVENT,PhysicalAccessEvent,PHY-00001417,2025-07-19T10:44:09,MEDIUM,SYNTHETIC,,,true,Synthetic case evidence linkage.,SCN-PHYS-1664
REL-0639619,Person,PER-029521,PARTICIPATED_IN,PhysicalAccessEvent,PHY-00001417,2025-07-19T10:44:09,MEDIUM,SYNTHETIC,,,true,Synthetic physical activity pattern.,SCN-PHYS-1664
REL-0639658,Case,CASE-01744,HAS_EVENT,PhysicalAccessEvent,PHY-00001437,2024-02-14T11:49:14,MEDIUM,SYNTHETIC,,,true,Synthetic case evidence linkage.,SCN-PHYS-1744
REL-0639659,Person,PER-031212,PARTICIPATED_IN,PhysicalAccessEvent,PHY-00001437,2024-02-14T11:49:14,MEDIUM,SYNTHETIC,,,true,Synthetic physical activity pattern.,SCN-PHYS-1744
REL-0639782,Case,CASE-01994,HAS_EVENT,PhysicalAccessEvent,PHY-00001499,2025-04-03T06:43:23,MEDIUM,SYNTHETIC,,,true,Synthetic case evidence linkage.,SCN-PHYS-1994
REL-0639783,Person,PER-035454,PARTICIPATED_IN,PhysicalAccessEvent,PHY-00001499,2025-04-03T06:43:23,MEDIUM,SYNTHETIC,,,true,Synthetic physical activity pattern.,SCN-PHYS-1994
REL-0639854,Case,CASE-00139,HAS_EVENT,PhysicalAccessEvent,PHY-00001535,2025-06-29T11:58:19,MEDIUM,SYNTHETIC,,,true,Synthetic case evidence linkage.,SCN-PHYS-0139
REL-0639855,Person,PER-002304,PARTICIPATED_IN,PhysicalAccessEvent,PHY-00001535,2025-06-29T11:58:19,MEDIUM,SYNTHETIC,,,true,Synthetic physical activity pattern.,SCN-PHYS-0139
REL-0639878,Case,CASE-00184,HAS_EVENT,PhysicalAccessEvent,PHY-00001547,2025-01-05T02:35:58,MEDIUM,SYNTHETIC,,,true,Synthetic case evidence linkage.,SCN-PHYS-0184
REL-0639879,Person,PER-003233,PARTICIPATED_IN,PhysicalAccessEvent,PHY-00001547,2025-01-05T02:35:58,MEDIUM,SYNTHETIC,,,true,Synthetic physical activity pattern.,SCN-PHYS-0184
REL-0639960,Case,CASE-00349,HAS_EVENT,PhysicalAccessEvent,PHY-00001588,2025-10-11T11:49:40,MEDIUM,SYNTHETIC,,,true,Synthetic case evidence linkage.,SCN-PHYS-0349
REL-0639961,Person,PER-006443,PARTICIPATED_IN,PhysicalAccessEvent,PHY-00001588,2025-10-11T11:49:40,MEDIUM,SYNTHETIC,,,true,Synthetic physical activity pattern.,SCN-PHYS-0349
REL-0639982,Case,CASE-00394,HAS_EVENT,PhysicalAccessEvent,PHY-00001599,2024-03-25T22:19:13,MEDIUM,SYNTHETIC,,,true,Synthetic case evidence linkage.,SCN-PHYS-0394
REL-0639983,Person,PER-007236,PARTICIPATED_IN,PhysicalAccessEvent,PHY-00001599,2024-03-25T22:19:13,MEDIUM,SYNTHETIC,,,true,Synthetic physical activity pattern.,SCN-PHYS-0394
REL-0640050,Case,CASE-00529,HAS_EVENT,PhysicalAccessEvent,PHY-00001633,2025-08-05T02:13:04,MEDIUM,SYNTHETIC,,,true,Synthetic case evidence linkage.,SCN-PHYS-0529
REL-0640051,Person,PER-009628,PARTICIPATED_IN,PhysicalAccessEvent,PHY-00001633,2025-08-05T02:13:04,MEDIUM,SYNTHETIC,,,true,Synthetic physical activity pattern.,SCN-PHYS-0529
REL-0640068,Case,CASE-00564,HAS_EVENT,PhysicalAccessEvent,PHY-00001642,2025-04-14T23:59:35,MEDIUM,SYNTHETIC,,,true,Synthetic case evidence linkage.,SCN-PHYS-0564
REL-0640069,Person,PER-010131,PARTICIPATED_IN,PhysicalAccessEvent,PHY-00001642,2025-04-14T23:59:35,MEDIUM,SYNTHETIC,,,true,Synthetic physical activity pattern.,SCN-PHYS-0564
REL-0640264,Case,CASE-00959,HAS_EVENT,PhysicalAccessEvent,PHY-00001740,2024-04-24T19:41:01,MEDIUM,SYNTHETIC,,,true,Synthetic case evidence linkage.,SCN-PHYS-0959
REL-0640265,Person,PER-017223,PARTICIPATED_IN,PhysicalAccessEvent,PHY-00001740,2024-04-24T19:41:01,MEDIUM,SYNTHETIC,,,true,Synthetic physical activity pattern.,SCN-PHYS-0959
REL-0640314,Case,CASE-01059,HAS_EVENT,PhysicalAccessEvent,PHY-00001765,2025-07-27T07:33:07,MEDIUM,SYNTHETIC,,,true,Synthetic case evidence linkage.,SCN-PHYS-1059
REL-0640315,Person,PER-018950,PARTICIPATED_IN,PhysicalAccessEvent,PHY-00001765,2025-07-27T07:33:07,MEDIUM,SYNTHETIC,,,true,Synthetic physical activity pattern.,SCN-PHYS-1059
REL-0640328,Case,CASE-01084,HAS_EVENT,PhysicalAccessEvent,PHY-00001772,2024-11-22T10:19:18,MEDIUM,SYNTHETIC,,,true,Synthetic case evidence linkage.,SCN-PHYS-1084
REL-0640329,Person,PER-019374,PARTICIPATED_IN,PhysicalAccessEvent,PHY-00001772,2024-11-22T10:19:18,MEDIUM,SYNTHETIC,,,true,Synthetic physical activity pattern.,SCN-PHYS-1084
REL-0640348,Case,CASE-01124,HAS_EVENT,PhysicalAccessEvent,PHY-00001782,2024-02-14T11:20:09,MEDIUM,SYNTHETIC,,,true,Synthetic case evidence linkage.,SCN-PHYS-1124
REL-0640349,Person,PER-020096,PARTICIPATED_IN,PhysicalAccessEvent,PHY-00001782,2024-02-14T11:20:09,MEDIUM,SYNTHETIC,,,true,Synthetic physical activity pattern.,SCN-PHYS-1124
REL-0640390,Case,CASE-01209,HAS_EVENT,PhysicalAccessEvent,PHY-00001803,2025-06-13T11:10:30,MEDIUM,SYNTHETIC,,,true,Synthetic case evidence linkage.,SCN-PHYS-1209
REL-0640391,Person,PER-021845,PARTICIPATED_IN,PhysicalAccessEvent,PHY-00001803,2025-06-13T11:10:30,MEDIUM,SYNTHETIC,,,true,Synthetic physical activity pattern.,SCN-PHYS-1209
REL-0640420,Case,CASE-01269,HAS_EVENT,PhysicalAccessEvent,PHY-00001818,2025-02-17T17:04:32,MEDIUM,SYNTHETIC,,,true,Synthetic case evidence linkage.,SCN-PHYS-1269
REL-0640421,Person,PER-022852,PARTICIPATED_IN,PhysicalAccessEvent,PHY-00001818,2025-02-17T17:04:32,MEDIUM,SYNTHETIC,,,true,Synthetic physical activity pattern.,SCN-PHYS-1269
REL-0640452,Case,CASE-01334,HAS_EVENT,PhysicalAccessEvent,PHY-00001834,2024-02-02T11:26:55,MEDIUM,SYNTHETIC,,,true,Synthetic case evidence linkage.,SCN-PHYS-1334
REL-0640453,Person,PER-023945,PARTICIPATED_IN,PhysicalAccessEvent,PHY-00001834,2024-02-02T11:26:55,MEDIUM,SYNTHETIC,,,true,Synthetic physical activity pattern.,SCN-PHYS-1334
REL-0640544,Case,CASE-01519,HAS_EVENT,PhysicalAccessEvent,PHY-00001880,2024-08-12T15:02:08,MEDIUM,SYNTHETIC,,,true,Synthetic case evidence linkage.,SCN-PHYS-1519
REL-0640545,Person,PER-027179,PARTICIPATED_IN,PhysicalAccessEvent,PHY-00001880,2024-08-12T15:02:08,MEDIUM,SYNTHETIC,,,true,Synthetic physical activity pattern.,SCN-PHYS-1519
REL-0640578,Case,CASE-01584,HAS_EVENT,PhysicalAccessEvent,PHY-00001897,2025-11-11T20:44:59,MEDIUM,SYNTHETIC,,,true,Synthetic case evidence linkage.,SCN-PHYS-1584
REL-0640579,Person,PER-028278,PARTICIPATED_IN,PhysicalAccessEvent,PHY-00001897,2025-11-11T20:44:59,MEDIUM,SYNTHETIC,,,true,Synthetic physical activity pattern.,SCN-PHYS-1584
REL-0640582,Case,CASE-01594,HAS_EVENT,PhysicalAccessEvent,PHY-00001899,2025-08-03T03:35:53,MEDIUM,SYNTHETIC,,,true,Synthetic case evidence linkage.,SCN-PHYS-1594
REL-0640583,Person,PER-028494,PARTICIPATED_IN,PhysicalAccessEvent,PHY-00001899,2025-08-03T03:35:53,MEDIUM,SYNTHETIC,,,true,Synthetic physical activity pattern.,SCN-PHYS-1594
REL-0640618,Case,CASE-01664,HAS_EVENT,PhysicalAccessEvent,PHY-00001917,2024-01-26T10:10:54,MEDIUM,SYNTHETIC,,,true,Synthetic case evidence linkage.,SCN-PHYS-1664
REL-0640619,Person,PER-029521,PARTICIPATED_IN,PhysicalAccessEvent,PHY-00001917,2024-01-26T10:10:54,MEDIUM,SYNTHETIC,,,true,Synthetic physical activity pattern.,SCN-PHYS-1664
REL-0640658,Case,CASE-01744,HAS_EVENT,PhysicalAccessEvent,PHY-00001937,2024-10-22T20:06:06,MEDIUM,SYNTHETIC,,,true,Synthetic case evidence linkage.,SCN-PHYS-1744
REL-0640659,Person,PER-031212,PARTICIPATED_IN,PhysicalAccessEvent,PHY-00001937,2024-10-22T20:06:06,MEDIUM,SYNTHETIC,,,true,Synthetic physical activity pattern.,SCN-PHYS-1744
REL-0640782,Case,CASE-01994,HAS_EVENT,PhysicalAccessEvent,PHY-00001999,2025-06-13T15:32:28,MEDIUM,SYNTHETIC,,,true,Synthetic case evidence linkage.,SCN-PHYS-1994
REL-0640783,Person,PER-035454,PARTICIPATED_IN,PhysicalAccessEvent,PHY-00001999,2025-06-13T15:32:28,MEDIUM,SYNTHETIC,,,true,Synthetic physical activity pattern.,SCN-PHYS-1994
REL-0640854,Case,CASE-00139,HAS_EVENT,PhysicalAccessEvent,PHY-00002035,2025-03-07T11:57:20,MEDIUM,SYNTHETIC,,,true,Synthetic case evidence linkage.,SCN-PHYS-0139
REL-0640855,Person,PER-002304,PARTICIPATED_IN,PhysicalAccessEvent,PHY-00002035,2025-03-07T11:57:20,MEDIUM,SYNTHETIC,,,true,Synthetic physical activity pattern.,SCN-PHYS-0139
REL-0640878,Case,CASE-00184,HAS_EVENT,PhysicalAccessEvent,PHY-00002047,2024-11-19T18:34:20,MEDIUM,SYNTHETIC,,,true,Synthetic case evidence linkage.,SCN-PHYS-0184
REL-0640879,Person,PER-003233,PARTICIPATED_IN,PhysicalAccessEvent,PHY-00002047,2024-11-19T18:34:20,MEDIUM,SYNTHETIC,,,true,Synthetic physical activity pattern.,SCN-PHYS-0184
REL-0640960,Case,CASE-00349,HAS_EVENT,PhysicalAccessEvent,PHY-00002088,2024-11-18T01:14:23,MEDIUM,SYNTHETIC,,,true,Synthetic case evidence linkage.,SCN-PHYS-0349
REL-0640961,Person,PER-006443,PARTICIPATED_IN,PhysicalAccessEvent,PHY-00002088,2024-11-18T01:14:23,MEDIUM,SYNTHETIC,,,true,Synthetic physical activity pattern.,SCN-PHYS-0349
REL-0640982,Case,CASE-00394,HAS_EVENT,PhysicalAccessEvent,PHY-00002099,2024-08-22T09:30:07,MEDIUM,SYNTHETIC,,,true,Synthetic case evidence linkage.,SCN-PHYS-0394
REL-0640983,Person,PER-007236,PARTICIPATED_IN,PhysicalAccessEvent,PHY-00002099,2024-08-22T09:30:07,MEDIUM,SYNTHETIC,,,true,Synthetic physical activity pattern.,SCN-PHYS-0394
REL-0641050,Case,CASE-00529,HAS_EVENT,PhysicalAccessEvent,PHY-00002133,2025-03-09T00:03:24,MEDIUM,SYNTHETIC,,,true,Synthetic case evidence linkage.,SCN-PHYS-0529
REL-0641051,Person,PER-009628,PARTICIPATED_IN,PhysicalAccessEvent,PHY-00002133,2025-03-09T00:03:24,MEDIUM,SYNTHETIC,,,true,Synthetic physical activity pattern.,SCN-PHYS-0529
REL-0641068,Case,CASE-00564,HAS_EVENT,PhysicalAccessEvent,PHY-00002142,2024-06-15T01:09:53,MEDIUM,SYNTHETIC,,,true,Synthetic case evidence linkage.,SCN-PHYS-0564
REL-0641069,Person,PER-010131,PARTICIPATED_IN,PhysicalAccessEvent,PHY-00002142,2024-06-15T01:09:53,MEDIUM,SYNTHETIC,,,true,Synthetic physical activity pattern.,SCN-PHYS-0564
REL-0641264,Case,CASE-00959,HAS_EVENT,PhysicalAccessEvent,PHY-00002240,2024-12-14T13:19:01,MEDIUM,SYNTHETIC,,,true,Synthetic case evidence linkage.,SCN-PHYS-0959
REL-0641265,Person,PER-017223,PARTICIPATED_IN,PhysicalAccessEvent,PHY-00002240,2024-12-14T13:19:01,MEDIUM,SYNTHETIC,,,true,Synthetic physical activity pattern.,SCN-PHYS-0959
REL-0641314,Case,CASE-01059,HAS_EVENT,PhysicalAccessEvent,PHY-00002265,2024-06-10T14:46:02,MEDIUM,SYNTHETIC,,,true,Synthetic case evidence linkage.,SCN-PHYS-1059
REL-0641315,Person,PER-018950,PARTICIPATED_IN,PhysicalAccessEvent,PHY-00002265,2024-06-10T14:46:02,MEDIUM,SYNTHETIC,,,true,Synthetic physical activity pattern.,SCN-PHYS-1059
REL-0641328,Case,CASE-01084,HAS_EVENT,PhysicalAccessEvent,PHY-00002272,2025-10-17T12:43:35,MEDIUM,SYNTHETIC,,,true,Synthetic case evidence linkage.,SCN-PHYS-1084
REL-0641329,Person,PER-019374,PARTICIPATED_IN,PhysicalAccessEvent,PHY-00002272,2025-10-17T12:43:35,MEDIUM,SYNTHETIC,,,true,Synthetic physical activity pattern.,SCN-PHYS-1084
REL-0641348,Case,CASE-01124,HAS_EVENT,PhysicalAccessEvent,PHY-00002282,2025-07-09T01:21:14,MEDIUM,SYNTHETIC,,,true,Synthetic case evidence linkage.,SCN-PHYS-1124
REL-0641349,Person,PER-020096,PARTICIPATED_IN,PhysicalAccessEvent,PHY-00002282,2025-07-09T01:21:14,MEDIUM,SYNTHETIC,,,true,Synthetic physical activity pattern.,SCN-PHYS-1124
REL-0641390,Case,CASE-01209,HAS_EVENT,PhysicalAccessEvent,PHY-00002303,2025-06-25T21:37:11,MEDIUM,SYNTHETIC,,,true,Synthetic case evidence linkage.,SCN-PHYS-1209
REL-0641391,Person,PER-021845,PARTICIPATED_IN,PhysicalAccessEvent,PHY-00002303,2025-06-25T21:37:11,MEDIUM,SYNTHETIC,,,true,Synthetic physical activity pattern.,SCN-PHYS-1209
REL-0641420,Case,CASE-01269,HAS_EVENT,PhysicalAccessEvent,PHY-00002318,2024-12-12T20:38:17,MEDIUM,SYNTHETIC,,,true,Synthetic case evidence linkage.,SCN-PHYS-1269
REL-0641421,Person,PER-022852,PARTICIPATED_IN,PhysicalAccessEvent,PHY-00002318,2024-12-12T20:38:17,MEDIUM,SYNTHETIC,,,true,Synthetic physical activity pattern.,SCN-PHYS-1269
REL-0641452,Case,CASE-01334,HAS_EVENT,PhysicalAccessEvent,PHY-00002334,2025-10-17T01:59:41,MEDIUM,SYNTHETIC,,,true,Synthetic case evidence linkage.,SCN-PHYS-1334
REL-0641453,Person,PER-023945,PARTICIPATED_IN,PhysicalAccessEvent,PHY-00002334,2025-10-17T01:59:41,MEDIUM,SYNTHETIC,,,true,Synthetic physical activity pattern.,SCN-PHYS-1334
REL-0641544,Case,CASE-01519,HAS_EVENT,PhysicalAccessEvent,PHY-00002380,2025-11-09T06:50:07,MEDIUM,SYNTHETIC,,,true,Synthetic case evidence linkage.,SCN-PHYS-1519
REL-0641545,Person,PER-027179,PARTICIPATED_IN,PhysicalAccessEvent,PHY-00002380,2025-11-09T06:50:07,MEDIUM,SYNTHETIC,,,true,Synthetic physical activity pattern.,SCN-PHYS-1519
REL-0641578,Case,CASE-01584,HAS_EVENT,PhysicalAccessEvent,PHY-00002397,2025-07-25T18:13:25,MEDIUM,SYNTHETIC,,,true,Synthetic case evidence linkage.,SCN-PHYS-1584
REL-0641579,Person,PER-028278,PARTICIPATED_IN,PhysicalAccessEvent,PHY-00002397,2025-07-25T18:13:25,MEDIUM,SYNTHETIC,,,true,Synthetic physical activity pattern.,SCN-PHYS-1584
REL-0641582,Case,CASE-01594,HAS_EVENT,PhysicalAccessEvent,PHY-00002399,2024-06-17T22:28:05,MEDIUM,SYNTHETIC,,,true,Synthetic case evidence linkage.,SCN-PHYS-1594
REL-0641583,Person,PER-028494,PARTICIPATED_IN,PhysicalAccessEvent,PHY-00002399,2024-06-17T22:28:05,MEDIUM,SYNTHETIC,,,true,Synthetic physical activity pattern.,SCN-PHYS-1594
REL-0641618,Case,CASE-01664,HAS_EVENT,PhysicalAccessEvent,PHY-00002417,2025-03-05T03:59:38,MEDIUM,SYNTHETIC,,,true,Synthetic case evidence linkage.,SCN-PHYS-1664
REL-0641619,Person,PER-029521,PARTICIPATED_IN,PhysicalAccessEvent,PHY-00002417,2025-03-05T03:59:38,MEDIUM,SYNTHETIC,,,true,Synthetic physical activity pattern.,SCN-PHYS-1664
REL-0641658,Case,CASE-01744,HAS_EVENT,PhysicalAccessEvent,PHY-00002437,2025-08-12T17:35:16,MEDIUM,SYNTHETIC,,,true,Synthetic case evidence linkage.,SCN-PHYS-1744
REL-0641659,Person,PER-031212,PARTICIPATED_IN,PhysicalAccessEvent,PHY-00002437,2025-08-12T17:35:16,MEDIUM,SYNTHETIC,,,true,Synthetic physical activity pattern.,SCN-PHYS-1744
REL-0641782,Case,CASE-01994,HAS_EVENT,PhysicalAccessEvent,PHY-00002499,2025-12-26T14:28:25,MEDIUM,SYNTHETIC,,,true,Synthetic case evidence linkage.,SCN-PHYS-1994
REL-0641783,Person,PER-035454,PARTICIPATED_IN,PhysicalAccessEvent,PHY-00002499,2025-12-26T14:28:25,MEDIUM,SYNTHETIC,,,true,Synthetic physical activity pattern.,SCN-PHYS-1994
REL-0641854,Case,CASE-00139,HAS_EVENT,PhysicalAccessEvent,PHY-00002535,2025-01-21T23:04:27,MEDIUM,SYNTHETIC,,,true,Synthetic case evidence linkage.,SCN-PHYS-0139
REL-0641855,Person,PER-002304,PARTICIPATED_IN,PhysicalAccessEvent,PHY-00002535,2025-01-21T23:04:27,MEDIUM,SYNTHETIC,,,true,Synthetic physical activity pattern.,SCN-PHYS-0139
REL-0641878,Case,CASE-00184,HAS_EVENT,PhysicalAccessEvent,PHY-00002547,2025-02-17T23:51:17,MEDIUM,SYNTHETIC,,,true,Synthetic case evidence linkage.,SCN-PHYS-0184
REL-0641879,Person,PER-003233,PARTICIPATED_IN,PhysicalAccessEvent,PHY-00002547,2025-02-17T23:51:17,MEDIUM,SYNTHETIC,,,true,Synthetic physical activity pattern.,SCN-PHYS-0184
REL-0641960,Case,CASE-00349,HAS_EVENT,PhysicalAccessEvent,PHY-00002588,2024-12-12T23:23:23,MEDIUM,SYNTHETIC,,,true,Synthetic case evidence linkage.,SCN-PHYS-0349
REL-0641961,Person,PER-006443,PARTICIPATED_IN,PhysicalAccessEvent,PHY-00002588,2024-12-12T23:23:23,MEDIUM,SYNTHETIC,,,true,Synthetic physical activity pattern.,SCN-PHYS-0349
REL-0641982,Case,CASE-00394,HAS_EVENT,PhysicalAccessEvent,PHY-00002599,2024-02-14T11:01:14,MEDIUM,SYNTHETIC,,,true,Synthetic case evidence linkage.,SCN-PHYS-0394
REL-0641983,Person,PER-007236,PARTICIPATED_IN,PhysicalAccessEvent,PHY-00002599,2024-02-14T11:01:14,MEDIUM,SYNTHETIC,,,true,Synthetic physical activity pattern.,SCN-PHYS-0394
REL-0642050,Case,CASE-00529,HAS_EVENT,PhysicalAccessEvent,PHY-00002633,2025-03-16T16:37:13,MEDIUM,SYNTHETIC,,,true,Synthetic case evidence linkage.,SCN-PHYS-0529
REL-0642051,Person,PER-009628,PARTICIPATED_IN,PhysicalAccessEvent,PHY-00002633,2025-03-16T16:37:13,MEDIUM,SYNTHETIC,,,true,Synthetic physical activity pattern.,SCN-PHYS-0529
REL-0642068,Case,CASE-00564,HAS_EVENT,PhysicalAccessEvent,PHY-00002642,2025-11-13T09:21:54,MEDIUM,SYNTHETIC,,,true,Synthetic case evidence linkage.,SCN-PHYS-0564
REL-0642069,Person,PER-010131,PARTICIPATED_IN,PhysicalAccessEvent,PHY-00002642,2025-11-13T09:21:54,MEDIUM,SYNTHETIC,,,true,Synthetic physical activity pattern.,SCN-PHYS-0564
REL-0642264,Case,CASE-00959,HAS_EVENT,PhysicalAccessEvent,PHY-00002740,2025-03-07T02:27:40,MEDIUM,SYNTHETIC,,,true,Synthetic case evidence linkage.,SCN-PHYS-0959
REL-0642265,Person,PER-017223,PARTICIPATED_IN,PhysicalAccessEvent,PHY-00002740,2025-03-07T02:27:40,MEDIUM,SYNTHETIC,,,true,Synthetic physical activity pattern.,SCN-PHYS-0959
REL-0642314,Case,CASE-01059,HAS_EVENT,PhysicalAccessEvent,PHY-00002765,2024-05-25T03:10:37,MEDIUM,SYNTHETIC,,,true,Synthetic case evidence linkage.,SCN-PHYS-1059
REL-0642315,Person,PER-018950,PARTICIPATED_IN,PhysicalAccessEvent,PHY-00002765,2024-05-25T03:10:37,MEDIUM,SYNTHETIC,,,true,Synthetic physical activity pattern.,SCN-PHYS-1059
REL-0642328,Case,CASE-01084,HAS_EVENT,PhysicalAccessEvent,PHY-00002772,2025-01-30T15:10:49,MEDIUM,SYNTHETIC,,,true,Synthetic case evidence linkage.,SCN-PHYS-1084
REL-0642329,Person,PER-019374,PARTICIPATED_IN,PhysicalAccessEvent,PHY-00002772,2025-01-30T15:10:49,MEDIUM,SYNTHETIC,,,true,Synthetic physical activity pattern.,SCN-PHYS-1084
REL-0642348,Case,CASE-01124,HAS_EVENT,PhysicalAccessEvent,PHY-00002782,2024-10-26T07:12:05,MEDIUM,SYNTHETIC,,,true,Synthetic case evidence linkage.,SCN-PHYS-1124
REL-0642349,Person,PER-020096,PARTICIPATED_IN,PhysicalAccessEvent,PHY-00002782,2024-10-26T07:12:05,MEDIUM,SYNTHETIC,,,true,Synthetic physical activity pattern.,SCN-PHYS-1124
REL-0642390,Case,CASE-01209,HAS_EVENT,PhysicalAccessEvent,PHY-00002803,2024-04-05T09:36:53,MEDIUM,SYNTHETIC,,,true,Synthetic case evidence linkage.,SCN-PHYS-1209
REL-0642391,Person,PER-021845,PARTICIPATED_IN,PhysicalAccessEvent,PHY-00002803,2024-04-05T09:36:53,MEDIUM,SYNTHETIC,,,true,Synthetic physical activity pattern.,SCN-PHYS-1209
REL-0642420,Case,CASE-01269,HAS_EVENT,PhysicalAccessEvent,PHY-00002818,2024-08-09T16:29:14,MEDIUM,SYNTHETIC,,,true,Synthetic case evidence linkage.,SCN-PHYS-1269
REL-0642421,Person,PER-022852,PARTICIPATED_IN,PhysicalAccessEvent,PHY-00002818,2024-08-09T16:29:14,MEDIUM,SYNTHETIC,,,true,Synthetic physical activity pattern.,SCN-PHYS-1269
REL-0642452,Case,CASE-01334,HAS_EVENT,PhysicalAccessEvent,PHY-00002834,2025-05-19T10:03:30,MEDIUM,SYNTHETIC,,,true,Synthetic case evidence linkage.,SCN-PHYS-1334
REL-0642453,Person,PER-023945,PARTICIPATED_IN,PhysicalAccessEvent,PHY-00002834,2025-05-19T10:03:30,MEDIUM,SYNTHETIC,,,true,Synthetic physical activity pattern.,SCN-PHYS-1334
REL-0642544,Case,CASE-01519,HAS_EVENT,PhysicalAccessEvent,PHY-00002880,2025-11-05T17:54:38,MEDIUM,SYNTHETIC,,,true,Synthetic case evidence linkage.,SCN-PHYS-1519
REL-0642545,Person,PER-027179,PARTICIPATED_IN,PhysicalAccessEvent,PHY-00002880,2025-11-05T17:54:38,MEDIUM,SYNTHETIC,,,true,Synthetic physical activity pattern.,SCN-PHYS-1519
REL-0642578,Case,CASE-01584,HAS_EVENT,PhysicalAccessEvent,PHY-00002897,2025-09-26T06:15:41,MEDIUM,SYNTHETIC,,,true,Synthetic case evidence linkage.,SCN-PHYS-1584
REL-0642579,Person,PER-028278,PARTICIPATED_IN,PhysicalAccessEvent,PHY-00002897,2025-09-26T06:15:41,MEDIUM,SYNTHETIC,,,true,Synthetic physical activity pattern.,SCN-PHYS-1584
REL-0642582,Case,CASE-01594,HAS_EVENT,PhysicalAccessEvent,PHY-00002899,2025-02-27T00:10:56,MEDIUM,SYNTHETIC,,,true,Synthetic case evidence linkage.,SCN-PHYS-1594
REL-0642583,Person,PER-028494,PARTICIPATED_IN,PhysicalAccessEvent,PHY-00002899,2025-02-27T00:10:56,MEDIUM,SYNTHETIC,,,true,Synthetic physical activity pattern.,SCN-PHYS-1594
REL-0642618,Case,CASE-01664,HAS_EVENT,PhysicalAccessEvent,PHY-00002917,2024-06-22T12:11:09,MEDIUM,SYNTHETIC,,,true,Synthetic case evidence linkage.,SCN-PHYS-1664
REL-0642619,Person,PER-029521,PARTICIPATED_IN,PhysicalAccessEvent,PHY-00002917,2024-06-22T12:11:09,MEDIUM,SYNTHETIC,,,true,Synthetic physical activity pattern.,SCN-PHYS-1664
REL-0642658,Case,CASE-01744,HAS_EVENT,PhysicalAccessEvent,PHY-00002937,2024-02-23T05:16:36,MEDIUM,SYNTHETIC,,,true,Synthetic case evidence linkage.,SCN-PHYS-1744
REL-0642659,Person,PER-031212,PARTICIPATED_IN,PhysicalAccessEvent,PHY-00002937,2024-02-23T05:16:36,MEDIUM,SYNTHETIC,,,true,Synthetic physical activity pattern.,SCN-PHYS-1744
REL-0642782,Case,CASE-01994,HAS_EVENT,PhysicalAccessEvent,PHY-00002999,2025-11-02T09:11:27,MEDIUM,SYNTHETIC,,,true,Synthetic case evidence linkage.,SCN-PHYS-1994
REL-0642783,Person,PER-035454,PARTICIPATED_IN,PhysicalAccessEvent,PHY-00002999,2025-11-02T09:11:27,MEDIUM,SYNTHETIC,,,true,Synthetic physical activity pattern.,SCN-PHYS-1994
REL-0642854,Case,CASE-00139,HAS_EVENT,PhysicalAccessEvent,PHY-00003035,2025-06-19T11:26:26,MEDIUM,SYNTHETIC,,,true,Synthetic case evidence linkage.,SCN-PHYS-0139
REL-0642855,Person,PER-002304,PARTICIPATED_IN,PhysicalAccessEvent,PHY-00003035,2025-06-19T11:26:26,MEDIUM,SYNTHETIC,,,true,Synthetic physical activity pattern.,SCN-PHYS-0139
REL-0642878,Case,CASE-00184,HAS_EVENT,PhysicalAccessEvent,PHY-00003047,2025-05-25T22:39:10,MEDIUM,SYNTHETIC,,,true,Synthetic case evidence linkage.,SCN-PHYS-0184
REL-0642879,Person,PER-003233,PARTICIPATED_IN,PhysicalAccessEvent,PHY-00003047,2025-05-25T22:39:10,MEDIUM,SYNTHETIC,,,true,Synthetic physical activity pattern.,SCN-PHYS-0184
REL-0642960,Case,CASE-00349,HAS_EVENT,PhysicalAccessEvent,PHY-00003088,2025-10-22T21:13:13,MEDIUM,SYNTHETIC,,,true,Synthetic case evidence linkage.,SCN-PHYS-0349
REL-0642961,Person,PER-006443,PARTICIPATED_IN,PhysicalAccessEvent,PHY-00003088,2025-10-22T21:13:13,MEDIUM,SYNTHETIC,,,true,Synthetic physical activity pattern.,SCN-PHYS-0349
REL-0642982,Case,CASE-00394,HAS_EVENT,PhysicalAccessEvent,PHY-00003099,2024-03-09T22:26:53,MEDIUM,SYNTHETIC,,,true,Synthetic case evidence linkage.,SCN-PHYS-0394
REL-0642983,Person,PER-007236,PARTICIPATED_IN,PhysicalAccessEvent,PHY-00003099,2024-03-09T22:26:53,MEDIUM,SYNTHETIC,,,true,Synthetic physical activity pattern.,SCN-PHYS-0394
REL-0643050,Case,CASE-00529,HAS_EVENT,PhysicalAccessEvent,PHY-00003133,2024-10-14T00:24:22,MEDIUM,SYNTHETIC,,,true,Synthetic case evidence linkage.,SCN-PHYS-0529
REL-0643051,Person,PER-009628,PARTICIPATED_IN,PhysicalAccessEvent,PHY-00003133,2024-10-14T00:24:22,MEDIUM,SYNTHETIC,,,true,Synthetic physical activity pattern.,SCN-PHYS-0529
REL-0643068,Case,CASE-00564,HAS_EVENT,PhysicalAccessEvent,PHY-00003142,2024-12-27T05:54:22,MEDIUM,SYNTHETIC,,,true,Synthetic case evidence linkage.,SCN-PHYS-0564
REL-0643069,Person,PER-010131,PARTICIPATED_IN,PhysicalAccessEvent,PHY-00003142,2024-12-27T05:54:22,MEDIUM,SYNTHETIC,,,true,Synthetic physical activity pattern.,SCN-PHYS-0564
REL-0643264,Case,CASE-00959,HAS_EVENT,PhysicalAccessEvent,PHY-00003240,2024-06-22T00:03:42,MEDIUM,SYNTHETIC,,,true,Synthetic case evidence linkage.,SCN-PHYS-0959
REL-0643265,Person,PER-017223,PARTICIPATED_IN,PhysicalAccessEvent,PHY-00003240,2024-06-22T00:03:42,MEDIUM,SYNTHETIC,,,true,Synthetic physical activity pattern.,SCN-PHYS-0959
REL-0643314,Case,CASE-01059,HAS_EVENT,PhysicalAccessEvent,PHY-00003265,2024-08-27T23:57:41,MEDIUM,SYNTHETIC,,,true,Synthetic case evidence linkage.,SCN-PHYS-1059
REL-0643315,Person,PER-018950,PARTICIPATED_IN,PhysicalAccessEvent,PHY-00003265,2024-08-27T23:57:41,MEDIUM,SYNTHETIC,,,true,Synthetic physical activity pattern.,SCN-PHYS-1059
REL-0643328,Case,CASE-01084,HAS_EVENT,PhysicalAccessEvent,PHY-00003272,2024-07-04T22:15:53,MEDIUM,SYNTHETIC,,,true,Synthetic case evidence linkage.,SCN-PHYS-1084
REL-0643329,Person,PER-019374,PARTICIPATED_IN,PhysicalAccessEvent,PHY-00003272,2024-07-04T22:15:53,MEDIUM,SYNTHETIC,,,true,Synthetic physical activity pattern.,SCN-PHYS-1084
REL-0643348,Case,CASE-01124,HAS_EVENT,PhysicalAccessEvent,PHY-00003282,2025-06-10T16:53:57,MEDIUM,SYNTHETIC,,,true,Synthetic case evidence linkage.,SCN-PHYS-1124
REL-0643349,Person,PER-020096,PARTICIPATED_IN,PhysicalAccessEvent,PHY-00003282,2025-06-10T16:53:57,MEDIUM,SYNTHETIC,,,true,Synthetic physical activity pattern.,SCN-PHYS-1124
REL-0643390,Case,CASE-01209,HAS_EVENT,PhysicalAccessEvent,PHY-00003303,2024-07-07T20:17:52,MEDIUM,SYNTHETIC,,,true,Synthetic case evidence linkage.,SCN-PHYS-1209
REL-0643391,Person,PER-021845,PARTICIPATED_IN,PhysicalAccessEvent,PHY-00003303,2024-07-07T20:17:52,MEDIUM,SYNTHETIC,,,true,Synthetic physical activity pattern.,SCN-PHYS-1209
REL-0643420,Case,CASE-01269,HAS_EVENT,PhysicalAccessEvent,PHY-00003318,2025-10-30T10:52:10,MEDIUM,SYNTHETIC,,,true,Synthetic case evidence linkage.,SCN-PHYS-1269
REL-0643421,Person,PER-022852,PARTICIPATED_IN,PhysicalAccessEvent,PHY-00003318,2025-10-30T10:52:10,MEDIUM,SYNTHETIC,,,true,Synthetic physical activity pattern.,SCN-PHYS-1269
REL-0643452,Case,CASE-01334,HAS_EVENT,PhysicalAccessEvent,PHY-00003334,2024-03-03T11:36:57,MEDIUM,SYNTHETIC,,,true,Synthetic case evidence linkage.,SCN-PHYS-1334
REL-0643453,Person,PER-023945,PARTICIPATED_IN,PhysicalAccessEvent,PHY-00003334,2024-03-03T11:36:57,MEDIUM,SYNTHETIC,,,true,Synthetic physical activity pattern.,SCN-PHYS-1334
REL-0643544,Case,CASE-01519,HAS_EVENT,PhysicalAccessEvent,PHY-00003380,2025-04-26T05:14:58,MEDIUM,SYNTHETIC,,,true,Synthetic case evidence linkage.,SCN-PHYS-1519
REL-0643545,Person,PER-027179,PARTICIPATED_IN,PhysicalAccessEvent,PHY-00003380,2025-04-26T05:14:58,MEDIUM,SYNTHETIC,,,true,Synthetic physical activity pattern.,SCN-PHYS-1519
REL-0643578,Case,CASE-01584,HAS_EVENT,PhysicalAccessEvent,PHY-00003397,2025-08-01T06:45:41,MEDIUM,SYNTHETIC,,,true,Synthetic case evidence linkage.,SCN-PHYS-1584
REL-0643579,Person,PER-028278,PARTICIPATED_IN,PhysicalAccessEvent,PHY-00003397,2025-08-01T06:45:41,MEDIUM,SYNTHETIC,,,true,Synthetic physical activity pattern.,SCN-PHYS-1584
REL-0643582,Case,CASE-01594,HAS_EVENT,PhysicalAccessEvent,PHY-00003399,2025-03-27T19:06:49,MEDIUM,SYNTHETIC,,,true,Synthetic case evidence linkage.,SCN-PHYS-1594
REL-0643583,Person,PER-028494,PARTICIPATED_IN,PhysicalAccessEvent,PHY-00003399,2025-03-27T19:06:49,MEDIUM,SYNTHETIC,,,true,Synthetic physical activity pattern.,SCN-PHYS-1594
REL-0643618,Case,CASE-01664,HAS_EVENT,PhysicalAccessEvent,PHY-00003417,2024-09-24T02:13:40,MEDIUM,SYNTHETIC,,,true,Synthetic case evidence linkage.,SCN-PHYS-1664
REL-0643619,Person,PER-029521,PARTICIPATED_IN,PhysicalAccessEvent,PHY-00003417,2024-09-24T02:13:40,MEDIUM,SYNTHETIC,,,true,Synthetic physical activity pattern.,SCN-PHYS-1664
REL-0643658,Case,CASE-01744,HAS_EVENT,PhysicalAccessEvent,PHY-00003437,2024-04-14T09:44:54,MEDIUM,SYNTHETIC,,,true,Synthetic case evidence linkage.,SCN-PHYS-1744
REL-0643659,Person,PER-031212,PARTICIPATED_IN,PhysicalAccessEvent,PHY-00003437,2024-04-14T09:44:54,MEDIUM,SYNTHETIC,,,true,Synthetic physical activity pattern.,SCN-PHYS-1744
REL-0643782,Case,CASE-01994,HAS_EVENT,PhysicalAccessEvent,PHY-00003499,2024-07-06T08:46:16,MEDIUM,SYNTHETIC,,,true,Synthetic case evidence linkage.,SCN-PHYS-1994
REL-0643783,Person,PER-035454,PARTICIPATED_IN,PhysicalAccessEvent,PHY-00003499,2024-07-06T08:46:16,MEDIUM,SYNTHETIC,,,true,Synthetic physical activity pattern.,SCN-PHYS-1994
REL-0643854,Case,CASE-00139,HAS_EVENT,PhysicalAccessEvent,PHY-00003535,2024-04-25T07:30:45,MEDIUM,SYNTHETIC,,,true,Synthetic case evidence linkage.,SCN-PHYS-0139
REL-0643855,Person,PER-002304,PARTICIPATED_IN,PhysicalAccessEvent,PHY-00003535,2024-04-25T07:30:45,MEDIUM,SYNTHETIC,,,true,Synthetic physical activity pattern.,SCN-PHYS-0139
REL-0643878,Case,CASE-00184,HAS_EVENT,PhysicalAccessEvent,PHY-00003547,2025-09-12T23:20:17,MEDIUM,SYNTHETIC,,,true,Synthetic case evidence linkage.,SCN-PHYS-0184
REL-0643879,Person,PER-003233,PARTICIPATED_IN,PhysicalAccessEvent,PHY-00003547,2025-09-12T23:20:17,MEDIUM,SYNTHETIC,,,true,Synthetic physical activity pattern.,SCN-PHYS-0184
REL-0643960,Case,CASE-00349,HAS_EVENT,PhysicalAccessEvent,PHY-00003588,2024-09-19T06:21:25,MEDIUM,SYNTHETIC,,,true,Synthetic case evidence linkage.,SCN-PHYS-0349
REL-0643961,Person,PER-006443,PARTICIPATED_IN,PhysicalAccessEvent,PHY-00003588,2024-09-19T06:21:25,MEDIUM,SYNTHETIC,,,true,Synthetic physical activity pattern.,SCN-PHYS-0349
REL-0643982,Case,CASE-00394,HAS_EVENT,PhysicalAccessEvent,PHY-00003599,2024-11-10T06:03:40,MEDIUM,SYNTHETIC,,,true,Synthetic case evidence linkage.,SCN-PHYS-0394
REL-0643983,Person,PER-007236,PARTICIPATED_IN,PhysicalAccessEvent,PHY-00003599,2024-11-10T06:03:40,MEDIUM,SYNTHETIC,,,true,Synthetic physical activity pattern.,SCN-PHYS-0394
REL-0644050,Case,CASE-00529,HAS_EVENT,PhysicalAccessEvent,PHY-00003633,2025-08-21T05:17:45,MEDIUM,SYNTHETIC,,,true,Synthetic case evidence linkage.,SCN-PHYS-0529
REL-0644051,Person,PER-009628,PARTICIPATED_IN,PhysicalAccessEvent,PHY-00003633,2025-08-21T05:17:45,MEDIUM,SYNTHETIC,,,true,Synthetic physical activity pattern.,SCN-PHYS-0529
REL-0644068,Case,CASE-00564,HAS_EVENT,PhysicalAccessEvent,PHY-00003642,2024-06-25T01:24:04,MEDIUM,SYNTHETIC,,,true,Synthetic case evidence linkage.,SCN-PHYS-0564
REL-0644069,Person,PER-010131,PARTICIPATED_IN,PhysicalAccessEvent,PHY-00003642,2024-06-25T01:24:04,MEDIUM,SYNTHETIC,,,true,Synthetic physical activity pattern.,SCN-PHYS-0564
REL-0644264,Case,CASE-00959,HAS_EVENT,PhysicalAccessEvent,PHY-00003740,2024-05-20T14:25:06,MEDIUM,SYNTHETIC,,,true,Synthetic case evidence linkage.,SCN-PHYS-0959
REL-0644265,Person,PER-017223,PARTICIPATED_IN,PhysicalAccessEvent,PHY-00003740,2024-05-20T14:25:06,MEDIUM,SYNTHETIC,,,true,Synthetic physical activity pattern.,SCN-PHYS-0959
REL-0644314,Case,CASE-01059,HAS_EVENT,PhysicalAccessEvent,PHY-00003765,2025-07-27T03:57:19,MEDIUM,SYNTHETIC,,,true,Synthetic case evidence linkage.,SCN-PHYS-1059
REL-0644315,Person,PER-018950,PARTICIPATED_IN,PhysicalAccessEvent,PHY-00003765,2025-07-27T03:57:19,MEDIUM,SYNTHETIC,,,true,Synthetic physical activity pattern.,SCN-PHYS-1059
REL-0644328,Case,CASE-01084,HAS_EVENT,PhysicalAccessEvent,PHY-00003772,2025-12-12T09:53:35,MEDIUM,SYNTHETIC,,,true,Synthetic case evidence linkage.,SCN-PHYS-1084
REL-0644329,Person,PER-019374,PARTICIPATED_IN,PhysicalAccessEvent,PHY-00003772,2025-12-12T09:53:35,MEDIUM,SYNTHETIC,,,true,Synthetic physical activity pattern.,SCN-PHYS-1084
REL-0644348,Case,CASE-01124,HAS_EVENT,PhysicalAccessEvent,PHY-00003782,2025-07-20T13:31:08,MEDIUM,SYNTHETIC,,,true,Synthetic case evidence linkage.,SCN-PHYS-1124
REL-0644349,Person,PER-020096,PARTICIPATED_IN,PhysicalAccessEvent,PHY-00003782,2025-07-20T13:31:08,MEDIUM,SYNTHETIC,,,true,Synthetic physical activity pattern.,SCN-PHYS-1124
REL-0644390,Case,CASE-01209,HAS_EVENT,PhysicalAccessEvent,PHY-00003803,2025-10-27T08:09:39,MEDIUM,SYNTHETIC,,,true,Synthetic case evidence linkage.,SCN-PHYS-1209
REL-0644391,Person,PER-021845,PARTICIPATED_IN,PhysicalAccessEvent,PHY-00003803,2025-10-27T08:09:39,MEDIUM,SYNTHETIC,,,true,Synthetic physical activity pattern.,SCN-PHYS-1209
REL-0644420,Case,CASE-01269,HAS_EVENT,PhysicalAccessEvent,PHY-00003818,2025-07-01T18:08:54,MEDIUM,SYNTHETIC,,,true,Synthetic case evidence linkage.,SCN-PHYS-1269
REL-0644421,Person,PER-022852,PARTICIPATED_IN,PhysicalAccessEvent,PHY-00003818,2025-07-01T18:08:54,MEDIUM,SYNTHETIC,,,true,Synthetic physical activity pattern.,SCN-PHYS-1269
REL-0644452,Case,CASE-01334,HAS_EVENT,PhysicalAccessEvent,PHY-00003834,2025-08-17T07:44:01,MEDIUM,SYNTHETIC,,,true,Synthetic case evidence linkage.,SCN-PHYS-1334
REL-0644453,Person,PER-023945,PARTICIPATED_IN,PhysicalAccessEvent,PHY-00003834,2025-08-17T07:44:01,MEDIUM,SYNTHETIC,,,true,Synthetic physical activity pattern.,SCN-PHYS-1334
REL-0644544,Case,CASE-01519,HAS_EVENT,PhysicalAccessEvent,PHY-00003880,2025-05-17T07:58:27,MEDIUM,SYNTHETIC,,,true,Synthetic case evidence linkage.,SCN-PHYS-1519
REL-0644545,Person,PER-027179,PARTICIPATED_IN,PhysicalAccessEvent,PHY-00003880,2025-05-17T07:58:27,MEDIUM,SYNTHETIC,,,true,Synthetic physical activity pattern.,SCN-PHYS-1519
REL-0644578,Case,CASE-01584,HAS_EVENT,PhysicalAccessEvent,PHY-00003897,2025-01-23T13:27:55,MEDIUM,SYNTHETIC,,,true,Synthetic case evidence linkage.,SCN-PHYS-1584
REL-0644579,Person,PER-028278,PARTICIPATED_IN,PhysicalAccessEvent,PHY-00003897,2025-01-23T13:27:55,MEDIUM,SYNTHETIC,,,true,Synthetic physical activity pattern.,SCN-PHYS-1584
REL-0644582,Case,CASE-01594,HAS_EVENT,PhysicalAccessEvent,PHY-00003899,2025-08-05T16:23:43,MEDIUM,SYNTHETIC,,,true,Synthetic case evidence linkage.,SCN-PHYS-1594
REL-0644583,Person,PER-028494,PARTICIPATED_IN,PhysicalAccessEvent,PHY-00003899,2025-08-05T16:23:43,MEDIUM,SYNTHETIC,,,true,Synthetic physical activity pattern.,SCN-PHYS-1594
REL-0644618,Case,CASE-01664,HAS_EVENT,PhysicalAccessEvent,PHY-00003917,2025-05-24T20:58:41,MEDIUM,SYNTHETIC,,,true,Synthetic case evidence linkage.,SCN-PHYS-1664
REL-0644619,Person,PER-029521,PARTICIPATED_IN,PhysicalAccessEvent,PHY-00003917,2025-05-24T20:58:41,MEDIUM,SYNTHETIC,,,true,Synthetic physical activity pattern.,SCN-PHYS-1664
REL-0644658,Case,CASE-01744,HAS_EVENT,PhysicalAccessEvent,PHY-00003937,2025-01-19T14:21:56,MEDIUM,SYNTHETIC,,,true,Synthetic case evidence linkage.,SCN-PHYS-1744
REL-0644659,Person,PER-031212,PARTICIPATED_IN,PhysicalAccessEvent,PHY-00003937,2025-01-19T14:21:56,MEDIUM,SYNTHETIC,,,true,Synthetic physical activity pattern.,SCN-PHYS-1744
REL-0644782,Case,CASE-01994,HAS_EVENT,PhysicalAccessEvent,PHY-00003999,2025-04-02T23:30:58,MEDIUM,SYNTHETIC,,,true,Synthetic case evidence linkage.,SCN-PHYS-1994
REL-0644783,Person,PER-035454,PARTICIPATED_IN,PhysicalAccessEvent,PHY-00003999,2025-04-02T23:30:58,MEDIUM,SYNTHETIC,,,true,Synthetic physical activity pattern.,SCN-PHYS-1994
REL-0644854,Case,CASE-00139,HAS_EVENT,PhysicalAccessEvent,PHY-00004035,2025-04-21T10:08:17,MEDIUM,SYNTHETIC,,,true,Synthetic case evidence linkage.,SCN-PHYS-0139
REL-0644855,Person,PER-002304,PARTICIPATED_IN,PhysicalAccessEvent,PHY-00004035,2025-04-21T10:08:17,MEDIUM,SYNTHETIC,,,true,Synthetic physical activity pattern.,SCN-PHYS-0139
REL-0644878,Case,CASE-00184,HAS_EVENT,PhysicalAccessEvent,PHY-00004047,2024-02-18T07:25:00,MEDIUM,SYNTHETIC,,,true,Synthetic case evidence linkage.,SCN-PHYS-0184
REL-0644879,Person,PER-003233,PARTICIPATED_IN,PhysicalAccessEvent,PHY-00004047,2024-02-18T07:25:00,MEDIUM,SYNTHETIC,,,true,Synthetic physical activity pattern.,SCN-PHYS-0184
REL-0644960,Case,CASE-00349,HAS_EVENT,PhysicalAccessEvent,PHY-00004088,2024-06-19T08:34:51,MEDIUM,SYNTHETIC,,,true,Synthetic case evidence linkage.,SCN-PHYS-0349
REL-0644961,Person,PER-006443,PARTICIPATED_IN,PhysicalAccessEvent,PHY-00004088,2024-06-19T08:34:51,MEDIUM,SYNTHETIC,,,true,Synthetic physical activity pattern.,SCN-PHYS-0349
REL-0644982,Case,CASE-00394,HAS_EVENT,PhysicalAccessEvent,PHY-00004099,2024-05-21T03:37:46,MEDIUM,SYNTHETIC,,,true,Synthetic case evidence linkage.,SCN-PHYS-0394
REL-0644983,Person,PER-007236,PARTICIPATED_IN,PhysicalAccessEvent,PHY-00004099,2024-05-21T03:37:46,MEDIUM,SYNTHETIC,,,true,Synthetic physical activity pattern.,SCN-PHYS-0394
REL-0645050,Case,CASE-00529,HAS_EVENT,PhysicalAccessEvent,PHY-00004133,2024-12-27T19:20:30,MEDIUM,SYNTHETIC,,,true,Synthetic case evidence linkage.,SCN-PHYS-0529
REL-0645051,Person,PER-009628,PARTICIPATED_IN,PhysicalAccessEvent,PHY-00004133,2024-12-27T19:20:30,MEDIUM,SYNTHETIC,,,true,Synthetic physical activity pattern.,SCN-PHYS-0529
REL-0645068,Case,CASE-00564,HAS_EVENT,PhysicalAccessEvent,PHY-00004142,2024-03-11T08:51:41,MEDIUM,SYNTHETIC,,,true,Synthetic case evidence linkage.,SCN-PHYS-0564
REL-0645069,Person,PER-010131,PARTICIPATED_IN,PhysicalAccessEvent,PHY-00004142,2024-03-11T08:51:41,MEDIUM,SYNTHETIC,,,true,Synthetic physical activity pattern.,SCN-PHYS-0564
REL-0645264,Case,CASE-00959,HAS_EVENT,PhysicalAccessEvent,PHY-00004240,2024-08-07T13:03:31,MEDIUM,SYNTHETIC,,,true,Synthetic case evidence linkage.,SCN-PHYS-0959
REL-0645265,Person,PER-017223,PARTICIPATED_IN,PhysicalAccessEvent,PHY-00004240,2024-08-07T13:03:31,MEDIUM,SYNTHETIC,,,true,Synthetic physical activity pattern.,SCN-PHYS-0959
REL-0645314,Case,CASE-01059,HAS_EVENT,PhysicalAccessEvent,PHY-00004265,2024-12-03T01:39:56,MEDIUM,SYNTHETIC,,,true,Synthetic case evidence linkage.,SCN-PHYS-1059
REL-0645315,Person,PER-018950,PARTICIPATED_IN,PhysicalAccessEvent,PHY-00004265,2024-12-03T01:39:56,MEDIUM,SYNTHETIC,,,true,Synthetic physical activity pattern.,SCN-PHYS-1059
REL-0645328,Case,CASE-01084,HAS_EVENT,PhysicalAccessEvent,PHY-00004272,2024-06-05T15:07:39,MEDIUM,SYNTHETIC,,,true,Synthetic case evidence linkage.,SCN-PHYS-1084
REL-0645329,Person,PER-019374,PARTICIPATED_IN,PhysicalAccessEvent,PHY-00004272,2024-06-05T15:07:39,MEDIUM,SYNTHETIC,,,true,Synthetic physical activity pattern.,SCN-PHYS-1084
REL-0645348,Case,CASE-01124,HAS_EVENT,PhysicalAccessEvent,PHY-00004282,2025-02-12T09:02:01,MEDIUM,SYNTHETIC,,,true,Synthetic case evidence linkage.,SCN-PHYS-1124
REL-0645349,Person,PER-020096,PARTICIPATED_IN,PhysicalAccessEvent,PHY-00004282,2025-02-12T09:02:01,MEDIUM,SYNTHETIC,,,true,Synthetic physical activity pattern.,SCN-PHYS-1124
REL-0645390,Case,CASE-01209,HAS_EVENT,PhysicalAccessEvent,PHY-00004303,2025-06-27T22:08:23,MEDIUM,SYNTHETIC,,,true,Synthetic case evidence linkage.,SCN-PHYS-1209
REL-0645391,Person,PER-021845,PARTICIPATED_IN,PhysicalAccessEvent,PHY-00004303,2025-06-27T22:08:23,MEDIUM,SYNTHETIC,,,true,Synthetic physical activity pattern.,SCN-PHYS-1209
REL-0645420,Case,CASE-01269,HAS_EVENT,PhysicalAccessEvent,PHY-00004318,2024-03-11T03:15:24,MEDIUM,SYNTHETIC,,,true,Synthetic case evidence linkage.,SCN-PHYS-1269
REL-0645421,Person,PER-022852,PARTICIPATED_IN,PhysicalAccessEvent,PHY-00004318,2024-03-11T03:15:24,MEDIUM,SYNTHETIC,,,true,Synthetic physical activity pattern.,SCN-PHYS-1269
REL-0645452,Case,CASE-01334,HAS_EVENT,PhysicalAccessEvent,PHY-00004334,2024-05-26T21:28:28,MEDIUM,SYNTHETIC,,,true,Synthetic case evidence linkage.,SCN-PHYS-1334
REL-0645453,Person,PER-023945,PARTICIPATED_IN,PhysicalAccessEvent,PHY-00004334,2024-05-26T21:28:28,MEDIUM,SYNTHETIC,,,true,Synthetic physical activity pattern.,SCN-PHYS-1334
REL-0645544,Case,CASE-01519,HAS_EVENT,PhysicalAccessEvent,PHY-00004380,2025-10-30T18:46:51,MEDIUM,SYNTHETIC,,,true,Synthetic case evidence linkage.,SCN-PHYS-1519
REL-0645545,Person,PER-027179,PARTICIPATED_IN,PhysicalAccessEvent,PHY-00004380,2025-10-30T18:46:51,MEDIUM,SYNTHETIC,,,true,Synthetic physical activity pattern.,SCN-PHYS-1519
REL-0645578,Case,CASE-01584,HAS_EVENT,PhysicalAccessEvent,PHY-00004397,2024-10-20T00:41:25,MEDIUM,SYNTHETIC,,,true,Synthetic case evidence linkage.,SCN-PHYS-1584
REL-0645579,Person,PER-028278,PARTICIPATED_IN,PhysicalAccessEvent,PHY-00004397,2024-10-20T00:41:25,MEDIUM,SYNTHETIC,,,true,Synthetic physical activity pattern.,SCN-PHYS-1584
REL-0645582,Case,CASE-01594,HAS_EVENT,PhysicalAccessEvent,PHY-00004399,2024-01-31T07:18:09,MEDIUM,SYNTHETIC,,,true,Synthetic case evidence linkage.,SCN-PHYS-1594
REL-0645583,Person,PER-028494,PARTICIPATED_IN,PhysicalAccessEvent,PHY-00004399,2024-01-31T07:18:09,MEDIUM,SYNTHETIC,,,true,Synthetic physical activity pattern.,SCN-PHYS-1594
REL-0645618,Case,CASE-01664,HAS_EVENT,PhysicalAccessEvent,PHY-00004417,2024-05-03T17:00:07,MEDIUM,SYNTHETIC,,,true,Synthetic case evidence linkage.,SCN-PHYS-1664
REL-0645619,Person,PER-029521,PARTICIPATED_IN,PhysicalAccessEvent,PHY-00004417,2024-05-03T17:00:07,MEDIUM,SYNTHETIC,,,true,Synthetic physical activity pattern.,SCN-PHYS-1664
REL-0645658,Case,CASE-01744,HAS_EVENT,PhysicalAccessEvent,PHY-00004437,2025-10-15T01:32:21,MEDIUM,SYNTHETIC,,,true,Synthetic case evidence linkage.,SCN-PHYS-1744
REL-0645659,Person,PER-031212,PARTICIPATED_IN,PhysicalAccessEvent,PHY-00004437,2025-10-15T01:32:21,MEDIUM,SYNTHETIC,,,true,Synthetic physical activity pattern.,SCN-PHYS-1744
REL-0645782,Case,CASE-01994,HAS_EVENT,PhysicalAccessEvent,PHY-00004499,2025-09-18T04:27:37,MEDIUM,SYNTHETIC,,,true,Synthetic case evidence linkage.,SCN-PHYS-1994
REL-0645783,Person,PER-035454,PARTICIPATED_IN,PhysicalAccessEvent,PHY-00004499,2025-09-18T04:27:37,MEDIUM,SYNTHETIC,,,true,Synthetic physical activity pattern.,SCN-PHYS-1994
REL-0645854,Case,CASE-00139,HAS_EVENT,PhysicalAccessEvent,PHY-00004535,2025-04-22T09:30:56,MEDIUM,SYNTHETIC,,,true,Synthetic case evidence linkage.,SCN-PHYS-0139
REL-0645855,Person,PER-002304,PARTICIPATED_IN,PhysicalAccessEvent,PHY-00004535,2025-04-22T09:30:56,MEDIUM,SYNTHETIC,,,true,Synthetic physical activity pattern.,SCN-PHYS-0139
REL-0645878,Case,CASE-00184,HAS_EVENT,PhysicalAccessEvent,PHY-00004547,2024-05-04T00:30:58,MEDIUM,SYNTHETIC,,,true,Synthetic case evidence linkage.,SCN-PHYS-0184
REL-0645879,Person,PER-003233,PARTICIPATED_IN,PhysicalAccessEvent,PHY-00004547,2024-05-04T00:30:58,MEDIUM,SYNTHETIC,,,true,Synthetic physical activity pattern.,SCN-PHYS-0184
REL-0645960,Case,CASE-00349,HAS_EVENT,PhysicalAccessEvent,PHY-00004588,2024-05-31T15:17:22,MEDIUM,SYNTHETIC,,,true,Synthetic case evidence linkage.,SCN-PHYS-0349
REL-0645961,Person,PER-006443,PARTICIPATED_IN,PhysicalAccessEvent,PHY-00004588,2024-05-31T15:17:22,MEDIUM,SYNTHETIC,,,true,Synthetic physical activity pattern.,SCN-PHYS-0349
REL-0645982,Case,CASE-00394,HAS_EVENT,PhysicalAccessEvent,PHY-00004599,2025-03-26T04:22:43,MEDIUM,SYNTHETIC,,,true,Synthetic case evidence linkage.,SCN-PHYS-0394
REL-0645983,Person,PER-007236,PARTICIPATED_IN,PhysicalAccessEvent,PHY-00004599,2025-03-26T04:22:43,MEDIUM,SYNTHETIC,,,true,Synthetic physical activity pattern.,SCN-PHYS-0394
REL-0646050,Case,CASE-00529,HAS_EVENT,PhysicalAccessEvent,PHY-00004633,2024-05-29T19:37:28,MEDIUM,SYNTHETIC,,,true,Synthetic case evidence linkage.,SCN-PHYS-0529
REL-0646051,Person,PER-009628,PARTICIPATED_IN,PhysicalAccessEvent,PHY-00004633,2024-05-29T19:37:28,MEDIUM,SYNTHETIC,,,true,Synthetic physical activity pattern.,SCN-PHYS-0529
REL-0646068,Case,CASE-00564,HAS_EVENT,PhysicalAccessEvent,PHY-00004642,2024-04-25T06:24:57,MEDIUM,SYNTHETIC,,,true,Synthetic case evidence linkage.,SCN-PHYS-0564
REL-0646069,Person,PER-010131,PARTICIPATED_IN,PhysicalAccessEvent,PHY-00004642,2024-04-25T06:24:57,MEDIUM,SYNTHETIC,,,true,Synthetic physical activity pattern.,SCN-PHYS-0564
REL-0646264,Case,CASE-00959,HAS_EVENT,PhysicalAccessEvent,PHY-00004740,2025-12-06T14:23:53,MEDIUM,SYNTHETIC,,,true,Synthetic case evidence linkage.,SCN-PHYS-0959
REL-0646265,Person,PER-017223,PARTICIPATED_IN,PhysicalAccessEvent,PHY-00004740,2025-12-06T14:23:53,MEDIUM,SYNTHETIC,,,true,Synthetic physical activity pattern.,SCN-PHYS-0959
REL-0646314,Case,CASE-01059,HAS_EVENT,PhysicalAccessEvent,PHY-00004765,2025-10-10T04:37:10,MEDIUM,SYNTHETIC,,,true,Synthetic case evidence linkage.,SCN-PHYS-1059
REL-0646315,Person,PER-018950,PARTICIPATED_IN,PhysicalAccessEvent,PHY-00004765,2025-10-10T04:37:10,MEDIUM,SYNTHETIC,,,true,Synthetic physical activity pattern.,SCN-PHYS-1059
REL-0646328,Case,CASE-01084,HAS_EVENT,PhysicalAccessEvent,PHY-00004772,2025-05-01T02:57:23,MEDIUM,SYNTHETIC,,,true,Synthetic case evidence linkage.,SCN-PHYS-1084
REL-0646329,Person,PER-019374,PARTICIPATED_IN,PhysicalAccessEvent,PHY-00004772,2025-05-01T02:57:23,MEDIUM,SYNTHETIC,,,true,Synthetic physical activity pattern.,SCN-PHYS-1084
REL-0646348,Case,CASE-01124,HAS_EVENT,PhysicalAccessEvent,PHY-00004782,2025-02-12T08:52:06,MEDIUM,SYNTHETIC,,,true,Synthetic case evidence linkage.,SCN-PHYS-1124
REL-0646349,Person,PER-020096,PARTICIPATED_IN,PhysicalAccessEvent,PHY-00004782,2025-02-12T08:52:06,MEDIUM,SYNTHETIC,,,true,Synthetic physical activity pattern.,SCN-PHYS-1124
REL-0646390,Case,CASE-01209,HAS_EVENT,PhysicalAccessEvent,PHY-00004803,2024-06-28T20:56:15,MEDIUM,SYNTHETIC,,,true,Synthetic case evidence linkage.,SCN-PHYS-1209
REL-0646391,Person,PER-021845,PARTICIPATED_IN,PhysicalAccessEvent,PHY-00004803,2024-06-28T20:56:15,MEDIUM,SYNTHETIC,,,true,Synthetic physical activity pattern.,SCN-PHYS-1209
REL-0646420,Case,CASE-01269,HAS_EVENT,PhysicalAccessEvent,PHY-00004818,2024-10-27T08:49:51,MEDIUM,SYNTHETIC,,,true,Synthetic case evidence linkage.,SCN-PHYS-1269
REL-0646421,Person,PER-022852,PARTICIPATED_IN,PhysicalAccessEvent,PHY-00004818,2024-10-27T08:49:51,MEDIUM,SYNTHETIC,,,true,Synthetic physical activity pattern.,SCN-PHYS-1269
REL-0646452,Case,CASE-01334,HAS_EVENT,PhysicalAccessEvent,PHY-00004834,2025-04-29T08:18:28,MEDIUM,SYNTHETIC,,,true,Synthetic case evidence linkage.,SCN-PHYS-1334
REL-0646453,Person,PER-023945,PARTICIPATED_IN,PhysicalAccessEvent,PHY-00004834,2025-04-29T08:18:28,MEDIUM,SYNTHETIC,,,true,Synthetic physical activity pattern.,SCN-PHYS-1334
REL-0646544,Case,CASE-01519,HAS_EVENT,PhysicalAccessEvent,PHY-00004880,2025-04-10T17:01:45,MEDIUM,SYNTHETIC,,,true,Synthetic case evidence linkage.,SCN-PHYS-1519
REL-0646545,Person,PER-027179,PARTICIPATED_IN,PhysicalAccessEvent,PHY-00004880,2025-04-10T17:01:45,MEDIUM,SYNTHETIC,,,true,Synthetic physical activity pattern.,SCN-PHYS-1519
REL-0646578,Case,CASE-01584,HAS_EVENT,PhysicalAccessEvent,PHY-00004897,2024-12-11T00:38:51,MEDIUM,SYNTHETIC,,,true,Synthetic case evidence linkage.,SCN-PHYS-1584
REL-0646579,Person,PER-028278,PARTICIPATED_IN,PhysicalAccessEvent,PHY-00004897,2024-12-11T00:38:51,MEDIUM,SYNTHETIC,,,true,Synthetic physical activity pattern.,SCN-PHYS-1584
REL-0646582,Case,CASE-01594,HAS_EVENT,PhysicalAccessEvent,PHY-00004899,2024-07-05T08:37:06,MEDIUM,SYNTHETIC,,,true,Synthetic case evidence linkage.,SCN-PHYS-1594
REL-0646583,Person,PER-028494,PARTICIPATED_IN,PhysicalAccessEvent,PHY-00004899,2024-07-05T08:37:06,MEDIUM,SYNTHETIC,,,true,Synthetic physical activity pattern.,SCN-PHYS-1594
REL-0646618,Case,CASE-01664,HAS_EVENT,PhysicalAccessEvent,PHY-00004917,2025-01-19T02:40:42,MEDIUM,SYNTHETIC,,,true,Synthetic case evidence linkage.,SCN-PHYS-1664
REL-0646619,Person,PER-029521,PARTICIPATED_IN,PhysicalAccessEvent,PHY-00004917,2025-01-19T02:40:42,MEDIUM,SYNTHETIC,,,true,Synthetic physical activity pattern.,SCN-PHYS-1664
REL-0646658,Case,CASE-01744,HAS_EVENT,PhysicalAccessEvent,PHY-00004937,2024-10-15T10:35:00,MEDIUM,SYNTHETIC,,,true,Synthetic case evidence linkage.,SCN-PHYS-1744
REL-0646659,Person,PER-031212,PARTICIPATED_IN,PhysicalAccessEvent,PHY-00004937,2024-10-15T10:35:00,MEDIUM,SYNTHETIC,,,true,Synthetic physical activity pattern.,SCN-PHYS-1744
REL-0646782,Case,CASE-01994,HAS_EVENT,PhysicalAccessEvent,PHY-00004999,2024-09-21T22:21:08,MEDIUM,SYNTHETIC,,,true,Synthetic case evidence linkage.,SCN-PHYS-1994
REL-0646783,Person,PER-035454,PARTICIPATED_IN,PhysicalAccessEvent,PHY-00004999,2024-09-21T22:21:08,MEDIUM,SYNTHETIC,,,true,Synthetic physical activity pattern.,SCN-PHYS-1994
REL-0646854,Case,CASE-00139,HAS_EVENT,PhysicalAccessEvent,PHY-00005035,2024-07-04T18:51:37,MEDIUM,SYNTHETIC,,,true,Synthetic case evidence linkage.,SCN-PHYS-0139
REL-0646855,Person,PER-002304,PARTICIPATED_IN,PhysicalAccessEvent,PHY-00005035,2024-07-04T18:51:37,MEDIUM,SYNTHETIC,,,true,Synthetic physical activity pattern.,SCN-PHYS-0139
REL-0646878,Case,CASE-00184,HAS_EVENT,PhysicalAccessEvent,PHY-00005047,2025-03-11T15:59:47,MEDIUM,SYNTHETIC,,,true,Synthetic case evidence linkage.,SCN-PHYS-0184
REL-0646879,Person,PER-003233,PARTICIPATED_IN,PhysicalAccessEvent,PHY-00005047,2025-03-11T15:59:47,MEDIUM,SYNTHETIC,,,true,Synthetic physical activity pattern.,SCN-PHYS-0184
REL-0646960,Case,CASE-00349,HAS_EVENT,PhysicalAccessEvent,PHY-00005088,2025-01-20T16:12:21,MEDIUM,SYNTHETIC,,,true,Synthetic case evidence linkage.,SCN-PHYS-0349
REL-0646961,Person,PER-006443,PARTICIPATED_IN,PhysicalAccessEvent,PHY-00005088,2025-01-20T16:12:21,MEDIUM,SYNTHETIC,,,true,Synthetic physical activity pattern.,SCN-PHYS-0349
REL-0646982,Case,CASE-00394,HAS_EVENT,PhysicalAccessEvent,PHY-00005099,2025-07-17T19:02:01,MEDIUM,SYNTHETIC,,,true,Synthetic case evidence linkage.,SCN-PHYS-0394
REL-0646983,Person,PER-007236,PARTICIPATED_IN,PhysicalAccessEvent,PHY-00005099,2025-07-17T19:02:01,MEDIUM,SYNTHETIC,,,true,Synthetic physical activity pattern.,SCN-PHYS-0394
REL-0647050,Case,CASE-00529,HAS_EVENT,PhysicalAccessEvent,PHY-00005133,2025-08-08T04:45:11,MEDIUM,SYNTHETIC,,,true,Synthetic case evidence linkage.,SCN-PHYS-0529
REL-0647051,Person,PER-009628,PARTICIPATED_IN,PhysicalAccessEvent,PHY-00005133,2025-08-08T04:45:11,MEDIUM,SYNTHETIC,,,true,Synthetic physical activity pattern.,SCN-PHYS-0529
REL-0647068,Case,CASE-00564,HAS_EVENT,PhysicalAccessEvent,PHY-00005142,2024-11-02T13:15:00,MEDIUM,SYNTHETIC,,,true,Synthetic case evidence linkage.,SCN-PHYS-0564
REL-0647069,Person,PER-010131,PARTICIPATED_IN,PhysicalAccessEvent,PHY-00005142,2024-11-02T13:15:00,MEDIUM,SYNTHETIC,,,true,Synthetic physical activity pattern.,SCN-PHYS-0564
REL-0647264,Case,CASE-00959,HAS_EVENT,PhysicalAccessEvent,PHY-00005240,2025-06-04T22:05:07,MEDIUM,SYNTHETIC,,,true,Synthetic case evidence linkage.,SCN-PHYS-0959
REL-0647265,Person,PER-017223,PARTICIPATED_IN,PhysicalAccessEvent,PHY-00005240,2025-06-04T22:05:07,MEDIUM,SYNTHETIC,,,true,Synthetic physical activity pattern.,SCN-PHYS-0959
REL-0647314,Case,CASE-01059,HAS_EVENT,PhysicalAccessEvent,PHY-00005265,2025-05-15T20:21:27,MEDIUM,SYNTHETIC,,,true,Synthetic case evidence linkage.,SCN-PHYS-1059
REL-0647315,Person,PER-018950,PARTICIPATED_IN,PhysicalAccessEvent,PHY-00005265,2025-05-15T20:21:27,MEDIUM,SYNTHETIC,,,true,Synthetic physical activity pattern.,SCN-PHYS-1059
REL-0647328,Case,CASE-01084,HAS_EVENT,PhysicalAccessEvent,PHY-00005272,2024-10-08T04:56:05,MEDIUM,SYNTHETIC,,,true,Synthetic case evidence linkage.,SCN-PHYS-1084
REL-0647329,Person,PER-019374,PARTICIPATED_IN,PhysicalAccessEvent,PHY-00005272,2024-10-08T04:56:05,MEDIUM,SYNTHETIC,,,true,Synthetic physical activity pattern.,SCN-PHYS-1084
REL-0647348,Case,CASE-01124,HAS_EVENT,PhysicalAccessEvent,PHY-00005282,2024-08-18T08:44:07,MEDIUM,SYNTHETIC,,,true,Synthetic case evidence linkage.,SCN-PHYS-1124
REL-0647349,Person,PER-020096,PARTICIPATED_IN,PhysicalAccessEvent,PHY-00005282,2024-08-18T08:44:07,MEDIUM,SYNTHETIC,,,true,Synthetic physical activity pattern.,SCN-PHYS-1124
REL-0647390,Case,CASE-01209,HAS_EVENT,PhysicalAccessEvent,PHY-00005303,2025-06-19T05:41:59,MEDIUM,SYNTHETIC,,,true,Synthetic case evidence linkage.,SCN-PHYS-1209
REL-0647391,Person,PER-021845,PARTICIPATED_IN,PhysicalAccessEvent,PHY-00005303,2025-06-19T05:41:59,MEDIUM,SYNTHETIC,,,true,Synthetic physical activity pattern.,SCN-PHYS-1209
REL-0647420,Case,CASE-01269,HAS_EVENT,PhysicalAccessEvent,PHY-00005318,2024-06-24T07:27:02,MEDIUM,SYNTHETIC,,,true,Synthetic case evidence linkage.,SCN-PHYS-1269
REL-0647421,Person,PER-022852,PARTICIPATED_IN,PhysicalAccessEvent,PHY-00005318,2024-06-24T07:27:02,MEDIUM,SYNTHETIC,,,true,Synthetic physical activity pattern.,SCN-PHYS-1269
REL-0647452,Case,CASE-01334,HAS_EVENT,PhysicalAccessEvent,PHY-00005334,2024-07-03T14:41:12,MEDIUM,SYNTHETIC,,,true,Synthetic case evidence linkage.,SCN-PHYS-1334
REL-0647453,Person,PER-023945,PARTICIPATED_IN,PhysicalAccessEvent,PHY-00005334,2024-07-03T14:41:12,MEDIUM,SYNTHETIC,,,true,Synthetic physical activity pattern.,SCN-PHYS-1334
REL-0647544,Case,CASE-01519,HAS_EVENT,PhysicalAccessEvent,PHY-00005380,2024-07-11T07:24:33,MEDIUM,SYNTHETIC,,,true,Synthetic case evidence linkage.,SCN-PHYS-1519
REL-0647545,Person,PER-027179,PARTICIPATED_IN,PhysicalAccessEvent,PHY-00005380,2024-07-11T07:24:33,MEDIUM,SYNTHETIC,,,true,Synthetic physical activity pattern.,SCN-PHYS-1519
REL-0647578,Case,CASE-01584,HAS_EVENT,PhysicalAccessEvent,PHY-00005397,2025-02-07T16:37:57,MEDIUM,SYNTHETIC,,,true,Synthetic case evidence linkage.,SCN-PHYS-1584
REL-0647579,Person,PER-028278,PARTICIPATED_IN,PhysicalAccessEvent,PHY-00005397,2025-02-07T16:37:57,MEDIUM,SYNTHETIC,,,true,Synthetic physical activity pattern.,SCN-PHYS-1584
REL-0647582,Case,CASE-01594,HAS_EVENT,PhysicalAccessEvent,PHY-00005399,2024-12-08T23:07:24,MEDIUM,SYNTHETIC,,,true,Synthetic case evidence linkage.,SCN-PHYS-1594
REL-0647583,Person,PER-028494,PARTICIPATED_IN,PhysicalAccessEvent,PHY-00005399,2024-12-08T23:07:24,MEDIUM,SYNTHETIC,,,true,Synthetic physical activity pattern.,SCN-PHYS-1594
REL-0647618,Case,CASE-01664,HAS_EVENT,PhysicalAccessEvent,PHY-00005417,2025-08-05T02:55:58,MEDIUM,SYNTHETIC,,,true,Synthetic case evidence linkage.,SCN-PHYS-1664
REL-0647619,Person,PER-029521,PARTICIPATED_IN,PhysicalAccessEvent,PHY-00005417,2025-08-05T02:55:58,MEDIUM,SYNTHETIC,,,true,Synthetic physical activity pattern.,SCN-PHYS-1664
REL-0647658,Case,CASE-01744,HAS_EVENT,PhysicalAccessEvent,PHY-00005437,2025-12-26T14:32:49,MEDIUM,SYNTHETIC,,,true,Synthetic case evidence linkage.,SCN-PHYS-1744
REL-0647659,Person,PER-031212,PARTICIPATED_IN,PhysicalAccessEvent,PHY-00005437,2025-12-26T14:32:49,MEDIUM,SYNTHETIC,,,true,Synthetic physical activity pattern.,SCN-PHYS-1744
REL-0647782,Case,CASE-01994,HAS_EVENT,PhysicalAccessEvent,PHY-00005499,2025-08-29T12:06:17,MEDIUM,SYNTHETIC,,,true,Synthetic case evidence linkage.,SCN-PHYS-1994
REL-0647783,Person,PER-035454,PARTICIPATED_IN,PhysicalAccessEvent,PHY-00005499,2025-08-29T12:06:17,MEDIUM,SYNTHETIC,,,true,Synthetic physical activity pattern.,SCN-PHYS-1994
REL-0647854,Case,CASE-00139,HAS_EVENT,PhysicalAccessEvent,PHY-00005535,2025-10-16T02:05:25,MEDIUM,SYNTHETIC,,,true,Synthetic case evidence linkage.,SCN-PHYS-0139
REL-0647855,Person,PER-002304,PARTICIPATED_IN,PhysicalAccessEvent,PHY-00005535,2025-10-16T02:05:25,MEDIUM,SYNTHETIC,,,true,Synthetic physical activity pattern.,SCN-PHYS-0139
REL-0647878,Case,CASE-00184,HAS_EVENT,PhysicalAccessEvent,PHY-00005547,2025-04-09T14:06:45,MEDIUM,SYNTHETIC,,,true,Synthetic case evidence linkage.,SCN-PHYS-0184
REL-0647879,Person,PER-003233,PARTICIPATED_IN,PhysicalAccessEvent,PHY-00005547,2025-04-09T14:06:45,MEDIUM,SYNTHETIC,,,true,Synthetic physical activity pattern.,SCN-PHYS-0184
REL-0647960,Case,CASE-00349,HAS_EVENT,PhysicalAccessEvent,PHY-00005588,2024-12-05T02:09:59,MEDIUM,SYNTHETIC,,,true,Synthetic case evidence linkage.,SCN-PHYS-0349
REL-0647961,Person,PER-006443,PARTICIPATED_IN,PhysicalAccessEvent,PHY-00005588,2024-12-05T02:09:59,MEDIUM,SYNTHETIC,,,true,Synthetic physical activity pattern.,SCN-PHYS-0349
REL-0647982,Case,CASE-00394,HAS_EVENT,PhysicalAccessEvent,PHY-00005599,2025-05-17T22:42:58,MEDIUM,SYNTHETIC,,,true,Synthetic case evidence linkage.,SCN-PHYS-0394
REL-0647983,Person,PER-007236,PARTICIPATED_IN,PhysicalAccessEvent,PHY-00005599,2025-05-17T22:42:58,MEDIUM,SYNTHETIC,,,true,Synthetic physical activity pattern.,SCN-PHYS-0394
REL-0648050,Case,CASE-00529,HAS_EVENT,PhysicalAccessEvent,PHY-00005633,2025-01-12T21:21:18,MEDIUM,SYNTHETIC,,,true,Synthetic case evidence linkage.,SCN-PHYS-0529
REL-0648051,Person,PER-009628,PARTICIPATED_IN,PhysicalAccessEvent,PHY-00005633,2025-01-12T21:21:18,MEDIUM,SYNTHETIC,,,true,Synthetic physical activity pattern.,SCN-PHYS-0529
REL-0648068,Case,CASE-00564,HAS_EVENT,PhysicalAccessEvent,PHY-00005642,2024-09-26T21:40:19,MEDIUM,SYNTHETIC,,,true,Synthetic case evidence linkage.,SCN-PHYS-0564
REL-0648069,Person,PER-010131,PARTICIPATED_IN,PhysicalAccessEvent,PHY-00005642,2024-09-26T21:40:19,MEDIUM,SYNTHETIC,,,true,Synthetic physical activity pattern.,SCN-PHYS-0564
REL-0648264,Case,CASE-00959,HAS_EVENT,PhysicalAccessEvent,PHY-00005740,2024-05-19T16:24:51,MEDIUM,SYNTHETIC,,,true,Synthetic case evidence linkage.,SCN-PHYS-0959
REL-0648265,Person,PER-017223,PARTICIPATED_IN,PhysicalAccessEvent,PHY-00005740,2024-05-19T16:24:51,MEDIUM,SYNTHETIC,,,true,Synthetic physical activity pattern.,SCN-PHYS-0959
REL-0648314,Case,CASE-01059,HAS_EVENT,PhysicalAccessEvent,PHY-00005765,2024-01-18T16:24:36,MEDIUM,SYNTHETIC,,,true,Synthetic case evidence linkage.,SCN-PHYS-1059
REL-0648315,Person,PER-018950,PARTICIPATED_IN,PhysicalAccessEvent,PHY-00005765,2024-01-18T16:24:36,MEDIUM,SYNTHETIC,,,true,Synthetic physical activity pattern.,SCN-PHYS-1059
REL-0648328,Case,CASE-01084,HAS_EVENT,PhysicalAccessEvent,PHY-00005772,2025-09-23T10:02:09,MEDIUM,SYNTHETIC,,,true,Synthetic case evidence linkage.,SCN-PHYS-1084
REL-0648329,Person,PER-019374,PARTICIPATED_IN,PhysicalAccessEvent,PHY-00005772,2025-09-23T10:02:09,MEDIUM,SYNTHETIC,,,true,Synthetic physical activity pattern.,SCN-PHYS-1084
REL-0648348,Case,CASE-01124,HAS_EVENT,PhysicalAccessEvent,PHY-00005782,2024-10-05T18:56:26,MEDIUM,SYNTHETIC,,,true,Synthetic case evidence linkage.,SCN-PHYS-1124
REL-0648349,Person,PER-020096,PARTICIPATED_IN,PhysicalAccessEvent,PHY-00005782,2024-10-05T18:56:26,MEDIUM,SYNTHETIC,,,true,Synthetic physical activity pattern.,SCN-PHYS-1124
REL-0648390,Case,CASE-01209,HAS_EVENT,PhysicalAccessEvent,PHY-00005803,2024-02-24T07:12:05,MEDIUM,SYNTHETIC,,,true,Synthetic case evidence linkage.,SCN-PHYS-1209
REL-0648391,Person,PER-021845,PARTICIPATED_IN,PhysicalAccessEvent,PHY-00005803,2024-02-24T07:12:05,MEDIUM,SYNTHETIC,,,true,Synthetic physical activity pattern.,SCN-PHYS-1209
REL-0648420,Case,CASE-01269,HAS_EVENT,PhysicalAccessEvent,PHY-00005818,2024-12-31T05:38:58,MEDIUM,SYNTHETIC,,,true,Synthetic case evidence linkage.,SCN-PHYS-1269
REL-0648421,Person,PER-022852,PARTICIPATED_IN,PhysicalAccessEvent,PHY-00005818,2024-12-31T05:38:58,MEDIUM,SYNTHETIC,,,true,Synthetic physical activity pattern.,SCN-PHYS-1269
REL-0648452,Case,CASE-01334,HAS_EVENT,PhysicalAccessEvent,PHY-00005834,2025-05-23T09:14:27,MEDIUM,SYNTHETIC,,,true,Synthetic case evidence linkage.,SCN-PHYS-1334
REL-0648453,Person,PER-023945,PARTICIPATED_IN,PhysicalAccessEvent,PHY-00005834,2025-05-23T09:14:27,MEDIUM,SYNTHETIC,,,true,Synthetic physical activity pattern.,SCN-PHYS-1334
REL-0648544,Case,CASE-01519,HAS_EVENT,PhysicalAccessEvent,PHY-00005880,2024-07-22T19:47:27,MEDIUM,SYNTHETIC,,,true,Synthetic case evidence linkage.,SCN-PHYS-1519
REL-0648545,Person,PER-027179,PARTICIPATED_IN,PhysicalAccessEvent,PHY-00005880,2024-07-22T19:47:27,MEDIUM,SYNTHETIC,,,true,Synthetic physical activity pattern.,SCN-PHYS-1519
REL-0648578,Case,CASE-01584,HAS_EVENT,PhysicalAccessEvent,PHY-00005897,2025-12-17T16:32:29,MEDIUM,SYNTHETIC,,,true,Synthetic case evidence linkage.,SCN-PHYS-1584
REL-0648579,Person,PER-028278,PARTICIPATED_IN,PhysicalAccessEvent,PHY-00005897,2025-12-17T16:32:29,MEDIUM,SYNTHETIC,,,true,Synthetic physical activity pattern.,SCN-PHYS-1584
REL-0648582,Case,CASE-01594,HAS_EVENT,PhysicalAccessEvent,PHY-00005899,2024-02-18T01:17:46,MEDIUM,SYNTHETIC,,,true,Synthetic case evidence linkage.,SCN-PHYS-1594
REL-0648583,Person,PER-028494,PARTICIPATED_IN,PhysicalAccessEvent,PHY-00005899,2024-02-18T01:17:46,MEDIUM,SYNTHETIC,,,true,Synthetic physical activity pattern.,SCN-PHYS-1594
REL-0648618,Case,CASE-01664,HAS_EVENT,PhysicalAccessEvent,PHY-00005917,2025-08-18T20:01:32,MEDIUM,SYNTHETIC,,,true,Synthetic case evidence linkage.,SCN-PHYS-1664
REL-0648619,Person,PER-029521,PARTICIPATED_IN,PhysicalAccessEvent,PHY-00005917,2025-08-18T20:01:32,MEDIUM,SYNTHETIC,,,true,Synthetic physical activity pattern.,SCN-PHYS-1664
REL-0648658,Case,CASE-01744,HAS_EVENT,PhysicalAccessEvent,PHY-00005937,2024-08-17T18:37:28,MEDIUM,SYNTHETIC,,,true,Synthetic case evidence linkage.,SCN-PHYS-1744
REL-0648659,Person,PER-031212,PARTICIPATED_IN,PhysicalAccessEvent,PHY-00005937,2024-08-17T18:37:28,MEDIUM,SYNTHETIC,,,true,Synthetic physical activity pattern.,SCN-PHYS-1744
REL-0648782,Case,CASE-01994,HAS_EVENT,PhysicalAccessEvent,PHY-00005999,2025-10-17T05:30:52,MEDIUM,SYNTHETIC,,,true,Synthetic case evidence linkage.,SCN-PHYS-1994
REL-0648783,Person,PER-035454,PARTICIPATED_IN,PhysicalAccessEvent,PHY-00005999,2025-10-17T05:30:52,MEDIUM,SYNTHETIC,,,true,Synthetic physical activity pattern.,SCN-PHYS-1994
REL-0648854,Case,CASE-00139,HAS_EVENT,PhysicalAccessEvent,PHY-00006035,2024-08-30T15:56:38,MEDIUM,SYNTHETIC,,,true,Synthetic case evidence linkage.,SCN-PHYS-0139
REL-0648855,Person,PER-002304,PARTICIPATED_IN,PhysicalAccessEvent,PHY-00006035,2024-08-30T15:56:38,MEDIUM,SYNTHETIC,,,true,Synthetic physical activity pattern.,SCN-PHYS-0139
REL-0648878,Case,CASE-00184,HAS_EVENT,PhysicalAccessEvent,PHY-00006047,2025-02-18T00:37:07,MEDIUM,SYNTHETIC,,,true,Synthetic case evidence linkage.,SCN-PHYS-0184
REL-0648879,Person,PER-003233,PARTICIPATED_IN,PhysicalAccessEvent,PHY-00006047,2025-02-18T00:37:07,MEDIUM,SYNTHETIC,,,true,Synthetic physical activity pattern.,SCN-PHYS-0184
REL-0648960,Case,CASE-00349,HAS_EVENT,PhysicalAccessEvent,PHY-00006088,2025-02-27T13:47:18,MEDIUM,SYNTHETIC,,,true,Synthetic case evidence linkage.,SCN-PHYS-0349
REL-0648961,Person,PER-006443,PARTICIPATED_IN,PhysicalAccessEvent,PHY-00006088,2025-02-27T13:47:18,MEDIUM,SYNTHETIC,,,true,Synthetic physical activity pattern.,SCN-PHYS-0349
REL-0648982,Case,CASE-00394,HAS_EVENT,PhysicalAccessEvent,PHY-00006099,2024-11-05T23:50:20,MEDIUM,SYNTHETIC,,,true,Synthetic case evidence linkage.,SCN-PHYS-0394
REL-0648983,Person,PER-007236,PARTICIPATED_IN,PhysicalAccessEvent,PHY-00006099,2024-11-05T23:50:20,MEDIUM,SYNTHETIC,,,true,Synthetic physical activity pattern.,SCN-PHYS-0394
REL-0649050,Case,CASE-00529,HAS_EVENT,PhysicalAccessEvent,PHY-00006133,2025-01-14T23:57:09,MEDIUM,SYNTHETIC,,,true,Synthetic case evidence linkage.,SCN-PHYS-0529
REL-0649051,Person,PER-009628,PARTICIPATED_IN,PhysicalAccessEvent,PHY-00006133,2025-01-14T23:57:09,MEDIUM,SYNTHETIC,,,true,Synthetic physical activity pattern.,SCN-PHYS-0529
REL-0649068,Case,CASE-00564,HAS_EVENT,PhysicalAccessEvent,PHY-00006142,2024-04-30T12:41:35,MEDIUM,SYNTHETIC,,,true,Synthetic case evidence linkage.,SCN-PHYS-0564
REL-0649069,Person,PER-010131,PARTICIPATED_IN,PhysicalAccessEvent,PHY-00006142,2024-04-30T12:41:35,MEDIUM,SYNTHETIC,,,true,Synthetic physical activity pattern.,SCN-PHYS-0564
REL-0649264,Case,CASE-00959,HAS_EVENT,PhysicalAccessEvent,PHY-00006240,2025-06-22T19:51:28,MEDIUM,SYNTHETIC,,,true,Synthetic case evidence linkage.,SCN-PHYS-0959
REL-0649265,Person,PER-017223,PARTICIPATED_IN,PhysicalAccessEvent,PHY-00006240,2025-06-22T19:51:28,MEDIUM,SYNTHETIC,,,true,Synthetic physical activity pattern.,SCN-PHYS-0959
REL-0649314,Case,CASE-01059,HAS_EVENT,PhysicalAccessEvent,PHY-00006265,2025-02-23T18:55:48,MEDIUM,SYNTHETIC,,,true,Synthetic case evidence linkage.,SCN-PHYS-1059
REL-0649315,Person,PER-018950,PARTICIPATED_IN,PhysicalAccessEvent,PHY-00006265,2025-02-23T18:55:48,MEDIUM,SYNTHETIC,,,true,Synthetic physical activity pattern.,SCN-PHYS-1059
REL-0649328,Case,CASE-01084,HAS_EVENT,PhysicalAccessEvent,PHY-00006272,2024-03-28T19:07:24,MEDIUM,SYNTHETIC,,,true,Synthetic case evidence linkage.,SCN-PHYS-1084
REL-0649329,Person,PER-019374,PARTICIPATED_IN,PhysicalAccessEvent,PHY-00006272,2024-03-28T19:07:24,MEDIUM,SYNTHETIC,,,true,Synthetic physical activity pattern.,SCN-PHYS-1084
REL-0649348,Case,CASE-01124,HAS_EVENT,PhysicalAccessEvent,PHY-00006282,2024-07-11T23:03:28,MEDIUM,SYNTHETIC,,,true,Synthetic case evidence linkage.,SCN-PHYS-1124
REL-0649349,Person,PER-020096,PARTICIPATED_IN,PhysicalAccessEvent,PHY-00006282,2024-07-11T23:03:28,MEDIUM,SYNTHETIC,,,true,Synthetic physical activity pattern.,SCN-PHYS-1124
REL-0649390,Case,CASE-01209,HAS_EVENT,PhysicalAccessEvent,PHY-00006303,2025-01-17T08:27:37,MEDIUM,SYNTHETIC,,,true,Synthetic case evidence linkage.,SCN-PHYS-1209
REL-0649391,Person,PER-021845,PARTICIPATED_IN,PhysicalAccessEvent,PHY-00006303,2025-01-17T08:27:37,MEDIUM,SYNTHETIC,,,true,Synthetic physical activity pattern.,SCN-PHYS-1209
REL-0649420,Case,CASE-01269,HAS_EVENT,PhysicalAccessEvent,PHY-00006318,2024-10-19T18:34:13,MEDIUM,SYNTHETIC,,,true,Synthetic case evidence linkage.,SCN-PHYS-1269
REL-0649421,Person,PER-022852,PARTICIPATED_IN,PhysicalAccessEvent,PHY-00006318,2024-10-19T18:34:13,MEDIUM,SYNTHETIC,,,true,Synthetic physical activity pattern.,SCN-PHYS-1269
REL-0649452,Case,CASE-01334,HAS_EVENT,PhysicalAccessEvent,PHY-00006334,2024-04-19T22:23:41,MEDIUM,SYNTHETIC,,,true,Synthetic case evidence linkage.,SCN-PHYS-1334
REL-0649453,Person,PER-023945,PARTICIPATED_IN,PhysicalAccessEvent,PHY-00006334,2024-04-19T22:23:41,MEDIUM,SYNTHETIC,,,true,Synthetic physical activity pattern.,SCN-PHYS-1334
REL-0649544,Case,CASE-01519,HAS_EVENT,PhysicalAccessEvent,PHY-00006380,2025-05-02T00:49:48,MEDIUM,SYNTHETIC,,,true,Synthetic case evidence linkage.,SCN-PHYS-1519
REL-0649545,Person,PER-027179,PARTICIPATED_IN,PhysicalAccessEvent,PHY-00006380,2025-05-02T00:49:48,MEDIUM,SYNTHETIC,,,true,Synthetic physical activity pattern.,SCN-PHYS-1519
REL-0649578,Case,CASE-01584,HAS_EVENT,PhysicalAccessEvent,PHY-00006397,2024-08-13T16:26:48,MEDIUM,SYNTHETIC,,,true,Synthetic case evidence linkage.,SCN-PHYS-1584
REL-0649579,Person,PER-028278,PARTICIPATED_IN,PhysicalAccessEvent,PHY-00006397,2024-08-13T16:26:48,MEDIUM,SYNTHETIC,,,true,Synthetic physical activity pattern.,SCN-PHYS-1584
REL-0649582,Case,CASE-01594,HAS_EVENT,PhysicalAccessEvent,PHY-00006399,2024-04-29T22:05:26,MEDIUM,SYNTHETIC,,,true,Synthetic case evidence linkage.,SCN-PHYS-1594
REL-0649583,Person,PER-028494,PARTICIPATED_IN,PhysicalAccessEvent,PHY-00006399,2024-04-29T22:05:26,MEDIUM,SYNTHETIC,,,true,Synthetic physical activity pattern.,SCN-PHYS-1594
REL-0649618,Case,CASE-01664,HAS_EVENT,PhysicalAccessEvent,PHY-00006417,2024-06-12T19:08:11,MEDIUM,SYNTHETIC,,,true,Synthetic case evidence linkage.,SCN-PHYS-1664
REL-0649619,Person,PER-029521,PARTICIPATED_IN,PhysicalAccessEvent,PHY-00006417,2024-06-12T19:08:11,MEDIUM,SYNTHETIC,,,true,Synthetic physical activity pattern.,SCN-PHYS-1664
REL-0649658,Case,CASE-01744,HAS_EVENT,PhysicalAccessEvent,PHY-00006437,2024-10-10T16:56:50,MEDIUM,SYNTHETIC,,,true,Synthetic case evidence linkage.,SCN-PHYS-1744
REL-0649659,Person,PER-031212,PARTICIPATED_IN,PhysicalAccessEvent,PHY-00006437,2024-10-10T16:56:50,MEDIUM,SYNTHETIC,,,true,Synthetic physical activity pattern.,SCN-PHYS-1744
REL-0649782,Case,CASE-01994,HAS_EVENT,PhysicalAccessEvent,PHY-00006499,2024-02-22T12:17:51,MEDIUM,SYNTHETIC,,,true,Synthetic case evidence linkage.,SCN-PHYS-1994
REL-0649783,Person,PER-035454,PARTICIPATED_IN,PhysicalAccessEvent,PHY-00006499,2024-02-22T12:17:51,MEDIUM,SYNTHETIC,,,true,Synthetic physical activity pattern.,SCN-PHYS-1994
REL-0649854,Case,CASE-00139,HAS_EVENT,PhysicalAccessEvent,PHY-00006535,2024-09-06T22:35:42,MEDIUM,SYNTHETIC,,,true,Synthetic case evidence linkage.,SCN-PHYS-0139
REL-0649855,Person,PER-002304,PARTICIPATED_IN,PhysicalAccessEvent,PHY-00006535,2024-09-06T22:35:42,MEDIUM,SYNTHETIC,,,true,Synthetic physical activity pattern.,SCN-PHYS-0139
REL-0649878,Case,CASE-00184,HAS_EVENT,PhysicalAccessEvent,PHY-00006547,2025-06-08T14:27:20,MEDIUM,SYNTHETIC,,,true,Synthetic case evidence linkage.,SCN-PHYS-0184
REL-0649879,Person,PER-003233,PARTICIPATED_IN,PhysicalAccessEvent,PHY-00006547,2025-06-08T14:27:20,MEDIUM,SYNTHETIC,,,true,Synthetic physical activity pattern.,SCN-PHYS-0184
REL-0649960,Case,CASE-00349,HAS_EVENT,PhysicalAccessEvent,PHY-00006588,2025-02-14T05:05:05,MEDIUM,SYNTHETIC,,,true,Synthetic case evidence linkage.,SCN-PHYS-0349
REL-0649961,Person,PER-006443,PARTICIPATED_IN,PhysicalAccessEvent,PHY-00006588,2025-02-14T05:05:05,MEDIUM,SYNTHETIC,,,true,Synthetic physical activity pattern.,SCN-PHYS-0349
REL-0649982,Case,CASE-00394,HAS_EVENT,PhysicalAccessEvent,PHY-00006599,2024-05-26T16:24:23,MEDIUM,SYNTHETIC,,,true,Synthetic case evidence linkage.,SCN-PHYS-0394
REL-0649983,Person,PER-007236,PARTICIPATED_IN,PhysicalAccessEvent,PHY-00006599,2024-05-26T16:24:23,MEDIUM,SYNTHETIC,,,true,Synthetic physical activity pattern.,SCN-PHYS-0394
REL-0650050,Case,CASE-00529,HAS_EVENT,PhysicalAccessEvent,PHY-00006633,2025-02-18T11:04:33,MEDIUM,SYNTHETIC,,,true,Synthetic case evidence linkage.,SCN-PHYS-0529
REL-0650051,Person,PER-009628,PARTICIPATED_IN,PhysicalAccessEvent,PHY-00006633,2025-02-18T11:04:33,MEDIUM,SYNTHETIC,,,true,Synthetic physical activity pattern.,SCN-PHYS-0529
REL-0650068,Case,CASE-00564,HAS_EVENT,PhysicalAccessEvent,PHY-00006642,2024-10-20T22:44:27,MEDIUM,SYNTHETIC,,,true,Synthetic case evidence linkage.,SCN-PHYS-0564
REL-0650069,Person,PER-010131,PARTICIPATED_IN,PhysicalAccessEvent,PHY-00006642,2024-10-20T22:44:27,MEDIUM,SYNTHETIC,,,true,Synthetic physical activity pattern.,SCN-PHYS-0564
REL-0650264,Case,CASE-00959,HAS_EVENT,PhysicalAccessEvent,PHY-00006740,2025-06-22T23:04:35,MEDIUM,SYNTHETIC,,,true,Synthetic case evidence linkage.,SCN-PHYS-0959
REL-0650265,Person,PER-017223,PARTICIPATED_IN,PhysicalAccessEvent,PHY-00006740,2025-06-22T23:04:35,MEDIUM,SYNTHETIC,,,true,Synthetic physical activity pattern.,SCN-PHYS-0959
REL-0650314,Case,CASE-01059,HAS_EVENT,PhysicalAccessEvent,PHY-00006765,2024-02-10T12:55:00,MEDIUM,SYNTHETIC,,,true,Synthetic case evidence linkage.,SCN-PHYS-1059
REL-0650315,Person,PER-018950,PARTICIPATED_IN,PhysicalAccessEvent,PHY-00006765,2024-02-10T12:55:00,MEDIUM,SYNTHETIC,,,true,Synthetic physical activity pattern.,SCN-PHYS-1059
REL-0650328,Case,CASE-01084,HAS_EVENT,PhysicalAccessEvent,PHY-00006772,2025-04-03T12:15:17,MEDIUM,SYNTHETIC,,,true,Synthetic case evidence linkage.,SCN-PHYS-1084
REL-0650329,Person,PER-019374,PARTICIPATED_IN,PhysicalAccessEvent,PHY-00006772,2025-04-03T12:15:17,MEDIUM,SYNTHETIC,,,true,Synthetic physical activity pattern.,SCN-PHYS-1084
REL-0650348,Case,CASE-01124,HAS_EVENT,PhysicalAccessEvent,PHY-00006782,2025-04-11T02:59:45,MEDIUM,SYNTHETIC,,,true,Synthetic case evidence linkage.,SCN-PHYS-1124
REL-0650349,Person,PER-020096,PARTICIPATED_IN,PhysicalAccessEvent,PHY-00006782,2025-04-11T02:59:45,MEDIUM,SYNTHETIC,,,true,Synthetic physical activity pattern.,SCN-PHYS-1124
REL-0650390,Case,CASE-01209,HAS_EVENT,PhysicalAccessEvent,PHY-00006803,2024-06-02T06:58:20,MEDIUM,SYNTHETIC,,,true,Synthetic case evidence linkage.,SCN-PHYS-1209
REL-0650391,Person,PER-021845,PARTICIPATED_IN,PhysicalAccessEvent,PHY-00006803,2024-06-02T06:58:20,MEDIUM,SYNTHETIC,,,true,Synthetic physical activity pattern.,SCN-PHYS-1209
REL-0650420,Case,CASE-01269,HAS_EVENT,PhysicalAccessEvent,PHY-00006818,2025-05-02T01:48:17,MEDIUM,SYNTHETIC,,,true,Synthetic case evidence linkage.,SCN-PHYS-1269
REL-0650421,Person,PER-022852,PARTICIPATED_IN,PhysicalAccessEvent,PHY-00006818,2025-05-02T01:48:17,MEDIUM,SYNTHETIC,,,true,Synthetic physical activity pattern.,SCN-PHYS-1269
REL-0650452,Case,CASE-01334,HAS_EVENT,PhysicalAccessEvent,PHY-00006834,2025-10-10T07:23:26,MEDIUM,SYNTHETIC,,,true,Synthetic case evidence linkage.,SCN-PHYS-1334
REL-0650453,Person,PER-023945,PARTICIPATED_IN,PhysicalAccessEvent,PHY-00006834,2025-10-10T07:23:26,MEDIUM,SYNTHETIC,,,true,Synthetic physical activity pattern.,SCN-PHYS-1334
REL-0650544,Case,CASE-01519,HAS_EVENT,PhysicalAccessEvent,PHY-00006880,2025-04-27T00:17:17,MEDIUM,SYNTHETIC,,,true,Synthetic case evidence linkage.,SCN-PHYS-1519
REL-0650545,Person,PER-027179,PARTICIPATED_IN,PhysicalAccessEvent,PHY-00006880,2025-04-27T00:17:17,MEDIUM,SYNTHETIC,,,true,Synthetic physical activity pattern.,SCN-PHYS-1519
REL-0650578,Case,CASE-01584,HAS_EVENT,PhysicalAccessEvent,PHY-00006897,2025-08-29T18:04:57,MEDIUM,SYNTHETIC,,,true,Synthetic case evidence linkage.,SCN-PHYS-1584
REL-0650579,Person,PER-028278,PARTICIPATED_IN,PhysicalAccessEvent,PHY-00006897,2025-08-29T18:04:57,MEDIUM,SYNTHETIC,,,true,Synthetic physical activity pattern.,SCN-PHYS-1584
REL-0650582,Case,CASE-01594,HAS_EVENT,PhysicalAccessEvent,PHY-00006899,2025-12-31T01:27:05,MEDIUM,SYNTHETIC,,,true,Synthetic case evidence linkage.,SCN-PHYS-1594
REL-0650583,Person,PER-028494,PARTICIPATED_IN,PhysicalAccessEvent,PHY-00006899,2025-12-31T01:27:05,MEDIUM,SYNTHETIC,,,true,Synthetic physical activity pattern.,SCN-PHYS-1594
REL-0650618,Case,CASE-01664,HAS_EVENT,PhysicalAccessEvent,PHY-00006917,2024-02-05T15:50:53,MEDIUM,SYNTHETIC,,,true,Synthetic case evidence linkage.,SCN-PHYS-1664
REL-0650619,Person,PER-029521,PARTICIPATED_IN,PhysicalAccessEvent,PHY-00006917,2024-02-05T15:50:53,MEDIUM,SYNTHETIC,,,true,Synthetic physical activity pattern.,SCN-PHYS-1664
REL-0650658,Case,CASE-01744,HAS_EVENT,PhysicalAccessEvent,PHY-00006937,2024-05-05T05:36:17,MEDIUM,SYNTHETIC,,,true,Synthetic case evidence linkage.,SCN-PHYS-1744
REL-0650659,Person,PER-031212,PARTICIPATED_IN,PhysicalAccessEvent,PHY-00006937,2024-05-05T05:36:17,MEDIUM,SYNTHETIC,,,true,Synthetic physical activity pattern.,SCN-PHYS-1744
REL-0650782,Case,CASE-01994,HAS_EVENT,PhysicalAccessEvent,PHY-00006999,2024-06-20T09:45:01,MEDIUM,SYNTHETIC,,,true,Synthetic case evidence linkage.,SCN-PHYS-1994
REL-0650783,Person,PER-035454,PARTICIPATED_IN,PhysicalAccessEvent,PHY-00006999,2024-06-20T09:45:01,MEDIUM,SYNTHETIC,,,true,Synthetic physical activity pattern.,SCN-PHYS-1994
REL-0650854,Case,CASE-00139,HAS_EVENT,PhysicalAccessEvent,PHY-00007035,2024-05-27T23:58:47,MEDIUM,SYNTHETIC,,,true,Synthetic case evidence linkage.,SCN-PHYS-0139
REL-0650855,Person,PER-002304,PARTICIPATED_IN,PhysicalAccessEvent,PHY-00007035,2024-05-27T23:58:47,MEDIUM,SYNTHETIC,,,true,Synthetic physical activity pattern.,SCN-PHYS-0139
REL-0650878,Case,CASE-00184,HAS_EVENT,PhysicalAccessEvent,PHY-00007047,2024-08-16T21:17:06,MEDIUM,SYNTHETIC,,,true,Synthetic case evidence linkage.,SCN-PHYS-0184
REL-0650879,Person,PER-003233,PARTICIPATED_IN,PhysicalAccessEvent,PHY-00007047,2024-08-16T21:17:06,MEDIUM,SYNTHETIC,,,true,Synthetic physical activity pattern.,SCN-PHYS-0184
REL-0650960,Case,CASE-00349,HAS_EVENT,PhysicalAccessEvent,PHY-00007088,2024-02-14T00:15:05,MEDIUM,SYNTHETIC,,,true,Synthetic case evidence linkage.,SCN-PHYS-0349
REL-0650961,Person,PER-006443,PARTICIPATED_IN,PhysicalAccessEvent,PHY-00007088,2024-02-14T00:15:05,MEDIUM,SYNTHETIC,,,true,Synthetic physical activity pattern.,SCN-PHYS-0349
REL-0650982,Case,CASE-00394,HAS_EVENT,PhysicalAccessEvent,PHY-00007099,2024-05-20T02:00:28,MEDIUM,SYNTHETIC,,,true,Synthetic case evidence linkage.,SCN-PHYS-0394
REL-0650983,Person,PER-007236,PARTICIPATED_IN,PhysicalAccessEvent,PHY-00007099,2024-05-20T02:00:28,MEDIUM,SYNTHETIC,,,true,Synthetic physical activity pattern.,SCN-PHYS-0394
REL-0651050,Case,CASE-00529,HAS_EVENT,PhysicalAccessEvent,PHY-00007133,2024-12-09T16:14:35,MEDIUM,SYNTHETIC,,,true,Synthetic case evidence linkage.,SCN-PHYS-0529
REL-0651051,Person,PER-009628,PARTICIPATED_IN,PhysicalAccessEvent,PHY-00007133,2024-12-09T16:14:35,MEDIUM,SYNTHETIC,,,true,Synthetic physical activity pattern.,SCN-PHYS-0529
REL-0651068,Case,CASE-00564,HAS_EVENT,PhysicalAccessEvent,PHY-00007142,2024-07-25T00:36:04,MEDIUM,SYNTHETIC,,,true,Synthetic case evidence linkage.,SCN-PHYS-0564
REL-0651069,Person,PER-010131,PARTICIPATED_IN,PhysicalAccessEvent,PHY-00007142,2024-07-25T00:36:04,MEDIUM,SYNTHETIC,,,true,Synthetic physical activity pattern.,SCN-PHYS-0564
REL-0651264,Case,CASE-00959,HAS_EVENT,PhysicalAccessEvent,PHY-00007240,2025-03-12T03:20:30,MEDIUM,SYNTHETIC,,,true,Synthetic case evidence linkage.,SCN-PHYS-0959
REL-0651265,Person,PER-017223,PARTICIPATED_IN,PhysicalAccessEvent,PHY-00007240,2025-03-12T03:20:30,MEDIUM,SYNTHETIC,,,true,Synthetic physical activity pattern.,SCN-PHYS-0959
REL-0651314,Case,CASE-01059,HAS_EVENT,PhysicalAccessEvent,PHY-00007265,2024-08-29T11:43:55,MEDIUM,SYNTHETIC,,,true,Synthetic case evidence linkage.,SCN-PHYS-1059
REL-0651315,Person,PER-018950,PARTICIPATED_IN,PhysicalAccessEvent,PHY-00007265,2024-08-29T11:43:55,MEDIUM,SYNTHETIC,,,true,Synthetic physical activity pattern.,SCN-PHYS-1059
REL-0651328,Case,CASE-01084,HAS_EVENT,PhysicalAccessEvent,PHY-00007272,2025-02-17T20:17:25,MEDIUM,SYNTHETIC,,,true,Synthetic case evidence linkage.,SCN-PHYS-1084
REL-0651329,Person,PER-019374,PARTICIPATED_IN,PhysicalAccessEvent,PHY-00007272,2025-02-17T20:17:25,MEDIUM,SYNTHETIC,,,true,Synthetic physical activity pattern.,SCN-PHYS-1084
REL-0651348,Case,CASE-01124,HAS_EVENT,PhysicalAccessEvent,PHY-00007282,2025-12-22T15:49:07,MEDIUM,SYNTHETIC,,,true,Synthetic case evidence linkage.,SCN-PHYS-1124
REL-0651349,Person,PER-020096,PARTICIPATED_IN,PhysicalAccessEvent,PHY-00007282,2025-12-22T15:49:07,MEDIUM,SYNTHETIC,,,true,Synthetic physical activity pattern.,SCN-PHYS-1124
REL-0651390,Case,CASE-01209,HAS_EVENT,PhysicalAccessEvent,PHY-00007303,2025-07-03T15:32:26,MEDIUM,SYNTHETIC,,,true,Synthetic case evidence linkage.,SCN-PHYS-1209
REL-0651391,Person,PER-021845,PARTICIPATED_IN,PhysicalAccessEvent,PHY-00007303,2025-07-03T15:32:26,MEDIUM,SYNTHETIC,,,true,Synthetic physical activity pattern.,SCN-PHYS-1209
REL-0651420,Case,CASE-01269,HAS_EVENT,PhysicalAccessEvent,PHY-00007318,2024-02-05T03:08:19,MEDIUM,SYNTHETIC,,,true,Synthetic case evidence linkage.,SCN-PHYS-1269
REL-0651421,Person,PER-022852,PARTICIPATED_IN,PhysicalAccessEvent,PHY-00007318,2024-02-05T03:08:19,MEDIUM,SYNTHETIC,,,true,Synthetic physical activity pattern.,SCN-PHYS-1269
REL-0651452,Case,CASE-01334,HAS_EVENT,PhysicalAccessEvent,PHY-00007334,2025-10-30T09:55:53,MEDIUM,SYNTHETIC,,,true,Synthetic case evidence linkage.,SCN-PHYS-1334
REL-0651453,Person,PER-023945,PARTICIPATED_IN,PhysicalAccessEvent,PHY-00007334,2025-10-30T09:55:53,MEDIUM,SYNTHETIC,,,true,Synthetic physical activity pattern.,SCN-PHYS-1334
REL-0651544,Case,CASE-01519,HAS_EVENT,PhysicalAccessEvent,PHY-00007380,2025-04-03T05:57:15,MEDIUM,SYNTHETIC,,,true,Synthetic case evidence linkage.,SCN-PHYS-1519
REL-0651545,Person,PER-027179,PARTICIPATED_IN,PhysicalAccessEvent,PHY-00007380,2025-04-03T05:57:15,MEDIUM,SYNTHETIC,,,true,Synthetic physical activity pattern.,SCN-PHYS-1519
REL-0651578,Case,CASE-01584,HAS_EVENT,PhysicalAccessEvent,PHY-00007397,2025-01-18T01:52:07,MEDIUM,SYNTHETIC,,,true,Synthetic case evidence linkage.,SCN-PHYS-1584
REL-0651579,Person,PER-028278,PARTICIPATED_IN,PhysicalAccessEvent,PHY-00007397,2025-01-18T01:52:07,MEDIUM,SYNTHETIC,,,true,Synthetic physical activity pattern.,SCN-PHYS-1584
REL-0651582,Case,CASE-01594,HAS_EVENT,PhysicalAccessEvent,PHY-00007399,2024-10-08T01:06:47,MEDIUM,SYNTHETIC,,,true,Synthetic case evidence linkage.,SCN-PHYS-1594
REL-0651583,Person,PER-028494,PARTICIPATED_IN,PhysicalAccessEvent,PHY-00007399,2024-10-08T01:06:47,MEDIUM,SYNTHETIC,,,true,Synthetic physical activity pattern.,SCN-PHYS-1594
REL-0651618,Case,CASE-01664,HAS_EVENT,PhysicalAccessEvent,PHY-00007417,2025-02-04T05:45:09,MEDIUM,SYNTHETIC,,,true,Synthetic case evidence linkage.,SCN-PHYS-1664
REL-0651619,Person,PER-029521,PARTICIPATED_IN,PhysicalAccessEvent,PHY-00007417,2025-02-04T05:45:09,MEDIUM,SYNTHETIC,,,true,Synthetic physical activity pattern.,SCN-PHYS-1664
REL-0651658,Case,CASE-01744,HAS_EVENT,PhysicalAccessEvent,PHY-00007437,2025-02-18T02:51:21,MEDIUM,SYNTHETIC,,,true,Synthetic case evidence linkage.,SCN-PHYS-1744
REL-0651659,Person,PER-031212,PARTICIPATED_IN,PhysicalAccessEvent,PHY-00007437,2025-02-18T02:51:21,MEDIUM,SYNTHETIC,,,true,Synthetic physical activity pattern.,SCN-PHYS-1744
REL-0651782,Case,CASE-01994,HAS_EVENT,PhysicalAccessEvent,PHY-00007499,2025-11-19T04:15:21,MEDIUM,SYNTHETIC,,,true,Synthetic case evidence linkage.,SCN-PHYS-1994
REL-0651783,Person,PER-035454,PARTICIPATED_IN,PhysicalAccessEvent,PHY-00007499,2025-11-19T04:15:21,MEDIUM,SYNTHETIC,,,true,Synthetic physical activity pattern.,SCN-PHYS-1994
REL-0651854,Case,CASE-00139,HAS_EVENT,PhysicalAccessEvent,PHY-00007535,2025-03-29T04:24:00,MEDIUM,SYNTHETIC,,,true,Synthetic case evidence linkage.,SCN-PHYS-0139
REL-0651855,Person,PER-002304,PARTICIPATED_IN,PhysicalAccessEvent,PHY-00007535,2025-03-29T04:24:00,MEDIUM,SYNTHETIC,,,true,Synthetic physical activity pattern.,SCN-PHYS-0139
REL-0651878,Case,CASE-00184,HAS_EVENT,PhysicalAccessEvent,PHY-00007547,2024-08-10T06:57:58,MEDIUM,SYNTHETIC,,,true,Synthetic case evidence linkage.,SCN-PHYS-0184
REL-0651879,Person,PER-003233,PARTICIPATED_IN,PhysicalAccessEvent,PHY-00007547,2024-08-10T06:57:58,MEDIUM,SYNTHETIC,,,true,Synthetic physical activity pattern.,SCN-PHYS-0184
REL-0651960,Case,CASE-00349,HAS_EVENT,PhysicalAccessEvent,PHY-00007588,2024-05-12T11:24:48,MEDIUM,SYNTHETIC,,,true,Synthetic case evidence linkage.,SCN-PHYS-0349
REL-0651961,Person,PER-006443,PARTICIPATED_IN,PhysicalAccessEvent,PHY-00007588,2024-05-12T11:24:48,MEDIUM,SYNTHETIC,,,true,Synthetic physical activity pattern.,SCN-PHYS-0349
REL-0651982,Case,CASE-00394,HAS_EVENT,PhysicalAccessEvent,PHY-00007599,2025-11-24T13:47:53,MEDIUM,SYNTHETIC,,,true,Synthetic case evidence linkage.,SCN-PHYS-0394
REL-0651983,Person,PER-007236,PARTICIPATED_IN,PhysicalAccessEvent,PHY-00007599,2025-11-24T13:47:53,MEDIUM,SYNTHETIC,,,true,Synthetic physical activity pattern.,SCN-PHYS-0394
REL-0652050,Case,CASE-00529,HAS_EVENT,PhysicalAccessEvent,PHY-00007633,2025-07-26T23:28:15,MEDIUM,SYNTHETIC,,,true,Synthetic case evidence linkage.,SCN-PHYS-0529
REL-0652051,Person,PER-009628,PARTICIPATED_IN,PhysicalAccessEvent,PHY-00007633,2025-07-26T23:28:15,MEDIUM,SYNTHETIC,,,true,Synthetic physical activity pattern.,SCN-PHYS-0529
REL-0652068,Case,CASE-00564,HAS_EVENT,PhysicalAccessEvent,PHY-00007642,2025-01-05T11:46:52,MEDIUM,SYNTHETIC,,,true,Synthetic case evidence linkage.,SCN-PHYS-0564
REL-0652069,Person,PER-010131,PARTICIPATED_IN,PhysicalAccessEvent,PHY-00007642,2025-01-05T11:46:52,MEDIUM,SYNTHETIC,,,true,Synthetic physical activity pattern.,SCN-PHYS-0564
REL-0652264,Case,CASE-00959,HAS_EVENT,PhysicalAccessEvent,PHY-00007740,2025-05-07T11:26:38,MEDIUM,SYNTHETIC,,,true,Synthetic case evidence linkage.,SCN-PHYS-0959
REL-0652265,Person,PER-017223,PARTICIPATED_IN,PhysicalAccessEvent,PHY-00007740,2025-05-07T11:26:38,MEDIUM,SYNTHETIC,,,true,Synthetic physical activity pattern.,SCN-PHYS-0959
REL-0652314,Case,CASE-01059,HAS_EVENT,PhysicalAccessEvent,PHY-00007765,2025-03-29T20:55:35,MEDIUM,SYNTHETIC,,,true,Synthetic case evidence linkage.,SCN-PHYS-1059
REL-0652315,Person,PER-018950,PARTICIPATED_IN,PhysicalAccessEvent,PHY-00007765,2025-03-29T20:55:35,MEDIUM,SYNTHETIC,,,true,Synthetic physical activity pattern.,SCN-PHYS-1059
REL-0652328,Case,CASE-01084,HAS_EVENT,PhysicalAccessEvent,PHY-00007772,2025-04-21T12:43:53,MEDIUM,SYNTHETIC,,,true,Synthetic case evidence linkage.,SCN-PHYS-1084
REL-0652329,Person,PER-019374,PARTICIPATED_IN,PhysicalAccessEvent,PHY-00007772,2025-04-21T12:43:53,MEDIUM,SYNTHETIC,,,true,Synthetic physical activity pattern.,SCN-PHYS-1084
REL-0652348,Case,CASE-01124,HAS_EVENT,PhysicalAccessEvent,PHY-00007782,2025-12-06T11:06:57,MEDIUM,SYNTHETIC,,,true,Synthetic case evidence linkage.,SCN-PHYS-1124
REL-0652349,Person,PER-020096,PARTICIPATED_IN,PhysicalAccessEvent,PHY-00007782,2025-12-06T11:06:57,MEDIUM,SYNTHETIC,,,true,Synthetic physical activity pattern.,SCN-PHYS-1124
REL-0652390,Case,CASE-01209,HAS_EVENT,PhysicalAccessEvent,PHY-00007803,2024-04-10T18:36:21,MEDIUM,SYNTHETIC,,,true,Synthetic case evidence linkage.,SCN-PHYS-1209
REL-0652391,Person,PER-021845,PARTICIPATED_IN,PhysicalAccessEvent,PHY-00007803,2024-04-10T18:36:21,MEDIUM,SYNTHETIC,,,true,Synthetic physical activity pattern.,SCN-PHYS-1209
REL-0652420,Case,CASE-01269,HAS_EVENT,PhysicalAccessEvent,PHY-00007818,2024-12-09T14:14:54,MEDIUM,SYNTHETIC,,,true,Synthetic case evidence linkage.,SCN-PHYS-1269
REL-0652421,Person,PER-022852,PARTICIPATED_IN,PhysicalAccessEvent,PHY-00007818,2024-12-09T14:14:54,MEDIUM,SYNTHETIC,,,true,Synthetic physical activity pattern.,SCN-PHYS-1269
REL-0652452,Case,CASE-01334,HAS_EVENT,PhysicalAccessEvent,PHY-00007834,2024-03-07T07:52:41,MEDIUM,SYNTHETIC,,,true,Synthetic case evidence linkage.,SCN-PHYS-1334
REL-0652453,Person,PER-023945,PARTICIPATED_IN,PhysicalAccessEvent,PHY-00007834,2024-03-07T07:52:41,MEDIUM,SYNTHETIC,,,true,Synthetic physical activity pattern.,SCN-PHYS-1334
REL-0652544,Case,CASE-01519,HAS_EVENT,PhysicalAccessEvent,PHY-00007880,2024-03-25T08:21:31,MEDIUM,SYNTHETIC,,,true,Synthetic case evidence linkage.,SCN-PHYS-1519
REL-0652545,Person,PER-027179,PARTICIPATED_IN,PhysicalAccessEvent,PHY-00007880,2024-03-25T08:21:31,MEDIUM,SYNTHETIC,,,true,Synthetic physical activity pattern.,SCN-PHYS-1519
REL-0652578,Case,CASE-01584,HAS_EVENT,PhysicalAccessEvent,PHY-00007897,2025-09-09T22:18:56,MEDIUM,SYNTHETIC,,,true,Synthetic case evidence linkage.,SCN-PHYS-1584
REL-0652579,Person,PER-028278,PARTICIPATED_IN,PhysicalAccessEvent,PHY-00007897,2025-09-09T22:18:56,MEDIUM,SYNTHETIC,,,true,Synthetic physical activity pattern.,SCN-PHYS-1584
REL-0652582,Case,CASE-01594,HAS_EVENT,PhysicalAccessEvent,PHY-00007899,2025-01-18T21:33:41,MEDIUM,SYNTHETIC,,,true,Synthetic case evidence linkage.,SCN-PHYS-1594
REL-0652583,Person,PER-028494,PARTICIPATED_IN,PhysicalAccessEvent,PHY-00007899,2025-01-18T21:33:41,MEDIUM,SYNTHETIC,,,true,Synthetic physical activity pattern.,SCN-PHYS-1594
REL-0652618,Case,CASE-01664,HAS_EVENT,PhysicalAccessEvent,PHY-00007917,2024-12-01T05:05:54,MEDIUM,SYNTHETIC,,,true,Synthetic case evidence linkage.,SCN-PHYS-1664
REL-0652619,Person,PER-029521,PARTICIPATED_IN,PhysicalAccessEvent,PHY-00007917,2024-12-01T05:05:54,MEDIUM,SYNTHETIC,,,true,Synthetic physical activity pattern.,SCN-PHYS-1664
REL-0652658,Case,CASE-01744,HAS_EVENT,PhysicalAccessEvent,PHY-00007937,2024-12-19T03:31:39,MEDIUM,SYNTHETIC,,,true,Synthetic case evidence linkage.,SCN-PHYS-1744
REL-0652659,Person,PER-031212,PARTICIPATED_IN,PhysicalAccessEvent,PHY-00007937,2024-12-19T03:31:39,MEDIUM,SYNTHETIC,,,true,Synthetic physical activity pattern.,SCN-PHYS-1744
REL-0652782,Case,CASE-01994,HAS_EVENT,PhysicalAccessEvent,PHY-00007999,2025-11-18T06:37:46,MEDIUM,SYNTHETIC,,,true,Synthetic case evidence linkage.,SCN-PHYS-1994
REL-0652783,Person,PER-035454,PARTICIPATED_IN,PhysicalAccessEvent,PHY-00007999,2025-11-18T06:37:46,MEDIUM,SYNTHETIC,,,true,Synthetic physical activity pattern.,SCN-PHYS-1994
REL-0652854,Case,CASE-00139,HAS_EVENT,PhysicalAccessEvent,PHY-00008035,2025-09-10T07:27:51,MEDIUM,SYNTHETIC,,,true,Synthetic case evidence linkage.,SCN-PHYS-0139
REL-0652855,Person,PER-002304,PARTICIPATED_IN,PhysicalAccessEvent,PHY-00008035,2025-09-10T07:27:51,MEDIUM,SYNTHETIC,,,true,Synthetic physical activity pattern.,SCN-PHYS-0139
REL-0652878,Case,CASE-00184,HAS_EVENT,PhysicalAccessEvent,PHY-00008047,2025-01-04T08:27:48,MEDIUM,SYNTHETIC,,,true,Synthetic case evidence linkage.,SCN-PHYS-0184
REL-0652879,Person,PER-003233,PARTICIPATED_IN,PhysicalAccessEvent,PHY-00008047,2025-01-04T08:27:48,MEDIUM,SYNTHETIC,,,true,Synthetic physical activity pattern.,SCN-PHYS-0184
REL-0652960,Case,CASE-00349,HAS_EVENT,PhysicalAccessEvent,PHY-00008088,2025-06-17T13:28:07,MEDIUM,SYNTHETIC,,,true,Synthetic case evidence linkage.,SCN-PHYS-0349
REL-0652961,Person,PER-006443,PARTICIPATED_IN,PhysicalAccessEvent,PHY-00008088,2025-06-17T13:28:07,MEDIUM,SYNTHETIC,,,true,Synthetic physical activity pattern.,SCN-PHYS-0349
REL-0652982,Case,CASE-00394,HAS_EVENT,PhysicalAccessEvent,PHY-00008099,2025-08-20T22:36:01,MEDIUM,SYNTHETIC,,,true,Synthetic case evidence linkage.,SCN-PHYS-0394
REL-0652983,Person,PER-007236,PARTICIPATED_IN,PhysicalAccessEvent,PHY-00008099,2025-08-20T22:36:01,MEDIUM,SYNTHETIC,,,true,Synthetic physical activity pattern.,SCN-PHYS-0394
REL-0653050,Case,CASE-00529,HAS_EVENT,PhysicalAccessEvent,PHY-00008133,2025-10-22T19:42:26,MEDIUM,SYNTHETIC,,,true,Synthetic case evidence linkage.,SCN-PHYS-0529
REL-0653051,Person,PER-009628,PARTICIPATED_IN,PhysicalAccessEvent,PHY-00008133,2025-10-22T19:42:26,MEDIUM,SYNTHETIC,,,true,Synthetic physical activity pattern.,SCN-PHYS-0529
REL-0653068,Case,CASE-00564,HAS_EVENT,PhysicalAccessEvent,PHY-00008142,2024-08-07T11:43:36,MEDIUM,SYNTHETIC,,,true,Synthetic case evidence linkage.,SCN-PHYS-0564
REL-0653069,Person,PER-010131,PARTICIPATED_IN,PhysicalAccessEvent,PHY-00008142,2024-08-07T11:43:36,MEDIUM,SYNTHETIC,,,true,Synthetic physical activity pattern.,SCN-PHYS-0564
REL-0653264,Case,CASE-00959,HAS_EVENT,PhysicalAccessEvent,PHY-00008240,2024-10-03T23:36:17,MEDIUM,SYNTHETIC,,,true,Synthetic case evidence linkage.,SCN-PHYS-0959
REL-0653265,Person,PER-017223,PARTICIPATED_IN,PhysicalAccessEvent,PHY-00008240,2024-10-03T23:36:17,MEDIUM,SYNTHETIC,,,true,Synthetic physical activity pattern.,SCN-PHYS-0959
REL-0653314,Case,CASE-01059,HAS_EVENT,PhysicalAccessEvent,PHY-00008265,2025-06-16T10:52:20,MEDIUM,SYNTHETIC,,,true,Synthetic case evidence linkage.,SCN-PHYS-1059
REL-0653315,Person,PER-018950,PARTICIPATED_IN,PhysicalAccessEvent,PHY-00008265,2025-06-16T10:52:20,MEDIUM,SYNTHETIC,,,true,Synthetic physical activity pattern.,SCN-PHYS-1059
REL-0653328,Case,CASE-01084,HAS_EVENT,PhysicalAccessEvent,PHY-00008272,2025-05-13T09:31:16,MEDIUM,SYNTHETIC,,,true,Synthetic case evidence linkage.,SCN-PHYS-1084
REL-0653329,Person,PER-019374,PARTICIPATED_IN,PhysicalAccessEvent,PHY-00008272,2025-05-13T09:31:16,MEDIUM,SYNTHETIC,,,true,Synthetic physical activity pattern.,SCN-PHYS-1084
REL-0653348,Case,CASE-01124,HAS_EVENT,PhysicalAccessEvent,PHY-00008282,2025-09-17T06:59:29,MEDIUM,SYNTHETIC,,,true,Synthetic case evidence linkage.,SCN-PHYS-1124
REL-0653349,Person,PER-020096,PARTICIPATED_IN,PhysicalAccessEvent,PHY-00008282,2025-09-17T06:59:29,MEDIUM,SYNTHETIC,,,true,Synthetic physical activity pattern.,SCN-PHYS-1124
REL-0653390,Case,CASE-01209,HAS_EVENT,PhysicalAccessEvent,PHY-00008303,2024-07-25T01:02:36,MEDIUM,SYNTHETIC,,,true,Synthetic case evidence linkage.,SCN-PHYS-1209
REL-0653391,Person,PER-021845,PARTICIPATED_IN,PhysicalAccessEvent,PHY-00008303,2024-07-25T01:02:36,MEDIUM,SYNTHETIC,,,true,Synthetic physical activity pattern.,SCN-PHYS-1209
REL-0653420,Case,CASE-01269,HAS_EVENT,PhysicalAccessEvent,PHY-00008318,2025-04-09T20:01:44,MEDIUM,SYNTHETIC,,,true,Synthetic case evidence linkage.,SCN-PHYS-1269
REL-0653421,Person,PER-022852,PARTICIPATED_IN,PhysicalAccessEvent,PHY-00008318,2025-04-09T20:01:44,MEDIUM,SYNTHETIC,,,true,Synthetic physical activity pattern.,SCN-PHYS-1269
REL-0653452,Case,CASE-01334,HAS_EVENT,PhysicalAccessEvent,PHY-00008334,2024-10-08T12:34:20,MEDIUM,SYNTHETIC,,,true,Synthetic case evidence linkage.,SCN-PHYS-1334
REL-0653453,Person,PER-023945,PARTICIPATED_IN,PhysicalAccessEvent,PHY-00008334,2024-10-08T12:34:20,MEDIUM,SYNTHETIC,,,true,Synthetic physical activity pattern.,SCN-PHYS-1334
REL-0653544,Case,CASE-01519,HAS_EVENT,PhysicalAccessEvent,PHY-00008380,2024-02-04T23:34:21,MEDIUM,SYNTHETIC,,,true,Synthetic case evidence linkage.,SCN-PHYS-1519
REL-0653545,Person,PER-027179,PARTICIPATED_IN,PhysicalAccessEvent,PHY-00008380,2024-02-04T23:34:21,MEDIUM,SYNTHETIC,,,true,Synthetic physical activity pattern.,SCN-PHYS-1519
REL-0653578,Case,CASE-01584,HAS_EVENT,PhysicalAccessEvent,PHY-00008397,2024-12-01T04:10:33,MEDIUM,SYNTHETIC,,,true,Synthetic case evidence linkage.,SCN-PHYS-1584
REL-0653579,Person,PER-028278,PARTICIPATED_IN,PhysicalAccessEvent,PHY-00008397,2024-12-01T04:10:33,MEDIUM,SYNTHETIC,,,true,Synthetic physical activity pattern.,SCN-PHYS-1584
REL-0653582,Case,CASE-01594,HAS_EVENT,PhysicalAccessEvent,PHY-00008399,2025-10-30T10:22:08,MEDIUM,SYNTHETIC,,,true,Synthetic case evidence linkage.,SCN-PHYS-1594
REL-0653583,Person,PER-028494,PARTICIPATED_IN,PhysicalAccessEvent,PHY-00008399,2025-10-30T10:22:08,MEDIUM,SYNTHETIC,,,true,Synthetic physical activity pattern.,SCN-PHYS-1594
REL-0653618,Case,CASE-01664,HAS_EVENT,PhysicalAccessEvent,PHY-00008417,2024-10-05T20:41:34,MEDIUM,SYNTHETIC,,,true,Synthetic case evidence linkage.,SCN-PHYS-1664
REL-0653619,Person,PER-029521,PARTICIPATED_IN,PhysicalAccessEvent,PHY-00008417,2024-10-05T20:41:34,MEDIUM,SYNTHETIC,,,true,Synthetic physical activity pattern.,SCN-PHYS-1664
REL-0653658,Case,CASE-01744,HAS_EVENT,PhysicalAccessEvent,PHY-00008437,2024-07-15T11:57:17,MEDIUM,SYNTHETIC,,,true,Synthetic case evidence linkage.,SCN-PHYS-1744
REL-0653659,Person,PER-031212,PARTICIPATED_IN,PhysicalAccessEvent,PHY-00008437,2024-07-15T11:57:17,MEDIUM,SYNTHETIC,,,true,Synthetic physical activity pattern.,SCN-PHYS-1744
REL-0653782,Case,CASE-01994,HAS_EVENT,PhysicalAccessEvent,PHY-00008499,2025-07-15T17:39:05,MEDIUM,SYNTHETIC,,,true,Synthetic case evidence linkage.,SCN-PHYS-1994
REL-0653783,Person,PER-035454,PARTICIPATED_IN,PhysicalAccessEvent,PHY-00008499,2025-07-15T17:39:05,MEDIUM,SYNTHETIC,,,true,Synthetic physical activity pattern.,SCN-PHYS-1994
REL-0653854,Case,CASE-00139,HAS_EVENT,PhysicalAccessEvent,PHY-00008535,2025-04-18T04:45:28,MEDIUM,SYNTHETIC,,,true,Synthetic case evidence linkage.,SCN-PHYS-0139
REL-0653855,Person,PER-002304,PARTICIPATED_IN,PhysicalAccessEvent,PHY-00008535,2025-04-18T04:45:28,MEDIUM,SYNTHETIC,,,true,Synthetic physical activity pattern.,SCN-PHYS-0139
REL-0653878,Case,CASE-00184,HAS_EVENT,PhysicalAccessEvent,PHY-00008547,2024-07-19T12:51:58,MEDIUM,SYNTHETIC,,,true,Synthetic case evidence linkage.,SCN-PHYS-0184
REL-0653879,Person,PER-003233,PARTICIPATED_IN,PhysicalAccessEvent,PHY-00008547,2024-07-19T12:51:58,MEDIUM,SYNTHETIC,,,true,Synthetic physical activity pattern.,SCN-PHYS-0184
REL-0653960,Case,CASE-00349,HAS_EVENT,PhysicalAccessEvent,PHY-00008588,2024-10-04T04:59:38,MEDIUM,SYNTHETIC,,,true,Synthetic case evidence linkage.,SCN-PHYS-0349
REL-0653961,Person,PER-006443,PARTICIPATED_IN,PhysicalAccessEvent,PHY-00008588,2024-10-04T04:59:38,MEDIUM,SYNTHETIC,,,true,Synthetic physical activity pattern.,SCN-PHYS-0349
REL-0653982,Case,CASE-00394,HAS_EVENT,PhysicalAccessEvent,PHY-00008599,2024-04-27T01:57:48,MEDIUM,SYNTHETIC,,,true,Synthetic case evidence linkage.,SCN-PHYS-0394
REL-0653983,Person,PER-007236,PARTICIPATED_IN,PhysicalAccessEvent,PHY-00008599,2024-04-27T01:57:48,MEDIUM,SYNTHETIC,,,true,Synthetic physical activity pattern.,SCN-PHYS-0394
REL-0654050,Case,CASE-00529,HAS_EVENT,PhysicalAccessEvent,PHY-00008633,2024-07-05T20:45:23,MEDIUM,SYNTHETIC,,,true,Synthetic case evidence linkage.,SCN-PHYS-0529
REL-0654051,Person,PER-009628,PARTICIPATED_IN,PhysicalAccessEvent,PHY-00008633,2024-07-05T20:45:23,MEDIUM,SYNTHETIC,,,true,Synthetic physical activity pattern.,SCN-PHYS-0529
REL-0654068,Case,CASE-00564,HAS_EVENT,PhysicalAccessEvent,PHY-00008642,2024-10-27T02:41:31,MEDIUM,SYNTHETIC,,,true,Synthetic case evidence linkage.,SCN-PHYS-0564
REL-0654069,Person,PER-010131,PARTICIPATED_IN,PhysicalAccessEvent,PHY-00008642,2024-10-27T02:41:31,MEDIUM,SYNTHETIC,,,true,Synthetic physical activity pattern.,SCN-PHYS-0564
REL-0654264,Case,CASE-00959,HAS_EVENT,PhysicalAccessEvent,PHY-00008740,2024-05-20T18:29:01,MEDIUM,SYNTHETIC,,,true,Synthetic case evidence linkage.,SCN-PHYS-0959
REL-0654265,Person,PER-017223,PARTICIPATED_IN,PhysicalAccessEvent,PHY-00008740,2024-05-20T18:29:01,MEDIUM,SYNTHETIC,,,true,Synthetic physical activity pattern.,SCN-PHYS-0959
REL-0654314,Case,CASE-01059,HAS_EVENT,PhysicalAccessEvent,PHY-00008765,2024-11-28T12:18:52,MEDIUM,SYNTHETIC,,,true,Synthetic case evidence linkage.,SCN-PHYS-1059
REL-0654315,Person,PER-018950,PARTICIPATED_IN,PhysicalAccessEvent,PHY-00008765,2024-11-28T12:18:52,MEDIUM,SYNTHETIC,,,true,Synthetic physical activity pattern.,SCN-PHYS-1059
REL-0654328,Case,CASE-01084,HAS_EVENT,PhysicalAccessEvent,PHY-00008772,2025-11-30T03:56:22,MEDIUM,SYNTHETIC,,,true,Synthetic case evidence linkage.,SCN-PHYS-1084
REL-0654329,Person,PER-019374,PARTICIPATED_IN,PhysicalAccessEvent,PHY-00008772,2025-11-30T03:56:22,MEDIUM,SYNTHETIC,,,true,Synthetic physical activity pattern.,SCN-PHYS-1084
REL-0654348,Case,CASE-01124,HAS_EVENT,PhysicalAccessEvent,PHY-00008782,2025-01-28T01:22:47,MEDIUM,SYNTHETIC,,,true,Synthetic case evidence linkage.,SCN-PHYS-1124
REL-0654349,Person,PER-020096,PARTICIPATED_IN,PhysicalAccessEvent,PHY-00008782,2025-01-28T01:22:47,MEDIUM,SYNTHETIC,,,true,Synthetic physical activity pattern.,SCN-PHYS-1124
REL-0654390,Case,CASE-01209,HAS_EVENT,PhysicalAccessEvent,PHY-00008803,2025-10-06T03:49:08,MEDIUM,SYNTHETIC,,,true,Synthetic case evidence linkage.,SCN-PHYS-1209
REL-0654391,Person,PER-021845,PARTICIPATED_IN,PhysicalAccessEvent,PHY-00008803,2025-10-06T03:49:08,MEDIUM,SYNTHETIC,,,true,Synthetic physical activity pattern.,SCN-PHYS-1209
REL-0654420,Case,CASE-01269,HAS_EVENT,PhysicalAccessEvent,PHY-00008818,2024-07-14T10:33:35,MEDIUM,SYNTHETIC,,,true,Synthetic case evidence linkage.,SCN-PHYS-1269
REL-0654421,Person,PER-022852,PARTICIPATED_IN,PhysicalAccessEvent,PHY-00008818,2024-07-14T10:33:35,MEDIUM,SYNTHETIC,,,true,Synthetic physical activity pattern.,SCN-PHYS-1269
REL-0654452,Case,CASE-01334,HAS_EVENT,PhysicalAccessEvent,PHY-00008834,2024-12-17T12:40:19,MEDIUM,SYNTHETIC,,,true,Synthetic case evidence linkage.,SCN-PHYS-1334
REL-0654453,Person,PER-023945,PARTICIPATED_IN,PhysicalAccessEvent,PHY-00008834,2024-12-17T12:40:19,MEDIUM,SYNTHETIC,,,true,Synthetic physical activity pattern.,SCN-PHYS-1334
REL-0654544,Case,CASE-01519,HAS_EVENT,PhysicalAccessEvent,PHY-00008880,2024-05-09T21:07:27,MEDIUM,SYNTHETIC,,,true,Synthetic case evidence linkage.,SCN-PHYS-1519
REL-0654545,Person,PER-027179,PARTICIPATED_IN,PhysicalAccessEvent,PHY-00008880,2024-05-09T21:07:27,MEDIUM,SYNTHETIC,,,true,Synthetic physical activity pattern.,SCN-PHYS-1519
REL-0654578,Case,CASE-01584,HAS_EVENT,PhysicalAccessEvent,PHY-00008897,2024-04-19T06:35:52,MEDIUM,SYNTHETIC,,,true,Synthetic case evidence linkage.,SCN-PHYS-1584
REL-0654579,Person,PER-028278,PARTICIPATED_IN,PhysicalAccessEvent,PHY-00008897,2024-04-19T06:35:52,MEDIUM,SYNTHETIC,,,true,Synthetic physical activity pattern.,SCN-PHYS-1584
REL-0654582,Case,CASE-01594,HAS_EVENT,PhysicalAccessEvent,PHY-00008899,2025-12-03T09:35:19,MEDIUM,SYNTHETIC,,,true,Synthetic case evidence linkage.,SCN-PHYS-1594
REL-0654583,Person,PER-028494,PARTICIPATED_IN,PhysicalAccessEvent,PHY-00008899,2025-12-03T09:35:19,MEDIUM,SYNTHETIC,,,true,Synthetic physical activity pattern.,SCN-PHYS-1594
REL-0654618,Case,CASE-01664,HAS_EVENT,PhysicalAccessEvent,PHY-00008917,2024-09-07T18:13:00,MEDIUM,SYNTHETIC,,,true,Synthetic case evidence linkage.,SCN-PHYS-1664
REL-0654619,Person,PER-029521,PARTICIPATED_IN,PhysicalAccessEvent,PHY-00008917,2024-09-07T18:13:00,MEDIUM,SYNTHETIC,,,true,Synthetic physical activity pattern.,SCN-PHYS-1664
REL-0654658,Case,CASE-01744,HAS_EVENT,PhysicalAccessEvent,PHY-00008937,2024-12-18T06:55:13,MEDIUM,SYNTHETIC,,,true,Synthetic case evidence linkage.,SCN-PHYS-1744
REL-0654659,Person,PER-031212,PARTICIPATED_IN,PhysicalAccessEvent,PHY-00008937,2024-12-18T06:55:13,MEDIUM,SYNTHETIC,,,true,Synthetic physical activity pattern.,SCN-PHYS-1744
REL-0654782,Case,CASE-01994,HAS_EVENT,PhysicalAccessEvent,PHY-00008999,2025-10-06T16:22:24,MEDIUM,SYNTHETIC,,,true,Synthetic case evidence linkage.,SCN-PHYS-1994
REL-0654783,Person,PER-035454,PARTICIPATED_IN,PhysicalAccessEvent,PHY-00008999,2025-10-06T16:22:24,MEDIUM,SYNTHETIC,,,true,Synthetic physical activity pattern.,SCN-PHYS-1994
REL-0654854,Case,CASE-00139,HAS_EVENT,PhysicalAccessEvent,PHY-00009035,2024-11-22T06:39:30,MEDIUM,SYNTHETIC,,,true,Synthetic case evidence linkage.,SCN-PHYS-0139
REL-0654855,Person,PER-002304,PARTICIPATED_IN,PhysicalAccessEvent,PHY-00009035,2024-11-22T06:39:30,MEDIUM,SYNTHETIC,,,true,Synthetic physical activity pattern.,SCN-PHYS-0139
REL-0654878,Case,CASE-00184,HAS_EVENT,PhysicalAccessEvent,PHY-00009047,2024-03-26T17:58:27,MEDIUM,SYNTHETIC,,,true,Synthetic case evidence linkage.,SCN-PHYS-0184
REL-0654879,Person,PER-003233,PARTICIPATED_IN,PhysicalAccessEvent,PHY-00009047,2024-03-26T17:58:27,MEDIUM,SYNTHETIC,,,true,Synthetic physical activity pattern.,SCN-PHYS-0184
REL-0654960,Case,CASE-00349,HAS_EVENT,PhysicalAccessEvent,PHY-00009088,2024-01-29T18:20:00,MEDIUM,SYNTHETIC,,,true,Synthetic case evidence linkage.,SCN-PHYS-0349
REL-0654961,Person,PER-006443,PARTICIPATED_IN,PhysicalAccessEvent,PHY-00009088,2024-01-29T18:20:00,MEDIUM,SYNTHETIC,,,true,Synthetic physical activity pattern.,SCN-PHYS-0349
REL-0654982,Case,CASE-00394,HAS_EVENT,PhysicalAccessEvent,PHY-00009099,2025-06-09T10:27:12,MEDIUM,SYNTHETIC,,,true,Synthetic case evidence linkage.,SCN-PHYS-0394
REL-0654983,Person,PER-007236,PARTICIPATED_IN,PhysicalAccessEvent,PHY-00009099,2025-06-09T10:27:12,MEDIUM,SYNTHETIC,,,true,Synthetic physical activity pattern.,SCN-PHYS-0394
REL-0655050,Case,CASE-00529,HAS_EVENT,PhysicalAccessEvent,PHY-00009133,2025-04-04T20:25:57,MEDIUM,SYNTHETIC,,,true,Synthetic case evidence linkage.,SCN-PHYS-0529
REL-0655051,Person,PER-009628,PARTICIPATED_IN,PhysicalAccessEvent,PHY-00009133,2025-04-04T20:25:57,MEDIUM,SYNTHETIC,,,true,Synthetic physical activity pattern.,SCN-PHYS-0529
REL-0655068,Case,CASE-00564,HAS_EVENT,PhysicalAccessEvent,PHY-00009142,2024-01-30T05:20:25,MEDIUM,SYNTHETIC,,,true,Synthetic case evidence linkage.,SCN-PHYS-0564
REL-0655069,Person,PER-010131,PARTICIPATED_IN,PhysicalAccessEvent,PHY-00009142,2024-01-30T05:20:25,MEDIUM,SYNTHETIC,,,true,Synthetic physical activity pattern.,SCN-PHYS-0564
REL-0655264,Case,CASE-00959,HAS_EVENT,PhysicalAccessEvent,PHY-00009240,2024-07-12T23:50:09,MEDIUM,SYNTHETIC,,,true,Synthetic case evidence linkage.,SCN-PHYS-0959
REL-0655265,Person,PER-017223,PARTICIPATED_IN,PhysicalAccessEvent,PHY-00009240,2024-07-12T23:50:09,MEDIUM,SYNTHETIC,,,true,Synthetic physical activity pattern.,SCN-PHYS-0959
REL-0655314,Case,CASE-01059,HAS_EVENT,PhysicalAccessEvent,PHY-00009265,2025-01-02T00:04:38,MEDIUM,SYNTHETIC,,,true,Synthetic case evidence linkage.,SCN-PHYS-1059
REL-0655315,Person,PER-018950,PARTICIPATED_IN,PhysicalAccessEvent,PHY-00009265,2025-01-02T00:04:38,MEDIUM,SYNTHETIC,,,true,Synthetic physical activity pattern.,SCN-PHYS-1059
REL-0655328,Case,CASE-01084,HAS_EVENT,PhysicalAccessEvent,PHY-00009272,2025-03-09T19:46:35,MEDIUM,SYNTHETIC,,,true,Synthetic case evidence linkage.,SCN-PHYS-1084
REL-0655329,Person,PER-019374,PARTICIPATED_IN,PhysicalAccessEvent,PHY-00009272,2025-03-09T19:46:35,MEDIUM,SYNTHETIC,,,true,Synthetic physical activity pattern.,SCN-PHYS-1084
REL-0655348,Case,CASE-01124,HAS_EVENT,PhysicalAccessEvent,PHY-00009282,2024-03-21T08:42:30,MEDIUM,SYNTHETIC,,,true,Synthetic case evidence linkage.,SCN-PHYS-1124
REL-0655349,Person,PER-020096,PARTICIPATED_IN,PhysicalAccessEvent,PHY-00009282,2024-03-21T08:42:30,MEDIUM,SYNTHETIC,,,true,Synthetic physical activity pattern.,SCN-PHYS-1124
REL-0655390,Case,CASE-01209,HAS_EVENT,PhysicalAccessEvent,PHY-00009303,2024-11-27T10:04:48,MEDIUM,SYNTHETIC,,,true,Synthetic case evidence linkage.,SCN-PHYS-1209
REL-0655391,Person,PER-021845,PARTICIPATED_IN,PhysicalAccessEvent,PHY-00009303,2024-11-27T10:04:48,MEDIUM,SYNTHETIC,,,true,Synthetic physical activity pattern.,SCN-PHYS-1209
REL-0655420,Case,CASE-01269,HAS_EVENT,PhysicalAccessEvent,PHY-00009318,2024-10-10T23:00:05,MEDIUM,SYNTHETIC,,,true,Synthetic case evidence linkage.,SCN-PHYS-1269
REL-0655421,Person,PER-022852,PARTICIPATED_IN,PhysicalAccessEvent,PHY-00009318,2024-10-10T23:00:05,MEDIUM,SYNTHETIC,,,true,Synthetic physical activity pattern.,SCN-PHYS-1269
REL-0655452,Case,CASE-01334,HAS_EVENT,PhysicalAccessEvent,PHY-00009334,2024-04-12T10:21:20,MEDIUM,SYNTHETIC,,,true,Synthetic case evidence linkage.,SCN-PHYS-1334
REL-0655453,Person,PER-023945,PARTICIPATED_IN,PhysicalAccessEvent,PHY-00009334,2024-04-12T10:21:20,MEDIUM,SYNTHETIC,,,true,Synthetic physical activity pattern.,SCN-PHYS-1334
REL-0655544,Case,CASE-01519,HAS_EVENT,PhysicalAccessEvent,PHY-00009380,2024-05-26T08:18:51,MEDIUM,SYNTHETIC,,,true,Synthetic case evidence linkage.,SCN-PHYS-1519
REL-0655545,Person,PER-027179,PARTICIPATED_IN,PhysicalAccessEvent,PHY-00009380,2024-05-26T08:18:51,MEDIUM,SYNTHETIC,,,true,Synthetic physical activity pattern.,SCN-PHYS-1519
REL-0655578,Case,CASE-01584,HAS_EVENT,PhysicalAccessEvent,PHY-00009397,2024-09-20T10:10:13,MEDIUM,SYNTHETIC,,,true,Synthetic case evidence linkage.,SCN-PHYS-1584
REL-0655579,Person,PER-028278,PARTICIPATED_IN,PhysicalAccessEvent,PHY-00009397,2024-09-20T10:10:13,MEDIUM,SYNTHETIC,,,true,Synthetic physical activity pattern.,SCN-PHYS-1584
REL-0655582,Case,CASE-01594,HAS_EVENT,PhysicalAccessEvent,PHY-00009399,2024-05-03T23:35:34,MEDIUM,SYNTHETIC,,,true,Synthetic case evidence linkage.,SCN-PHYS-1594
REL-0655583,Person,PER-028494,PARTICIPATED_IN,PhysicalAccessEvent,PHY-00009399,2024-05-03T23:35:34,MEDIUM,SYNTHETIC,,,true,Synthetic physical activity pattern.,SCN-PHYS-1594
REL-0655618,Case,CASE-01664,HAS_EVENT,PhysicalAccessEvent,PHY-00009417,2024-09-23T02:08:07,MEDIUM,SYNTHETIC,,,true,Synthetic case evidence linkage.,SCN-PHYS-1664
REL-0655619,Person,PER-029521,PARTICIPATED_IN,PhysicalAccessEvent,PHY-00009417,2024-09-23T02:08:07,MEDIUM,SYNTHETIC,,,true,Synthetic physical activity pattern.,SCN-PHYS-1664
REL-0655658,Case,CASE-01744,HAS_EVENT,PhysicalAccessEvent,PHY-00009437,2024-07-04T18:31:28,MEDIUM,SYNTHETIC,,,true,Synthetic case evidence linkage.,SCN-PHYS-1744
REL-0655659,Person,PER-031212,PARTICIPATED_IN,PhysicalAccessEvent,PHY-00009437,2024-07-04T18:31:28,MEDIUM,SYNTHETIC,,,true,Synthetic physical activity pattern.,SCN-PHYS-1744
REL-0655782,Case,CASE-01994,HAS_EVENT,PhysicalAccessEvent,PHY-00009499,2025-04-12T12:24:32,MEDIUM,SYNTHETIC,,,true,Synthetic case evidence linkage.,SCN-PHYS-1994
REL-0655783,Person,PER-035454,PARTICIPATED_IN,PhysicalAccessEvent,PHY-00009499,2025-04-12T12:24:32,MEDIUM,SYNTHETIC,,,true,Synthetic physical activity pattern.,SCN-PHYS-1994
REL-0655854,Case,CASE-00139,HAS_EVENT,PhysicalAccessEvent,PHY-00009535,2024-07-13T20:11:13,MEDIUM,SYNTHETIC,,,true,Synthetic case evidence linkage.,SCN-PHYS-0139
REL-0655855,Person,PER-002304,PARTICIPATED_IN,PhysicalAccessEvent,PHY-00009535,2024-07-13T20:11:13,MEDIUM,SYNTHETIC,,,true,Synthetic physical activity pattern.,SCN-PHYS-0139
REL-0655878,Case,CASE-00184,HAS_EVENT,PhysicalAccessEvent,PHY-00009547,2025-12-06T05:26:51,MEDIUM,SYNTHETIC,,,true,Synthetic case evidence linkage.,SCN-PHYS-0184
REL-0655879,Person,PER-003233,PARTICIPATED_IN,PhysicalAccessEvent,PHY-00009547,2025-12-06T05:26:51,MEDIUM,SYNTHETIC,,,true,Synthetic physical activity pattern.,SCN-PHYS-0184
REL-0655960,Case,CASE-00349,HAS_EVENT,PhysicalAccessEvent,PHY-00009588,2024-08-20T17:32:09,MEDIUM,SYNTHETIC,,,true,Synthetic case evidence linkage.,SCN-PHYS-0349
REL-0655961,Person,PER-006443,PARTICIPATED_IN,PhysicalAccessEvent,PHY-00009588,2024-08-20T17:32:09,MEDIUM,SYNTHETIC,,,true,Synthetic physical activity pattern.,SCN-PHYS-0349
REL-0655982,Case,CASE-00394,HAS_EVENT,PhysicalAccessEvent,PHY-00009599,2025-04-27T04:51:13,MEDIUM,SYNTHETIC,,,true,Synthetic case evidence linkage.,SCN-PHYS-0394
REL-0655983,Person,PER-007236,PARTICIPATED_IN,PhysicalAccessEvent,PHY-00009599,2025-04-27T04:51:13,MEDIUM,SYNTHETIC,,,true,Synthetic physical activity pattern.,SCN-PHYS-0394
REL-0656050,Case,CASE-00529,HAS_EVENT,PhysicalAccessEvent,PHY-00009633,2025-03-17T20:56:17,MEDIUM,SYNTHETIC,,,true,Synthetic case evidence linkage.,SCN-PHYS-0529
REL-0656051,Person,PER-009628,PARTICIPATED_IN,PhysicalAccessEvent,PHY-00009633,2025-03-17T20:56:17,MEDIUM,SYNTHETIC,,,true,Synthetic physical activity pattern.,SCN-PHYS-0529
REL-0656068,Case,CASE-00564,HAS_EVENT,PhysicalAccessEvent,PHY-00009642,2024-11-26T22:19:30,MEDIUM,SYNTHETIC,,,true,Synthetic case evidence linkage.,SCN-PHYS-0564
REL-0656069,Person,PER-010131,PARTICIPATED_IN,PhysicalAccessEvent,PHY-00009642,2024-11-26T22:19:30,MEDIUM,SYNTHETIC,,,true,Synthetic physical activity pattern.,SCN-PHYS-0564
REL-0656264,Case,CASE-00959,HAS_EVENT,PhysicalAccessEvent,PHY-00009740,2024-10-31T06:11:37,MEDIUM,SYNTHETIC,,,true,Synthetic case evidence linkage.,SCN-PHYS-0959
REL-0656265,Person,PER-017223,PARTICIPATED_IN,PhysicalAccessEvent,PHY-00009740,2024-10-31T06:11:37,MEDIUM,SYNTHETIC,,,true,Synthetic physical activity pattern.,SCN-PHYS-0959
REL-0656314,Case,CASE-01059,HAS_EVENT,PhysicalAccessEvent,PHY-00009765,2024-07-08T19:03:23,MEDIUM,SYNTHETIC,,,true,Synthetic case evidence linkage.,SCN-PHYS-1059
REL-0656315,Person,PER-018950,PARTICIPATED_IN,PhysicalAccessEvent,PHY-00009765,2024-07-08T19:03:23,MEDIUM,SYNTHETIC,,,true,Synthetic physical activity pattern.,SCN-PHYS-1059
REL-0656328,Case,CASE-01084,HAS_EVENT,PhysicalAccessEvent,PHY-00009772,2024-11-21T01:16:19,MEDIUM,SYNTHETIC,,,true,Synthetic case evidence linkage.,SCN-PHYS-1084
REL-0656329,Person,PER-019374,PARTICIPATED_IN,PhysicalAccessEvent,PHY-00009772,2024-11-21T01:16:19,MEDIUM,SYNTHETIC,,,true,Synthetic physical activity pattern.,SCN-PHYS-1084
REL-0656348,Case,CASE-01124,HAS_EVENT,PhysicalAccessEvent,PHY-00009782,2024-08-01T02:16:01,MEDIUM,SYNTHETIC,,,true,Synthetic case evidence linkage.,SCN-PHYS-1124
REL-0656349,Person,PER-020096,PARTICIPATED_IN,PhysicalAccessEvent,PHY-00009782,2024-08-01T02:16:01,MEDIUM,SYNTHETIC,,,true,Synthetic physical activity pattern.,SCN-PHYS-1124
REL-0656390,Case,CASE-01209,HAS_EVENT,PhysicalAccessEvent,PHY-00009803,2024-06-23T02:20:00,MEDIUM,SYNTHETIC,,,true,Synthetic case evidence linkage.,SCN-PHYS-1209
REL-0656391,Person,PER-021845,PARTICIPATED_IN,PhysicalAccessEvent,PHY-00009803,2024-06-23T02:20:00,MEDIUM,SYNTHETIC,,,true,Synthetic physical activity pattern.,SCN-PHYS-1209
REL-0656420,Case,CASE-01269,HAS_EVENT,PhysicalAccessEvent,PHY-00009818,2024-03-31T09:19:39,MEDIUM,SYNTHETIC,,,true,Synthetic case evidence linkage.,SCN-PHYS-1269
REL-0656421,Person,PER-022852,PARTICIPATED_IN,PhysicalAccessEvent,PHY-00009818,2024-03-31T09:19:39,MEDIUM,SYNTHETIC,,,true,Synthetic physical activity pattern.,SCN-PHYS-1269
REL-0656452,Case,CASE-01334,HAS_EVENT,PhysicalAccessEvent,PHY-00009834,2025-12-16T08:20:33,MEDIUM,SYNTHETIC,,,true,Synthetic case evidence linkage.,SCN-PHYS-1334
REL-0656453,Person,PER-023945,PARTICIPATED_IN,PhysicalAccessEvent,PHY-00009834,2025-12-16T08:20:33,MEDIUM,SYNTHETIC,,,true,Synthetic physical activity pattern.,SCN-PHYS-1334
REL-0656544,Case,CASE-01519,HAS_EVENT,PhysicalAccessEvent,PHY-00009880,2024-08-28T00:35:54,MEDIUM,SYNTHETIC,,,true,Synthetic case evidence linkage.,SCN-PHYS-1519
REL-0656545,Person,PER-027179,PARTICIPATED_IN,PhysicalAccessEvent,PHY-00009880,2024-08-28T00:35:54,MEDIUM,SYNTHETIC,,,true,Synthetic physical activity pattern.,SCN-PHYS-1519
REL-0656578,Case,CASE-01584,HAS_EVENT,PhysicalAccessEvent,PHY-00009897,2024-07-19T09:58:12,MEDIUM,SYNTHETIC,,,true,Synthetic case evidence linkage.,SCN-PHYS-1584
REL-0656579,Person,PER-028278,PARTICIPATED_IN,PhysicalAccessEvent,PHY-00009897,2024-07-19T09:58:12,MEDIUM,SYNTHETIC,,,true,Synthetic physical activity pattern.,SCN-PHYS-1584
REL-0656582,Case,CASE-01594,HAS_EVENT,PhysicalAccessEvent,PHY-00009899,2025-11-08T09:19:23,MEDIUM,SYNTHETIC,,,true,Synthetic case evidence linkage.,SCN-PHYS-1594
REL-0656583,Person,PER-028494,PARTICIPATED_IN,PhysicalAccessEvent,PHY-00009899,2025-11-08T09:19:23,MEDIUM,SYNTHETIC,,,true,Synthetic physical activity pattern.,SCN-PHYS-1594
REL-0656618,Case,CASE-01664,HAS_EVENT,PhysicalAccessEvent,PHY-00009917,2025-06-28T07:10:31,MEDIUM,SYNTHETIC,,,true,Synthetic case evidence linkage.,SCN-PHYS-1664
REL-0656619,Person,PER-029521,PARTICIPATED_IN,PhysicalAccessEvent,PHY-00009917,2025-06-28T07:10:31,MEDIUM,SYNTHETIC,,,true,Synthetic physical activity pattern.,SCN-PHYS-1664
REL-0656658,Case,CASE-01744,HAS_EVENT,PhysicalAccessEvent,PHY-00009937,2024-04-02T23:36:49,MEDIUM,SYNTHETIC,,,true,Synthetic case evidence linkage.,SCN-PHYS-1744
REL-0656659,Person,PER-031212,PARTICIPATED_IN,PhysicalAccessEvent,PHY-00009937,2024-04-02T23:36:49,MEDIUM,SYNTHETIC,,,true,Synthetic physical activity pattern.,SCN-PHYS-1744
REL-0656782,Case,CASE-01994,HAS_EVENT,PhysicalAccessEvent,PHY-00009999,2024-07-04T18:50:13,MEDIUM,SYNTHETIC,,,true,Synthetic case evidence linkage.,SCN-PHYS-1994
REL-0656783,Person,PER-035454,PARTICIPATED_IN,PhysicalAccessEvent,PHY-00009999,2024-07-04T18:50:13,MEDIUM,SYNTHETIC,,,true,Synthetic physical activity pattern.,SCN-PHYS-1994
REL-0656854,Case,CASE-00139,HAS_EVENT,PhysicalAccessEvent,PHY-00010035,2025-03-31T23:35:31,MEDIUM,SYNTHETIC,,,true,Synthetic case evidence linkage.,SCN-PHYS-0139
REL-0656855,Person,PER-002304,PARTICIPATED_IN,PhysicalAccessEvent,PHY-00010035,2025-03-31T23:35:31,MEDIUM,SYNTHETIC,,,true,Synthetic physical activity pattern.,SCN-PHYS-0139
REL-0656878,Case,CASE-00184,HAS_EVENT,PhysicalAccessEvent,PHY-00010047,2025-01-14T00:30:24,MEDIUM,SYNTHETIC,,,true,Synthetic case evidence linkage.,SCN-PHYS-0184
REL-0656879,Person,PER-003233,PARTICIPATED_IN,PhysicalAccessEvent,PHY-00010047,2025-01-14T00:30:24,MEDIUM,SYNTHETIC,,,true,Synthetic physical activity pattern.,SCN-PHYS-0184
REL-0656960,Case,CASE-00349,HAS_EVENT,PhysicalAccessEvent,PHY-00010088,2025-10-12T06:14:16,MEDIUM,SYNTHETIC,,,true,Synthetic case evidence linkage.,SCN-PHYS-0349
REL-0656961,Person,PER-006443,PARTICIPATED_IN,PhysicalAccessEvent,PHY-00010088,2025-10-12T06:14:16,MEDIUM,SYNTHETIC,,,true,Synthetic physical activity pattern.,SCN-PHYS-0349
REL-0656982,Case,CASE-00394,HAS_EVENT,PhysicalAccessEvent,PHY-00010099,2024-04-24T18:05:14,MEDIUM,SYNTHETIC,,,true,Synthetic case evidence linkage.,SCN-PHYS-0394
REL-0656983,Person,PER-007236,PARTICIPATED_IN,PhysicalAccessEvent,PHY-00010099,2024-04-24T18:05:14,MEDIUM,SYNTHETIC,,,true,Synthetic physical activity pattern.,SCN-PHYS-0394
REL-0657050,Case,CASE-00529,HAS_EVENT,PhysicalAccessEvent,PHY-00010133,2024-05-07T07:28:28,MEDIUM,SYNTHETIC,,,true,Synthetic case evidence linkage.,SCN-PHYS-0529
REL-0657051,Person,PER-009628,PARTICIPATED_IN,PhysicalAccessEvent,PHY-00010133,2024-05-07T07:28:28,MEDIUM,SYNTHETIC,,,true,Synthetic physical activity pattern.,SCN-PHYS-0529
REL-0657068,Case,CASE-00564,HAS_EVENT,PhysicalAccessEvent,PHY-00010142,2024-01-17T20:23:44,MEDIUM,SYNTHETIC,,,true,Synthetic case evidence linkage.,SCN-PHYS-0564
REL-0657069,Person,PER-010131,PARTICIPATED_IN,PhysicalAccessEvent,PHY-00010142,2024-01-17T20:23:44,MEDIUM,SYNTHETIC,,,true,Synthetic physical activity pattern.,SCN-PHYS-0564
REL-0657264,Case,CASE-00959,HAS_EVENT,PhysicalAccessEvent,PHY-00010240,2025-03-30T05:53:13,MEDIUM,SYNTHETIC,,,true,Synthetic case evidence linkage.,SCN-PHYS-0959
REL-0657265,Person,PER-017223,PARTICIPATED_IN,PhysicalAccessEvent,PHY-00010240,2025-03-30T05:53:13,MEDIUM,SYNTHETIC,,,true,Synthetic physical activity pattern.,SCN-PHYS-0959
REL-0657314,Case,CASE-01059,HAS_EVENT,PhysicalAccessEvent,PHY-00010265,2025-12-07T16:04:31,MEDIUM,SYNTHETIC,,,true,Synthetic case evidence linkage.,SCN-PHYS-1059
REL-0657315,Person,PER-018950,PARTICIPATED_IN,PhysicalAccessEvent,PHY-00010265,2025-12-07T16:04:31,MEDIUM,SYNTHETIC,,,true,Synthetic physical activity pattern.,SCN-PHYS-1059
REL-0657328,Case,CASE-01084,HAS_EVENT,PhysicalAccessEvent,PHY-00010272,2024-10-03T09:54:55,MEDIUM,SYNTHETIC,,,true,Synthetic case evidence linkage.,SCN-PHYS-1084
REL-0657329,Person,PER-019374,PARTICIPATED_IN,PhysicalAccessEvent,PHY-00010272,2024-10-03T09:54:55,MEDIUM,SYNTHETIC,,,true,Synthetic physical activity pattern.,SCN-PHYS-1084
REL-0657348,Case,CASE-01124,HAS_EVENT,PhysicalAccessEvent,PHY-00010282,2025-07-19T14:23:35,MEDIUM,SYNTHETIC,,,true,Synthetic case evidence linkage.,SCN-PHYS-1124
REL-0657349,Person,PER-020096,PARTICIPATED_IN,PhysicalAccessEvent,PHY-00010282,2025-07-19T14:23:35,MEDIUM,SYNTHETIC,,,true,Synthetic physical activity pattern.,SCN-PHYS-1124
REL-0657390,Case,CASE-01209,HAS_EVENT,PhysicalAccessEvent,PHY-00010303,2025-04-20T23:17:34,MEDIUM,SYNTHETIC,,,true,Synthetic case evidence linkage.,SCN-PHYS-1209
REL-0657391,Person,PER-021845,PARTICIPATED_IN,PhysicalAccessEvent,PHY-00010303,2025-04-20T23:17:34,MEDIUM,SYNTHETIC,,,true,Synthetic physical activity pattern.,SCN-PHYS-1209
REL-0657420,Case,CASE-01269,HAS_EVENT,PhysicalAccessEvent,PHY-00010318,2025-05-19T14:21:26,MEDIUM,SYNTHETIC,,,true,Synthetic case evidence linkage.,SCN-PHYS-1269
REL-0657421,Person,PER-022852,PARTICIPATED_IN,PhysicalAccessEvent,PHY-00010318,2025-05-19T14:21:26,MEDIUM,SYNTHETIC,,,true,Synthetic physical activity pattern.,SCN-PHYS-1269
REL-0657452,Case,CASE-01334,HAS_EVENT,PhysicalAccessEvent,PHY-00010334,2024-03-22T14:26:43,MEDIUM,SYNTHETIC,,,true,Synthetic case evidence linkage.,SCN-PHYS-1334
REL-0657453,Person,PER-023945,PARTICIPATED_IN,PhysicalAccessEvent,PHY-00010334,2024-03-22T14:26:43,MEDIUM,SYNTHETIC,,,true,Synthetic physical activity pattern.,SCN-PHYS-1334
REL-0657544,Case,CASE-01519,HAS_EVENT,PhysicalAccessEvent,PHY-00010380,2024-07-08T19:33:30,MEDIUM,SYNTHETIC,,,true,Synthetic case evidence linkage.,SCN-PHYS-1519
REL-0657545,Person,PER-027179,PARTICIPATED_IN,PhysicalAccessEvent,PHY-00010380,2024-07-08T19:33:30,MEDIUM,SYNTHETIC,,,true,Synthetic physical activity pattern.,SCN-PHYS-1519
REL-0657578,Case,CASE-01584,HAS_EVENT,PhysicalAccessEvent,PHY-00010397,2025-10-02T22:53:29,MEDIUM,SYNTHETIC,,,true,Synthetic case evidence linkage.,SCN-PHYS-1584
REL-0657579,Person,PER-028278,PARTICIPATED_IN,PhysicalAccessEvent,PHY-00010397,2025-10-02T22:53:29,MEDIUM,SYNTHETIC,,,true,Synthetic physical activity pattern.,SCN-PHYS-1584
REL-0657582,Case,CASE-01594,HAS_EVENT,PhysicalAccessEvent,PHY-00010399,2024-10-10T20:20:07,MEDIUM,SYNTHETIC,,,true,Synthetic case evidence linkage.,SCN-PHYS-1594
REL-0657583,Person,PER-028494,PARTICIPATED_IN,PhysicalAccessEvent,PHY-00010399,2024-10-10T20:20:07,MEDIUM,SYNTHETIC,,,true,Synthetic physical activity pattern.,SCN-PHYS-1594
REL-0657618,Case,CASE-01664,HAS_EVENT,PhysicalAccessEvent,PHY-00010417,2024-11-11T22:22:59,MEDIUM,SYNTHETIC,,,true,Synthetic case evidence linkage.,SCN-PHYS-1664
REL-0657619,Person,PER-029521,PARTICIPATED_IN,PhysicalAccessEvent,PHY-00010417,2024-11-11T22:22:59,MEDIUM,SYNTHETIC,,,true,Synthetic physical activity pattern.,SCN-PHYS-1664
REL-0657658,Case,CASE-01744,HAS_EVENT,PhysicalAccessEvent,PHY-00010437,2025-01-26T04:52:35,MEDIUM,SYNTHETIC,,,true,Synthetic case evidence linkage.,SCN-PHYS-1744
REL-0657659,Person,PER-031212,PARTICIPATED_IN,PhysicalAccessEvent,PHY-00010437,2025-01-26T04:52:35,MEDIUM,SYNTHETIC,,,true,Synthetic physical activity pattern.,SCN-PHYS-1744
REL-0657782,Case,CASE-01994,HAS_EVENT,PhysicalAccessEvent,PHY-00010499,2024-09-20T17:02:24,MEDIUM,SYNTHETIC,,,true,Synthetic case evidence linkage.,SCN-PHYS-1994
REL-0657783,Person,PER-035454,PARTICIPATED_IN,PhysicalAccessEvent,PHY-00010499,2024-09-20T17:02:24,MEDIUM,SYNTHETIC,,,true,Synthetic physical activity pattern.,SCN-PHYS-1994
REL-0657854,Case,CASE-00139,HAS_EVENT,PhysicalAccessEvent,PHY-00010535,2024-04-01T10:38:30,MEDIUM,SYNTHETIC,,,true,Synthetic case evidence linkage.,SCN-PHYS-0139
REL-0657855,Person,PER-002304,PARTICIPATED_IN,PhysicalAccessEvent,PHY-00010535,2024-04-01T10:38:30,MEDIUM,SYNTHETIC,,,true,Synthetic physical activity pattern.,SCN-PHYS-0139
REL-0657878,Case,CASE-00184,HAS_EVENT,PhysicalAccessEvent,PHY-00010547,2025-09-16T21:59:07,MEDIUM,SYNTHETIC,,,true,Synthetic case evidence linkage.,SCN-PHYS-0184
REL-0657879,Person,PER-003233,PARTICIPATED_IN,PhysicalAccessEvent,PHY-00010547,2025-09-16T21:59:07,MEDIUM,SYNTHETIC,,,true,Synthetic physical activity pattern.,SCN-PHYS-0184
REL-0657960,Case,CASE-00349,HAS_EVENT,PhysicalAccessEvent,PHY-00010588,2024-12-25T19:26:07,MEDIUM,SYNTHETIC,,,true,Synthetic case evidence linkage.,SCN-PHYS-0349
REL-0657961,Person,PER-006443,PARTICIPATED_IN,PhysicalAccessEvent,PHY-00010588,2024-12-25T19:26:07,MEDIUM,SYNTHETIC,,,true,Synthetic physical activity pattern.,SCN-PHYS-0349
REL-0657982,Case,CASE-00394,HAS_EVENT,PhysicalAccessEvent,PHY-00010599,2024-12-30T03:12:01,MEDIUM,SYNTHETIC,,,true,Synthetic case evidence linkage.,SCN-PHYS-0394
REL-0657983,Person,PER-007236,PARTICIPATED_IN,PhysicalAccessEvent,PHY-00010599,2024-12-30T03:12:01,MEDIUM,SYNTHETIC,,,true,Synthetic physical activity pattern.,SCN-PHYS-0394
REL-0658050,Case,CASE-00529,HAS_EVENT,PhysicalAccessEvent,PHY-00010633,2024-06-16T09:52:37,MEDIUM,SYNTHETIC,,,true,Synthetic case evidence linkage.,SCN-PHYS-0529
REL-0658051,Person,PER-009628,PARTICIPATED_IN,PhysicalAccessEvent,PHY-00010633,2024-06-16T09:52:37,MEDIUM,SYNTHETIC,,,true,Synthetic physical activity pattern.,SCN-PHYS-0529
REL-0658068,Case,CASE-00564,HAS_EVENT,PhysicalAccessEvent,PHY-00010642,2025-12-20T00:10:36,MEDIUM,SYNTHETIC,,,true,Synthetic case evidence linkage.,SCN-PHYS-0564
REL-0658069,Person,PER-010131,PARTICIPATED_IN,PhysicalAccessEvent,PHY-00010642,2025-12-20T00:10:36,MEDIUM,SYNTHETIC,,,true,Synthetic physical activity pattern.,SCN-PHYS-0564
REL-0658264,Case,CASE-00959,HAS_EVENT,PhysicalAccessEvent,PHY-00010740,2024-09-20T19:18:28,MEDIUM,SYNTHETIC,,,true,Synthetic case evidence linkage.,SCN-PHYS-0959
REL-0658265,Person,PER-017223,PARTICIPATED_IN,PhysicalAccessEvent,PHY-00010740,2024-09-20T19:18:28,MEDIUM,SYNTHETIC,,,true,Synthetic physical activity pattern.,SCN-PHYS-0959
REL-0658314,Case,CASE-01059,HAS_EVENT,PhysicalAccessEvent,PHY-00010765,2024-01-30T22:40:49,MEDIUM,SYNTHETIC,,,true,Synthetic case evidence linkage.,SCN-PHYS-1059
REL-0658315,Person,PER-018950,PARTICIPATED_IN,PhysicalAccessEvent,PHY-00010765,2024-01-30T22:40:49,MEDIUM,SYNTHETIC,,,true,Synthetic physical activity pattern.,SCN-PHYS-1059
REL-0658328,Case,CASE-01084,HAS_EVENT,PhysicalAccessEvent,PHY-00010772,2025-07-16T19:53:44,MEDIUM,SYNTHETIC,,,true,Synthetic case evidence linkage.,SCN-PHYS-1084
REL-0658329,Person,PER-019374,PARTICIPATED_IN,PhysicalAccessEvent,PHY-00010772,2025-07-16T19:53:44,MEDIUM,SYNTHETIC,,,true,Synthetic physical activity pattern.,SCN-PHYS-1084
REL-0658348,Case,CASE-01124,HAS_EVENT,PhysicalAccessEvent,PHY-00010782,2024-10-19T05:23:29,MEDIUM,SYNTHETIC,,,true,Synthetic case evidence linkage.,SCN-PHYS-1124
REL-0658349,Person,PER-020096,PARTICIPATED_IN,PhysicalAccessEvent,PHY-00010782,2024-10-19T05:23:29,MEDIUM,SYNTHETIC,,,true,Synthetic physical activity pattern.,SCN-PHYS-1124
REL-0658390,Case,CASE-01209,HAS_EVENT,PhysicalAccessEvent,PHY-00010803,2024-05-31T00:25:24,MEDIUM,SYNTHETIC,,,true,Synthetic case evidence linkage.,SCN-PHYS-1209
REL-0658391,Person,PER-021845,PARTICIPATED_IN,PhysicalAccessEvent,PHY-00010803,2024-05-31T00:25:24,MEDIUM,SYNTHETIC,,,true,Synthetic physical activity pattern.,SCN-PHYS-1209
REL-0658420,Case,CASE-01269,HAS_EVENT,PhysicalAccessEvent,PHY-00010818,2024-06-08T17:25:58,MEDIUM,SYNTHETIC,,,true,Synthetic case evidence linkage.,SCN-PHYS-1269
REL-0658421,Person,PER-022852,PARTICIPATED_IN,PhysicalAccessEvent,PHY-00010818,2024-06-08T17:25:58,MEDIUM,SYNTHETIC,,,true,Synthetic physical activity pattern.,SCN-PHYS-1269
REL-0658452,Case,CASE-01334,HAS_EVENT,PhysicalAccessEvent,PHY-00010834,2024-07-08T20:56:01,MEDIUM,SYNTHETIC,,,true,Synthetic case evidence linkage.,SCN-PHYS-1334
REL-0658453,Person,PER-023945,PARTICIPATED_IN,PhysicalAccessEvent,PHY-00010834,2024-07-08T20:56:01,MEDIUM,SYNTHETIC,,,true,Synthetic physical activity pattern.,SCN-PHYS-1334
REL-0658544,Case,CASE-01519,HAS_EVENT,PhysicalAccessEvent,PHY-00010880,2025-06-08T11:24:01,MEDIUM,SYNTHETIC,,,true,Synthetic case evidence linkage.,SCN-PHYS-1519
REL-0658545,Person,PER-027179,PARTICIPATED_IN,PhysicalAccessEvent,PHY-00010880,2025-06-08T11:24:01,MEDIUM,SYNTHETIC,,,true,Synthetic physical activity pattern.,SCN-PHYS-1519
REL-0658578,Case,CASE-01584,HAS_EVENT,PhysicalAccessEvent,PHY-00010897,2024-10-25T21:20:08,MEDIUM,SYNTHETIC,,,true,Synthetic case evidence linkage.,SCN-PHYS-1584
REL-0658579,Person,PER-028278,PARTICIPATED_IN,PhysicalAccessEvent,PHY-00010897,2024-10-25T21:20:08,MEDIUM,SYNTHETIC,,,true,Synthetic physical activity pattern.,SCN-PHYS-1584
REL-0658582,Case,CASE-01594,HAS_EVENT,PhysicalAccessEvent,PHY-00010899,2024-09-14T14:23:56,MEDIUM,SYNTHETIC,,,true,Synthetic case evidence linkage.,SCN-PHYS-1594
REL-0658583,Person,PER-028494,PARTICIPATED_IN,PhysicalAccessEvent,PHY-00010899,2024-09-14T14:23:56,MEDIUM,SYNTHETIC,,,true,Synthetic physical activity pattern.,SCN-PHYS-1594
REL-0658618,Case,CASE-01664,HAS_EVENT,PhysicalAccessEvent,PHY-00010917,2025-09-20T11:55:37,MEDIUM,SYNTHETIC,,,true,Synthetic case evidence linkage.,SCN-PHYS-1664
REL-0658619,Person,PER-029521,PARTICIPATED_IN,PhysicalAccessEvent,PHY-00010917,2025-09-20T11:55:37,MEDIUM,SYNTHETIC,,,true,Synthetic physical activity pattern.,SCN-PHYS-1664
REL-0658658,Case,CASE-01744,HAS_EVENT,PhysicalAccessEvent,PHY-00010937,2025-07-21T19:35:00,MEDIUM,SYNTHETIC,,,true,Synthetic case evidence linkage.,SCN-PHYS-1744
REL-0658659,Person,PER-031212,PARTICIPATED_IN,PhysicalAccessEvent,PHY-00010937,2025-07-21T19:35:00,MEDIUM,SYNTHETIC,,,true,Synthetic physical activity pattern.,SCN-PHYS-1744
REL-0658782,Case,CASE-01994,HAS_EVENT,PhysicalAccessEvent,PHY-00010999,2025-12-14T13:53:53,MEDIUM,SYNTHETIC,,,true,Synthetic case evidence linkage.,SCN-PHYS-1994
REL-0658783,Person,PER-035454,PARTICIPATED_IN,PhysicalAccessEvent,PHY-00010999,2025-12-14T13:53:53,MEDIUM,SYNTHETIC,,,true,Synthetic physical activity pattern.,SCN-PHYS-1994
REL-0658854,Case,CASE-00139,HAS_EVENT,PhysicalAccessEvent,PHY-00011035,2024-09-21T03:49:05,MEDIUM,SYNTHETIC,,,true,Synthetic case evidence linkage.,SCN-PHYS-0139
REL-0658855,Person,PER-002304,PARTICIPATED_IN,PhysicalAccessEvent,PHY-00011035,2024-09-21T03:49:05,MEDIUM,SYNTHETIC,,,true,Synthetic physical activity pattern.,SCN-PHYS-0139
REL-0658878,Case,CASE-00184,HAS_EVENT,PhysicalAccessEvent,PHY-00011047,2025-03-16T10:45:26,MEDIUM,SYNTHETIC,,,true,Synthetic case evidence linkage.,SCN-PHYS-0184
REL-0658879,Person,PER-003233,PARTICIPATED_IN,PhysicalAccessEvent,PHY-00011047,2025-03-16T10:45:26,MEDIUM,SYNTHETIC,,,true,Synthetic physical activity pattern.,SCN-PHYS-0184
REL-0658960,Case,CASE-00349,HAS_EVENT,PhysicalAccessEvent,PHY-00011088,2024-10-11T18:26:18,MEDIUM,SYNTHETIC,,,true,Synthetic case evidence linkage.,SCN-PHYS-0349
REL-0658961,Person,PER-006443,PARTICIPATED_IN,PhysicalAccessEvent,PHY-00011088,2024-10-11T18:26:18,MEDIUM,SYNTHETIC,,,true,Synthetic physical activity pattern.,SCN-PHYS-0349
REL-0658982,Case,CASE-00394,HAS_EVENT,PhysicalAccessEvent,PHY-00011099,2024-11-29T20:41:25,MEDIUM,SYNTHETIC,,,true,Synthetic case evidence linkage.,SCN-PHYS-0394
REL-0658983,Person,PER-007236,PARTICIPATED_IN,PhysicalAccessEvent,PHY-00011099,2024-11-29T20:41:25,MEDIUM,SYNTHETIC,,,true,Synthetic physical activity pattern.,SCN-PHYS-0394
REL-0659050,Case,CASE-00529,HAS_EVENT,PhysicalAccessEvent,PHY-00011133,2025-08-02T00:20:36,MEDIUM,SYNTHETIC,,,true,Synthetic case evidence linkage.,SCN-PHYS-0529
REL-0659051,Person,PER-009628,PARTICIPATED_IN,PhysicalAccessEvent,PHY-00011133,2025-08-02T00:20:36,MEDIUM,SYNTHETIC,,,true,Synthetic physical activity pattern.,SCN-PHYS-0529
REL-0659068,Case,CASE-00564,HAS_EVENT,PhysicalAccessEvent,PHY-00011142,2025-09-25T12:04:16,MEDIUM,SYNTHETIC,,,true,Synthetic case evidence linkage.,SCN-PHYS-0564
REL-0659069,Person,PER-010131,PARTICIPATED_IN,PhysicalAccessEvent,PHY-00011142,2025-09-25T12:04:16,MEDIUM,SYNTHETIC,,,true,Synthetic physical activity pattern.,SCN-PHYS-0564
REL-0659264,Case,CASE-00959,HAS_EVENT,PhysicalAccessEvent,PHY-00011240,2024-04-20T17:02:32,MEDIUM,SYNTHETIC,,,true,Synthetic case evidence linkage.,SCN-PHYS-0959
REL-0659265,Person,PER-017223,PARTICIPATED_IN,PhysicalAccessEvent,PHY-00011240,2024-04-20T17:02:32,MEDIUM,SYNTHETIC,,,true,Synthetic physical activity pattern.,SCN-PHYS-0959
REL-0659314,Case,CASE-01059,HAS_EVENT,PhysicalAccessEvent,PHY-00011265,2024-02-04T00:20:02,MEDIUM,SYNTHETIC,,,true,Synthetic case evidence linkage.,SCN-PHYS-1059
REL-0659315,Person,PER-018950,PARTICIPATED_IN,PhysicalAccessEvent,PHY-00011265,2024-02-04T00:20:02,MEDIUM,SYNTHETIC,,,true,Synthetic physical activity pattern.,SCN-PHYS-1059
REL-0659328,Case,CASE-01084,HAS_EVENT,PhysicalAccessEvent,PHY-00011272,2024-04-08T05:43:04,MEDIUM,SYNTHETIC,,,true,Synthetic case evidence linkage.,SCN-PHYS-1084
REL-0659329,Person,PER-019374,PARTICIPATED_IN,PhysicalAccessEvent,PHY-00011272,2024-04-08T05:43:04,MEDIUM,SYNTHETIC,,,true,Synthetic physical activity pattern.,SCN-PHYS-1084
REL-0659348,Case,CASE-01124,HAS_EVENT,PhysicalAccessEvent,PHY-00011282,2025-09-26T16:51:06,MEDIUM,SYNTHETIC,,,true,Synthetic case evidence linkage.,SCN-PHYS-1124
REL-0659349,Person,PER-020096,PARTICIPATED_IN,PhysicalAccessEvent,PHY-00011282,2025-09-26T16:51:06,MEDIUM,SYNTHETIC,,,true,Synthetic physical activity pattern.,SCN-PHYS-1124
REL-0659390,Case,CASE-01209,HAS_EVENT,PhysicalAccessEvent,PHY-00011303,2024-10-18T12:19:25,MEDIUM,SYNTHETIC,,,true,Synthetic case evidence linkage.,SCN-PHYS-1209
REL-0659391,Person,PER-021845,PARTICIPATED_IN,PhysicalAccessEvent,PHY-00011303,2024-10-18T12:19:25,MEDIUM,SYNTHETIC,,,true,Synthetic physical activity pattern.,SCN-PHYS-1209
REL-0659420,Case,CASE-01269,HAS_EVENT,PhysicalAccessEvent,PHY-00011318,2024-04-25T20:25:04,MEDIUM,SYNTHETIC,,,true,Synthetic case evidence linkage.,SCN-PHYS-1269
REL-0659421,Person,PER-022852,PARTICIPATED_IN,PhysicalAccessEvent,PHY-00011318,2024-04-25T20:25:04,MEDIUM,SYNTHETIC,,,true,Synthetic physical activity pattern.,SCN-PHYS-1269
REL-0659452,Case,CASE-01334,HAS_EVENT,PhysicalAccessEvent,PHY-00011334,2025-08-30T20:22:15,MEDIUM,SYNTHETIC,,,true,Synthetic case evidence linkage.,SCN-PHYS-1334
REL-0659453,Person,PER-023945,PARTICIPATED_IN,PhysicalAccessEvent,PHY-00011334,2025-08-30T20:22:15,MEDIUM,SYNTHETIC,,,true,Synthetic physical activity pattern.,SCN-PHYS-1334
REL-0659544,Case,CASE-01519,HAS_EVENT,PhysicalAccessEvent,PHY-00011380,2024-03-16T00:53:41,MEDIUM,SYNTHETIC,,,true,Synthetic case evidence linkage.,SCN-PHYS-1519
REL-0659545,Person,PER-027179,PARTICIPATED_IN,PhysicalAccessEvent,PHY-00011380,2024-03-16T00:53:41,MEDIUM,SYNTHETIC,,,true,Synthetic physical activity pattern.,SCN-PHYS-1519
REL-0659578,Case,CASE-01584,HAS_EVENT,PhysicalAccessEvent,PHY-00011397,2024-05-01T12:48:28,MEDIUM,SYNTHETIC,,,true,Synthetic case evidence linkage.,SCN-PHYS-1584
REL-0659579,Person,PER-028278,PARTICIPATED_IN,PhysicalAccessEvent,PHY-00011397,2024-05-01T12:48:28,MEDIUM,SYNTHETIC,,,true,Synthetic physical activity pattern.,SCN-PHYS-1584
REL-0659582,Case,CASE-01594,HAS_EVENT,PhysicalAccessEvent,PHY-00011399,2025-10-13T14:39:46,MEDIUM,SYNTHETIC,,,true,Synthetic case evidence linkage.,SCN-PHYS-1594
REL-0659583,Person,PER-028494,PARTICIPATED_IN,PhysicalAccessEvent,PHY-00011399,2025-10-13T14:39:46,MEDIUM,SYNTHETIC,,,true,Synthetic physical activity pattern.,SCN-PHYS-1594
REL-0659618,Case,CASE-01664,HAS_EVENT,PhysicalAccessEvent,PHY-00011417,2025-01-28T19:35:35,MEDIUM,SYNTHETIC,,,true,Synthetic case evidence linkage.,SCN-PHYS-1664
REL-0659619,Person,PER-029521,PARTICIPATED_IN,PhysicalAccessEvent,PHY-00011417,2025-01-28T19:35:35,MEDIUM,SYNTHETIC,,,true,Synthetic physical activity pattern.,SCN-PHYS-1664
REL-0659658,Case,CASE-01744,HAS_EVENT,PhysicalAccessEvent,PHY-00011437,2024-04-02T04:10:57,MEDIUM,SYNTHETIC,,,true,Synthetic case evidence linkage.,SCN-PHYS-1744
REL-0659659,Person,PER-031212,PARTICIPATED_IN,PhysicalAccessEvent,PHY-00011437,2024-04-02T04:10:57,MEDIUM,SYNTHETIC,,,true,Synthetic physical activity pattern.,SCN-PHYS-1744
REL-0659782,Case,CASE-01994,HAS_EVENT,PhysicalAccessEvent,PHY-00011499,2025-11-11T13:41:55,MEDIUM,SYNTHETIC,,,true,Synthetic case evidence linkage.,SCN-PHYS-1994
REL-0659783,Person,PER-035454,PARTICIPATED_IN,PhysicalAccessEvent,PHY-00011499,2025-11-11T13:41:55,MEDIUM,SYNTHETIC,,,true,Synthetic physical activity pattern.,SCN-PHYS-1994
REL-0659854,Case,CASE-00139,HAS_EVENT,PhysicalAccessEvent,PHY-00011535,2025-10-04T17:22:44,MEDIUM,SYNTHETIC,,,true,Synthetic case evidence linkage.,SCN-PHYS-0139
REL-0659855,Person,PER-002304,PARTICIPATED_IN,PhysicalAccessEvent,PHY-00011535,2025-10-04T17:22:44,MEDIUM,SYNTHETIC,,,true,Synthetic physical activity pattern.,SCN-PHYS-0139
REL-0659878,Case,CASE-00184,HAS_EVENT,PhysicalAccessEvent,PHY-00011547,2025-03-01T11:26:52,MEDIUM,SYNTHETIC,,,true,Synthetic case evidence linkage.,SCN-PHYS-0184
REL-0659879,Person,PER-003233,PARTICIPATED_IN,PhysicalAccessEvent,PHY-00011547,2025-03-01T11:26:52,MEDIUM,SYNTHETIC,,,true,Synthetic physical activity pattern.,SCN-PHYS-0184
REL-0659960,Case,CASE-00349,HAS_EVENT,PhysicalAccessEvent,PHY-00011588,2024-12-09T19:17:22,MEDIUM,SYNTHETIC,,,true,Synthetic case evidence linkage.,SCN-PHYS-0349
REL-0659961,Person,PER-006443,PARTICIPATED_IN,PhysicalAccessEvent,PHY-00011588,2024-12-09T19:17:22,MEDIUM,SYNTHETIC,,,true,Synthetic physical activity pattern.,SCN-PHYS-0349
REL-0659982,Case,CASE-00394,HAS_EVENT,PhysicalAccessEvent,PHY-00011599,2024-10-11T18:34:55,MEDIUM,SYNTHETIC,,,true,Synthetic case evidence linkage.,SCN-PHYS-0394
REL-0659983,Person,PER-007236,PARTICIPATED_IN,PhysicalAccessEvent,PHY-00011599,2024-10-11T18:34:55,MEDIUM,SYNTHETIC,,,true,Synthetic physical activity pattern.,SCN-PHYS-0394
REL-0660050,Case,CASE-00529,HAS_EVENT,PhysicalAccessEvent,PHY-00011633,2024-01-02T10:28:22,MEDIUM,SYNTHETIC,,,true,Synthetic case evidence linkage.,SCN-PHYS-0529
REL-0660051,Person,PER-009628,PARTICIPATED_IN,PhysicalAccessEvent,PHY-00011633,2024-01-02T10:28:22,MEDIUM,SYNTHETIC,,,true,Synthetic physical activity pattern.,SCN-PHYS-0529
REL-0660068,Case,CASE-00564,HAS_EVENT,PhysicalAccessEvent,PHY-00011642,2025-11-07T21:36:49,MEDIUM,SYNTHETIC,,,true,Synthetic case evidence linkage.,SCN-PHYS-0564
REL-0660069,Person,PER-010131,PARTICIPATED_IN,PhysicalAccessEvent,PHY-00011642,2025-11-07T21:36:49,MEDIUM,SYNTHETIC,,,true,Synthetic physical activity pattern.,SCN-PHYS-0564
REL-0660264,Case,CASE-00959,HAS_EVENT,PhysicalAccessEvent,PHY-00011740,2025-11-12T23:37:01,MEDIUM,SYNTHETIC,,,true,Synthetic case evidence linkage.,SCN-PHYS-0959
REL-0660265,Person,PER-017223,PARTICIPATED_IN,PhysicalAccessEvent,PHY-00011740,2025-11-12T23:37:01,MEDIUM,SYNTHETIC,,,true,Synthetic physical activity pattern.,SCN-PHYS-0959
REL-0660314,Case,CASE-01059,HAS_EVENT,PhysicalAccessEvent,PHY-00011765,2025-04-19T03:10:45,MEDIUM,SYNTHETIC,,,true,Synthetic case evidence linkage.,SCN-PHYS-1059
REL-0660315,Person,PER-018950,PARTICIPATED_IN,PhysicalAccessEvent,PHY-00011765,2025-04-19T03:10:45,MEDIUM,SYNTHETIC,,,true,Synthetic physical activity pattern.,SCN-PHYS-1059
REL-0660328,Case,CASE-01084,HAS_EVENT,PhysicalAccessEvent,PHY-00011772,2024-01-18T20:20:17,MEDIUM,SYNTHETIC,,,true,Synthetic case evidence linkage.,SCN-PHYS-1084
REL-0660329,Person,PER-019374,PARTICIPATED_IN,PhysicalAccessEvent,PHY-00011772,2024-01-18T20:20:17,MEDIUM,SYNTHETIC,,,true,Synthetic physical activity pattern.,SCN-PHYS-1084
REL-0660348,Case,CASE-01124,HAS_EVENT,PhysicalAccessEvent,PHY-00011782,2025-06-17T08:08:18,MEDIUM,SYNTHETIC,,,true,Synthetic case evidence linkage.,SCN-PHYS-1124
REL-0660349,Person,PER-020096,PARTICIPATED_IN,PhysicalAccessEvent,PHY-00011782,2025-06-17T08:08:18,MEDIUM,SYNTHETIC,,,true,Synthetic physical activity pattern.,SCN-PHYS-1124
REL-0660390,Case,CASE-01209,HAS_EVENT,PhysicalAccessEvent,PHY-00011803,2024-10-22T23:17:17,MEDIUM,SYNTHETIC,,,true,Synthetic case evidence linkage.,SCN-PHYS-1209
REL-0660391,Person,PER-021845,PARTICIPATED_IN,PhysicalAccessEvent,PHY-00011803,2024-10-22T23:17:17,MEDIUM,SYNTHETIC,,,true,Synthetic physical activity pattern.,SCN-PHYS-1209
REL-0660420,Case,CASE-01269,HAS_EVENT,PhysicalAccessEvent,PHY-00011818,2024-07-05T17:47:01,MEDIUM,SYNTHETIC,,,true,Synthetic case evidence linkage.,SCN-PHYS-1269
REL-0660421,Person,PER-022852,PARTICIPATED_IN,PhysicalAccessEvent,PHY-00011818,2024-07-05T17:47:01,MEDIUM,SYNTHETIC,,,true,Synthetic physical activity pattern.,SCN-PHYS-1269
REL-0660452,Case,CASE-01334,HAS_EVENT,PhysicalAccessEvent,PHY-00011834,2025-09-28T03:06:27,MEDIUM,SYNTHETIC,,,true,Synthetic case evidence linkage.,SCN-PHYS-1334
REL-0660453,Person,PER-023945,PARTICIPATED_IN,PhysicalAccessEvent,PHY-00011834,2025-09-28T03:06:27,MEDIUM,SYNTHETIC,,,true,Synthetic physical activity pattern.,SCN-PHYS-1334
REL-0660544,Case,CASE-01519,HAS_EVENT,PhysicalAccessEvent,PHY-00011880,2024-07-02T16:50:19,MEDIUM,SYNTHETIC,,,true,Synthetic case evidence linkage.,SCN-PHYS-1519
REL-0660545,Person,PER-027179,PARTICIPATED_IN,PhysicalAccessEvent,PHY-00011880,2024-07-02T16:50:19,MEDIUM,SYNTHETIC,,,true,Synthetic physical activity pattern.,SCN-PHYS-1519
REL-0660578,Case,CASE-01584,HAS_EVENT,PhysicalAccessEvent,PHY-00011897,2024-01-11T00:55:27,MEDIUM,SYNTHETIC,,,true,Synthetic case evidence linkage.,SCN-PHYS-1584
REL-0660579,Person,PER-028278,PARTICIPATED_IN,PhysicalAccessEvent,PHY-00011897,2024-01-11T00:55:27,MEDIUM,SYNTHETIC,,,true,Synthetic physical activity pattern.,SCN-PHYS-1584
REL-0660582,Case,CASE-01594,HAS_EVENT,PhysicalAccessEvent,PHY-00011899,2025-08-28T19:59:12,MEDIUM,SYNTHETIC,,,true,Synthetic case evidence linkage.,SCN-PHYS-1594
REL-0660583,Person,PER-028494,PARTICIPATED_IN,PhysicalAccessEvent,PHY-00011899,2025-08-28T19:59:12,MEDIUM,SYNTHETIC,,,true,Synthetic physical activity pattern.,SCN-PHYS-1594
REL-0660618,Case,CASE-01664,HAS_EVENT,PhysicalAccessEvent,PHY-00011917,2024-10-29T00:31:56,MEDIUM,SYNTHETIC,,,true,Synthetic case evidence linkage.,SCN-PHYS-1664
REL-0660619,Person,PER-029521,PARTICIPATED_IN,PhysicalAccessEvent,PHY-00011917,2024-10-29T00:31:56,MEDIUM,SYNTHETIC,,,true,Synthetic physical activity pattern.,SCN-PHYS-1664
REL-0660658,Case,CASE-01744,HAS_EVENT,PhysicalAccessEvent,PHY-00011937,2025-12-25T00:03:09,MEDIUM,SYNTHETIC,,,true,Synthetic case evidence linkage.,SCN-PHYS-1744
REL-0660659,Person,PER-031212,PARTICIPATED_IN,PhysicalAccessEvent,PHY-00011937,2025-12-25T00:03:09,MEDIUM,SYNTHETIC,,,true,Synthetic physical activity pattern.,SCN-PHYS-1744
REL-0660782,Case,CASE-01994,HAS_EVENT,PhysicalAccessEvent,PHY-00011999,2024-12-30T02:40:42,MEDIUM,SYNTHETIC,,,true,Synthetic case evidence linkage.,SCN-PHYS-1994
REL-0660783,Person,PER-035454,PARTICIPATED_IN,PhysicalAccessEvent,PHY-00011999,2024-12-30T02:40:42,MEDIUM,SYNTHETIC,,,true,Synthetic physical activity pattern.,SCN-PHYS-1994
REL-0660854,Case,CASE-00139,HAS_EVENT,PhysicalAccessEvent,PHY-00012035,2024-05-07T01:51:57,MEDIUM,SYNTHETIC,,,true,Synthetic case evidence linkage.,SCN-PHYS-0139
REL-0660855,Person,PER-002304,PARTICIPATED_IN,PhysicalAccessEvent,PHY-00012035,2024-05-07T01:51:57,MEDIUM,SYNTHETIC,,,true,Synthetic physical activity pattern.,SCN-PHYS-0139
REL-0660878,Case,CASE-00184,HAS_EVENT,PhysicalAccessEvent,PHY-00012047,2025-06-10T16:27:30,MEDIUM,SYNTHETIC,,,true,Synthetic case evidence linkage.,SCN-PHYS-0184
REL-0660879,Person,PER-003233,PARTICIPATED_IN,PhysicalAccessEvent,PHY-00012047,2025-06-10T16:27:30,MEDIUM,SYNTHETIC,,,true,Synthetic physical activity pattern.,SCN-PHYS-0184
REL-0660960,Case,CASE-00349,HAS_EVENT,PhysicalAccessEvent,PHY-00012088,2024-08-13T05:20:49,MEDIUM,SYNTHETIC,,,true,Synthetic case evidence linkage.,SCN-PHYS-0349
REL-0660961,Person,PER-006443,PARTICIPATED_IN,PhysicalAccessEvent,PHY-00012088,2024-08-13T05:20:49,MEDIUM,SYNTHETIC,,,true,Synthetic physical activity pattern.,SCN-PHYS-0349
REL-0660982,Case,CASE-00394,HAS_EVENT,PhysicalAccessEvent,PHY-00012099,2024-04-15T00:27:35,MEDIUM,SYNTHETIC,,,true,Synthetic case evidence linkage.,SCN-PHYS-0394
REL-0660983,Person,PER-007236,PARTICIPATED_IN,PhysicalAccessEvent,PHY-00012099,2024-04-15T00:27:35,MEDIUM,SYNTHETIC,,,true,Synthetic physical activity pattern.,SCN-PHYS-0394
REL-0661050,Case,CASE-00529,HAS_EVENT,PhysicalAccessEvent,PHY-00012133,2025-05-25T03:54:09,MEDIUM,SYNTHETIC,,,true,Synthetic case evidence linkage.,SCN-PHYS-0529
REL-0661051,Person,PER-009628,PARTICIPATED_IN,PhysicalAccessEvent,PHY-00012133,2025-05-25T03:54:09,MEDIUM,SYNTHETIC,,,true,Synthetic physical activity pattern.,SCN-PHYS-0529
REL-0661068,Case,CASE-00564,HAS_EVENT,PhysicalAccessEvent,PHY-00012142,2024-04-03T07:55:14,MEDIUM,SYNTHETIC,,,true,Synthetic case evidence linkage.,SCN-PHYS-0564
REL-0661069,Person,PER-010131,PARTICIPATED_IN,PhysicalAccessEvent,PHY-00012142,2024-04-03T07:55:14,MEDIUM,SYNTHETIC,,,true,Synthetic physical activity pattern.,SCN-PHYS-0564
REL-0661264,Case,CASE-00959,HAS_EVENT,PhysicalAccessEvent,PHY-00012240,2025-10-19T07:50:06,MEDIUM,SYNTHETIC,,,true,Synthetic case evidence linkage.,SCN-PHYS-0959
REL-0661265,Person,PER-017223,PARTICIPATED_IN,PhysicalAccessEvent,PHY-00012240,2025-10-19T07:50:06,MEDIUM,SYNTHETIC,,,true,Synthetic physical activity pattern.,SCN-PHYS-0959
REL-0661314,Case,CASE-01059,HAS_EVENT,PhysicalAccessEvent,PHY-00012265,2024-06-07T09:59:12,MEDIUM,SYNTHETIC,,,true,Synthetic case evidence linkage.,SCN-PHYS-1059
REL-0661315,Person,PER-018950,PARTICIPATED_IN,PhysicalAccessEvent,PHY-00012265,2024-06-07T09:59:12,MEDIUM,SYNTHETIC,,,true,Synthetic physical activity pattern.,SCN-PHYS-1059
REL-0661328,Case,CASE-01084,HAS_EVENT,PhysicalAccessEvent,PHY-00012272,2024-05-31T02:13:57,MEDIUM,SYNTHETIC,,,true,Synthetic case evidence linkage.,SCN-PHYS-1084
REL-0661329,Person,PER-019374,PARTICIPATED_IN,PhysicalAccessEvent,PHY-00012272,2024-05-31T02:13:57,MEDIUM,SYNTHETIC,,,true,Synthetic physical activity pattern.,SCN-PHYS-1084
REL-0661348,Case,CASE-01124,HAS_EVENT,PhysicalAccessEvent,PHY-00012282,2024-12-15T13:49:30,MEDIUM,SYNTHETIC,,,true,Synthetic case evidence linkage.,SCN-PHYS-1124
REL-0661349,Person,PER-020096,PARTICIPATED_IN,PhysicalAccessEvent,PHY-00012282,2024-12-15T13:49:30,MEDIUM,SYNTHETIC,,,true,Synthetic physical activity pattern.,SCN-PHYS-1124
REL-0661390,Case,CASE-01209,HAS_EVENT,PhysicalAccessEvent,PHY-00012303,2025-04-20T12:35:26,MEDIUM,SYNTHETIC,,,true,Synthetic case evidence linkage.,SCN-PHYS-1209
REL-0661391,Person,PER-021845,PARTICIPATED_IN,PhysicalAccessEvent,PHY-00012303,2025-04-20T12:35:26,MEDIUM,SYNTHETIC,,,true,Synthetic physical activity pattern.,SCN-PHYS-1209
REL-0661420,Case,CASE-01269,HAS_EVENT,PhysicalAccessEvent,PHY-00012318,2025-10-27T23:07:18,MEDIUM,SYNTHETIC,,,true,Synthetic case evidence linkage.,SCN-PHYS-1269
REL-0661421,Person,PER-022852,PARTICIPATED_IN,PhysicalAccessEvent,PHY-00012318,2025-10-27T23:07:18,MEDIUM,SYNTHETIC,,,true,Synthetic physical activity pattern.,SCN-PHYS-1269
REL-0661452,Case,CASE-01334,HAS_EVENT,PhysicalAccessEvent,PHY-00012334,2025-01-08T11:34:33,MEDIUM,SYNTHETIC,,,true,Synthetic case evidence linkage.,SCN-PHYS-1334
REL-0661453,Person,PER-023945,PARTICIPATED_IN,PhysicalAccessEvent,PHY-00012334,2025-01-08T11:34:33,MEDIUM,SYNTHETIC,,,true,Synthetic physical activity pattern.,SCN-PHYS-1334
REL-0661544,Case,CASE-01519,HAS_EVENT,PhysicalAccessEvent,PHY-00012380,2025-12-29T20:52:13,MEDIUM,SYNTHETIC,,,true,Synthetic case evidence linkage.,SCN-PHYS-1519
REL-0661545,Person,PER-027179,PARTICIPATED_IN,PhysicalAccessEvent,PHY-00012380,2025-12-29T20:52:13,MEDIUM,SYNTHETIC,,,true,Synthetic physical activity pattern.,SCN-PHYS-1519
REL-0661578,Case,CASE-01584,HAS_EVENT,PhysicalAccessEvent,PHY-00012397,2024-12-07T09:17:07,MEDIUM,SYNTHETIC,,,true,Synthetic case evidence linkage.,SCN-PHYS-1584
REL-0661579,Person,PER-028278,PARTICIPATED_IN,PhysicalAccessEvent,PHY-00012397,2024-12-07T09:17:07,MEDIUM,SYNTHETIC,,,true,Synthetic physical activity pattern.,SCN-PHYS-1584
REL-0661582,Case,CASE-01594,HAS_EVENT,PhysicalAccessEvent,PHY-00012399,2025-06-15T11:10:16,MEDIUM,SYNTHETIC,,,true,Synthetic case evidence linkage.,SCN-PHYS-1594
REL-0661583,Person,PER-028494,PARTICIPATED_IN,PhysicalAccessEvent,PHY-00012399,2025-06-15T11:10:16,MEDIUM,SYNTHETIC,,,true,Synthetic physical activity pattern.,SCN-PHYS-1594
REL-0661618,Case,CASE-01664,HAS_EVENT,PhysicalAccessEvent,PHY-00012417,2024-04-30T00:05:48,MEDIUM,SYNTHETIC,,,true,Synthetic case evidence linkage.,SCN-PHYS-1664
REL-0661619,Person,PER-029521,PARTICIPATED_IN,PhysicalAccessEvent,PHY-00012417,2024-04-30T00:05:48,MEDIUM,SYNTHETIC,,,true,Synthetic physical activity pattern.,SCN-PHYS-1664
REL-0661658,Case,CASE-01744,HAS_EVENT,PhysicalAccessEvent,PHY-00012437,2025-05-10T10:54:05,MEDIUM,SYNTHETIC,,,true,Synthetic case evidence linkage.,SCN-PHYS-1744
REL-0661659,Person,PER-031212,PARTICIPATED_IN,PhysicalAccessEvent,PHY-00012437,2025-05-10T10:54:05,MEDIUM,SYNTHETIC,,,true,Synthetic physical activity pattern.,SCN-PHYS-1744
REL-0661782,Case,CASE-01994,HAS_EVENT,PhysicalAccessEvent,PHY-00012499,2024-10-20T21:51:35,MEDIUM,SYNTHETIC,,,true,Synthetic case evidence linkage.,SCN-PHYS-1994
REL-0661783,Person,PER-035454,PARTICIPATED_IN,PhysicalAccessEvent,PHY-00012499,2024-10-20T21:51:35,MEDIUM,SYNTHETIC,,,true,Synthetic physical activity pattern.,SCN-PHYS-1994
REL-0661854,Case,CASE-00139,HAS_EVENT,PhysicalAccessEvent,PHY-00012535,2024-08-12T04:06:14,MEDIUM,SYNTHETIC,,,true,Synthetic case evidence linkage.,SCN-PHYS-0139
REL-0661855,Person,PER-002304,PARTICIPATED_IN,PhysicalAccessEvent,PHY-00012535,2024-08-12T04:06:14,MEDIUM,SYNTHETIC,,,true,Synthetic physical activity pattern.,SCN-PHYS-0139
REL-0661878,Case,CASE-00184,HAS_EVENT,PhysicalAccessEvent,PHY-00012547,2024-12-01T07:22:59,MEDIUM,SYNTHETIC,,,true,Synthetic case evidence linkage.,SCN-PHYS-0184
REL-0661879,Person,PER-003233,PARTICIPATED_IN,PhysicalAccessEvent,PHY-00012547,2024-12-01T07:22:59,MEDIUM,SYNTHETIC,,,true,Synthetic physical activity pattern.,SCN-PHYS-0184
REL-0661960,Case,CASE-00349,HAS_EVENT,PhysicalAccessEvent,PHY-00012588,2024-07-25T21:31:29,MEDIUM,SYNTHETIC,,,true,Synthetic case evidence linkage.,SCN-PHYS-0349
REL-0661961,Person,PER-006443,PARTICIPATED_IN,PhysicalAccessEvent,PHY-00012588,2024-07-25T21:31:29,MEDIUM,SYNTHETIC,,,true,Synthetic physical activity pattern.,SCN-PHYS-0349
REL-0661982,Case,CASE-00394,HAS_EVENT,PhysicalAccessEvent,PHY-00012599,2024-02-02T14:09:59,MEDIUM,SYNTHETIC,,,true,Synthetic case evidence linkage.,SCN-PHYS-0394
REL-0661983,Person,PER-007236,PARTICIPATED_IN,PhysicalAccessEvent,PHY-00012599,2024-02-02T14:09:59,MEDIUM,SYNTHETIC,,,true,Synthetic physical activity pattern.,SCN-PHYS-0394
REL-0662050,Case,CASE-00529,HAS_EVENT,PhysicalAccessEvent,PHY-00012633,2024-11-28T19:47:35,MEDIUM,SYNTHETIC,,,true,Synthetic case evidence linkage.,SCN-PHYS-0529
REL-0662051,Person,PER-009628,PARTICIPATED_IN,PhysicalAccessEvent,PHY-00012633,2024-11-28T19:47:35,MEDIUM,SYNTHETIC,,,true,Synthetic physical activity pattern.,SCN-PHYS-0529
REL-0662068,Case,CASE-00564,HAS_EVENT,PhysicalAccessEvent,PHY-00012642,2024-12-25T08:40:26,MEDIUM,SYNTHETIC,,,true,Synthetic case evidence linkage.,SCN-PHYS-0564
REL-0662069,Person,PER-010131,PARTICIPATED_IN,PhysicalAccessEvent,PHY-00012642,2024-12-25T08:40:26,MEDIUM,SYNTHETIC,,,true,Synthetic physical activity pattern.,SCN-PHYS-0564
REL-0662264,Case,CASE-00959,HAS_EVENT,PhysicalAccessEvent,PHY-00012740,2025-10-10T16:14:44,MEDIUM,SYNTHETIC,,,true,Synthetic case evidence linkage.,SCN-PHYS-0959
REL-0662265,Person,PER-017223,PARTICIPATED_IN,PhysicalAccessEvent,PHY-00012740,2025-10-10T16:14:44,MEDIUM,SYNTHETIC,,,true,Synthetic physical activity pattern.,SCN-PHYS-0959
REL-0662314,Case,CASE-01059,HAS_EVENT,PhysicalAccessEvent,PHY-00012765,2024-05-15T14:58:45,MEDIUM,SYNTHETIC,,,true,Synthetic case evidence linkage.,SCN-PHYS-1059
REL-0662315,Person,PER-018950,PARTICIPATED_IN,PhysicalAccessEvent,PHY-00012765,2024-05-15T14:58:45,MEDIUM,SYNTHETIC,,,true,Synthetic physical activity pattern.,SCN-PHYS-1059
REL-0662328,Case,CASE-01084,HAS_EVENT,PhysicalAccessEvent,PHY-00012772,2024-10-05T21:26:06,MEDIUM,SYNTHETIC,,,true,Synthetic case evidence linkage.,SCN-PHYS-1084
REL-0662329,Person,PER-019374,PARTICIPATED_IN,PhysicalAccessEvent,PHY-00012772,2024-10-05T21:26:06,MEDIUM,SYNTHETIC,,,true,Synthetic physical activity pattern.,SCN-PHYS-1084
REL-0662348,Case,CASE-01124,HAS_EVENT,PhysicalAccessEvent,PHY-00012782,2024-05-09T20:42:25,MEDIUM,SYNTHETIC,,,true,Synthetic case evidence linkage.,SCN-PHYS-1124
REL-0662349,Person,PER-020096,PARTICIPATED_IN,PhysicalAccessEvent,PHY-00012782,2024-05-09T20:42:25,MEDIUM,SYNTHETIC,,,true,Synthetic physical activity pattern.,SCN-PHYS-1124
REL-0662390,Case,CASE-01209,HAS_EVENT,PhysicalAccessEvent,PHY-00012803,2024-04-08T03:26:31,MEDIUM,SYNTHETIC,,,true,Synthetic case evidence linkage.,SCN-PHYS-1209
REL-0662391,Person,PER-021845,PARTICIPATED_IN,PhysicalAccessEvent,PHY-00012803,2024-04-08T03:26:31,MEDIUM,SYNTHETIC,,,true,Synthetic physical activity pattern.,SCN-PHYS-1209
REL-0662420,Case,CASE-01269,HAS_EVENT,PhysicalAccessEvent,PHY-00012818,2024-06-01T23:33:54,MEDIUM,SYNTHETIC,,,true,Synthetic case evidence linkage.,SCN-PHYS-1269
REL-0662421,Person,PER-022852,PARTICIPATED_IN,PhysicalAccessEvent,PHY-00012818,2024-06-01T23:33:54,MEDIUM,SYNTHETIC,,,true,Synthetic physical activity pattern.,SCN-PHYS-1269
REL-0662452,Case,CASE-01334,HAS_EVENT,PhysicalAccessEvent,PHY-00012834,2025-10-25T17:32:47,MEDIUM,SYNTHETIC,,,true,Synthetic case evidence linkage.,SCN-PHYS-1334
REL-0662453,Person,PER-023945,PARTICIPATED_IN,PhysicalAccessEvent,PHY-00012834,2025-10-25T17:32:47,MEDIUM,SYNTHETIC,,,true,Synthetic physical activity pattern.,SCN-PHYS-1334
REL-0662544,Case,CASE-01519,HAS_EVENT,PhysicalAccessEvent,PHY-00012880,2025-09-23T11:42:21,MEDIUM,SYNTHETIC,,,true,Synthetic case evidence linkage.,SCN-PHYS-1519
REL-0662545,Person,PER-027179,PARTICIPATED_IN,PhysicalAccessEvent,PHY-00012880,2025-09-23T11:42:21,MEDIUM,SYNTHETIC,,,true,Synthetic physical activity pattern.,SCN-PHYS-1519
REL-0662578,Case,CASE-01584,HAS_EVENT,PhysicalAccessEvent,PHY-00012897,2024-08-23T02:10:04,MEDIUM,SYNTHETIC,,,true,Synthetic case evidence linkage.,SCN-PHYS-1584
REL-0662579,Person,PER-028278,PARTICIPATED_IN,PhysicalAccessEvent,PHY-00012897,2024-08-23T02:10:04,MEDIUM,SYNTHETIC,,,true,Synthetic physical activity pattern.,SCN-PHYS-1584
REL-0662582,Case,CASE-01594,HAS_EVENT,PhysicalAccessEvent,PHY-00012899,2024-09-18T16:18:35,MEDIUM,SYNTHETIC,,,true,Synthetic case evidence linkage.,SCN-PHYS-1594
REL-0662583,Person,PER-028494,PARTICIPATED_IN,PhysicalAccessEvent,PHY-00012899,2024-09-18T16:18:35,MEDIUM,SYNTHETIC,,,true,Synthetic physical activity pattern.,SCN-PHYS-1594
REL-0662618,Case,CASE-01664,HAS_EVENT,PhysicalAccessEvent,PHY-00012917,2025-01-16T13:30:30,MEDIUM,SYNTHETIC,,,true,Synthetic case evidence linkage.,SCN-PHYS-1664
REL-0662619,Person,PER-029521,PARTICIPATED_IN,PhysicalAccessEvent,PHY-00012917,2025-01-16T13:30:30,MEDIUM,SYNTHETIC,,,true,Synthetic physical activity pattern.,SCN-PHYS-1664
REL-0662658,Case,CASE-01744,HAS_EVENT,PhysicalAccessEvent,PHY-00012937,2024-11-09T14:12:34,MEDIUM,SYNTHETIC,,,true,Synthetic case evidence linkage.,SCN-PHYS-1744
REL-0662659,Person,PER-031212,PARTICIPATED_IN,PhysicalAccessEvent,PHY-00012937,2024-11-09T14:12:34,MEDIUM,SYNTHETIC,,,true,Synthetic physical activity pattern.,SCN-PHYS-1744
REL-0662782,Case,CASE-01994,HAS_EVENT,PhysicalAccessEvent,PHY-00012999,2025-04-16T13:29:55,MEDIUM,SYNTHETIC,,,true,Synthetic case evidence linkage.,SCN-PHYS-1994
REL-0662783,Person,PER-035454,PARTICIPATED_IN,PhysicalAccessEvent,PHY-00012999,2025-04-16T13:29:55,MEDIUM,SYNTHETIC,,,true,Synthetic physical activity pattern.,SCN-PHYS-1994
REL-0662854,Case,CASE-00139,HAS_EVENT,PhysicalAccessEvent,PHY-00013035,2025-12-08T03:02:19,MEDIUM,SYNTHETIC,,,true,Synthetic case evidence linkage.,SCN-PHYS-0139
REL-0662855,Person,PER-002304,PARTICIPATED_IN,PhysicalAccessEvent,PHY-00013035,2025-12-08T03:02:19,MEDIUM,SYNTHETIC,,,true,Synthetic physical activity pattern.,SCN-PHYS-0139
REL-0662878,Case,CASE-00184,HAS_EVENT,PhysicalAccessEvent,PHY-00013047,2025-01-24T16:03:36,MEDIUM,SYNTHETIC,,,true,Synthetic case evidence linkage.,SCN-PHYS-0184
REL-0662879,Person,PER-003233,PARTICIPATED_IN,PhysicalAccessEvent,PHY-00013047,2025-01-24T16:03:36,MEDIUM,SYNTHETIC,,,true,Synthetic physical activity pattern.,SCN-PHYS-0184
REL-0662960,Case,CASE-00349,HAS_EVENT,PhysicalAccessEvent,PHY-00013088,2025-06-25T10:25:26,MEDIUM,SYNTHETIC,,,true,Synthetic case evidence linkage.,SCN-PHYS-0349
REL-0662961,Person,PER-006443,PARTICIPATED_IN,PhysicalAccessEvent,PHY-00013088,2025-06-25T10:25:26,MEDIUM,SYNTHETIC,,,true,Synthetic physical activity pattern.,SCN-PHYS-0349
REL-0662982,Case,CASE-00394,HAS_EVENT,PhysicalAccessEvent,PHY-00013099,2025-06-03T12:38:58,MEDIUM,SYNTHETIC,,,true,Synthetic case evidence linkage.,SCN-PHYS-0394
REL-0662983,Person,PER-007236,PARTICIPATED_IN,PhysicalAccessEvent,PHY-00013099,2025-06-03T12:38:58,MEDIUM,SYNTHETIC,,,true,Synthetic physical activity pattern.,SCN-PHYS-0394
REL-0663050,Case,CASE-00529,HAS_EVENT,PhysicalAccessEvent,PHY-00013133,2024-07-19T10:43:18,MEDIUM,SYNTHETIC,,,true,Synthetic case evidence linkage.,SCN-PHYS-0529
REL-0663051,Person,PER-009628,PARTICIPATED_IN,PhysicalAccessEvent,PHY-00013133,2024-07-19T10:43:18,MEDIUM,SYNTHETIC,,,true,Synthetic physical activity pattern.,SCN-PHYS-0529
REL-0663068,Case,CASE-00564,HAS_EVENT,PhysicalAccessEvent,PHY-00013142,2025-01-15T09:42:05,MEDIUM,SYNTHETIC,,,true,Synthetic case evidence linkage.,SCN-PHYS-0564
REL-0663069,Person,PER-010131,PARTICIPATED_IN,PhysicalAccessEvent,PHY-00013142,2025-01-15T09:42:05,MEDIUM,SYNTHETIC,,,true,Synthetic physical activity pattern.,SCN-PHYS-0564
REL-0663264,Case,CASE-00959,HAS_EVENT,PhysicalAccessEvent,PHY-00013240,2024-02-20T09:52:19,MEDIUM,SYNTHETIC,,,true,Synthetic case evidence linkage.,SCN-PHYS-0959
REL-0663265,Person,PER-017223,PARTICIPATED_IN,PhysicalAccessEvent,PHY-00013240,2024-02-20T09:52:19,MEDIUM,SYNTHETIC,,,true,Synthetic physical activity pattern.,SCN-PHYS-0959
REL-0663314,Case,CASE-01059,HAS_EVENT,PhysicalAccessEvent,PHY-00013265,2025-06-27T16:50:10,MEDIUM,SYNTHETIC,,,true,Synthetic case evidence linkage.,SCN-PHYS-1059
REL-0663315,Person,PER-018950,PARTICIPATED_IN,PhysicalAccessEvent,PHY-00013265,2025-06-27T16:50:10,MEDIUM,SYNTHETIC,,,true,Synthetic physical activity pattern.,SCN-PHYS-1059
REL-0663328,Case,CASE-01084,HAS_EVENT,PhysicalAccessEvent,PHY-00013272,2024-03-10T10:45:13,MEDIUM,SYNTHETIC,,,true,Synthetic case evidence linkage.,SCN-PHYS-1084
REL-0663329,Person,PER-019374,PARTICIPATED_IN,PhysicalAccessEvent,PHY-00013272,2024-03-10T10:45:13,MEDIUM,SYNTHETIC,,,true,Synthetic physical activity pattern.,SCN-PHYS-1084
REL-0663348,Case,CASE-01124,HAS_EVENT,PhysicalAccessEvent,PHY-00013282,2025-03-16T03:37:54,MEDIUM,SYNTHETIC,,,true,Synthetic case evidence linkage.,SCN-PHYS-1124
REL-0663349,Person,PER-020096,PARTICIPATED_IN,PhysicalAccessEvent,PHY-00013282,2025-03-16T03:37:54,MEDIUM,SYNTHETIC,,,true,Synthetic physical activity pattern.,SCN-PHYS-1124
REL-0663390,Case,CASE-01209,HAS_EVENT,PhysicalAccessEvent,PHY-00013303,2024-11-16T10:24:34,MEDIUM,SYNTHETIC,,,true,Synthetic case evidence linkage.,SCN-PHYS-1209
REL-0663391,Person,PER-021845,PARTICIPATED_IN,PhysicalAccessEvent,PHY-00013303,2024-11-16T10:24:34,MEDIUM,SYNTHETIC,,,true,Synthetic physical activity pattern.,SCN-PHYS-1209
REL-0663420,Case,CASE-01269,HAS_EVENT,PhysicalAccessEvent,PHY-00013318,2025-08-28T13:47:00,MEDIUM,SYNTHETIC,,,true,Synthetic case evidence linkage.,SCN-PHYS-1269
REL-0663421,Person,PER-022852,PARTICIPATED_IN,PhysicalAccessEvent,PHY-00013318,2025-08-28T13:47:00,MEDIUM,SYNTHETIC,,,true,Synthetic physical activity pattern.,SCN-PHYS-1269
REL-0663452,Case,CASE-01334,HAS_EVENT,PhysicalAccessEvent,PHY-00013334,2025-06-17T11:20:23,MEDIUM,SYNTHETIC,,,true,Synthetic case evidence linkage.,SCN-PHYS-1334
REL-0663453,Person,PER-023945,PARTICIPATED_IN,PhysicalAccessEvent,PHY-00013334,2025-06-17T11:20:23,MEDIUM,SYNTHETIC,,,true,Synthetic physical activity pattern.,SCN-PHYS-1334
REL-0663544,Case,CASE-01519,HAS_EVENT,PhysicalAccessEvent,PHY-00013380,2024-11-22T08:50:28,MEDIUM,SYNTHETIC,,,true,Synthetic case evidence linkage.,SCN-PHYS-1519
REL-0663545,Person,PER-027179,PARTICIPATED_IN,PhysicalAccessEvent,PHY-00013380,2024-11-22T08:50:28,MEDIUM,SYNTHETIC,,,true,Synthetic physical activity pattern.,SCN-PHYS-1519
REL-0663578,Case,CASE-01584,HAS_EVENT,PhysicalAccessEvent,PHY-00013397,2024-04-23T07:40:42,MEDIUM,SYNTHETIC,,,true,Synthetic case evidence linkage.,SCN-PHYS-1584
REL-0663579,Person,PER-028278,PARTICIPATED_IN,PhysicalAccessEvent,PHY-00013397,2024-04-23T07:40:42,MEDIUM,SYNTHETIC,,,true,Synthetic physical activity pattern.,SCN-PHYS-1584
REL-0663582,Case,CASE-01594,HAS_EVENT,PhysicalAccessEvent,PHY-00013399,2024-06-22T16:41:26,MEDIUM,SYNTHETIC,,,true,Synthetic case evidence linkage.,SCN-PHYS-1594
REL-0663583,Person,PER-028494,PARTICIPATED_IN,PhysicalAccessEvent,PHY-00013399,2024-06-22T16:41:26,MEDIUM,SYNTHETIC,,,true,Synthetic physical activity pattern.,SCN-PHYS-1594
REL-0663618,Case,CASE-01664,HAS_EVENT,PhysicalAccessEvent,PHY-00013417,2024-01-13T22:01:18,MEDIUM,SYNTHETIC,,,true,Synthetic case evidence linkage.,SCN-PHYS-1664
REL-0663619,Person,PER-029521,PARTICIPATED_IN,PhysicalAccessEvent,PHY-00013417,2024-01-13T22:01:18,MEDIUM,SYNTHETIC,,,true,Synthetic physical activity pattern.,SCN-PHYS-1664
REL-0663658,Case,CASE-01744,HAS_EVENT,PhysicalAccessEvent,PHY-00013437,2024-03-15T19:19:12,MEDIUM,SYNTHETIC,,,true,Synthetic case evidence linkage.,SCN-PHYS-1744
REL-0663659,Person,PER-031212,PARTICIPATED_IN,PhysicalAccessEvent,PHY-00013437,2024-03-15T19:19:12,MEDIUM,SYNTHETIC,,,true,Synthetic physical activity pattern.,SCN-PHYS-1744
REL-0663782,Case,CASE-01994,HAS_EVENT,PhysicalAccessEvent,PHY-00013499,2025-12-11T01:14:31,MEDIUM,SYNTHETIC,,,true,Synthetic case evidence linkage.,SCN-PHYS-1994
REL-0663783,Person,PER-035454,PARTICIPATED_IN,PhysicalAccessEvent,PHY-00013499,2025-12-11T01:14:31,MEDIUM,SYNTHETIC,,,true,Synthetic physical activity pattern.,SCN-PHYS-1994
REL-0663854,Case,CASE-00139,HAS_EVENT,PhysicalAccessEvent,PHY-00013535,2025-06-27T19:52:38,MEDIUM,SYNTHETIC,,,true,Synthetic case evidence linkage.,SCN-PHYS-0139
REL-0663855,Person,PER-002304,PARTICIPATED_IN,PhysicalAccessEvent,PHY-00013535,2025-06-27T19:52:38,MEDIUM,SYNTHETIC,,,true,Synthetic physical activity pattern.,SCN-PHYS-0139
REL-0663878,Case,CASE-00184,HAS_EVENT,PhysicalAccessEvent,PHY-00013547,2024-10-26T21:56:58,MEDIUM,SYNTHETIC,,,true,Synthetic case evidence linkage.,SCN-PHYS-0184
REL-0663879,Person,PER-003233,PARTICIPATED_IN,PhysicalAccessEvent,PHY-00013547,2024-10-26T21:56:58,MEDIUM,SYNTHETIC,,,true,Synthetic physical activity pattern.,SCN-PHYS-0184
REL-0663960,Case,CASE-00349,HAS_EVENT,PhysicalAccessEvent,PHY-00013588,2024-09-12T23:21:12,MEDIUM,SYNTHETIC,,,true,Synthetic case evidence linkage.,SCN-PHYS-0349
REL-0663961,Person,PER-006443,PARTICIPATED_IN,PhysicalAccessEvent,PHY-00013588,2024-09-12T23:21:12,MEDIUM,SYNTHETIC,,,true,Synthetic physical activity pattern.,SCN-PHYS-0349
REL-0663982,Case,CASE-00394,HAS_EVENT,PhysicalAccessEvent,PHY-00013599,2024-04-12T06:45:44,MEDIUM,SYNTHETIC,,,true,Synthetic case evidence linkage.,SCN-PHYS-0394
REL-0663983,Person,PER-007236,PARTICIPATED_IN,PhysicalAccessEvent,PHY-00013599,2024-04-12T06:45:44,MEDIUM,SYNTHETIC,,,true,Synthetic physical activity pattern.,SCN-PHYS-0394
REL-0664050,Case,CASE-00529,HAS_EVENT,PhysicalAccessEvent,PHY-00013633,2025-02-01T03:03:53,MEDIUM,SYNTHETIC,,,true,Synthetic case evidence linkage.,SCN-PHYS-0529
REL-0664051,Person,PER-009628,PARTICIPATED_IN,PhysicalAccessEvent,PHY-00013633,2025-02-01T03:03:53,MEDIUM,SYNTHETIC,,,true,Synthetic physical activity pattern.,SCN-PHYS-0529
REL-0664068,Case,CASE-00564,HAS_EVENT,PhysicalAccessEvent,PHY-00013642,2025-08-31T21:53:39,MEDIUM,SYNTHETIC,,,true,Synthetic case evidence linkage.,SCN-PHYS-0564
REL-0664069,Person,PER-010131,PARTICIPATED_IN,PhysicalAccessEvent,PHY-00013642,2025-08-31T21:53:39,MEDIUM,SYNTHETIC,,,true,Synthetic physical activity pattern.,SCN-PHYS-0564
REL-0664264,Case,CASE-00959,HAS_EVENT,PhysicalAccessEvent,PHY-00013740,2024-10-17T20:02:18,MEDIUM,SYNTHETIC,,,true,Synthetic case evidence linkage.,SCN-PHYS-0959
REL-0664265,Person,PER-017223,PARTICIPATED_IN,PhysicalAccessEvent,PHY-00013740,2024-10-17T20:02:18,MEDIUM,SYNTHETIC,,,true,Synthetic physical activity pattern.,SCN-PHYS-0959
REL-0664314,Case,CASE-01059,HAS_EVENT,PhysicalAccessEvent,PHY-00013765,2024-12-14T05:29:53,MEDIUM,SYNTHETIC,,,true,Synthetic case evidence linkage.,SCN-PHYS-1059
REL-0664315,Person,PER-018950,PARTICIPATED_IN,PhysicalAccessEvent,PHY-00013765,2024-12-14T05:29:53,MEDIUM,SYNTHETIC,,,true,Synthetic physical activity pattern.,SCN-PHYS-1059
REL-0664328,Case,CASE-01084,HAS_EVENT,PhysicalAccessEvent,PHY-00013772,2025-01-28T07:01:26,MEDIUM,SYNTHETIC,,,true,Synthetic case evidence linkage.,SCN-PHYS-1084
REL-0664329,Person,PER-019374,PARTICIPATED_IN,PhysicalAccessEvent,PHY-00013772,2025-01-28T07:01:26,MEDIUM,SYNTHETIC,,,true,Synthetic physical activity pattern.,SCN-PHYS-1084
REL-0664348,Case,CASE-01124,HAS_EVENT,PhysicalAccessEvent,PHY-00013782,2025-07-27T13:51:56,MEDIUM,SYNTHETIC,,,true,Synthetic case evidence linkage.,SCN-PHYS-1124
REL-0664349,Person,PER-020096,PARTICIPATED_IN,PhysicalAccessEvent,PHY-00013782,2025-07-27T13:51:56,MEDIUM,SYNTHETIC,,,true,Synthetic physical activity pattern.,SCN-PHYS-1124
REL-0664390,Case,CASE-01209,HAS_EVENT,PhysicalAccessEvent,PHY-00013803,2024-02-01T21:28:50,MEDIUM,SYNTHETIC,,,true,Synthetic case evidence linkage.,SCN-PHYS-1209
REL-0664391,Person,PER-021845,PARTICIPATED_IN,PhysicalAccessEvent,PHY-00013803,2024-02-01T21:28:50,MEDIUM,SYNTHETIC,,,true,Synthetic physical activity pattern.,SCN-PHYS-1209
REL-0664420,Case,CASE-01269,HAS_EVENT,PhysicalAccessEvent,PHY-00013818,2025-01-28T07:54:41,MEDIUM,SYNTHETIC,,,true,Synthetic case evidence linkage.,SCN-PHYS-1269
REL-0664421,Person,PER-022852,PARTICIPATED_IN,PhysicalAccessEvent,PHY-00013818,2025-01-28T07:54:41,MEDIUM,SYNTHETIC,,,true,Synthetic physical activity pattern.,SCN-PHYS-1269
REL-0664452,Case,CASE-01334,HAS_EVENT,PhysicalAccessEvent,PHY-00013834,2025-04-17T14:21:09,MEDIUM,SYNTHETIC,,,true,Synthetic case evidence linkage.,SCN-PHYS-1334
REL-0664453,Person,PER-023945,PARTICIPATED_IN,PhysicalAccessEvent,PHY-00013834,2025-04-17T14:21:09,MEDIUM,SYNTHETIC,,,true,Synthetic physical activity pattern.,SCN-PHYS-1334
REL-0664544,Case,CASE-01519,HAS_EVENT,PhysicalAccessEvent,PHY-00013880,2025-05-14T05:23:41,MEDIUM,SYNTHETIC,,,true,Synthetic case evidence linkage.,SCN-PHYS-1519
REL-0664545,Person,PER-027179,PARTICIPATED_IN,PhysicalAccessEvent,PHY-00013880,2025-05-14T05:23:41,MEDIUM,SYNTHETIC,,,true,Synthetic physical activity pattern.,SCN-PHYS-1519
REL-0664578,Case,CASE-01584,HAS_EVENT,PhysicalAccessEvent,PHY-00013897,2025-09-15T12:20:19,MEDIUM,SYNTHETIC,,,true,Synthetic case evidence linkage.,SCN-PHYS-1584
REL-0664579,Person,PER-028278,PARTICIPATED_IN,PhysicalAccessEvent,PHY-00013897,2025-09-15T12:20:19,MEDIUM,SYNTHETIC,,,true,Synthetic physical activity pattern.,SCN-PHYS-1584
REL-0664582,Case,CASE-01594,HAS_EVENT,PhysicalAccessEvent,PHY-00013899,2024-11-02T16:44:03,MEDIUM,SYNTHETIC,,,true,Synthetic case evidence linkage.,SCN-PHYS-1594
REL-0664583,Person,PER-028494,PARTICIPATED_IN,PhysicalAccessEvent,PHY-00013899,2024-11-02T16:44:03,MEDIUM,SYNTHETIC,,,true,Synthetic physical activity pattern.,SCN-PHYS-1594
REL-0664618,Case,CASE-01664,HAS_EVENT,PhysicalAccessEvent,PHY-00013917,2024-09-04T19:20:07,MEDIUM,SYNTHETIC,,,true,Synthetic case evidence linkage.,SCN-PHYS-1664
REL-0664619,Person,PER-029521,PARTICIPATED_IN,PhysicalAccessEvent,PHY-00013917,2024-09-04T19:20:07,MEDIUM,SYNTHETIC,,,true,Synthetic physical activity pattern.,SCN-PHYS-1664
REL-0664658,Case,CASE-01744,HAS_EVENT,PhysicalAccessEvent,PHY-00013937,2024-01-27T14:15:35,MEDIUM,SYNTHETIC,,,true,Synthetic case evidence linkage.,SCN-PHYS-1744
REL-0664659,Person,PER-031212,PARTICIPATED_IN,PhysicalAccessEvent,PHY-00013937,2024-01-27T14:15:35,MEDIUM,SYNTHETIC,,,true,Synthetic physical activity pattern.,SCN-PHYS-1744
REL-0664782,Case,CASE-01994,HAS_EVENT,PhysicalAccessEvent,PHY-00013999,2024-04-21T09:57:50,MEDIUM,SYNTHETIC,,,true,Synthetic case evidence linkage.,SCN-PHYS-1994
REL-0664783,Person,PER-035454,PARTICIPATED_IN,PhysicalAccessEvent,PHY-00013999,2024-04-21T09:57:50,MEDIUM,SYNTHETIC,,,true,Synthetic physical activity pattern.,SCN-PHYS-1994
REL-0664854,Case,CASE-00139,HAS_EVENT,PhysicalAccessEvent,PHY-00014035,2025-03-27T15:28:42,MEDIUM,SYNTHETIC,,,true,Synthetic case evidence linkage.,SCN-PHYS-0139
REL-0664855,Person,PER-002304,PARTICIPATED_IN,PhysicalAccessEvent,PHY-00014035,2025-03-27T15:28:42,MEDIUM,SYNTHETIC,,,true,Synthetic physical activity pattern.,SCN-PHYS-0139
REL-0664878,Case,CASE-00184,HAS_EVENT,PhysicalAccessEvent,PHY-00014047,2025-05-07T11:45:56,MEDIUM,SYNTHETIC,,,true,Synthetic case evidence linkage.,SCN-PHYS-0184
REL-0664879,Person,PER-003233,PARTICIPATED_IN,PhysicalAccessEvent,PHY-00014047,2025-05-07T11:45:56,MEDIUM,SYNTHETIC,,,true,Synthetic physical activity pattern.,SCN-PHYS-0184
REL-0664960,Case,CASE-00349,HAS_EVENT,PhysicalAccessEvent,PHY-00014088,2025-07-21T00:00:26,MEDIUM,SYNTHETIC,,,true,Synthetic case evidence linkage.,SCN-PHYS-0349
REL-0664961,Person,PER-006443,PARTICIPATED_IN,PhysicalAccessEvent,PHY-00014088,2025-07-21T00:00:26,MEDIUM,SYNTHETIC,,,true,Synthetic physical activity pattern.,SCN-PHYS-0349
REL-0664982,Case,CASE-00394,HAS_EVENT,PhysicalAccessEvent,PHY-00014099,2025-10-06T23:39:34,MEDIUM,SYNTHETIC,,,true,Synthetic case evidence linkage.,SCN-PHYS-0394
REL-0664983,Person,PER-007236,PARTICIPATED_IN,PhysicalAccessEvent,PHY-00014099,2025-10-06T23:39:34,MEDIUM,SYNTHETIC,,,true,Synthetic physical activity pattern.,SCN-PHYS-0394
REL-0665050,Case,CASE-00529,HAS_EVENT,PhysicalAccessEvent,PHY-00014133,2025-07-28T11:04:19,MEDIUM,SYNTHETIC,,,true,Synthetic case evidence linkage.,SCN-PHYS-0529
REL-0665051,Person,PER-009628,PARTICIPATED_IN,PhysicalAccessEvent,PHY-00014133,2025-07-28T11:04:19,MEDIUM,SYNTHETIC,,,true,Synthetic physical activity pattern.,SCN-PHYS-0529
REL-0665068,Case,CASE-00564,HAS_EVENT,PhysicalAccessEvent,PHY-00014142,2024-09-19T00:26:00,MEDIUM,SYNTHETIC,,,true,Synthetic case evidence linkage.,SCN-PHYS-0564
REL-0665069,Person,PER-010131,PARTICIPATED_IN,PhysicalAccessEvent,PHY-00014142,2024-09-19T00:26:00,MEDIUM,SYNTHETIC,,,true,Synthetic physical activity pattern.,SCN-PHYS-0564
REL-0665264,Case,CASE-00959,HAS_EVENT,PhysicalAccessEvent,PHY-00014240,2025-03-31T15:33:39,MEDIUM,SYNTHETIC,,,true,Synthetic case evidence linkage.,SCN-PHYS-0959
REL-0665265,Person,PER-017223,PARTICIPATED_IN,PhysicalAccessEvent,PHY-00014240,2025-03-31T15:33:39,MEDIUM,SYNTHETIC,,,true,Synthetic physical activity pattern.,SCN-PHYS-0959
REL-0665314,Case,CASE-01059,HAS_EVENT,PhysicalAccessEvent,PHY-00014265,2024-01-10T06:13:49,MEDIUM,SYNTHETIC,,,true,Synthetic case evidence linkage.,SCN-PHYS-1059
REL-0665315,Person,PER-018950,PARTICIPATED_IN,PhysicalAccessEvent,PHY-00014265,2024-01-10T06:13:49,MEDIUM,SYNTHETIC,,,true,Synthetic physical activity pattern.,SCN-PHYS-1059
REL-0665328,Case,CASE-01084,HAS_EVENT,PhysicalAccessEvent,PHY-00014272,2024-09-02T02:36:45,MEDIUM,SYNTHETIC,,,true,Synthetic case evidence linkage.,SCN-PHYS-1084
REL-0665329,Person,PER-019374,PARTICIPATED_IN,PhysicalAccessEvent,PHY-00014272,2024-09-02T02:36:45,MEDIUM,SYNTHETIC,,,true,Synthetic physical activity pattern.,SCN-PHYS-1084
REL-0665348,Case,CASE-01124,HAS_EVENT,PhysicalAccessEvent,PHY-00014282,2024-11-05T20:32:52,MEDIUM,SYNTHETIC,,,true,Synthetic case evidence linkage.,SCN-PHYS-1124
REL-0665349,Person,PER-020096,PARTICIPATED_IN,PhysicalAccessEvent,PHY-00014282,2024-11-05T20:32:52,MEDIUM,SYNTHETIC,,,true,Synthetic physical activity pattern.,SCN-PHYS-1124
REL-0665390,Case,CASE-01209,HAS_EVENT,PhysicalAccessEvent,PHY-00014303,2024-02-07T20:58:11,MEDIUM,SYNTHETIC,,,true,Synthetic case evidence linkage.,SCN-PHYS-1209
REL-0665391,Person,PER-021845,PARTICIPATED_IN,PhysicalAccessEvent,PHY-00014303,2024-02-07T20:58:11,MEDIUM,SYNTHETIC,,,true,Synthetic physical activity pattern.,SCN-PHYS-1209
REL-0665420,Case,CASE-01269,HAS_EVENT,PhysicalAccessEvent,PHY-00014318,2025-03-25T02:12:13,MEDIUM,SYNTHETIC,,,true,Synthetic case evidence linkage.,SCN-PHYS-1269
REL-0665421,Person,PER-022852,PARTICIPATED_IN,PhysicalAccessEvent,PHY-00014318,2025-03-25T02:12:13,MEDIUM,SYNTHETIC,,,true,Synthetic physical activity pattern.,SCN-PHYS-1269
REL-0665452,Case,CASE-01334,HAS_EVENT,PhysicalAccessEvent,PHY-00014334,2025-09-09T20:22:25,MEDIUM,SYNTHETIC,,,true,Synthetic case evidence linkage.,SCN-PHYS-1334
REL-0665453,Person,PER-023945,PARTICIPATED_IN,PhysicalAccessEvent,PHY-00014334,2025-09-09T20:22:25,MEDIUM,SYNTHETIC,,,true,Synthetic physical activity pattern.,SCN-PHYS-1334
REL-0665544,Case,CASE-01519,HAS_EVENT,PhysicalAccessEvent,PHY-00014380,2024-07-21T04:51:08,MEDIUM,SYNTHETIC,,,true,Synthetic case evidence linkage.,SCN-PHYS-1519
REL-0665545,Person,PER-027179,PARTICIPATED_IN,PhysicalAccessEvent,PHY-00014380,2024-07-21T04:51:08,MEDIUM,SYNTHETIC,,,true,Synthetic physical activity pattern.,SCN-PHYS-1519
REL-0665578,Case,CASE-01584,HAS_EVENT,PhysicalAccessEvent,PHY-00014397,2024-04-18T05:21:19,MEDIUM,SYNTHETIC,,,true,Synthetic case evidence linkage.,SCN-PHYS-1584
REL-0665579,Person,PER-028278,PARTICIPATED_IN,PhysicalAccessEvent,PHY-00014397,2024-04-18T05:21:19,MEDIUM,SYNTHETIC,,,true,Synthetic physical activity pattern.,SCN-PHYS-1584
REL-0665582,Case,CASE-01594,HAS_EVENT,PhysicalAccessEvent,PHY-00014399,2024-05-13T12:51:35,MEDIUM,SYNTHETIC,,,true,Synthetic case evidence linkage.,SCN-PHYS-1594
REL-0665583,Person,PER-028494,PARTICIPATED_IN,PhysicalAccessEvent,PHY-00014399,2024-05-13T12:51:35,MEDIUM,SYNTHETIC,,,true,Synthetic physical activity pattern.,SCN-PHYS-1594
REL-0665618,Case,CASE-01664,HAS_EVENT,PhysicalAccessEvent,PHY-00014417,2025-08-27T04:28:20,MEDIUM,SYNTHETIC,,,true,Synthetic case evidence linkage.,SCN-PHYS-1664
REL-0665619,Person,PER-029521,PARTICIPATED_IN,PhysicalAccessEvent,PHY-00014417,2025-08-27T04:28:20,MEDIUM,SYNTHETIC,,,true,Synthetic physical activity pattern.,SCN-PHYS-1664
REL-0665658,Case,CASE-01744,HAS_EVENT,PhysicalAccessEvent,PHY-00014437,2024-06-21T01:15:13,MEDIUM,SYNTHETIC,,,true,Synthetic case evidence linkage.,SCN-PHYS-1744
REL-0665659,Person,PER-031212,PARTICIPATED_IN,PhysicalAccessEvent,PHY-00014437,2024-06-21T01:15:13,MEDIUM,SYNTHETIC,,,true,Synthetic physical activity pattern.,SCN-PHYS-1744
REL-0665782,Case,CASE-01994,HAS_EVENT,PhysicalAccessEvent,PHY-00014499,2025-03-20T17:30:35,MEDIUM,SYNTHETIC,,,true,Synthetic case evidence linkage.,SCN-PHYS-1994
REL-0665783,Person,PER-035454,PARTICIPATED_IN,PhysicalAccessEvent,PHY-00014499,2025-03-20T17:30:35,MEDIUM,SYNTHETIC,,,true,Synthetic physical activity pattern.,SCN-PHYS-1994
REL-0665854,Case,CASE-00139,HAS_EVENT,PhysicalAccessEvent,PHY-00014535,2024-04-15T08:04:27,MEDIUM,SYNTHETIC,,,true,Synthetic case evidence linkage.,SCN-PHYS-0139
REL-0665855,Person,PER-002304,PARTICIPATED_IN,PhysicalAccessEvent,PHY-00014535,2024-04-15T08:04:27,MEDIUM,SYNTHETIC,,,true,Synthetic physical activity pattern.,SCN-PHYS-0139
REL-0665878,Case,CASE-00184,HAS_EVENT,PhysicalAccessEvent,PHY-00014547,2024-04-16T01:52:07,MEDIUM,SYNTHETIC,,,true,Synthetic case evidence linkage.,SCN-PHYS-0184
REL-0665879,Person,PER-003233,PARTICIPATED_IN,PhysicalAccessEvent,PHY-00014547,2024-04-16T01:52:07,MEDIUM,SYNTHETIC,,,true,Synthetic physical activity pattern.,SCN-PHYS-0184
REL-0665960,Case,CASE-00349,HAS_EVENT,PhysicalAccessEvent,PHY-00014588,2024-01-26T16:52:57,MEDIUM,SYNTHETIC,,,true,Synthetic case evidence linkage.,SCN-PHYS-0349
REL-0665961,Person,PER-006443,PARTICIPATED_IN,PhysicalAccessEvent,PHY-00014588,2024-01-26T16:52:57,MEDIUM,SYNTHETIC,,,true,Synthetic physical activity pattern.,SCN-PHYS-0349
REL-0665982,Case,CASE-00394,HAS_EVENT,PhysicalAccessEvent,PHY-00014599,2025-12-10T22:35:08,MEDIUM,SYNTHETIC,,,true,Synthetic case evidence linkage.,SCN-PHYS-0394
REL-0665983,Person,PER-007236,PARTICIPATED_IN,PhysicalAccessEvent,PHY-00014599,2025-12-10T22:35:08,MEDIUM,SYNTHETIC,,,true,Synthetic physical activity pattern.,SCN-PHYS-0394
REL-0666050,Case,CASE-00529,HAS_EVENT,PhysicalAccessEvent,PHY-00014633,2025-10-24T05:49:45,MEDIUM,SYNTHETIC,,,true,Synthetic case evidence linkage.,SCN-PHYS-0529
REL-0666051,Person,PER-009628,PARTICIPATED_IN,PhysicalAccessEvent,PHY-00014633,2025-10-24T05:49:45,MEDIUM,SYNTHETIC,,,true,Synthetic physical activity pattern.,SCN-PHYS-0529
REL-0666068,Case,CASE-00564,HAS_EVENT,PhysicalAccessEvent,PHY-00014642,2025-09-28T23:21:51,MEDIUM,SYNTHETIC,,,true,Synthetic case evidence linkage.,SCN-PHYS-0564
REL-0666069,Person,PER-010131,PARTICIPATED_IN,PhysicalAccessEvent,PHY-00014642,2025-09-28T23:21:51,MEDIUM,SYNTHETIC,,,true,Synthetic physical activity pattern.,SCN-PHYS-0564
REL-0666264,Case,CASE-00959,HAS_EVENT,PhysicalAccessEvent,PHY-00014740,2025-01-05T16:44:32,MEDIUM,SYNTHETIC,,,true,Synthetic case evidence linkage.,SCN-PHYS-0959
REL-0666265,Person,PER-017223,PARTICIPATED_IN,PhysicalAccessEvent,PHY-00014740,2025-01-05T16:44:32,MEDIUM,SYNTHETIC,,,true,Synthetic physical activity pattern.,SCN-PHYS-0959
REL-0666314,Case,CASE-01059,HAS_EVENT,PhysicalAccessEvent,PHY-00014765,2024-01-22T14:27:30,MEDIUM,SYNTHETIC,,,true,Synthetic case evidence linkage.,SCN-PHYS-1059
REL-0666315,Person,PER-018950,PARTICIPATED_IN,PhysicalAccessEvent,PHY-00014765,2024-01-22T14:27:30,MEDIUM,SYNTHETIC,,,true,Synthetic physical activity pattern.,SCN-PHYS-1059
REL-0666328,Case,CASE-01084,HAS_EVENT,PhysicalAccessEvent,PHY-00014772,2025-01-25T14:00:38,MEDIUM,SYNTHETIC,,,true,Synthetic case evidence linkage.,SCN-PHYS-1084
REL-0666329,Person,PER-019374,PARTICIPATED_IN,PhysicalAccessEvent,PHY-00014772,2025-01-25T14:00:38,MEDIUM,SYNTHETIC,,,true,Synthetic physical activity pattern.,SCN-PHYS-1084
REL-0666348,Case,CASE-01124,HAS_EVENT,PhysicalAccessEvent,PHY-00014782,2025-09-30T02:15:22,MEDIUM,SYNTHETIC,,,true,Synthetic case evidence linkage.,SCN-PHYS-1124
REL-0666349,Person,PER-020096,PARTICIPATED_IN,PhysicalAccessEvent,PHY-00014782,2025-09-30T02:15:22,MEDIUM,SYNTHETIC,,,true,Synthetic physical activity pattern.,SCN-PHYS-1124
REL-0666390,Case,CASE-01209,HAS_EVENT,PhysicalAccessEvent,PHY-00014803,2025-03-31T15:17:39,MEDIUM,SYNTHETIC,,,true,Synthetic case evidence linkage.,SCN-PHYS-1209
REL-0666391,Person,PER-021845,PARTICIPATED_IN,PhysicalAccessEvent,PHY-00014803,2025-03-31T15:17:39,MEDIUM,SYNTHETIC,,,true,Synthetic physical activity pattern.,SCN-PHYS-1209
REL-0666420,Case,CASE-01269,HAS_EVENT,PhysicalAccessEvent,PHY-00014818,2024-01-27T20:34:24,MEDIUM,SYNTHETIC,,,true,Synthetic case evidence linkage.,SCN-PHYS-1269
REL-0666421,Person,PER-022852,PARTICIPATED_IN,PhysicalAccessEvent,PHY-00014818,2024-01-27T20:34:24,MEDIUM,SYNTHETIC,,,true,Synthetic physical activity pattern.,SCN-PHYS-1269
REL-0666452,Case,CASE-01334,HAS_EVENT,PhysicalAccessEvent,PHY-00014834,2025-11-09T22:32:56,MEDIUM,SYNTHETIC,,,true,Synthetic case evidence linkage.,SCN-PHYS-1334
REL-0666453,Person,PER-023945,PARTICIPATED_IN,PhysicalAccessEvent,PHY-00014834,2025-11-09T22:32:56,MEDIUM,SYNTHETIC,,,true,Synthetic physical activity pattern.,SCN-PHYS-1334
REL-0666544,Case,CASE-01519,HAS_EVENT,PhysicalAccessEvent,PHY-00014880,2024-05-19T23:59:59,MEDIUM,SYNTHETIC,,,true,Synthetic case evidence linkage.,SCN-PHYS-1519
REL-0666545,Person,PER-027179,PARTICIPATED_IN,PhysicalAccessEvent,PHY-00014880,2024-05-19T23:59:59,MEDIUM,SYNTHETIC,,,true,Synthetic physical activity pattern.,SCN-PHYS-1519
REL-0666578,Case,CASE-01584,HAS_EVENT,PhysicalAccessEvent,PHY-00014897,2024-08-24T05:33:57,MEDIUM,SYNTHETIC,,,true,Synthetic case evidence linkage.,SCN-PHYS-1584
REL-0666579,Person,PER-028278,PARTICIPATED_IN,PhysicalAccessEvent,PHY-00014897,2024-08-24T05:33:57,MEDIUM,SYNTHETIC,,,true,Synthetic physical activity pattern.,SCN-PHYS-1584
REL-0666582,Case,CASE-01594,HAS_EVENT,PhysicalAccessEvent,PHY-00014899,2024-04-02T07:00:54,MEDIUM,SYNTHETIC,,,true,Synthetic case evidence linkage.,SCN-PHYS-1594
REL-0666583,Person,PER-028494,PARTICIPATED_IN,PhysicalAccessEvent,PHY-00014899,2024-04-02T07:00:54,MEDIUM,SYNTHETIC,,,true,Synthetic physical activity pattern.,SCN-PHYS-1594
REL-0666618,Case,CASE-01664,HAS_EVENT,PhysicalAccessEvent,PHY-00014917,2025-07-08T13:35:56,MEDIUM,SYNTHETIC,,,true,Synthetic case evidence linkage.,SCN-PHYS-1664
REL-0666619,Person,PER-029521,PARTICIPATED_IN,PhysicalAccessEvent,PHY-00014917,2025-07-08T13:35:56,MEDIUM,SYNTHETIC,,,true,Synthetic physical activity pattern.,SCN-PHYS-1664
REL-0666658,Case,CASE-01744,HAS_EVENT,PhysicalAccessEvent,PHY-00014937,2025-05-12T10:40:02,MEDIUM,SYNTHETIC,,,true,Synthetic case evidence linkage.,SCN-PHYS-1744
REL-0666659,Person,PER-031212,PARTICIPATED_IN,PhysicalAccessEvent,PHY-00014937,2025-05-12T10:40:02,MEDIUM,SYNTHETIC,,,true,Synthetic physical activity pattern.,SCN-PHYS-1744
REL-0666782,Case,CASE-01994,HAS_EVENT,PhysicalAccessEvent,PHY-00014999,2025-08-13T03:02:35,MEDIUM,SYNTHETIC,,,true,Synthetic case evidence linkage.,SCN-PHYS-1994
REL-0666783,Person,PER-035454,PARTICIPATED_IN,PhysicalAccessEvent,PHY-00014999,2025-08-13T03:02:35,MEDIUM,SYNTHETIC,,,true,Synthetic physical activity pattern.,SCN-PHYS-1994
REL-0666854,Case,CASE-00139,HAS_EVENT,PhysicalAccessEvent,PHY-00015035,2024-07-13T08:15:47,MEDIUM,SYNTHETIC,,,true,Synthetic case evidence linkage.,SCN-PHYS-0139
REL-0666855,Person,PER-002304,PARTICIPATED_IN,PhysicalAccessEvent,PHY-00015035,2024-07-13T08:15:47,MEDIUM,SYNTHETIC,,,true,Synthetic physical activity pattern.,SCN-PHYS-0139
REL-0666878,Case,CASE-00184,HAS_EVENT,PhysicalAccessEvent,PHY-00015047,2025-01-09T15:51:20,MEDIUM,SYNTHETIC,,,true,Synthetic case evidence linkage.,SCN-PHYS-0184
REL-0666879,Person,PER-003233,PARTICIPATED_IN,PhysicalAccessEvent,PHY-00015047,2025-01-09T15:51:20,MEDIUM,SYNTHETIC,,,true,Synthetic physical activity pattern.,SCN-PHYS-0184
REL-0666960,Case,CASE-00349,HAS_EVENT,PhysicalAccessEvent,PHY-00015088,2024-01-26T03:40:11,MEDIUM,SYNTHETIC,,,true,Synthetic case evidence linkage.,SCN-PHYS-0349
REL-0666961,Person,PER-006443,PARTICIPATED_IN,PhysicalAccessEvent,PHY-00015088,2024-01-26T03:40:11,MEDIUM,SYNTHETIC,,,true,Synthetic physical activity pattern.,SCN-PHYS-0349
REL-0666982,Case,CASE-00394,HAS_EVENT,PhysicalAccessEvent,PHY-00015099,2024-10-24T07:50:24,MEDIUM,SYNTHETIC,,,true,Synthetic case evidence linkage.,SCN-PHYS-0394
REL-0666983,Person,PER-007236,PARTICIPATED_IN,PhysicalAccessEvent,PHY-00015099,2024-10-24T07:50:24,MEDIUM,SYNTHETIC,,,true,Synthetic physical activity pattern.,SCN-PHYS-0394
REL-0667050,Case,CASE-00529,HAS_EVENT,PhysicalAccessEvent,PHY-00015133,2024-09-27T04:49:12,MEDIUM,SYNTHETIC,,,true,Synthetic case evidence linkage.,SCN-PHYS-0529
REL-0667051,Person,PER-009628,PARTICIPATED_IN,PhysicalAccessEvent,PHY-00015133,2024-09-27T04:49:12,MEDIUM,SYNTHETIC,,,true,Synthetic physical activity pattern.,SCN-PHYS-0529
REL-0667068,Case,CASE-00564,HAS_EVENT,PhysicalAccessEvent,PHY-00015142,2025-11-04T08:33:11,MEDIUM,SYNTHETIC,,,true,Synthetic case evidence linkage.,SCN-PHYS-0564
REL-0667069,Person,PER-010131,PARTICIPATED_IN,PhysicalAccessEvent,PHY-00015142,2025-11-04T08:33:11,MEDIUM,SYNTHETIC,,,true,Synthetic physical activity pattern.,SCN-PHYS-0564
REL-0667264,Case,CASE-00959,HAS_EVENT,PhysicalAccessEvent,PHY-00015240,2024-07-13T15:37:28,MEDIUM,SYNTHETIC,,,true,Synthetic case evidence linkage.,SCN-PHYS-0959
REL-0667265,Person,PER-017223,PARTICIPATED_IN,PhysicalAccessEvent,PHY-00015240,2024-07-13T15:37:28,MEDIUM,SYNTHETIC,,,true,Synthetic physical activity pattern.,SCN-PHYS-0959
REL-0667314,Case,CASE-01059,HAS_EVENT,PhysicalAccessEvent,PHY-00015265,2025-06-05T05:38:04,MEDIUM,SYNTHETIC,,,true,Synthetic case evidence linkage.,SCN-PHYS-1059
REL-0667315,Person,PER-018950,PARTICIPATED_IN,PhysicalAccessEvent,PHY-00015265,2025-06-05T05:38:04,MEDIUM,SYNTHETIC,,,true,Synthetic physical activity pattern.,SCN-PHYS-1059
REL-0667328,Case,CASE-01084,HAS_EVENT,PhysicalAccessEvent,PHY-00015272,2024-02-04T04:45:50,MEDIUM,SYNTHETIC,,,true,Synthetic case evidence linkage.,SCN-PHYS-1084
REL-0667329,Person,PER-019374,PARTICIPATED_IN,PhysicalAccessEvent,PHY-00015272,2024-02-04T04:45:50,MEDIUM,SYNTHETIC,,,true,Synthetic physical activity pattern.,SCN-PHYS-1084
REL-0667348,Case,CASE-01124,HAS_EVENT,PhysicalAccessEvent,PHY-00015282,2025-10-11T16:12:50,MEDIUM,SYNTHETIC,,,true,Synthetic case evidence linkage.,SCN-PHYS-1124
REL-0667349,Person,PER-020096,PARTICIPATED_IN,PhysicalAccessEvent,PHY-00015282,2025-10-11T16:12:50,MEDIUM,SYNTHETIC,,,true,Synthetic physical activity pattern.,SCN-PHYS-1124
REL-0667390,Case,CASE-01209,HAS_EVENT,PhysicalAccessEvent,PHY-00015303,2025-04-14T19:03:54,MEDIUM,SYNTHETIC,,,true,Synthetic case evidence linkage.,SCN-PHYS-1209
REL-0667391,Person,PER-021845,PARTICIPATED_IN,PhysicalAccessEvent,PHY-00015303,2025-04-14T19:03:54,MEDIUM,SYNTHETIC,,,true,Synthetic physical activity pattern.,SCN-PHYS-1209
REL-0667420,Case,CASE-01269,HAS_EVENT,PhysicalAccessEvent,PHY-00015318,2025-11-02T03:44:42,MEDIUM,SYNTHETIC,,,true,Synthetic case evidence linkage.,SCN-PHYS-1269
REL-0667421,Person,PER-022852,PARTICIPATED_IN,PhysicalAccessEvent,PHY-00015318,2025-11-02T03:44:42,MEDIUM,SYNTHETIC,,,true,Synthetic physical activity pattern.,SCN-PHYS-1269
REL-0667452,Case,CASE-01334,HAS_EVENT,PhysicalAccessEvent,PHY-00015334,2025-06-09T06:28:02,MEDIUM,SYNTHETIC,,,true,Synthetic case evidence linkage.,SCN-PHYS-1334
REL-0667453,Person,PER-023945,PARTICIPATED_IN,PhysicalAccessEvent,PHY-00015334,2025-06-09T06:28:02,MEDIUM,SYNTHETIC,,,true,Synthetic physical activity pattern.,SCN-PHYS-1334
REL-0667544,Case,CASE-01519,HAS_EVENT,PhysicalAccessEvent,PHY-00015380,2024-01-10T10:36:58,MEDIUM,SYNTHETIC,,,true,Synthetic case evidence linkage.,SCN-PHYS-1519
REL-0667545,Person,PER-027179,PARTICIPATED_IN,PhysicalAccessEvent,PHY-00015380,2024-01-10T10:36:58,MEDIUM,SYNTHETIC,,,true,Synthetic physical activity pattern.,SCN-PHYS-1519
REL-0667578,Case,CASE-01584,HAS_EVENT,PhysicalAccessEvent,PHY-00015397,2025-05-31T11:17:17,MEDIUM,SYNTHETIC,,,true,Synthetic case evidence linkage.,SCN-PHYS-1584
REL-0667579,Person,PER-028278,PARTICIPATED_IN,PhysicalAccessEvent,PHY-00015397,2025-05-31T11:17:17,MEDIUM,SYNTHETIC,,,true,Synthetic physical activity pattern.,SCN-PHYS-1584
REL-0667582,Case,CASE-01594,HAS_EVENT,PhysicalAccessEvent,PHY-00015399,2024-11-25T23:53:25,MEDIUM,SYNTHETIC,,,true,Synthetic case evidence linkage.,SCN-PHYS-1594
REL-0667583,Person,PER-028494,PARTICIPATED_IN,PhysicalAccessEvent,PHY-00015399,2024-11-25T23:53:25,MEDIUM,SYNTHETIC,,,true,Synthetic physical activity pattern.,SCN-PHYS-1594
REL-0667618,Case,CASE-01664,HAS_EVENT,PhysicalAccessEvent,PHY-00015417,2024-02-15T17:29:39,MEDIUM,SYNTHETIC,,,true,Synthetic case evidence linkage.,SCN-PHYS-1664
REL-0667619,Person,PER-029521,PARTICIPATED_IN,PhysicalAccessEvent,PHY-00015417,2024-02-15T17:29:39,MEDIUM,SYNTHETIC,,,true,Synthetic physical activity pattern.,SCN-PHYS-1664
REL-0667658,Case,CASE-01744,HAS_EVENT,PhysicalAccessEvent,PHY-00015437,2025-06-05T19:29:37,MEDIUM,SYNTHETIC,,,true,Synthetic case evidence linkage.,SCN-PHYS-1744
REL-0667659,Person,PER-031212,PARTICIPATED_IN,PhysicalAccessEvent,PHY-00015437,2025-06-05T19:29:37,MEDIUM,SYNTHETIC,,,true,Synthetic physical activity pattern.,SCN-PHYS-1744
REL-0667782,Case,CASE-01994,HAS_EVENT,PhysicalAccessEvent,PHY-00015499,2025-04-30T11:16:52,MEDIUM,SYNTHETIC,,,true,Synthetic case evidence linkage.,SCN-PHYS-1994
REL-0667783,Person,PER-035454,PARTICIPATED_IN,PhysicalAccessEvent,PHY-00015499,2025-04-30T11:16:52,MEDIUM,SYNTHETIC,,,true,Synthetic physical activity pattern.,SCN-PHYS-1994
REL-0667854,Case,CASE-00139,HAS_EVENT,PhysicalAccessEvent,PHY-00015535,2024-05-05T01:52:08,MEDIUM,SYNTHETIC,,,true,Synthetic case evidence linkage.,SCN-PHYS-0139
REL-0667855,Person,PER-002304,PARTICIPATED_IN,PhysicalAccessEvent,PHY-00015535,2024-05-05T01:52:08,MEDIUM,SYNTHETIC,,,true,Synthetic physical activity pattern.,SCN-PHYS-0139
REL-0667878,Case,CASE-00184,HAS_EVENT,PhysicalAccessEvent,PHY-00015547,2024-11-18T18:52:18,MEDIUM,SYNTHETIC,,,true,Synthetic case evidence linkage.,SCN-PHYS-0184
REL-0667879,Person,PER-003233,PARTICIPATED_IN,PhysicalAccessEvent,PHY-00015547,2024-11-18T18:52:18,MEDIUM,SYNTHETIC,,,true,Synthetic physical activity pattern.,SCN-PHYS-0184
REL-0667960,Case,CASE-00349,HAS_EVENT,PhysicalAccessEvent,PHY-00015588,2024-05-21T14:51:11,MEDIUM,SYNTHETIC,,,true,Synthetic case evidence linkage.,SCN-PHYS-0349
REL-0667961,Person,PER-006443,PARTICIPATED_IN,PhysicalAccessEvent,PHY-00015588,2024-05-21T14:51:11,MEDIUM,SYNTHETIC,,,true,Synthetic physical activity pattern.,SCN-PHYS-0349
REL-0667982,Case,CASE-00394,HAS_EVENT,PhysicalAccessEvent,PHY-00015599,2024-04-27T10:48:57,MEDIUM,SYNTHETIC,,,true,Synthetic case evidence linkage.,SCN-PHYS-0394
REL-0667983,Person,PER-007236,PARTICIPATED_IN,PhysicalAccessEvent,PHY-00015599,2024-04-27T10:48:57,MEDIUM,SYNTHETIC,,,true,Synthetic physical activity pattern.,SCN-PHYS-0394
REL-0668050,Case,CASE-00529,HAS_EVENT,PhysicalAccessEvent,PHY-00015633,2024-01-13T04:43:24,MEDIUM,SYNTHETIC,,,true,Synthetic case evidence linkage.,SCN-PHYS-0529
REL-0668051,Person,PER-009628,PARTICIPATED_IN,PhysicalAccessEvent,PHY-00015633,2024-01-13T04:43:24,MEDIUM,SYNTHETIC,,,true,Synthetic physical activity pattern.,SCN-PHYS-0529
REL-0668068,Case,CASE-00564,HAS_EVENT,PhysicalAccessEvent,PHY-00015642,2024-06-06T04:05:15,MEDIUM,SYNTHETIC,,,true,Synthetic case evidence linkage.,SCN-PHYS-0564
REL-0668069,Person,PER-010131,PARTICIPATED_IN,PhysicalAccessEvent,PHY-00015642,2024-06-06T04:05:15,MEDIUM,SYNTHETIC,,,true,Synthetic physical activity pattern.,SCN-PHYS-0564
REL-0668264,Case,CASE-00959,HAS_EVENT,PhysicalAccessEvent,PHY-00015740,2025-10-02T15:33:49,MEDIUM,SYNTHETIC,,,true,Synthetic case evidence linkage.,SCN-PHYS-0959
REL-0668265,Person,PER-017223,PARTICIPATED_IN,PhysicalAccessEvent,PHY-00015740,2025-10-02T15:33:49,MEDIUM,SYNTHETIC,,,true,Synthetic physical activity pattern.,SCN-PHYS-0959
REL-0668314,Case,CASE-01059,HAS_EVENT,PhysicalAccessEvent,PHY-00015765,2024-04-13T15:15:00,MEDIUM,SYNTHETIC,,,true,Synthetic case evidence linkage.,SCN-PHYS-1059
REL-0668315,Person,PER-018950,PARTICIPATED_IN,PhysicalAccessEvent,PHY-00015765,2024-04-13T15:15:00,MEDIUM,SYNTHETIC,,,true,Synthetic physical activity pattern.,SCN-PHYS-1059
REL-0668328,Case,CASE-01084,HAS_EVENT,PhysicalAccessEvent,PHY-00015772,2025-01-02T01:11:38,MEDIUM,SYNTHETIC,,,true,Synthetic case evidence linkage.,SCN-PHYS-1084
REL-0668329,Person,PER-019374,PARTICIPATED_IN,PhysicalAccessEvent,PHY-00015772,2025-01-02T01:11:38,MEDIUM,SYNTHETIC,,,true,Synthetic physical activity pattern.,SCN-PHYS-1084
REL-0668348,Case,CASE-01124,HAS_EVENT,PhysicalAccessEvent,PHY-00015782,2024-01-13T21:09:36,MEDIUM,SYNTHETIC,,,true,Synthetic case evidence linkage.,SCN-PHYS-1124
REL-0668349,Person,PER-020096,PARTICIPATED_IN,PhysicalAccessEvent,PHY-00015782,2024-01-13T21:09:36,MEDIUM,SYNTHETIC,,,true,Synthetic physical activity pattern.,SCN-PHYS-1124
REL-0668390,Case,CASE-01209,HAS_EVENT,PhysicalAccessEvent,PHY-00015803,2025-09-08T12:39:47,MEDIUM,SYNTHETIC,,,true,Synthetic case evidence linkage.,SCN-PHYS-1209
REL-0668391,Person,PER-021845,PARTICIPATED_IN,PhysicalAccessEvent,PHY-00015803,2025-09-08T12:39:47,MEDIUM,SYNTHETIC,,,true,Synthetic physical activity pattern.,SCN-PHYS-1209
REL-0668420,Case,CASE-01269,HAS_EVENT,PhysicalAccessEvent,PHY-00015818,2025-10-27T11:51:52,MEDIUM,SYNTHETIC,,,true,Synthetic case evidence linkage.,SCN-PHYS-1269
REL-0668421,Person,PER-022852,PARTICIPATED_IN,PhysicalAccessEvent,PHY-00015818,2025-10-27T11:51:52,MEDIUM,SYNTHETIC,,,true,Synthetic physical activity pattern.,SCN-PHYS-1269
REL-0668452,Case,CASE-01334,HAS_EVENT,PhysicalAccessEvent,PHY-00015834,2025-09-25T18:21:10,MEDIUM,SYNTHETIC,,,true,Synthetic case evidence linkage.,SCN-PHYS-1334
REL-0668453,Person,PER-023945,PARTICIPATED_IN,PhysicalAccessEvent,PHY-00015834,2025-09-25T18:21:10,MEDIUM,SYNTHETIC,,,true,Synthetic physical activity pattern.,SCN-PHYS-1334
REL-0668544,Case,CASE-01519,HAS_EVENT,PhysicalAccessEvent,PHY-00015880,2024-06-30T07:09:07,MEDIUM,SYNTHETIC,,,true,Synthetic case evidence linkage.,SCN-PHYS-1519
REL-0668545,Person,PER-027179,PARTICIPATED_IN,PhysicalAccessEvent,PHY-00015880,2024-06-30T07:09:07,MEDIUM,SYNTHETIC,,,true,Synthetic physical activity pattern.,SCN-PHYS-1519
REL-0668578,Case,CASE-01584,HAS_EVENT,PhysicalAccessEvent,PHY-00015897,2024-04-28T19:04:38,MEDIUM,SYNTHETIC,,,true,Synthetic case evidence linkage.,SCN-PHYS-1584
REL-0668579,Person,PER-028278,PARTICIPATED_IN,PhysicalAccessEvent,PHY-00015897,2024-04-28T19:04:38,MEDIUM,SYNTHETIC,,,true,Synthetic physical activity pattern.,SCN-PHYS-1584
REL-0668582,Case,CASE-01594,HAS_EVENT,PhysicalAccessEvent,PHY-00015899,2024-06-18T07:13:26,MEDIUM,SYNTHETIC,,,true,Synthetic case evidence linkage.,SCN-PHYS-1594
REL-0668583,Person,PER-028494,PARTICIPATED_IN,PhysicalAccessEvent,PHY-00015899,2024-06-18T07:13:26,MEDIUM,SYNTHETIC,,,true,Synthetic physical activity pattern.,SCN-PHYS-1594
REL-0668618,Case,CASE-01664,HAS_EVENT,PhysicalAccessEvent,PHY-00015917,2024-06-24T02:53:39,MEDIUM,SYNTHETIC,,,true,Synthetic case evidence linkage.,SCN-PHYS-1664
REL-0668619,Person,PER-029521,PARTICIPATED_IN,PhysicalAccessEvent,PHY-00015917,2024-06-24T02:53:39,MEDIUM,SYNTHETIC,,,true,Synthetic physical activity pattern.,SCN-PHYS-1664
REL-0668658,Case,CASE-01744,HAS_EVENT,PhysicalAccessEvent,PHY-00015937,2025-12-14T16:04:22,MEDIUM,SYNTHETIC,,,true,Synthetic case evidence linkage.,SCN-PHYS-1744
REL-0668659,Person,PER-031212,PARTICIPATED_IN,PhysicalAccessEvent,PHY-00015937,2025-12-14T16:04:22,MEDIUM,SYNTHETIC,,,true,Synthetic physical activity pattern.,SCN-PHYS-1744
REL-0668782,Case,CASE-01994,HAS_EVENT,PhysicalAccessEvent,PHY-00015999,2025-08-24T11:42:33,MEDIUM,SYNTHETIC,,,true,Synthetic case evidence linkage.,SCN-PHYS-1994
REL-0668783,Person,PER-035454,PARTICIPATED_IN,PhysicalAccessEvent,PHY-00015999,2025-08-24T11:42:33,MEDIUM,SYNTHETIC,,,true,Synthetic physical activity pattern.,SCN-PHYS-1994
REL-0668854,Case,CASE-00139,HAS_EVENT,PhysicalAccessEvent,PHY-00016035,2024-09-23T22:18:22,MEDIUM,SYNTHETIC,,,true,Synthetic case evidence linkage.,SCN-PHYS-0139
REL-0668855,Person,PER-002304,PARTICIPATED_IN,PhysicalAccessEvent,PHY-00016035,2024-09-23T22:18:22,MEDIUM,SYNTHETIC,,,true,Synthetic physical activity pattern.,SCN-PHYS-0139
REL-0668878,Case,CASE-00184,HAS_EVENT,PhysicalAccessEvent,PHY-00016047,2024-11-19T23:15:44,MEDIUM,SYNTHETIC,,,true,Synthetic case evidence linkage.,SCN-PHYS-0184
REL-0668879,Person,PER-003233,PARTICIPATED_IN,PhysicalAccessEvent,PHY-00016047,2024-11-19T23:15:44,MEDIUM,SYNTHETIC,,,true,Synthetic physical activity pattern.,SCN-PHYS-0184
REL-0668960,Case,CASE-00349,HAS_EVENT,PhysicalAccessEvent,PHY-00016088,2025-04-01T15:34:31,MEDIUM,SYNTHETIC,,,true,Synthetic case evidence linkage.,SCN-PHYS-0349
REL-0668961,Person,PER-006443,PARTICIPATED_IN,PhysicalAccessEvent,PHY-00016088,2025-04-01T15:34:31,MEDIUM,SYNTHETIC,,,true,Synthetic physical activity pattern.,SCN-PHYS-0349
REL-0668982,Case,CASE-00394,HAS_EVENT,PhysicalAccessEvent,PHY-00016099,2025-09-25T00:30:52,MEDIUM,SYNTHETIC,,,true,Synthetic case evidence linkage.,SCN-PHYS-0394
REL-0668983,Person,PER-007236,PARTICIPATED_IN,PhysicalAccessEvent,PHY-00016099,2025-09-25T00:30:52,MEDIUM,SYNTHETIC,,,true,Synthetic physical activity pattern.,SCN-PHYS-0394
REL-0669050,Case,CASE-00529,HAS_EVENT,PhysicalAccessEvent,PHY-00016133,2025-07-26T18:02:37,MEDIUM,SYNTHETIC,,,true,Synthetic case evidence linkage.,SCN-PHYS-0529
REL-0669051,Person,PER-009628,PARTICIPATED_IN,PhysicalAccessEvent,PHY-00016133,2025-07-26T18:02:37,MEDIUM,SYNTHETIC,,,true,Synthetic physical activity pattern.,SCN-PHYS-0529
REL-0669068,Case,CASE-00564,HAS_EVENT,PhysicalAccessEvent,PHY-00016142,2024-06-18T03:57:00,MEDIUM,SYNTHETIC,,,true,Synthetic case evidence linkage.,SCN-PHYS-0564
REL-0669069,Person,PER-010131,PARTICIPATED_IN,PhysicalAccessEvent,PHY-00016142,2024-06-18T03:57:00,MEDIUM,SYNTHETIC,,,true,Synthetic physical activity pattern.,SCN-PHYS-0564
REL-0669264,Case,CASE-00959,HAS_EVENT,PhysicalAccessEvent,PHY-00016240,2025-11-20T22:51:23,MEDIUM,SYNTHETIC,,,true,Synthetic case evidence linkage.,SCN-PHYS-0959
REL-0669265,Person,PER-017223,PARTICIPATED_IN,PhysicalAccessEvent,PHY-00016240,2025-11-20T22:51:23,MEDIUM,SYNTHETIC,,,true,Synthetic physical activity pattern.,SCN-PHYS-0959
REL-0669314,Case,CASE-01059,HAS_EVENT,PhysicalAccessEvent,PHY-00016265,2024-06-14T13:54:03,MEDIUM,SYNTHETIC,,,true,Synthetic case evidence linkage.,SCN-PHYS-1059
REL-0669315,Person,PER-018950,PARTICIPATED_IN,PhysicalAccessEvent,PHY-00016265,2024-06-14T13:54:03,MEDIUM,SYNTHETIC,,,true,Synthetic physical activity pattern.,SCN-PHYS-1059
REL-0669328,Case,CASE-01084,HAS_EVENT,PhysicalAccessEvent,PHY-00016272,2024-04-01T07:37:23,MEDIUM,SYNTHETIC,,,true,Synthetic case evidence linkage.,SCN-PHYS-1084
REL-0669329,Person,PER-019374,PARTICIPATED_IN,PhysicalAccessEvent,PHY-00016272,2024-04-01T07:37:23,MEDIUM,SYNTHETIC,,,true,Synthetic physical activity pattern.,SCN-PHYS-1084
REL-0669348,Case,CASE-01124,HAS_EVENT,PhysicalAccessEvent,PHY-00016282,2024-03-12T14:25:52,MEDIUM,SYNTHETIC,,,true,Synthetic case evidence linkage.,SCN-PHYS-1124
REL-0669349,Person,PER-020096,PARTICIPATED_IN,PhysicalAccessEvent,PHY-00016282,2024-03-12T14:25:52,MEDIUM,SYNTHETIC,,,true,Synthetic physical activity pattern.,SCN-PHYS-1124
REL-0669390,Case,CASE-01209,HAS_EVENT,PhysicalAccessEvent,PHY-00016303,2024-07-04T06:31:33,MEDIUM,SYNTHETIC,,,true,Synthetic case evidence linkage.,SCN-PHYS-1209
REL-0669391,Person,PER-021845,PARTICIPATED_IN,PhysicalAccessEvent,PHY-00016303,2024-07-04T06:31:33,MEDIUM,SYNTHETIC,,,true,Synthetic physical activity pattern.,SCN-PHYS-1209
REL-0669420,Case,CASE-01269,HAS_EVENT,PhysicalAccessEvent,PHY-00016318,2024-05-07T18:24:16,MEDIUM,SYNTHETIC,,,true,Synthetic case evidence linkage.,SCN-PHYS-1269
REL-0669421,Person,PER-022852,PARTICIPATED_IN,PhysicalAccessEvent,PHY-00016318,2024-05-07T18:24:16,MEDIUM,SYNTHETIC,,,true,Synthetic physical activity pattern.,SCN-PHYS-1269
REL-0669452,Case,CASE-01334,HAS_EVENT,PhysicalAccessEvent,PHY-00016334,2024-06-15T08:24:43,MEDIUM,SYNTHETIC,,,true,Synthetic case evidence linkage.,SCN-PHYS-1334
REL-0669453,Person,PER-023945,PARTICIPATED_IN,PhysicalAccessEvent,PHY-00016334,2024-06-15T08:24:43,MEDIUM,SYNTHETIC,,,true,Synthetic physical activity pattern.,SCN-PHYS-1334
REL-0669544,Case,CASE-01519,HAS_EVENT,PhysicalAccessEvent,PHY-00016380,2025-08-25T05:53:57,MEDIUM,SYNTHETIC,,,true,Synthetic case evidence linkage.,SCN-PHYS-1519
REL-0669545,Person,PER-027179,PARTICIPATED_IN,PhysicalAccessEvent,PHY-00016380,2025-08-25T05:53:57,MEDIUM,SYNTHETIC,,,true,Synthetic physical activity pattern.,SCN-PHYS-1519
REL-0669578,Case,CASE-01584,HAS_EVENT,PhysicalAccessEvent,PHY-00016397,2024-09-10T22:59:54,MEDIUM,SYNTHETIC,,,true,Synthetic case evidence linkage.,SCN-PHYS-1584
REL-0669579,Person,PER-028278,PARTICIPATED_IN,PhysicalAccessEvent,PHY-00016397,2024-09-10T22:59:54,MEDIUM,SYNTHETIC,,,true,Synthetic physical activity pattern.,SCN-PHYS-1584
REL-0669582,Case,CASE-01594,HAS_EVENT,PhysicalAccessEvent,PHY-00016399,2024-05-28T23:15:16,MEDIUM,SYNTHETIC,,,true,Synthetic case evidence linkage.,SCN-PHYS-1594
REL-0669583,Person,PER-028494,PARTICIPATED_IN,PhysicalAccessEvent,PHY-00016399,2024-05-28T23:15:16,MEDIUM,SYNTHETIC,,,true,Synthetic physical activity pattern.,SCN-PHYS-1594
REL-0669618,Case,CASE-01664,HAS_EVENT,PhysicalAccessEvent,PHY-00016417,2024-03-20T03:18:49,MEDIUM,SYNTHETIC,,,true,Synthetic case evidence linkage.,SCN-PHYS-1664
REL-0669619,Person,PER-029521,PARTICIPATED_IN,PhysicalAccessEvent,PHY-00016417,2024-03-20T03:18:49,MEDIUM,SYNTHETIC,,,true,Synthetic physical activity pattern.,SCN-PHYS-1664
REL-0669658,Case,CASE-01744,HAS_EVENT,PhysicalAccessEvent,PHY-00016437,2024-08-14T23:11:45,MEDIUM,SYNTHETIC,,,true,Synthetic case evidence linkage.,SCN-PHYS-1744
REL-0669659,Person,PER-031212,PARTICIPATED_IN,PhysicalAccessEvent,PHY-00016437,2024-08-14T23:11:45,MEDIUM,SYNTHETIC,,,true,Synthetic physical activity pattern.,SCN-PHYS-1744
REL-0669782,Case,CASE-01994,HAS_EVENT,PhysicalAccessEvent,PHY-00016499,2025-07-12T19:46:02,MEDIUM,SYNTHETIC,,,true,Synthetic case evidence linkage.,SCN-PHYS-1994
REL-0669783,Person,PER-035454,PARTICIPATED_IN,PhysicalAccessEvent,PHY-00016499,2025-07-12T19:46:02,MEDIUM,SYNTHETIC,,,true,Synthetic physical activity pattern.,SCN-PHYS-1994
REL-0669854,Case,CASE-00139,HAS_EVENT,PhysicalAccessEvent,PHY-00016535,2024-12-18T21:33:24,MEDIUM,SYNTHETIC,,,true,Synthetic case evidence linkage.,SCN-PHYS-0139
REL-0669855,Person,PER-002304,PARTICIPATED_IN,PhysicalAccessEvent,PHY-00016535,2024-12-18T21:33:24,MEDIUM,SYNTHETIC,,,true,Synthetic physical activity pattern.,SCN-PHYS-0139
REL-0669878,Case,CASE-00184,HAS_EVENT,PhysicalAccessEvent,PHY-00016547,2024-08-15T05:37:28,MEDIUM,SYNTHETIC,,,true,Synthetic case evidence linkage.,SCN-PHYS-0184
REL-0669879,Person,PER-003233,PARTICIPATED_IN,PhysicalAccessEvent,PHY-00016547,2024-08-15T05:37:28,MEDIUM,SYNTHETIC,,,true,Synthetic physical activity pattern.,SCN-PHYS-0184
REL-0669960,Case,CASE-00349,HAS_EVENT,PhysicalAccessEvent,PHY-00016588,2025-05-18T14:10:36,MEDIUM,SYNTHETIC,,,true,Synthetic case evidence linkage.,SCN-PHYS-0349
REL-0669961,Person,PER-006443,PARTICIPATED_IN,PhysicalAccessEvent,PHY-00016588,2025-05-18T14:10:36,MEDIUM,SYNTHETIC,,,true,Synthetic physical activity pattern.,SCN-PHYS-0349
REL-0669982,Case,CASE-00394,HAS_EVENT,PhysicalAccessEvent,PHY-00016599,2024-08-27T04:34:01,MEDIUM,SYNTHETIC,,,true,Synthetic case evidence linkage.,SCN-PHYS-0394
REL-0669983,Person,PER-007236,PARTICIPATED_IN,PhysicalAccessEvent,PHY-00016599,2024-08-27T04:34:01,MEDIUM,SYNTHETIC,,,true,Synthetic physical activity pattern.,SCN-PHYS-0394
REL-0670050,Case,CASE-00529,HAS_EVENT,PhysicalAccessEvent,PHY-00016633,2024-11-24T10:40:51,MEDIUM,SYNTHETIC,,,true,Synthetic case evidence linkage.,SCN-PHYS-0529
REL-0670051,Person,PER-009628,PARTICIPATED_IN,PhysicalAccessEvent,PHY-00016633,2024-11-24T10:40:51,MEDIUM,SYNTHETIC,,,true,Synthetic physical activity pattern.,SCN-PHYS-0529
REL-0670068,Case,CASE-00564,HAS_EVENT,PhysicalAccessEvent,PHY-00016642,2024-03-18T19:35:06,MEDIUM,SYNTHETIC,,,true,Synthetic case evidence linkage.,SCN-PHYS-0564
REL-0670069,Person,PER-010131,PARTICIPATED_IN,PhysicalAccessEvent,PHY-00016642,2024-03-18T19:35:06,MEDIUM,SYNTHETIC,,,true,Synthetic physical activity pattern.,SCN-PHYS-0564
REL-0670264,Case,CASE-00959,HAS_EVENT,PhysicalAccessEvent,PHY-00016740,2025-12-27T09:53:29,MEDIUM,SYNTHETIC,,,true,Synthetic case evidence linkage.,SCN-PHYS-0959
REL-0670265,Person,PER-017223,PARTICIPATED_IN,PhysicalAccessEvent,PHY-00016740,2025-12-27T09:53:29,MEDIUM,SYNTHETIC,,,true,Synthetic physical activity pattern.,SCN-PHYS-0959
REL-0670314,Case,CASE-01059,HAS_EVENT,PhysicalAccessEvent,PHY-00016765,2024-09-10T20:18:32,MEDIUM,SYNTHETIC,,,true,Synthetic case evidence linkage.,SCN-PHYS-1059
REL-0670315,Person,PER-018950,PARTICIPATED_IN,PhysicalAccessEvent,PHY-00016765,2024-09-10T20:18:32,MEDIUM,SYNTHETIC,,,true,Synthetic physical activity pattern.,SCN-PHYS-1059
REL-0670328,Case,CASE-01084,HAS_EVENT,PhysicalAccessEvent,PHY-00016772,2025-08-03T21:12:33,MEDIUM,SYNTHETIC,,,true,Synthetic case evidence linkage.,SCN-PHYS-1084
REL-0670329,Person,PER-019374,PARTICIPATED_IN,PhysicalAccessEvent,PHY-00016772,2025-08-03T21:12:33,MEDIUM,SYNTHETIC,,,true,Synthetic physical activity pattern.,SCN-PHYS-1084
REL-0670348,Case,CASE-01124,HAS_EVENT,PhysicalAccessEvent,PHY-00016782,2025-05-15T18:00:12,MEDIUM,SYNTHETIC,,,true,Synthetic case evidence linkage.,SCN-PHYS-1124
REL-0670349,Person,PER-020096,PARTICIPATED_IN,PhysicalAccessEvent,PHY-00016782,2025-05-15T18:00:12,MEDIUM,SYNTHETIC,,,true,Synthetic physical activity pattern.,SCN-PHYS-1124
REL-0670390,Case,CASE-01209,HAS_EVENT,PhysicalAccessEvent,PHY-00016803,2025-11-26T04:59:40,MEDIUM,SYNTHETIC,,,true,Synthetic case evidence linkage.,SCN-PHYS-1209
REL-0670391,Person,PER-021845,PARTICIPATED_IN,PhysicalAccessEvent,PHY-00016803,2025-11-26T04:59:40,MEDIUM,SYNTHETIC,,,true,Synthetic physical activity pattern.,SCN-PHYS-1209
REL-0670420,Case,CASE-01269,HAS_EVENT,PhysicalAccessEvent,PHY-00016818,2025-10-01T12:35:00,MEDIUM,SYNTHETIC,,,true,Synthetic case evidence linkage.,SCN-PHYS-1269
REL-0670421,Person,PER-022852,PARTICIPATED_IN,PhysicalAccessEvent,PHY-00016818,2025-10-01T12:35:00,MEDIUM,SYNTHETIC,,,true,Synthetic physical activity pattern.,SCN-PHYS-1269
REL-0670452,Case,CASE-01334,HAS_EVENT,PhysicalAccessEvent,PHY-00016834,2025-09-12T18:55:49,MEDIUM,SYNTHETIC,,,true,Synthetic case evidence linkage.,SCN-PHYS-1334
REL-0670453,Person,PER-023945,PARTICIPATED_IN,PhysicalAccessEvent,PHY-00016834,2025-09-12T18:55:49,MEDIUM,SYNTHETIC,,,true,Synthetic physical activity pattern.,SCN-PHYS-1334
REL-0670544,Case,CASE-01519,HAS_EVENT,PhysicalAccessEvent,PHY-00016880,2024-08-03T17:16:51,MEDIUM,SYNTHETIC,,,true,Synthetic case evidence linkage.,SCN-PHYS-1519
REL-0670545,Person,PER-027179,PARTICIPATED_IN,PhysicalAccessEvent,PHY-00016880,2024-08-03T17:16:51,MEDIUM,SYNTHETIC,,,true,Synthetic physical activity pattern.,SCN-PHYS-1519
REL-0670578,Case,CASE-01584,HAS_EVENT,PhysicalAccessEvent,PHY-00016897,2025-06-21T20:01:06,MEDIUM,SYNTHETIC,,,true,Synthetic case evidence linkage.,SCN-PHYS-1584
REL-0670579,Person,PER-028278,PARTICIPATED_IN,PhysicalAccessEvent,PHY-00016897,2025-06-21T20:01:06,MEDIUM,SYNTHETIC,,,true,Synthetic physical activity pattern.,SCN-PHYS-1584
REL-0670582,Case,CASE-01594,HAS_EVENT,PhysicalAccessEvent,PHY-00016899,2024-08-15T14:29:11,MEDIUM,SYNTHETIC,,,true,Synthetic case evidence linkage.,SCN-PHYS-1594
REL-0670583,Person,PER-028494,PARTICIPATED_IN,PhysicalAccessEvent,PHY-00016899,2024-08-15T14:29:11,MEDIUM,SYNTHETIC,,,true,Synthetic physical activity pattern.,SCN-PHYS-1594
REL-0670618,Case,CASE-01664,HAS_EVENT,PhysicalAccessEvent,PHY-00016917,2025-06-01T19:29:34,MEDIUM,SYNTHETIC,,,true,Synthetic case evidence linkage.,SCN-PHYS-1664
REL-0670619,Person,PER-029521,PARTICIPATED_IN,PhysicalAccessEvent,PHY-00016917,2025-06-01T19:29:34,MEDIUM,SYNTHETIC,,,true,Synthetic physical activity pattern.,SCN-PHYS-1664
REL-0670658,Case,CASE-01744,HAS_EVENT,PhysicalAccessEvent,PHY-00016937,2025-10-27T04:43:26,MEDIUM,SYNTHETIC,,,true,Synthetic case evidence linkage.,SCN-PHYS-1744
REL-0670659,Person,PER-031212,PARTICIPATED_IN,PhysicalAccessEvent,PHY-00016937,2025-10-27T04:43:26,MEDIUM,SYNTHETIC,,,true,Synthetic physical activity pattern.,SCN-PHYS-1744
REL-0670782,Case,CASE-01994,HAS_EVENT,PhysicalAccessEvent,PHY-00016999,2025-10-02T19:17:06,MEDIUM,SYNTHETIC,,,true,Synthetic case evidence linkage.,SCN-PHYS-1994
REL-0670783,Person,PER-035454,PARTICIPATED_IN,PhysicalAccessEvent,PHY-00016999,2025-10-02T19:17:06,MEDIUM,SYNTHETIC,,,true,Synthetic physical activity pattern.,SCN-PHYS-1994
REL-0670854,Case,CASE-00139,HAS_EVENT,PhysicalAccessEvent,PHY-00017035,2024-04-02T17:05:05,MEDIUM,SYNTHETIC,,,true,Synthetic case evidence linkage.,SCN-PHYS-0139
REL-0670855,Person,PER-002304,PARTICIPATED_IN,PhysicalAccessEvent,PHY-00017035,2024-04-02T17:05:05,MEDIUM,SYNTHETIC,,,true,Synthetic physical activity pattern.,SCN-PHYS-0139
REL-0670878,Case,CASE-00184,HAS_EVENT,PhysicalAccessEvent,PHY-00017047,2024-07-12T08:25:36,MEDIUM,SYNTHETIC,,,true,Synthetic case evidence linkage.,SCN-PHYS-0184
REL-0670879,Person,PER-003233,PARTICIPATED_IN,PhysicalAccessEvent,PHY-00017047,2024-07-12T08:25:36,MEDIUM,SYNTHETIC,,,true,Synthetic physical activity pattern.,SCN-PHYS-0184
REL-0670960,Case,CASE-00349,HAS_EVENT,PhysicalAccessEvent,PHY-00017088,2025-02-04T07:59:19,MEDIUM,SYNTHETIC,,,true,Synthetic case evidence linkage.,SCN-PHYS-0349
REL-0670961,Person,PER-006443,PARTICIPATED_IN,PhysicalAccessEvent,PHY-00017088,2025-02-04T07:59:19,MEDIUM,SYNTHETIC,,,true,Synthetic physical activity pattern.,SCN-PHYS-0349
REL-0670982,Case,CASE-00394,HAS_EVENT,PhysicalAccessEvent,PHY-00017099,2024-06-28T21:23:46,MEDIUM,SYNTHETIC,,,true,Synthetic case evidence linkage.,SCN-PHYS-0394
REL-0670983,Person,PER-007236,PARTICIPATED_IN,PhysicalAccessEvent,PHY-00017099,2024-06-28T21:23:46,MEDIUM,SYNTHETIC,,,true,Synthetic physical activity pattern.,SCN-PHYS-0394
REL-0671050,Case,CASE-00529,HAS_EVENT,PhysicalAccessEvent,PHY-00017133,2025-09-27T08:14:43,MEDIUM,SYNTHETIC,,,true,Synthetic case evidence linkage.,SCN-PHYS-0529
REL-0671051,Person,PER-009628,PARTICIPATED_IN,PhysicalAccessEvent,PHY-00017133,2025-09-27T08:14:43,MEDIUM,SYNTHETIC,,,true,Synthetic physical activity pattern.,SCN-PHYS-0529
REL-0671068,Case,CASE-00564,HAS_EVENT,PhysicalAccessEvent,PHY-00017142,2025-08-01T17:01:19,MEDIUM,SYNTHETIC,,,true,Synthetic case evidence linkage.,SCN-PHYS-0564
REL-0671069,Person,PER-010131,PARTICIPATED_IN,PhysicalAccessEvent,PHY-00017142,2025-08-01T17:01:19,MEDIUM,SYNTHETIC,,,true,Synthetic physical activity pattern.,SCN-PHYS-0564
REL-0671264,Case,CASE-00959,HAS_EVENT,PhysicalAccessEvent,PHY-00017240,2024-12-19T07:14:53,MEDIUM,SYNTHETIC,,,true,Synthetic case evidence linkage.,SCN-PHYS-0959
REL-0671265,Person,PER-017223,PARTICIPATED_IN,PhysicalAccessEvent,PHY-00017240,2024-12-19T07:14:53,MEDIUM,SYNTHETIC,,,true,Synthetic physical activity pattern.,SCN-PHYS-0959
REL-0671314,Case,CASE-01059,HAS_EVENT,PhysicalAccessEvent,PHY-00017265,2024-08-12T00:10:47,MEDIUM,SYNTHETIC,,,true,Synthetic case evidence linkage.,SCN-PHYS-1059
REL-0671315,Person,PER-018950,PARTICIPATED_IN,PhysicalAccessEvent,PHY-00017265,2024-08-12T00:10:47,MEDIUM,SYNTHETIC,,,true,Synthetic physical activity pattern.,SCN-PHYS-1059
REL-0671328,Case,CASE-01084,HAS_EVENT,PhysicalAccessEvent,PHY-00017272,2024-12-01T15:42:46,MEDIUM,SYNTHETIC,,,true,Synthetic case evidence linkage.,SCN-PHYS-1084
REL-0671329,Person,PER-019374,PARTICIPATED_IN,PhysicalAccessEvent,PHY-00017272,2024-12-01T15:42:46,MEDIUM,SYNTHETIC,,,true,Synthetic physical activity pattern.,SCN-PHYS-1084
REL-0671348,Case,CASE-01124,HAS_EVENT,PhysicalAccessEvent,PHY-00017282,2024-09-16T00:49:15,MEDIUM,SYNTHETIC,,,true,Synthetic case evidence linkage.,SCN-PHYS-1124
REL-0671349,Person,PER-020096,PARTICIPATED_IN,PhysicalAccessEvent,PHY-00017282,2024-09-16T00:49:15,MEDIUM,SYNTHETIC,,,true,Synthetic physical activity pattern.,SCN-PHYS-1124
REL-0671390,Case,CASE-01209,HAS_EVENT,PhysicalAccessEvent,PHY-00017303,2025-03-21T16:31:03,MEDIUM,SYNTHETIC,,,true,Synthetic case evidence linkage.,SCN-PHYS-1209
REL-0671391,Person,PER-021845,PARTICIPATED_IN,PhysicalAccessEvent,PHY-00017303,2025-03-21T16:31:03,MEDIUM,SYNTHETIC,,,true,Synthetic physical activity pattern.,SCN-PHYS-1209
REL-0671420,Case,CASE-01269,HAS_EVENT,PhysicalAccessEvent,PHY-00017318,2024-08-09T20:41:08,MEDIUM,SYNTHETIC,,,true,Synthetic case evidence linkage.,SCN-PHYS-1269
REL-0671421,Person,PER-022852,PARTICIPATED_IN,PhysicalAccessEvent,PHY-00017318,2024-08-09T20:41:08,MEDIUM,SYNTHETIC,,,true,Synthetic physical activity pattern.,SCN-PHYS-1269
REL-0671452,Case,CASE-01334,HAS_EVENT,PhysicalAccessEvent,PHY-00017334,2025-03-22T21:33:10,MEDIUM,SYNTHETIC,,,true,Synthetic case evidence linkage.,SCN-PHYS-1334
REL-0671453,Person,PER-023945,PARTICIPATED_IN,PhysicalAccessEvent,PHY-00017334,2025-03-22T21:33:10,MEDIUM,SYNTHETIC,,,true,Synthetic physical activity pattern.,SCN-PHYS-1334
REL-0671544,Case,CASE-01519,HAS_EVENT,PhysicalAccessEvent,PHY-00017380,2024-04-19T06:40:23,MEDIUM,SYNTHETIC,,,true,Synthetic case evidence linkage.,SCN-PHYS-1519
REL-0671545,Person,PER-027179,PARTICIPATED_IN,PhysicalAccessEvent,PHY-00017380,2024-04-19T06:40:23,MEDIUM,SYNTHETIC,,,true,Synthetic physical activity pattern.,SCN-PHYS-1519
REL-0671578,Case,CASE-01584,HAS_EVENT,PhysicalAccessEvent,PHY-00017397,2024-04-24T22:36:48,MEDIUM,SYNTHETIC,,,true,Synthetic case evidence linkage.,SCN-PHYS-1584
REL-0671579,Person,PER-028278,PARTICIPATED_IN,PhysicalAccessEvent,PHY-00017397,2024-04-24T22:36:48,MEDIUM,SYNTHETIC,,,true,Synthetic physical activity pattern.,SCN-PHYS-1584
REL-0671582,Case,CASE-01594,HAS_EVENT,PhysicalAccessEvent,PHY-00017399,2024-06-10T21:15:09,MEDIUM,SYNTHETIC,,,true,Synthetic case evidence linkage.,SCN-PHYS-1594
REL-0671583,Person,PER-028494,PARTICIPATED_IN,PhysicalAccessEvent,PHY-00017399,2024-06-10T21:15:09,MEDIUM,SYNTHETIC,,,true,Synthetic physical activity pattern.,SCN-PHYS-1594
REL-0671618,Case,CASE-01664,HAS_EVENT,PhysicalAccessEvent,PHY-00017417,2024-10-09T12:20:21,MEDIUM,SYNTHETIC,,,true,Synthetic case evidence linkage.,SCN-PHYS-1664
REL-0671619,Person,PER-029521,PARTICIPATED_IN,PhysicalAccessEvent,PHY-00017417,2024-10-09T12:20:21,MEDIUM,SYNTHETIC,,,true,Synthetic physical activity pattern.,SCN-PHYS-1664
REL-0671658,Case,CASE-01744,HAS_EVENT,PhysicalAccessEvent,PHY-00017437,2024-10-08T06:39:06,MEDIUM,SYNTHETIC,,,true,Synthetic case evidence linkage.,SCN-PHYS-1744
REL-0671659,Person,PER-031212,PARTICIPATED_IN,PhysicalAccessEvent,PHY-00017437,2024-10-08T06:39:06,MEDIUM,SYNTHETIC,,,true,Synthetic physical activity pattern.,SCN-PHYS-1744
REL-0671782,Case,CASE-01994,HAS_EVENT,PhysicalAccessEvent,PHY-00017499,2025-03-23T03:50:21,MEDIUM,SYNTHETIC,,,true,Synthetic case evidence linkage.,SCN-PHYS-1994
REL-0671783,Person,PER-035454,PARTICIPATED_IN,PhysicalAccessEvent,PHY-00017499,2025-03-23T03:50:21,MEDIUM,SYNTHETIC,,,true,Synthetic physical activity pattern.,SCN-PHYS-1994
REL-0671854,Case,CASE-00139,HAS_EVENT,PhysicalAccessEvent,PHY-00017535,2024-01-15T21:47:10,MEDIUM,SYNTHETIC,,,true,Synthetic case evidence linkage.,SCN-PHYS-0139
REL-0671855,Person,PER-002304,PARTICIPATED_IN,PhysicalAccessEvent,PHY-00017535,2024-01-15T21:47:10,MEDIUM,SYNTHETIC,,,true,Synthetic physical activity pattern.,SCN-PHYS-0139
REL-0671878,Case,CASE-00184,HAS_EVENT,PhysicalAccessEvent,PHY-00017547,2025-08-11T02:54:37,MEDIUM,SYNTHETIC,,,true,Synthetic case evidence linkage.,SCN-PHYS-0184
REL-0671879,Person,PER-003233,PARTICIPATED_IN,PhysicalAccessEvent,PHY-00017547,2025-08-11T02:54:37,MEDIUM,SYNTHETIC,,,true,Synthetic physical activity pattern.,SCN-PHYS-0184
REL-0671960,Case,CASE-00349,HAS_EVENT,PhysicalAccessEvent,PHY-00017588,2025-08-25T21:55:33,MEDIUM,SYNTHETIC,,,true,Synthetic case evidence linkage.,SCN-PHYS-0349
REL-0671961,Person,PER-006443,PARTICIPATED_IN,PhysicalAccessEvent,PHY-00017588,2025-08-25T21:55:33,MEDIUM,SYNTHETIC,,,true,Synthetic physical activity pattern.,SCN-PHYS-0349
REL-0671982,Case,CASE-00394,HAS_EVENT,PhysicalAccessEvent,PHY-00017599,2025-04-01T00:25:15,MEDIUM,SYNTHETIC,,,true,Synthetic case evidence linkage.,SCN-PHYS-0394
REL-0671983,Person,PER-007236,PARTICIPATED_IN,PhysicalAccessEvent,PHY-00017599,2025-04-01T00:25:15,MEDIUM,SYNTHETIC,,,true,Synthetic physical activity pattern.,SCN-PHYS-0394
REL-0672050,Case,CASE-00529,HAS_EVENT,PhysicalAccessEvent,PHY-00017633,2024-06-05T01:47:26,MEDIUM,SYNTHETIC,,,true,Synthetic case evidence linkage.,SCN-PHYS-0529
REL-0672051,Person,PER-009628,PARTICIPATED_IN,PhysicalAccessEvent,PHY-00017633,2024-06-05T01:47:26,MEDIUM,SYNTHETIC,,,true,Synthetic physical activity pattern.,SCN-PHYS-0529
REL-0672068,Case,CASE-00564,HAS_EVENT,PhysicalAccessEvent,PHY-00017642,2024-02-27T01:59:37,MEDIUM,SYNTHETIC,,,true,Synthetic case evidence linkage.,SCN-PHYS-0564
REL-0672069,Person,PER-010131,PARTICIPATED_IN,PhysicalAccessEvent,PHY-00017642,2024-02-27T01:59:37,MEDIUM,SYNTHETIC,,,true,Synthetic physical activity pattern.,SCN-PHYS-0564
REL-0672264,Case,CASE-00959,HAS_EVENT,PhysicalAccessEvent,PHY-00017740,2024-10-15T15:10:40,MEDIUM,SYNTHETIC,,,true,Synthetic case evidence linkage.,SCN-PHYS-0959
REL-0672265,Person,PER-017223,PARTICIPATED_IN,PhysicalAccessEvent,PHY-00017740,2024-10-15T15:10:40,MEDIUM,SYNTHETIC,,,true,Synthetic physical activity pattern.,SCN-PHYS-0959
REL-0672314,Case,CASE-01059,HAS_EVENT,PhysicalAccessEvent,PHY-00017765,2025-10-13T23:17:56,MEDIUM,SYNTHETIC,,,true,Synthetic case evidence linkage.,SCN-PHYS-1059
REL-0672315,Person,PER-018950,PARTICIPATED_IN,PhysicalAccessEvent,PHY-00017765,2025-10-13T23:17:56,MEDIUM,SYNTHETIC,,,true,Synthetic physical activity pattern.,SCN-PHYS-1059
REL-0672328,Case,CASE-01084,HAS_EVENT,PhysicalAccessEvent,PHY-00017772,2024-03-12T02:15:41,MEDIUM,SYNTHETIC,,,true,Synthetic case evidence linkage.,SCN-PHYS-1084
REL-0672329,Person,PER-019374,PARTICIPATED_IN,PhysicalAccessEvent,PHY-00017772,2024-03-12T02:15:41,MEDIUM,SYNTHETIC,,,true,Synthetic physical activity pattern.,SCN-PHYS-1084
REL-0672348,Case,CASE-01124,HAS_EVENT,PhysicalAccessEvent,PHY-00017782,2025-06-18T19:03:59,MEDIUM,SYNTHETIC,,,true,Synthetic case evidence linkage.,SCN-PHYS-1124
REL-0672349,Person,PER-020096,PARTICIPATED_IN,PhysicalAccessEvent,PHY-00017782,2025-06-18T19:03:59,MEDIUM,SYNTHETIC,,,true,Synthetic physical activity pattern.,SCN-PHYS-1124
REL-0672390,Case,CASE-01209,HAS_EVENT,PhysicalAccessEvent,PHY-00017803,2025-05-16T13:04:39,MEDIUM,SYNTHETIC,,,true,Synthetic case evidence linkage.,SCN-PHYS-1209
REL-0672391,Person,PER-021845,PARTICIPATED_IN,PhysicalAccessEvent,PHY-00017803,2025-05-16T13:04:39,MEDIUM,SYNTHETIC,,,true,Synthetic physical activity pattern.,SCN-PHYS-1209
REL-0672420,Case,CASE-01269,HAS_EVENT,PhysicalAccessEvent,PHY-00017818,2025-03-16T10:46:24,MEDIUM,SYNTHETIC,,,true,Synthetic case evidence linkage.,SCN-PHYS-1269
REL-0672421,Person,PER-022852,PARTICIPATED_IN,PhysicalAccessEvent,PHY-00017818,2025-03-16T10:46:24,MEDIUM,SYNTHETIC,,,true,Synthetic physical activity pattern.,SCN-PHYS-1269
REL-0672452,Case,CASE-01334,HAS_EVENT,PhysicalAccessEvent,PHY-00017834,2024-04-26T03:52:09,MEDIUM,SYNTHETIC,,,true,Synthetic case evidence linkage.,SCN-PHYS-1334
REL-0672453,Person,PER-023945,PARTICIPATED_IN,PhysicalAccessEvent,PHY-00017834,2024-04-26T03:52:09,MEDIUM,SYNTHETIC,,,true,Synthetic physical activity pattern.,SCN-PHYS-1334
REL-0672544,Case,CASE-01519,HAS_EVENT,PhysicalAccessEvent,PHY-00017880,2024-02-27T13:44:50,MEDIUM,SYNTHETIC,,,true,Synthetic case evidence linkage.,SCN-PHYS-1519
REL-0672545,Person,PER-027179,PARTICIPATED_IN,PhysicalAccessEvent,PHY-00017880,2024-02-27T13:44:50,MEDIUM,SYNTHETIC,,,true,Synthetic physical activity pattern.,SCN-PHYS-1519
REL-0672578,Case,CASE-01584,HAS_EVENT,PhysicalAccessEvent,PHY-00017897,2025-11-13T17:47:35,MEDIUM,SYNTHETIC,,,true,Synthetic case evidence linkage.,SCN-PHYS-1584
REL-0672579,Person,PER-028278,PARTICIPATED_IN,PhysicalAccessEvent,PHY-00017897,2025-11-13T17:47:35,MEDIUM,SYNTHETIC,,,true,Synthetic physical activity pattern.,SCN-PHYS-1584
REL-0672582,Case,CASE-01594,HAS_EVENT,PhysicalAccessEvent,PHY-00017899,2024-05-20T09:53:40,MEDIUM,SYNTHETIC,,,true,Synthetic case evidence linkage.,SCN-PHYS-1594
REL-0672583,Person,PER-028494,PARTICIPATED_IN,PhysicalAccessEvent,PHY-00017899,2024-05-20T09:53:40,MEDIUM,SYNTHETIC,,,true,Synthetic physical activity pattern.,SCN-PHYS-1594
REL-0672618,Case,CASE-01664,HAS_EVENT,PhysicalAccessEvent,PHY-00017917,2024-01-31T17:42:32,MEDIUM,SYNTHETIC,,,true,Synthetic case evidence linkage.,SCN-PHYS-1664
REL-0672619,Person,PER-029521,PARTICIPATED_IN,PhysicalAccessEvent,PHY-00017917,2024-01-31T17:42:32,MEDIUM,SYNTHETIC,,,true,Synthetic physical activity pattern.,SCN-PHYS-1664
REL-0672658,Case,CASE-01744,HAS_EVENT,PhysicalAccessEvent,PHY-00017937,2024-12-08T02:53:13,MEDIUM,SYNTHETIC,,,true,Synthetic case evidence linkage.,SCN-PHYS-1744
REL-0672659,Person,PER-031212,PARTICIPATED_IN,PhysicalAccessEvent,PHY-00017937,2024-12-08T02:53:13,MEDIUM,SYNTHETIC,,,true,Synthetic physical activity pattern.,SCN-PHYS-1744
REL-0672782,Case,CASE-01994,HAS_EVENT,PhysicalAccessEvent,PHY-00017999,2025-11-29T13:29:58,MEDIUM,SYNTHETIC,,,true,Synthetic case evidence linkage.,SCN-PHYS-1994
REL-0672783,Person,PER-035454,PARTICIPATED_IN,PhysicalAccessEvent,PHY-00017999,2025-11-29T13:29:58,MEDIUM,SYNTHETIC,,,true,Synthetic physical activity pattern.,SCN-PHYS-1994
REL-0672854,Case,CASE-00139,HAS_EVENT,PhysicalAccessEvent,PHY-00018035,2024-01-05T16:41:18,MEDIUM,SYNTHETIC,,,true,Synthetic case evidence linkage.,SCN-PHYS-0139
REL-0672855,Person,PER-002304,PARTICIPATED_IN,PhysicalAccessEvent,PHY-00018035,2024-01-05T16:41:18,MEDIUM,SYNTHETIC,,,true,Synthetic physical activity pattern.,SCN-PHYS-0139
REL-0672878,Case,CASE-00184,HAS_EVENT,PhysicalAccessEvent,PHY-00018047,2025-02-01T20:56:03,MEDIUM,SYNTHETIC,,,true,Synthetic case evidence linkage.,SCN-PHYS-0184
REL-0672879,Person,PER-003233,PARTICIPATED_IN,PhysicalAccessEvent,PHY-00018047,2025-02-01T20:56:03,MEDIUM,SYNTHETIC,,,true,Synthetic physical activity pattern.,SCN-PHYS-0184
REL-0672960,Case,CASE-00349,HAS_EVENT,PhysicalAccessEvent,PHY-00018088,2024-02-17T14:35:43,MEDIUM,SYNTHETIC,,,true,Synthetic case evidence linkage.,SCN-PHYS-0349
REL-0672961,Person,PER-006443,PARTICIPATED_IN,PhysicalAccessEvent,PHY-00018088,2024-02-17T14:35:43,MEDIUM,SYNTHETIC,,,true,Synthetic physical activity pattern.,SCN-PHYS-0349
REL-0672982,Case,CASE-00394,HAS_EVENT,PhysicalAccessEvent,PHY-00018099,2025-06-14T23:40:49,MEDIUM,SYNTHETIC,,,true,Synthetic case evidence linkage.,SCN-PHYS-0394
REL-0672983,Person,PER-007236,PARTICIPATED_IN,PhysicalAccessEvent,PHY-00018099,2025-06-14T23:40:49,MEDIUM,SYNTHETIC,,,true,Synthetic physical activity pattern.,SCN-PHYS-0394
REL-0673050,Case,CASE-00529,HAS_EVENT,PhysicalAccessEvent,PHY-00018133,2025-08-08T02:17:38,MEDIUM,SYNTHETIC,,,true,Synthetic case evidence linkage.,SCN-PHYS-0529
REL-0673051,Person,PER-009628,PARTICIPATED_IN,PhysicalAccessEvent,PHY-00018133,2025-08-08T02:17:38,MEDIUM,SYNTHETIC,,,true,Synthetic physical activity pattern.,SCN-PHYS-0529
REL-0673068,Case,CASE-00564,HAS_EVENT,PhysicalAccessEvent,PHY-00018142,2024-06-10T15:32:45,MEDIUM,SYNTHETIC,,,true,Synthetic case evidence linkage.,SCN-PHYS-0564
REL-0673069,Person,PER-010131,PARTICIPATED_IN,PhysicalAccessEvent,PHY-00018142,2024-06-10T15:32:45,MEDIUM,SYNTHETIC,,,true,Synthetic physical activity pattern.,SCN-PHYS-0564
REL-0673264,Case,CASE-00959,HAS_EVENT,PhysicalAccessEvent,PHY-00018240,2025-12-07T09:35:17,MEDIUM,SYNTHETIC,,,true,Synthetic case evidence linkage.,SCN-PHYS-0959
REL-0673265,Person,PER-017223,PARTICIPATED_IN,PhysicalAccessEvent,PHY-00018240,2025-12-07T09:35:17,MEDIUM,SYNTHETIC,,,true,Synthetic physical activity pattern.,SCN-PHYS-0959
REL-0673314,Case,CASE-01059,HAS_EVENT,PhysicalAccessEvent,PHY-00018265,2024-12-22T18:48:07,MEDIUM,SYNTHETIC,,,true,Synthetic case evidence linkage.,SCN-PHYS-1059
REL-0673315,Person,PER-018950,PARTICIPATED_IN,PhysicalAccessEvent,PHY-00018265,2024-12-22T18:48:07,MEDIUM,SYNTHETIC,,,true,Synthetic physical activity pattern.,SCN-PHYS-1059
REL-0673328,Case,CASE-01084,HAS_EVENT,PhysicalAccessEvent,PHY-00018272,2025-11-08T18:28:02,MEDIUM,SYNTHETIC,,,true,Synthetic case evidence linkage.,SCN-PHYS-1084
REL-0673329,Person,PER-019374,PARTICIPATED_IN,PhysicalAccessEvent,PHY-00018272,2025-11-08T18:28:02,MEDIUM,SYNTHETIC,,,true,Synthetic physical activity pattern.,SCN-PHYS-1084
REL-0673348,Case,CASE-01124,HAS_EVENT,PhysicalAccessEvent,PHY-00018282,2024-09-02T11:52:12,MEDIUM,SYNTHETIC,,,true,Synthetic case evidence linkage.,SCN-PHYS-1124
REL-0673349,Person,PER-020096,PARTICIPATED_IN,PhysicalAccessEvent,PHY-00018282,2024-09-02T11:52:12,MEDIUM,SYNTHETIC,,,true,Synthetic physical activity pattern.,SCN-PHYS-1124
REL-0673390,Case,CASE-01209,HAS_EVENT,PhysicalAccessEvent,PHY-00018303,2025-06-17T04:15:51,MEDIUM,SYNTHETIC,,,true,Synthetic case evidence linkage.,SCN-PHYS-1209
REL-0673391,Person,PER-021845,PARTICIPATED_IN,PhysicalAccessEvent,PHY-00018303,2025-06-17T04:15:51,MEDIUM,SYNTHETIC,,,true,Synthetic physical activity pattern.,SCN-PHYS-1209
REL-0673420,Case,CASE-01269,HAS_EVENT,PhysicalAccessEvent,PHY-00018318,2024-07-22T17:57:39,MEDIUM,SYNTHETIC,,,true,Synthetic case evidence linkage.,SCN-PHYS-1269
REL-0673421,Person,PER-022852,PARTICIPATED_IN,PhysicalAccessEvent,PHY-00018318,2024-07-22T17:57:39,MEDIUM,SYNTHETIC,,,true,Synthetic physical activity pattern.,SCN-PHYS-1269
REL-0673452,Case,CASE-01334,HAS_EVENT,PhysicalAccessEvent,PHY-00018334,2025-01-03T06:33:44,MEDIUM,SYNTHETIC,,,true,Synthetic case evidence linkage.,SCN-PHYS-1334
REL-0673453,Person,PER-023945,PARTICIPATED_IN,PhysicalAccessEvent,PHY-00018334,2025-01-03T06:33:44,MEDIUM,SYNTHETIC,,,true,Synthetic physical activity pattern.,SCN-PHYS-1334
REL-0673544,Case,CASE-01519,HAS_EVENT,PhysicalAccessEvent,PHY-00018380,2025-11-06T09:24:09,MEDIUM,SYNTHETIC,,,true,Synthetic case evidence linkage.,SCN-PHYS-1519
REL-0673545,Person,PER-027179,PARTICIPATED_IN,PhysicalAccessEvent,PHY-00018380,2025-11-06T09:24:09,MEDIUM,SYNTHETIC,,,true,Synthetic physical activity pattern.,SCN-PHYS-1519
REL-0673578,Case,CASE-01584,HAS_EVENT,PhysicalAccessEvent,PHY-00018397,2025-08-04T23:36:48,MEDIUM,SYNTHETIC,,,true,Synthetic case evidence linkage.,SCN-PHYS-1584
REL-0673579,Person,PER-028278,PARTICIPATED_IN,PhysicalAccessEvent,PHY-00018397,2025-08-04T23:36:48,MEDIUM,SYNTHETIC,,,true,Synthetic physical activity pattern.,SCN-PHYS-1584
REL-0673582,Case,CASE-01594,HAS_EVENT,PhysicalAccessEvent,PHY-00018399,2024-10-19T11:44:39,MEDIUM,SYNTHETIC,,,true,Synthetic case evidence linkage.,SCN-PHYS-1594
REL-0673583,Person,PER-028494,PARTICIPATED_IN,PhysicalAccessEvent,PHY-00018399,2024-10-19T11:44:39,MEDIUM,SYNTHETIC,,,true,Synthetic physical activity pattern.,SCN-PHYS-1594
REL-0673618,Case,CASE-01664,HAS_EVENT,PhysicalAccessEvent,PHY-00018417,2025-11-17T23:15:12,MEDIUM,SYNTHETIC,,,true,Synthetic case evidence linkage.,SCN-PHYS-1664
REL-0673619,Person,PER-029521,PARTICIPATED_IN,PhysicalAccessEvent,PHY-00018417,2025-11-17T23:15:12,MEDIUM,SYNTHETIC,,,true,Synthetic physical activity pattern.,SCN-PHYS-1664
REL-0673658,Case,CASE-01744,HAS_EVENT,PhysicalAccessEvent,PHY-00018437,2024-01-26T22:05:46,MEDIUM,SYNTHETIC,,,true,Synthetic case evidence linkage.,SCN-PHYS-1744
REL-0673659,Person,PER-031212,PARTICIPATED_IN,PhysicalAccessEvent,PHY-00018437,2024-01-26T22:05:46,MEDIUM,SYNTHETIC,,,true,Synthetic physical activity pattern.,SCN-PHYS-1744
REL-0673782,Case,CASE-01994,HAS_EVENT,PhysicalAccessEvent,PHY-00018499,2025-05-03T12:04:10,MEDIUM,SYNTHETIC,,,true,Synthetic case evidence linkage.,SCN-PHYS-1994
REL-0673783,Person,PER-035454,PARTICIPATED_IN,PhysicalAccessEvent,PHY-00018499,2025-05-03T12:04:10,MEDIUM,SYNTHETIC,,,true,Synthetic physical activity pattern.,SCN-PHYS-1994
REL-0673854,Case,CASE-00139,HAS_EVENT,PhysicalAccessEvent,PHY-00018535,2024-09-22T12:04:15,MEDIUM,SYNTHETIC,,,true,Synthetic case evidence linkage.,SCN-PHYS-0139
REL-0673855,Person,PER-002304,PARTICIPATED_IN,PhysicalAccessEvent,PHY-00018535,2024-09-22T12:04:15,MEDIUM,SYNTHETIC,,,true,Synthetic physical activity pattern.,SCN-PHYS-0139
REL-0673878,Case,CASE-00184,HAS_EVENT,PhysicalAccessEvent,PHY-00018547,2024-11-02T08:32:07,MEDIUM,SYNTHETIC,,,true,Synthetic case evidence linkage.,SCN-PHYS-0184
REL-0673879,Person,PER-003233,PARTICIPATED_IN,PhysicalAccessEvent,PHY-00018547,2024-11-02T08:32:07,MEDIUM,SYNTHETIC,,,true,Synthetic physical activity pattern.,SCN-PHYS-0184
REL-0673960,Case,CASE-00349,HAS_EVENT,PhysicalAccessEvent,PHY-00018588,2024-05-16T18:48:26,MEDIUM,SYNTHETIC,,,true,Synthetic case evidence linkage.,SCN-PHYS-0349
REL-0673961,Person,PER-006443,PARTICIPATED_IN,PhysicalAccessEvent,PHY-00018588,2024-05-16T18:48:26,MEDIUM,SYNTHETIC,,,true,Synthetic physical activity pattern.,SCN-PHYS-0349
REL-0673982,Case,CASE-00394,HAS_EVENT,PhysicalAccessEvent,PHY-00018599,2024-07-07T21:57:28,MEDIUM,SYNTHETIC,,,true,Synthetic case evidence linkage.,SCN-PHYS-0394
REL-0673983,Person,PER-007236,PARTICIPATED_IN,PhysicalAccessEvent,PHY-00018599,2024-07-07T21:57:28,MEDIUM,SYNTHETIC,,,true,Synthetic physical activity pattern.,SCN-PHYS-0394
REL-0674050,Case,CASE-00529,HAS_EVENT,PhysicalAccessEvent,PHY-00018633,2024-03-31T08:26:50,MEDIUM,SYNTHETIC,,,true,Synthetic case evidence linkage.,SCN-PHYS-0529
REL-0674051,Person,PER-009628,PARTICIPATED_IN,PhysicalAccessEvent,PHY-00018633,2024-03-31T08:26:50,MEDIUM,SYNTHETIC,,,true,Synthetic physical activity pattern.,SCN-PHYS-0529
REL-0674068,Case,CASE-00564,HAS_EVENT,PhysicalAccessEvent,PHY-00018642,2025-03-03T19:22:39,MEDIUM,SYNTHETIC,,,true,Synthetic case evidence linkage.,SCN-PHYS-0564
REL-0674069,Person,PER-010131,PARTICIPATED_IN,PhysicalAccessEvent,PHY-00018642,2025-03-03T19:22:39,MEDIUM,SYNTHETIC,,,true,Synthetic physical activity pattern.,SCN-PHYS-0564
REL-0674264,Case,CASE-00959,HAS_EVENT,PhysicalAccessEvent,PHY-00018740,2024-10-14T20:58:19,MEDIUM,SYNTHETIC,,,true,Synthetic case evidence linkage.,SCN-PHYS-0959
REL-0674265,Person,PER-017223,PARTICIPATED_IN,PhysicalAccessEvent,PHY-00018740,2024-10-14T20:58:19,MEDIUM,SYNTHETIC,,,true,Synthetic physical activity pattern.,SCN-PHYS-0959
REL-0674314,Case,CASE-01059,HAS_EVENT,PhysicalAccessEvent,PHY-00018765,2024-10-14T08:22:35,MEDIUM,SYNTHETIC,,,true,Synthetic case evidence linkage.,SCN-PHYS-1059
REL-0674315,Person,PER-018950,PARTICIPATED_IN,PhysicalAccessEvent,PHY-00018765,2024-10-14T08:22:35,MEDIUM,SYNTHETIC,,,true,Synthetic physical activity pattern.,SCN-PHYS-1059
REL-0674328,Case,CASE-01084,HAS_EVENT,PhysicalAccessEvent,PHY-00018772,2025-07-07T16:04:17,MEDIUM,SYNTHETIC,,,true,Synthetic case evidence linkage.,SCN-PHYS-1084
REL-0674329,Person,PER-019374,PARTICIPATED_IN,PhysicalAccessEvent,PHY-00018772,2025-07-07T16:04:17,MEDIUM,SYNTHETIC,,,true,Synthetic physical activity pattern.,SCN-PHYS-1084
REL-0674348,Case,CASE-01124,HAS_EVENT,PhysicalAccessEvent,PHY-00018782,2024-02-22T18:11:05,MEDIUM,SYNTHETIC,,,true,Synthetic case evidence linkage.,SCN-PHYS-1124
REL-0674349,Person,PER-020096,PARTICIPATED_IN,PhysicalAccessEvent,PHY-00018782,2024-02-22T18:11:05,MEDIUM,SYNTHETIC,,,true,Synthetic physical activity pattern.,SCN-PHYS-1124
REL-0674390,Case,CASE-01209,HAS_EVENT,PhysicalAccessEvent,PHY-00018803,2024-01-30T08:06:10,MEDIUM,SYNTHETIC,,,true,Synthetic case evidence linkage.,SCN-PHYS-1209
REL-0674391,Person,PER-021845,PARTICIPATED_IN,PhysicalAccessEvent,PHY-00018803,2024-01-30T08:06:10,MEDIUM,SYNTHETIC,,,true,Synthetic physical activity pattern.,SCN-PHYS-1209
REL-0674420,Case,CASE-01269,HAS_EVENT,PhysicalAccessEvent,PHY-00018818,2025-08-24T01:09:58,MEDIUM,SYNTHETIC,,,true,Synthetic case evidence linkage.,SCN-PHYS-1269
REL-0674421,Person,PER-022852,PARTICIPATED_IN,PhysicalAccessEvent,PHY-00018818,2025-08-24T01:09:58,MEDIUM,SYNTHETIC,,,true,Synthetic physical activity pattern.,SCN-PHYS-1269
REL-0674452,Case,CASE-01334,HAS_EVENT,PhysicalAccessEvent,PHY-00018834,2024-10-08T01:46:32,MEDIUM,SYNTHETIC,,,true,Synthetic case evidence linkage.,SCN-PHYS-1334
REL-0674453,Person,PER-023945,PARTICIPATED_IN,PhysicalAccessEvent,PHY-00018834,2024-10-08T01:46:32,MEDIUM,SYNTHETIC,,,true,Synthetic physical activity pattern.,SCN-PHYS-1334
REL-0674544,Case,CASE-01519,HAS_EVENT,PhysicalAccessEvent,PHY-00018880,2025-01-14T12:05:49,MEDIUM,SYNTHETIC,,,true,Synthetic case evidence linkage.,SCN-PHYS-1519
REL-0674545,Person,PER-027179,PARTICIPATED_IN,PhysicalAccessEvent,PHY-00018880,2025-01-14T12:05:49,MEDIUM,SYNTHETIC,,,true,Synthetic physical activity pattern.,SCN-PHYS-1519
REL-0674578,Case,CASE-01584,HAS_EVENT,PhysicalAccessEvent,PHY-00018897,2024-08-03T22:32:59,MEDIUM,SYNTHETIC,,,true,Synthetic case evidence linkage.,SCN-PHYS-1584
REL-0674579,Person,PER-028278,PARTICIPATED_IN,PhysicalAccessEvent,PHY-00018897,2024-08-03T22:32:59,MEDIUM,SYNTHETIC,,,true,Synthetic physical activity pattern.,SCN-PHYS-1584
REL-0674582,Case,CASE-01594,HAS_EVENT,PhysicalAccessEvent,PHY-00018899,2024-03-10T01:54:01,MEDIUM,SYNTHETIC,,,true,Synthetic case evidence linkage.,SCN-PHYS-1594
REL-0674583,Person,PER-028494,PARTICIPATED_IN,PhysicalAccessEvent,PHY-00018899,2024-03-10T01:54:01,MEDIUM,SYNTHETIC,,,true,Synthetic physical activity pattern.,SCN-PHYS-1594
REL-0674618,Case,CASE-01664,HAS_EVENT,PhysicalAccessEvent,PHY-00018917,2025-03-12T01:45:17,MEDIUM,SYNTHETIC,,,true,Synthetic case evidence linkage.,SCN-PHYS-1664
REL-0674619,Person,PER-029521,PARTICIPATED_IN,PhysicalAccessEvent,PHY-00018917,2025-03-12T01:45:17,MEDIUM,SYNTHETIC,,,true,Synthetic physical activity pattern.,SCN-PHYS-1664
REL-0674658,Case,CASE-01744,HAS_EVENT,PhysicalAccessEvent,PHY-00018937,2024-11-06T02:57:13,MEDIUM,SYNTHETIC,,,true,Synthetic case evidence linkage.,SCN-PHYS-1744
REL-0674659,Person,PER-031212,PARTICIPATED_IN,PhysicalAccessEvent,PHY-00018937,2024-11-06T02:57:13,MEDIUM,SYNTHETIC,,,true,Synthetic physical activity pattern.,SCN-PHYS-1744
REL-0674782,Case,CASE-01994,HAS_EVENT,PhysicalAccessEvent,PHY-00018999,2025-09-01T23:13:52,MEDIUM,SYNTHETIC,,,true,Synthetic case evidence linkage.,SCN-PHYS-1994
REL-0674783,Person,PER-035454,PARTICIPATED_IN,PhysicalAccessEvent,PHY-00018999,2025-09-01T23:13:52,MEDIUM,SYNTHETIC,,,true,Synthetic physical activity pattern.,SCN-PHYS-1994
REL-0674854,Case,CASE-00139,HAS_EVENT,PhysicalAccessEvent,PHY-00019035,2024-08-19T02:37:35,MEDIUM,SYNTHETIC,,,true,Synthetic case evidence linkage.,SCN-PHYS-0139
REL-0674855,Person,PER-002304,PARTICIPATED_IN,PhysicalAccessEvent,PHY-00019035,2024-08-19T02:37:35,MEDIUM,SYNTHETIC,,,true,Synthetic physical activity pattern.,SCN-PHYS-0139
REL-0674878,Case,CASE-00184,HAS_EVENT,PhysicalAccessEvent,PHY-00019047,2025-03-10T11:22:34,MEDIUM,SYNTHETIC,,,true,Synthetic case evidence linkage.,SCN-PHYS-0184
REL-0674879,Person,PER-003233,PARTICIPATED_IN,PhysicalAccessEvent,PHY-00019047,2025-03-10T11:22:34,MEDIUM,SYNTHETIC,,,true,Synthetic physical activity pattern.,SCN-PHYS-0184
REL-0674960,Case,CASE-00349,HAS_EVENT,PhysicalAccessEvent,PHY-00019088,2024-06-10T19:18:11,MEDIUM,SYNTHETIC,,,true,Synthetic case evidence linkage.,SCN-PHYS-0349
REL-0674961,Person,PER-006443,PARTICIPATED_IN,PhysicalAccessEvent,PHY-00019088,2024-06-10T19:18:11,MEDIUM,SYNTHETIC,,,true,Synthetic physical activity pattern.,SCN-PHYS-0349
REL-0674982,Case,CASE-00394,HAS_EVENT,PhysicalAccessEvent,PHY-00019099,2024-01-18T15:24:40,MEDIUM,SYNTHETIC,,,true,Synthetic case evidence linkage.,SCN-PHYS-0394
REL-0674983,Person,PER-007236,PARTICIPATED_IN,PhysicalAccessEvent,PHY-00019099,2024-01-18T15:24:40,MEDIUM,SYNTHETIC,,,true,Synthetic physical activity pattern.,SCN-PHYS-0394
REL-0675050,Case,CASE-00529,HAS_EVENT,PhysicalAccessEvent,PHY-00019133,2024-02-27T04:39:23,MEDIUM,SYNTHETIC,,,true,Synthetic case evidence linkage.,SCN-PHYS-0529
REL-0675051,Person,PER-009628,PARTICIPATED_IN,PhysicalAccessEvent,PHY-00019133,2024-02-27T04:39:23,MEDIUM,SYNTHETIC,,,true,Synthetic physical activity pattern.,SCN-PHYS-0529
REL-0675068,Case,CASE-00564,HAS_EVENT,PhysicalAccessEvent,PHY-00019142,2024-03-12T07:28:02,MEDIUM,SYNTHETIC,,,true,Synthetic case evidence linkage.,SCN-PHYS-0564
REL-0675069,Person,PER-010131,PARTICIPATED_IN,PhysicalAccessEvent,PHY-00019142,2024-03-12T07:28:02,MEDIUM,SYNTHETIC,,,true,Synthetic physical activity pattern.,SCN-PHYS-0564
REL-0675264,Case,CASE-00959,HAS_EVENT,PhysicalAccessEvent,PHY-00019240,2025-08-31T11:06:48,MEDIUM,SYNTHETIC,,,true,Synthetic case evidence linkage.,SCN-PHYS-0959
REL-0675265,Person,PER-017223,PARTICIPATED_IN,PhysicalAccessEvent,PHY-00019240,2025-08-31T11:06:48,MEDIUM,SYNTHETIC,,,true,Synthetic physical activity pattern.,SCN-PHYS-0959
REL-0675314,Case,CASE-01059,HAS_EVENT,PhysicalAccessEvent,PHY-00019265,2024-07-08T07:26:47,MEDIUM,SYNTHETIC,,,true,Synthetic case evidence linkage.,SCN-PHYS-1059
REL-0675315,Person,PER-018950,PARTICIPATED_IN,PhysicalAccessEvent,PHY-00019265,2024-07-08T07:26:47,MEDIUM,SYNTHETIC,,,true,Synthetic physical activity pattern.,SCN-PHYS-1059
REL-0675328,Case,CASE-01084,HAS_EVENT,PhysicalAccessEvent,PHY-00019272,2024-09-17T14:20:19,MEDIUM,SYNTHETIC,,,true,Synthetic case evidence linkage.,SCN-PHYS-1084
REL-0675329,Person,PER-019374,PARTICIPATED_IN,PhysicalAccessEvent,PHY-00019272,2024-09-17T14:20:19,MEDIUM,SYNTHETIC,,,true,Synthetic physical activity pattern.,SCN-PHYS-1084
REL-0675348,Case,CASE-01124,HAS_EVENT,PhysicalAccessEvent,PHY-00019282,2025-05-25T20:36:15,MEDIUM,SYNTHETIC,,,true,Synthetic case evidence linkage.,SCN-PHYS-1124
REL-0675349,Person,PER-020096,PARTICIPATED_IN,PhysicalAccessEvent,PHY-00019282,2025-05-25T20:36:15,MEDIUM,SYNTHETIC,,,true,Synthetic physical activity pattern.,SCN-PHYS-1124
REL-0675390,Case,CASE-01209,HAS_EVENT,PhysicalAccessEvent,PHY-00019303,2025-01-30T10:23:40,MEDIUM,SYNTHETIC,,,true,Synthetic case evidence linkage.,SCN-PHYS-1209
REL-0675391,Person,PER-021845,PARTICIPATED_IN,PhysicalAccessEvent,PHY-00019303,2025-01-30T10:23:40,MEDIUM,SYNTHETIC,,,true,Synthetic physical activity pattern.,SCN-PHYS-1209
REL-0675420,Case,CASE-01269,HAS_EVENT,PhysicalAccessEvent,PHY-00019318,2025-12-09T12:46:08,MEDIUM,SYNTHETIC,,,true,Synthetic case evidence linkage.,SCN-PHYS-1269
REL-0675421,Person,PER-022852,PARTICIPATED_IN,PhysicalAccessEvent,PHY-00019318,2025-12-09T12:46:08,MEDIUM,SYNTHETIC,,,true,Synthetic physical activity pattern.,SCN-PHYS-1269
REL-0675452,Case,CASE-01334,HAS_EVENT,PhysicalAccessEvent,PHY-00019334,2025-02-23T08:55:48,MEDIUM,SYNTHETIC,,,true,Synthetic case evidence linkage.,SCN-PHYS-1334
REL-0675453,Person,PER-023945,PARTICIPATED_IN,PhysicalAccessEvent,PHY-00019334,2025-02-23T08:55:48,MEDIUM,SYNTHETIC,,,true,Synthetic physical activity pattern.,SCN-PHYS-1334
REL-0675544,Case,CASE-01519,HAS_EVENT,PhysicalAccessEvent,PHY-00019380,2025-10-19T06:55:12,MEDIUM,SYNTHETIC,,,true,Synthetic case evidence linkage.,SCN-PHYS-1519
REL-0675545,Person,PER-027179,PARTICIPATED_IN,PhysicalAccessEvent,PHY-00019380,2025-10-19T06:55:12,MEDIUM,SYNTHETIC,,,true,Synthetic physical activity pattern.,SCN-PHYS-1519
REL-0675578,Case,CASE-01584,HAS_EVENT,PhysicalAccessEvent,PHY-00019397,2025-02-13T15:18:22,MEDIUM,SYNTHETIC,,,true,Synthetic case evidence linkage.,SCN-PHYS-1584
REL-0675579,Person,PER-028278,PARTICIPATED_IN,PhysicalAccessEvent,PHY-00019397,2025-02-13T15:18:22,MEDIUM,SYNTHETIC,,,true,Synthetic physical activity pattern.,SCN-PHYS-1584
REL-0675582,Case,CASE-01594,HAS_EVENT,PhysicalAccessEvent,PHY-00019399,2024-04-04T16:15:57,MEDIUM,SYNTHETIC,,,true,Synthetic case evidence linkage.,SCN-PHYS-1594
REL-0675583,Person,PER-028494,PARTICIPATED_IN,PhysicalAccessEvent,PHY-00019399,2024-04-04T16:15:57,MEDIUM,SYNTHETIC,,,true,Synthetic physical activity pattern.,SCN-PHYS-1594
REL-0675618,Case,CASE-01664,HAS_EVENT,PhysicalAccessEvent,PHY-00019417,2024-11-21T15:38:32,MEDIUM,SYNTHETIC,,,true,Synthetic case evidence linkage.,SCN-PHYS-1664
REL-0675619,Person,PER-029521,PARTICIPATED_IN,PhysicalAccessEvent,PHY-00019417,2024-11-21T15:38:32,MEDIUM,SYNTHETIC,,,true,Synthetic physical activity pattern.,SCN-PHYS-1664
REL-0675658,Case,CASE-01744,HAS_EVENT,PhysicalAccessEvent,PHY-00019437,2024-05-27T17:49:21,MEDIUM,SYNTHETIC,,,true,Synthetic case evidence linkage.,SCN-PHYS-1744
REL-0675659,Person,PER-031212,PARTICIPATED_IN,PhysicalAccessEvent,PHY-00019437,2024-05-27T17:49:21,MEDIUM,SYNTHETIC,,,true,Synthetic physical activity pattern.,SCN-PHYS-1744
REL-0675782,Case,CASE-01994,HAS_EVENT,PhysicalAccessEvent,PHY-00019499,2025-09-07T19:34:32,MEDIUM,SYNTHETIC,,,true,Synthetic case evidence linkage.,SCN-PHYS-1994
REL-0675783,Person,PER-035454,PARTICIPATED_IN,PhysicalAccessEvent,PHY-00019499,2025-09-07T19:34:32,MEDIUM,SYNTHETIC,,,true,Synthetic physical activity pattern.,SCN-PHYS-1994
REL-0675854,Case,CASE-00139,HAS_EVENT,PhysicalAccessEvent,PHY-00019535,2024-06-09T13:31:48,MEDIUM,SYNTHETIC,,,true,Synthetic case evidence linkage.,SCN-PHYS-0139
REL-0675855,Person,PER-002304,PARTICIPATED_IN,PhysicalAccessEvent,PHY-00019535,2024-06-09T13:31:48,MEDIUM,SYNTHETIC,,,true,Synthetic physical activity pattern.,SCN-PHYS-0139
REL-0675878,Case,CASE-00184,HAS_EVENT,PhysicalAccessEvent,PHY-00019547,2025-04-09T12:05:39,MEDIUM,SYNTHETIC,,,true,Synthetic case evidence linkage.,SCN-PHYS-0184
REL-0675879,Person,PER-003233,PARTICIPATED_IN,PhysicalAccessEvent,PHY-00019547,2025-04-09T12:05:39,MEDIUM,SYNTHETIC,,,true,Synthetic physical activity pattern.,SCN-PHYS-0184
REL-0675960,Case,CASE-00349,HAS_EVENT,PhysicalAccessEvent,PHY-00019588,2024-09-26T06:36:54,MEDIUM,SYNTHETIC,,,true,Synthetic case evidence linkage.,SCN-PHYS-0349
REL-0675961,Person,PER-006443,PARTICIPATED_IN,PhysicalAccessEvent,PHY-00019588,2024-09-26T06:36:54,MEDIUM,SYNTHETIC,,,true,Synthetic physical activity pattern.,SCN-PHYS-0349
REL-0675982,Case,CASE-00394,HAS_EVENT,PhysicalAccessEvent,PHY-00019599,2025-12-04T15:52:15,MEDIUM,SYNTHETIC,,,true,Synthetic case evidence linkage.,SCN-PHYS-0394
REL-0675983,Person,PER-007236,PARTICIPATED_IN,PhysicalAccessEvent,PHY-00019599,2025-12-04T15:52:15,MEDIUM,SYNTHETIC,,,true,Synthetic physical activity pattern.,SCN-PHYS-0394
REL-0676050,Case,CASE-00529,HAS_EVENT,PhysicalAccessEvent,PHY-00019633,2024-08-16T14:12:51,MEDIUM,SYNTHETIC,,,true,Synthetic case evidence linkage.,SCN-PHYS-0529
REL-0676051,Person,PER-009628,PARTICIPATED_IN,PhysicalAccessEvent,PHY-00019633,2024-08-16T14:12:51,MEDIUM,SYNTHETIC,,,true,Synthetic physical activity pattern.,SCN-PHYS-0529
REL-0676068,Case,CASE-00564,HAS_EVENT,PhysicalAccessEvent,PHY-00019642,2025-06-27T13:15:44,MEDIUM,SYNTHETIC,,,true,Synthetic case evidence linkage.,SCN-PHYS-0564
REL-0676069,Person,PER-010131,PARTICIPATED_IN,PhysicalAccessEvent,PHY-00019642,2025-06-27T13:15:44,MEDIUM,SYNTHETIC,,,true,Synthetic physical activity pattern.,SCN-PHYS-0564
REL-0676264,Case,CASE-00959,HAS_EVENT,PhysicalAccessEvent,PHY-00019740,2024-12-07T09:59:59,MEDIUM,SYNTHETIC,,,true,Synthetic case evidence linkage.,SCN-PHYS-0959
REL-0676265,Person,PER-017223,PARTICIPATED_IN,PhysicalAccessEvent,PHY-00019740,2024-12-07T09:59:59,MEDIUM,SYNTHETIC,,,true,Synthetic physical activity pattern.,SCN-PHYS-0959
REL-0676314,Case,CASE-01059,HAS_EVENT,PhysicalAccessEvent,PHY-00019765,2024-09-16T01:19:40,MEDIUM,SYNTHETIC,,,true,Synthetic case evidence linkage.,SCN-PHYS-1059
REL-0676315,Person,PER-018950,PARTICIPATED_IN,PhysicalAccessEvent,PHY-00019765,2024-09-16T01:19:40,MEDIUM,SYNTHETIC,,,true,Synthetic physical activity pattern.,SCN-PHYS-1059
REL-0676328,Case,CASE-01084,HAS_EVENT,PhysicalAccessEvent,PHY-00019772,2025-01-24T04:14:45,MEDIUM,SYNTHETIC,,,true,Synthetic case evidence linkage.,SCN-PHYS-1084
REL-0676329,Person,PER-019374,PARTICIPATED_IN,PhysicalAccessEvent,PHY-00019772,2025-01-24T04:14:45,MEDIUM,SYNTHETIC,,,true,Synthetic physical activity pattern.,SCN-PHYS-1084
REL-0676348,Case,CASE-01124,HAS_EVENT,PhysicalAccessEvent,PHY-00019782,2024-04-27T20:32:38,MEDIUM,SYNTHETIC,,,true,Synthetic case evidence linkage.,SCN-PHYS-1124
REL-0676349,Person,PER-020096,PARTICIPATED_IN,PhysicalAccessEvent,PHY-00019782,2024-04-27T20:32:38,MEDIUM,SYNTHETIC,,,true,Synthetic physical activity pattern.,SCN-PHYS-1124
REL-0676390,Case,CASE-01209,HAS_EVENT,PhysicalAccessEvent,PHY-00019803,2025-10-16T17:33:40,MEDIUM,SYNTHETIC,,,true,Synthetic case evidence linkage.,SCN-PHYS-1209
REL-0676391,Person,PER-021845,PARTICIPATED_IN,PhysicalAccessEvent,PHY-00019803,2025-10-16T17:33:40,MEDIUM,SYNTHETIC,,,true,Synthetic physical activity pattern.,SCN-PHYS-1209
REL-0676420,Case,CASE-01269,HAS_EVENT,PhysicalAccessEvent,PHY-00019818,2025-03-24T20:48:44,MEDIUM,SYNTHETIC,,,true,Synthetic case evidence linkage.,SCN-PHYS-1269
REL-0676421,Person,PER-022852,PARTICIPATED_IN,PhysicalAccessEvent,PHY-00019818,2025-03-24T20:48:44,MEDIUM,SYNTHETIC,,,true,Synthetic physical activity pattern.,SCN-PHYS-1269
REL-0676452,Case,CASE-01334,HAS_EVENT,PhysicalAccessEvent,PHY-00019834,2025-09-26T00:20:39,MEDIUM,SYNTHETIC,,,true,Synthetic case evidence linkage.,SCN-PHYS-1334
REL-0676453,Person,PER-023945,PARTICIPATED_IN,PhysicalAccessEvent,PHY-00019834,2025-09-26T00:20:39,MEDIUM,SYNTHETIC,,,true,Synthetic physical activity pattern.,SCN-PHYS-1334
REL-0676544,Case,CASE-01519,HAS_EVENT,PhysicalAccessEvent,PHY-00019880,2024-12-04T01:43:32,MEDIUM,SYNTHETIC,,,true,Synthetic case evidence linkage.,SCN-PHYS-1519
REL-0676545,Person,PER-027179,PARTICIPATED_IN,PhysicalAccessEvent,PHY-00019880,2024-12-04T01:43:32,MEDIUM,SYNTHETIC,,,true,Synthetic physical activity pattern.,SCN-PHYS-1519
REL-0676578,Case,CASE-01584,HAS_EVENT,PhysicalAccessEvent,PHY-00019897,2025-06-28T09:17:32,MEDIUM,SYNTHETIC,,,true,Synthetic case evidence linkage.,SCN-PHYS-1584
REL-0676579,Person,PER-028278,PARTICIPATED_IN,PhysicalAccessEvent,PHY-00019897,2025-06-28T09:17:32,MEDIUM,SYNTHETIC,,,true,Synthetic physical activity pattern.,SCN-PHYS-1584
REL-0676582,Case,CASE-01594,HAS_EVENT,PhysicalAccessEvent,PHY-00019899,2024-05-20T08:23:44,MEDIUM,SYNTHETIC,,,true,Synthetic case evidence linkage.,SCN-PHYS-1594
REL-0676583,Person,PER-028494,PARTICIPATED_IN,PhysicalAccessEvent,PHY-00019899,2024-05-20T08:23:44,MEDIUM,SYNTHETIC,,,true,Synthetic physical activity pattern.,SCN-PHYS-1594
REL-0676618,Case,CASE-01664,HAS_EVENT,PhysicalAccessEvent,PHY-00019917,2025-06-04T15:24:48,MEDIUM,SYNTHETIC,,,true,Synthetic case evidence linkage.,SCN-PHYS-1664
REL-0676619,Person,PER-029521,PARTICIPATED_IN,PhysicalAccessEvent,PHY-00019917,2025-06-04T15:24:48,MEDIUM,SYNTHETIC,,,true,Synthetic physical activity pattern.,SCN-PHYS-1664
REL-0676658,Case,CASE-01744,HAS_EVENT,PhysicalAccessEvent,PHY-00019937,2025-02-13T00:31:52,MEDIUM,SYNTHETIC,,,true,Synthetic case evidence linkage.,SCN-PHYS-1744
REL-0676659,Person,PER-031212,PARTICIPATED_IN,PhysicalAccessEvent,PHY-00019937,2025-02-13T00:31:52,MEDIUM,SYNTHETIC,,,true,Synthetic physical activity pattern.,SCN-PHYS-1744
REL-0676782,Case,CASE-01994,HAS_EVENT,PhysicalAccessEvent,PHY-00019999,2025-03-10T20:11:02,MEDIUM,SYNTHETIC,,,true,Synthetic case evidence linkage.,SCN-PHYS-1994
REL-0676783,Person,PER-035454,PARTICIPATED_IN,PhysicalAccessEvent,PHY-00019999,2025-03-10T20:11:02,MEDIUM,SYNTHETIC,,,true,Synthetic physical activity pattern.,SCN-PHYS-1994
REL-0676854,Case,CASE-00139,HAS_EVENT,PhysicalAccessEvent,PHY-00020035,2025-06-11T20:52:12,MEDIUM,SYNTHETIC,,,true,Synthetic case evidence linkage.,SCN-PHYS-0139
REL-0676855,Person,PER-002304,PARTICIPATED_IN,PhysicalAccessEvent,PHY-00020035,2025-06-11T20:52:12,MEDIUM,SYNTHETIC,,,true,Synthetic physical activity pattern.,SCN-PHYS-0139
REL-0676878,Case,CASE-00184,HAS_EVENT,PhysicalAccessEvent,PHY-00020047,2024-07-21T17:00:59,MEDIUM,SYNTHETIC,,,true,Synthetic case evidence linkage.,SCN-PHYS-0184
REL-0676879,Person,PER-003233,PARTICIPATED_IN,PhysicalAccessEvent,PHY-00020047,2024-07-21T17:00:59,MEDIUM,SYNTHETIC,,,true,Synthetic physical activity pattern.,SCN-PHYS-0184
REL-0676960,Case,CASE-00349,HAS_EVENT,PhysicalAccessEvent,PHY-00020088,2025-09-11T22:00:34,MEDIUM,SYNTHETIC,,,true,Synthetic case evidence linkage.,SCN-PHYS-0349
REL-0676961,Person,PER-006443,PARTICIPATED_IN,PhysicalAccessEvent,PHY-00020088,2025-09-11T22:00:34,MEDIUM,SYNTHETIC,,,true,Synthetic physical activity pattern.,SCN-PHYS-0349
REL-0676982,Case,CASE-00394,HAS_EVENT,PhysicalAccessEvent,PHY-00020099,2025-09-27T13:53:11,MEDIUM,SYNTHETIC,,,true,Synthetic case evidence linkage.,SCN-PHYS-0394
REL-0676983,Person,PER-007236,PARTICIPATED_IN,PhysicalAccessEvent,PHY-00020099,2025-09-27T13:53:11,MEDIUM,SYNTHETIC,,,true,Synthetic physical activity pattern.,SCN-PHYS-0394
REL-0677050,Case,CASE-00529,HAS_EVENT,PhysicalAccessEvent,PHY-00020133,2025-05-04T16:41:23,MEDIUM,SYNTHETIC,,,true,Synthetic case evidence linkage.,SCN-PHYS-0529
REL-0677051,Person,PER-009628,PARTICIPATED_IN,PhysicalAccessEvent,PHY-00020133,2025-05-04T16:41:23,MEDIUM,SYNTHETIC,,,true,Synthetic physical activity pattern.,SCN-PHYS-0529
REL-0677068,Case,CASE-00564,HAS_EVENT,PhysicalAccessEvent,PHY-00020142,2024-11-12T00:20:41,MEDIUM,SYNTHETIC,,,true,Synthetic case evidence linkage.,SCN-PHYS-0564
REL-0677069,Person,PER-010131,PARTICIPATED_IN,PhysicalAccessEvent,PHY-00020142,2024-11-12T00:20:41,MEDIUM,SYNTHETIC,,,true,Synthetic physical activity pattern.,SCN-PHYS-0564
REL-0677264,Case,CASE-00959,HAS_EVENT,PhysicalAccessEvent,PHY-00020240,2024-09-14T20:32:35,MEDIUM,SYNTHETIC,,,true,Synthetic case evidence linkage.,SCN-PHYS-0959
REL-0677265,Person,PER-017223,PARTICIPATED_IN,PhysicalAccessEvent,PHY-00020240,2024-09-14T20:32:35,MEDIUM,SYNTHETIC,,,true,Synthetic physical activity pattern.,SCN-PHYS-0959
REL-0677314,Case,CASE-01059,HAS_EVENT,PhysicalAccessEvent,PHY-00020265,2024-02-12T09:14:54,MEDIUM,SYNTHETIC,,,true,Synthetic case evidence linkage.,SCN-PHYS-1059
REL-0677315,Person,PER-018950,PARTICIPATED_IN,PhysicalAccessEvent,PHY-00020265,2024-02-12T09:14:54,MEDIUM,SYNTHETIC,,,true,Synthetic physical activity pattern.,SCN-PHYS-1059
REL-0677328,Case,CASE-01084,HAS_EVENT,PhysicalAccessEvent,PHY-00020272,2024-02-19T01:42:39,MEDIUM,SYNTHETIC,,,true,Synthetic case evidence linkage.,SCN-PHYS-1084
REL-0677329,Person,PER-019374,PARTICIPATED_IN,PhysicalAccessEvent,PHY-00020272,2024-02-19T01:42:39,MEDIUM,SYNTHETIC,,,true,Synthetic physical activity pattern.,SCN-PHYS-1084
REL-0677348,Case,CASE-01124,HAS_EVENT,PhysicalAccessEvent,PHY-00020282,2024-07-03T08:58:27,MEDIUM,SYNTHETIC,,,true,Synthetic case evidence linkage.,SCN-PHYS-1124
REL-0677349,Person,PER-020096,PARTICIPATED_IN,PhysicalAccessEvent,PHY-00020282,2024-07-03T08:58:27,MEDIUM,SYNTHETIC,,,true,Synthetic physical activity pattern.,SCN-PHYS-1124
REL-0677390,Case,CASE-01209,HAS_EVENT,PhysicalAccessEvent,PHY-00020303,2024-11-12T13:57:56,MEDIUM,SYNTHETIC,,,true,Synthetic case evidence linkage.,SCN-PHYS-1209
REL-0677391,Person,PER-021845,PARTICIPATED_IN,PhysicalAccessEvent,PHY-00020303,2024-11-12T13:57:56,MEDIUM,SYNTHETIC,,,true,Synthetic physical activity pattern.,SCN-PHYS-1209
REL-0677420,Case,CASE-01269,HAS_EVENT,PhysicalAccessEvent,PHY-00020318,2024-08-04T12:52:47,MEDIUM,SYNTHETIC,,,true,Synthetic case evidence linkage.,SCN-PHYS-1269
REL-0677421,Person,PER-022852,PARTICIPATED_IN,PhysicalAccessEvent,PHY-00020318,2024-08-04T12:52:47,MEDIUM,SYNTHETIC,,,true,Synthetic physical activity pattern.,SCN-PHYS-1269
REL-0677452,Case,CASE-01334,HAS_EVENT,PhysicalAccessEvent,PHY-00020334,2024-07-29T21:27:19,MEDIUM,SYNTHETIC,,,true,Synthetic case evidence linkage.,SCN-PHYS-1334
REL-0677453,Person,PER-023945,PARTICIPATED_IN,PhysicalAccessEvent,PHY-00020334,2024-07-29T21:27:19,MEDIUM,SYNTHETIC,,,true,Synthetic physical activity pattern.,SCN-PHYS-1334
REL-0677544,Case,CASE-01519,HAS_EVENT,PhysicalAccessEvent,PHY-00020380,2025-12-13T16:04:51,MEDIUM,SYNTHETIC,,,true,Synthetic case evidence linkage.,SCN-PHYS-1519
REL-0677545,Person,PER-027179,PARTICIPATED_IN,PhysicalAccessEvent,PHY-00020380,2025-12-13T16:04:51,MEDIUM,SYNTHETIC,,,true,Synthetic physical activity pattern.,SCN-PHYS-1519
REL-0677578,Case,CASE-01584,HAS_EVENT,PhysicalAccessEvent,PHY-00020397,2024-10-28T08:27:18,MEDIUM,SYNTHETIC,,,true,Synthetic case evidence linkage.,SCN-PHYS-1584
REL-0677579,Person,PER-028278,PARTICIPATED_IN,PhysicalAccessEvent,PHY-00020397,2024-10-28T08:27:18,MEDIUM,SYNTHETIC,,,true,Synthetic physical activity pattern.,SCN-PHYS-1584
REL-0677582,Case,CASE-01594,HAS_EVENT,PhysicalAccessEvent,PHY-00020399,2025-12-18T22:51:26,MEDIUM,SYNTHETIC,,,true,Synthetic case evidence linkage.,SCN-PHYS-1594
REL-0677583,Person,PER-028494,PARTICIPATED_IN,PhysicalAccessEvent,PHY-00020399,2025-12-18T22:51:26,MEDIUM,SYNTHETIC,,,true,Synthetic physical activity pattern.,SCN-PHYS-1594
REL-0677618,Case,CASE-01664,HAS_EVENT,PhysicalAccessEvent,PHY-00020417,2024-04-15T20:01:57,MEDIUM,SYNTHETIC,,,true,Synthetic case evidence linkage.,SCN-PHYS-1664
REL-0677619,Person,PER-029521,PARTICIPATED_IN,PhysicalAccessEvent,PHY-00020417,2024-04-15T20:01:57,MEDIUM,SYNTHETIC,,,true,Synthetic physical activity pattern.,SCN-PHYS-1664
REL-0677658,Case,CASE-01744,HAS_EVENT,PhysicalAccessEvent,PHY-00020437,2025-08-25T11:31:44,MEDIUM,SYNTHETIC,,,true,Synthetic case evidence linkage.,SCN-PHYS-1744
REL-0677659,Person,PER-031212,PARTICIPATED_IN,PhysicalAccessEvent,PHY-00020437,2025-08-25T11:31:44,MEDIUM,SYNTHETIC,,,true,Synthetic physical activity pattern.,SCN-PHYS-1744
REL-0677782,Case,CASE-01994,HAS_EVENT,PhysicalAccessEvent,PHY-00020499,2025-02-03T22:04:30,MEDIUM,SYNTHETIC,,,true,Synthetic case evidence linkage.,SCN-PHYS-1994
REL-0677783,Person,PER-035454,PARTICIPATED_IN,PhysicalAccessEvent,PHY-00020499,2025-02-03T22:04:30,MEDIUM,SYNTHETIC,,,true,Synthetic physical activity pattern.,SCN-PHYS-1994
REL-0677854,Case,CASE-00139,HAS_EVENT,PhysicalAccessEvent,PHY-00020535,2025-04-12T03:28:25,MEDIUM,SYNTHETIC,,,true,Synthetic case evidence linkage.,SCN-PHYS-0139
REL-0677855,Person,PER-002304,PARTICIPATED_IN,PhysicalAccessEvent,PHY-00020535,2025-04-12T03:28:25,MEDIUM,SYNTHETIC,,,true,Synthetic physical activity pattern.,SCN-PHYS-0139
REL-0677878,Case,CASE-00184,HAS_EVENT,PhysicalAccessEvent,PHY-00020547,2024-01-06T16:45:01,MEDIUM,SYNTHETIC,,,true,Synthetic case evidence linkage.,SCN-PHYS-0184
REL-0677879,Person,PER-003233,PARTICIPATED_IN,PhysicalAccessEvent,PHY-00020547,2024-01-06T16:45:01,MEDIUM,SYNTHETIC,,,true,Synthetic physical activity pattern.,SCN-PHYS-0184
REL-0677960,Case,CASE-00349,HAS_EVENT,PhysicalAccessEvent,PHY-00020588,2025-12-09T19:28:14,MEDIUM,SYNTHETIC,,,true,Synthetic case evidence linkage.,SCN-PHYS-0349
REL-0677961,Person,PER-006443,PARTICIPATED_IN,PhysicalAccessEvent,PHY-00020588,2025-12-09T19:28:14,MEDIUM,SYNTHETIC,,,true,Synthetic physical activity pattern.,SCN-PHYS-0349
REL-0677982,Case,CASE-00394,HAS_EVENT,PhysicalAccessEvent,PHY-00020599,2024-12-27T02:59:19,MEDIUM,SYNTHETIC,,,true,Synthetic case evidence linkage.,SCN-PHYS-0394
REL-0677983,Person,PER-007236,PARTICIPATED_IN,PhysicalAccessEvent,PHY-00020599,2024-12-27T02:59:19,MEDIUM,SYNTHETIC,,,true,Synthetic physical activity pattern.,SCN-PHYS-0394
REL-0678050,Case,CASE-00529,HAS_EVENT,PhysicalAccessEvent,PHY-00020633,2025-01-04T19:01:55,MEDIUM,SYNTHETIC,,,true,Synthetic case evidence linkage.,SCN-PHYS-0529
REL-0678051,Person,PER-009628,PARTICIPATED_IN,PhysicalAccessEvent,PHY-00020633,2025-01-04T19:01:55,MEDIUM,SYNTHETIC,,,true,Synthetic physical activity pattern.,SCN-PHYS-0529
REL-0678068,Case,CASE-00564,HAS_EVENT,PhysicalAccessEvent,PHY-00020642,2024-05-29T23:01:44,MEDIUM,SYNTHETIC,,,true,Synthetic case evidence linkage.,SCN-PHYS-0564
REL-0678069,Person,PER-010131,PARTICIPATED_IN,PhysicalAccessEvent,PHY-00020642,2024-05-29T23:01:44,MEDIUM,SYNTHETIC,,,true,Synthetic physical activity pattern.,SCN-PHYS-0564
REL-0678264,Case,CASE-00959,HAS_EVENT,PhysicalAccessEvent,PHY-00020740,2025-01-09T15:15:45,MEDIUM,SYNTHETIC,,,true,Synthetic case evidence linkage.,SCN-PHYS-0959
REL-0678265,Person,PER-017223,PARTICIPATED_IN,PhysicalAccessEvent,PHY-00020740,2025-01-09T15:15:45,MEDIUM,SYNTHETIC,,,true,Synthetic physical activity pattern.,SCN-PHYS-0959
REL-0678314,Case,CASE-01059,HAS_EVENT,PhysicalAccessEvent,PHY-00020765,2024-02-09T08:42:39,MEDIUM,SYNTHETIC,,,true,Synthetic case evidence linkage.,SCN-PHYS-1059
REL-0678315,Person,PER-018950,PARTICIPATED_IN,PhysicalAccessEvent,PHY-00020765,2024-02-09T08:42:39,MEDIUM,SYNTHETIC,,,true,Synthetic physical activity pattern.,SCN-PHYS-1059
REL-0678328,Case,CASE-01084,HAS_EVENT,PhysicalAccessEvent,PHY-00020772,2024-07-26T17:20:11,MEDIUM,SYNTHETIC,,,true,Synthetic case evidence linkage.,SCN-PHYS-1084
REL-0678329,Person,PER-019374,PARTICIPATED_IN,PhysicalAccessEvent,PHY-00020772,2024-07-26T17:20:11,MEDIUM,SYNTHETIC,,,true,Synthetic physical activity pattern.,SCN-PHYS-1084
REL-0678348,Case,CASE-01124,HAS_EVENT,PhysicalAccessEvent,PHY-00020782,2025-12-29T00:27:29,MEDIUM,SYNTHETIC,,,true,Synthetic case evidence linkage.,SCN-PHYS-1124
REL-0678349,Person,PER-020096,PARTICIPATED_IN,PhysicalAccessEvent,PHY-00020782,2025-12-29T00:27:29,MEDIUM,SYNTHETIC,,,true,Synthetic physical activity pattern.,SCN-PHYS-1124
REL-0678390,Case,CASE-01209,HAS_EVENT,PhysicalAccessEvent,PHY-00020803,2024-02-28T04:10:51,MEDIUM,SYNTHETIC,,,true,Synthetic case evidence linkage.,SCN-PHYS-1209
REL-0678391,Person,PER-021845,PARTICIPATED_IN,PhysicalAccessEvent,PHY-00020803,2024-02-28T04:10:51,MEDIUM,SYNTHETIC,,,true,Synthetic physical activity pattern.,SCN-PHYS-1209
REL-0678420,Case,CASE-01269,HAS_EVENT,PhysicalAccessEvent,PHY-00020818,2024-08-03T01:36:36,MEDIUM,SYNTHETIC,,,true,Synthetic case evidence linkage.,SCN-PHYS-1269
REL-0678421,Person,PER-022852,PARTICIPATED_IN,PhysicalAccessEvent,PHY-00020818,2024-08-03T01:36:36,MEDIUM,SYNTHETIC,,,true,Synthetic physical activity pattern.,SCN-PHYS-1269
REL-0678452,Case,CASE-01334,HAS_EVENT,PhysicalAccessEvent,PHY-00020834,2024-02-02T18:15:20,MEDIUM,SYNTHETIC,,,true,Synthetic case evidence linkage.,SCN-PHYS-1334
REL-0678453,Person,PER-023945,PARTICIPATED_IN,PhysicalAccessEvent,PHY-00020834,2024-02-02T18:15:20,MEDIUM,SYNTHETIC,,,true,Synthetic physical activity pattern.,SCN-PHYS-1334
REL-0678544,Case,CASE-01519,HAS_EVENT,PhysicalAccessEvent,PHY-00020880,2024-03-10T20:56:32,MEDIUM,SYNTHETIC,,,true,Synthetic case evidence linkage.,SCN-PHYS-1519
REL-0678545,Person,PER-027179,PARTICIPATED_IN,PhysicalAccessEvent,PHY-00020880,2024-03-10T20:56:32,MEDIUM,SYNTHETIC,,,true,Synthetic physical activity pattern.,SCN-PHYS-1519
REL-0678578,Case,CASE-01584,HAS_EVENT,PhysicalAccessEvent,PHY-00020897,2024-05-06T10:02:49,MEDIUM,SYNTHETIC,,,true,Synthetic case evidence linkage.,SCN-PHYS-1584
REL-0678579,Person,PER-028278,PARTICIPATED_IN,PhysicalAccessEvent,PHY-00020897,2024-05-06T10:02:49,MEDIUM,SYNTHETIC,,,true,Synthetic physical activity pattern.,SCN-PHYS-1584
REL-0678582,Case,CASE-01594,HAS_EVENT,PhysicalAccessEvent,PHY-00020899,2025-10-23T04:01:20,MEDIUM,SYNTHETIC,,,true,Synthetic case evidence linkage.,SCN-PHYS-1594
REL-0678583,Person,PER-028494,PARTICIPATED_IN,PhysicalAccessEvent,PHY-00020899,2025-10-23T04:01:20,MEDIUM,SYNTHETIC,,,true,Synthetic physical activity pattern.,SCN-PHYS-1594
REL-0678618,Case,CASE-01664,HAS_EVENT,PhysicalAccessEvent,PHY-00020917,2025-12-22T12:04:36,MEDIUM,SYNTHETIC,,,true,Synthetic case evidence linkage.,SCN-PHYS-1664
REL-0678619,Person,PER-029521,PARTICIPATED_IN,PhysicalAccessEvent,PHY-00020917,2025-12-22T12:04:36,MEDIUM,SYNTHETIC,,,true,Synthetic physical activity pattern.,SCN-PHYS-1664
REL-0678658,Case,CASE-01744,HAS_EVENT,PhysicalAccessEvent,PHY-00020937,2025-08-20T13:29:58,MEDIUM,SYNTHETIC,,,true,Synthetic case evidence linkage.,SCN-PHYS-1744
REL-0678659,Person,PER-031212,PARTICIPATED_IN,PhysicalAccessEvent,PHY-00020937,2025-08-20T13:29:58,MEDIUM,SYNTHETIC,,,true,Synthetic physical activity pattern.,SCN-PHYS-1744
REL-0678782,Case,CASE-01994,HAS_EVENT,PhysicalAccessEvent,PHY-00020999,2025-08-19T13:16:18,MEDIUM,SYNTHETIC,,,true,Synthetic case evidence linkage.,SCN-PHYS-1994
REL-0678783,Person,PER-035454,PARTICIPATED_IN,PhysicalAccessEvent,PHY-00020999,2025-08-19T13:16:18,MEDIUM,SYNTHETIC,,,true,Synthetic physical activity pattern.,SCN-PHYS-1994
REL-0678854,Case,CASE-00139,HAS_EVENT,PhysicalAccessEvent,PHY-00021035,2025-03-02T14:52:17,MEDIUM,SYNTHETIC,,,true,Synthetic case evidence linkage.,SCN-PHYS-0139
REL-0678855,Person,PER-002304,PARTICIPATED_IN,PhysicalAccessEvent,PHY-00021035,2025-03-02T14:52:17,MEDIUM,SYNTHETIC,,,true,Synthetic physical activity pattern.,SCN-PHYS-0139
REL-0678878,Case,CASE-00184,HAS_EVENT,PhysicalAccessEvent,PHY-00021047,2025-06-02T23:20:50,MEDIUM,SYNTHETIC,,,true,Synthetic case evidence linkage.,SCN-PHYS-0184
REL-0678879,Person,PER-003233,PARTICIPATED_IN,PhysicalAccessEvent,PHY-00021047,2025-06-02T23:20:50,MEDIUM,SYNTHETIC,,,true,Synthetic physical activity pattern.,SCN-PHYS-0184
REL-0678960,Case,CASE-00349,HAS_EVENT,PhysicalAccessEvent,PHY-00021088,2024-09-16T09:53:20,MEDIUM,SYNTHETIC,,,true,Synthetic case evidence linkage.,SCN-PHYS-0349
REL-0678961,Person,PER-006443,PARTICIPATED_IN,PhysicalAccessEvent,PHY-00021088,2024-09-16T09:53:20,MEDIUM,SYNTHETIC,,,true,Synthetic physical activity pattern.,SCN-PHYS-0349
REL-0678982,Case,CASE-00394,HAS_EVENT,PhysicalAccessEvent,PHY-00021099,2025-05-12T08:27:16,MEDIUM,SYNTHETIC,,,true,Synthetic case evidence linkage.,SCN-PHYS-0394
REL-0678983,Person,PER-007236,PARTICIPATED_IN,PhysicalAccessEvent,PHY-00021099,2025-05-12T08:27:16,MEDIUM,SYNTHETIC,,,true,Synthetic physical activity pattern.,SCN-PHYS-0394
REL-0679050,Case,CASE-00529,HAS_EVENT,PhysicalAccessEvent,PHY-00021133,2024-11-28T17:31:06,MEDIUM,SYNTHETIC,,,true,Synthetic case evidence linkage.,SCN-PHYS-0529
REL-0679051,Person,PER-009628,PARTICIPATED_IN,PhysicalAccessEvent,PHY-00021133,2024-11-28T17:31:06,MEDIUM,SYNTHETIC,,,true,Synthetic physical activity pattern.,SCN-PHYS-0529
REL-0679068,Case,CASE-00564,HAS_EVENT,PhysicalAccessEvent,PHY-00021142,2024-07-08T14:58:09,MEDIUM,SYNTHETIC,,,true,Synthetic case evidence linkage.,SCN-PHYS-0564
REL-0679069,Person,PER-010131,PARTICIPATED_IN,PhysicalAccessEvent,PHY-00021142,2024-07-08T14:58:09,MEDIUM,SYNTHETIC,,,true,Synthetic physical activity pattern.,SCN-PHYS-0564
REL-0679264,Case,CASE-00959,HAS_EVENT,PhysicalAccessEvent,PHY-00021240,2024-04-17T20:31:30,MEDIUM,SYNTHETIC,,,true,Synthetic case evidence linkage.,SCN-PHYS-0959
REL-0679265,Person,PER-017223,PARTICIPATED_IN,PhysicalAccessEvent,PHY-00021240,2024-04-17T20:31:30,MEDIUM,SYNTHETIC,,,true,Synthetic physical activity pattern.,SCN-PHYS-0959
REL-0679314,Case,CASE-01059,HAS_EVENT,PhysicalAccessEvent,PHY-00021265,2025-07-03T12:16:09,MEDIUM,SYNTHETIC,,,true,Synthetic case evidence linkage.,SCN-PHYS-1059
REL-0679315,Person,PER-018950,PARTICIPATED_IN,PhysicalAccessEvent,PHY-00021265,2025-07-03T12:16:09,MEDIUM,SYNTHETIC,,,true,Synthetic physical activity pattern.,SCN-PHYS-1059
REL-0679328,Case,CASE-01084,HAS_EVENT,PhysicalAccessEvent,PHY-00021272,2024-07-11T16:44:34,MEDIUM,SYNTHETIC,,,true,Synthetic case evidence linkage.,SCN-PHYS-1084
REL-0679329,Person,PER-019374,PARTICIPATED_IN,PhysicalAccessEvent,PHY-00021272,2024-07-11T16:44:34,MEDIUM,SYNTHETIC,,,true,Synthetic physical activity pattern.,SCN-PHYS-1084
REL-0679348,Case,CASE-01124,HAS_EVENT,PhysicalAccessEvent,PHY-00021282,2024-12-22T17:45:42,MEDIUM,SYNTHETIC,,,true,Synthetic case evidence linkage.,SCN-PHYS-1124
REL-0679349,Person,PER-020096,PARTICIPATED_IN,PhysicalAccessEvent,PHY-00021282,2024-12-22T17:45:42,MEDIUM,SYNTHETIC,,,true,Synthetic physical activity pattern.,SCN-PHYS-1124
REL-0679390,Case,CASE-01209,HAS_EVENT,PhysicalAccessEvent,PHY-00021303,2025-10-23T08:23:36,MEDIUM,SYNTHETIC,,,true,Synthetic case evidence linkage.,SCN-PHYS-1209
REL-0679391,Person,PER-021845,PARTICIPATED_IN,PhysicalAccessEvent,PHY-00021303,2025-10-23T08:23:36,MEDIUM,SYNTHETIC,,,true,Synthetic physical activity pattern.,SCN-PHYS-1209
REL-0679420,Case,CASE-01269,HAS_EVENT,PhysicalAccessEvent,PHY-00021318,2024-02-11T07:07:12,MEDIUM,SYNTHETIC,,,true,Synthetic case evidence linkage.,SCN-PHYS-1269
REL-0679421,Person,PER-022852,PARTICIPATED_IN,PhysicalAccessEvent,PHY-00021318,2024-02-11T07:07:12,MEDIUM,SYNTHETIC,,,true,Synthetic physical activity pattern.,SCN-PHYS-1269
REL-0679452,Case,CASE-01334,HAS_EVENT,PhysicalAccessEvent,PHY-00021334,2024-07-11T07:25:16,MEDIUM,SYNTHETIC,,,true,Synthetic case evidence linkage.,SCN-PHYS-1334
REL-0679453,Person,PER-023945,PARTICIPATED_IN,PhysicalAccessEvent,PHY-00021334,2024-07-11T07:25:16,MEDIUM,SYNTHETIC,,,true,Synthetic physical activity pattern.,SCN-PHYS-1334
REL-0679544,Case,CASE-01519,HAS_EVENT,PhysicalAccessEvent,PHY-00021380,2024-08-31T12:12:27,MEDIUM,SYNTHETIC,,,true,Synthetic case evidence linkage.,SCN-PHYS-1519
REL-0679545,Person,PER-027179,PARTICIPATED_IN,PhysicalAccessEvent,PHY-00021380,2024-08-31T12:12:27,MEDIUM,SYNTHETIC,,,true,Synthetic physical activity pattern.,SCN-PHYS-1519
REL-0679578,Case,CASE-01584,HAS_EVENT,PhysicalAccessEvent,PHY-00021397,2024-03-24T15:23:19,MEDIUM,SYNTHETIC,,,true,Synthetic case evidence linkage.,SCN-PHYS-1584
REL-0679579,Person,PER-028278,PARTICIPATED_IN,PhysicalAccessEvent,PHY-00021397,2024-03-24T15:23:19,MEDIUM,SYNTHETIC,,,true,Synthetic physical activity pattern.,SCN-PHYS-1584
REL-0679582,Case,CASE-01594,HAS_EVENT,PhysicalAccessEvent,PHY-00021399,2025-06-29T14:09:08,MEDIUM,SYNTHETIC,,,true,Synthetic case evidence linkage.,SCN-PHYS-1594
REL-0679583,Person,PER-028494,PARTICIPATED_IN,PhysicalAccessEvent,PHY-00021399,2025-06-29T14:09:08,MEDIUM,SYNTHETIC,,,true,Synthetic physical activity pattern.,SCN-PHYS-1594
REL-0679618,Case,CASE-01664,HAS_EVENT,PhysicalAccessEvent,PHY-00021417,2025-01-20T02:05:52,MEDIUM,SYNTHETIC,,,true,Synthetic case evidence linkage.,SCN-PHYS-1664
REL-0679619,Person,PER-029521,PARTICIPATED_IN,PhysicalAccessEvent,PHY-00021417,2025-01-20T02:05:52,MEDIUM,SYNTHETIC,,,true,Synthetic physical activity pattern.,SCN-PHYS-1664
REL-0679658,Case,CASE-01744,HAS_EVENT,PhysicalAccessEvent,PHY-00021437,2024-01-30T06:54:17,MEDIUM,SYNTHETIC,,,true,Synthetic case evidence linkage.,SCN-PHYS-1744
REL-0679659,Person,PER-031212,PARTICIPATED_IN,PhysicalAccessEvent,PHY-00021437,2024-01-30T06:54:17,MEDIUM,SYNTHETIC,,,true,Synthetic physical activity pattern.,SCN-PHYS-1744
REL-0679782,Case,CASE-01994,HAS_EVENT,PhysicalAccessEvent,PHY-00021499,2025-10-26T03:22:45,MEDIUM,SYNTHETIC,,,true,Synthetic case evidence linkage.,SCN-PHYS-1994
REL-0679783,Person,PER-035454,PARTICIPATED_IN,PhysicalAccessEvent,PHY-00021499,2025-10-26T03:22:45,MEDIUM,SYNTHETIC,,,true,Synthetic physical activity pattern.,SCN-PHYS-1994
REL-0679854,Case,CASE-00139,HAS_EVENT,PhysicalAccessEvent,PHY-00021535,2025-05-17T03:55:16,MEDIUM,SYNTHETIC,,,true,Synthetic case evidence linkage.,SCN-PHYS-0139
REL-0679855,Person,PER-002304,PARTICIPATED_IN,PhysicalAccessEvent,PHY-00021535,2025-05-17T03:55:16,MEDIUM,SYNTHETIC,,,true,Synthetic physical activity pattern.,SCN-PHYS-0139
REL-0679878,Case,CASE-00184,HAS_EVENT,PhysicalAccessEvent,PHY-00021547,2024-12-01T20:38:58,MEDIUM,SYNTHETIC,,,true,Synthetic case evidence linkage.,SCN-PHYS-0184
REL-0679879,Person,PER-003233,PARTICIPATED_IN,PhysicalAccessEvent,PHY-00021547,2024-12-01T20:38:58,MEDIUM,SYNTHETIC,,,true,Synthetic physical activity pattern.,SCN-PHYS-0184
REL-0679960,Case,CASE-00349,HAS_EVENT,PhysicalAccessEvent,PHY-00021588,2025-09-27T05:50:47,MEDIUM,SYNTHETIC,,,true,Synthetic case evidence linkage.,SCN-PHYS-0349
REL-0679961,Person,PER-006443,PARTICIPATED_IN,PhysicalAccessEvent,PHY-00021588,2025-09-27T05:50:47,MEDIUM,SYNTHETIC,,,true,Synthetic physical activity pattern.,SCN-PHYS-0349
REL-0679982,Case,CASE-00394,HAS_EVENT,PhysicalAccessEvent,PHY-00021599,2024-11-02T12:31:29,MEDIUM,SYNTHETIC,,,true,Synthetic case evidence linkage.,SCN-PHYS-0394
REL-0679983,Person,PER-007236,PARTICIPATED_IN,PhysicalAccessEvent,PHY-00021599,2024-11-02T12:31:29,MEDIUM,SYNTHETIC,,,true,Synthetic physical activity pattern.,SCN-PHYS-0394
REL-0680050,Case,CASE-00529,HAS_EVENT,PhysicalAccessEvent,PHY-00021633,2025-01-21T17:43:29,MEDIUM,SYNTHETIC,,,true,Synthetic case evidence linkage.,SCN-PHYS-0529
REL-0680051,Person,PER-009628,PARTICIPATED_IN,PhysicalAccessEvent,PHY-00021633,2025-01-21T17:43:29,MEDIUM,SYNTHETIC,,,true,Synthetic physical activity pattern.,SCN-PHYS-0529
REL-0680068,Case,CASE-00564,HAS_EVENT,PhysicalAccessEvent,PHY-00021642,2025-07-23T04:06:32,MEDIUM,SYNTHETIC,,,true,Synthetic case evidence linkage.,SCN-PHYS-0564
REL-0680069,Person,PER-010131,PARTICIPATED_IN,PhysicalAccessEvent,PHY-00021642,2025-07-23T04:06:32,MEDIUM,SYNTHETIC,,,true,Synthetic physical activity pattern.,SCN-PHYS-0564
REL-0680264,Case,CASE-00959,HAS_EVENT,PhysicalAccessEvent,PHY-00021740,2025-04-03T21:22:48,MEDIUM,SYNTHETIC,,,true,Synthetic case evidence linkage.,SCN-PHYS-0959
REL-0680265,Person,PER-017223,PARTICIPATED_IN,PhysicalAccessEvent,PHY-00021740,2025-04-03T21:22:48,MEDIUM,SYNTHETIC,,,true,Synthetic physical activity pattern.,SCN-PHYS-0959
REL-0680314,Case,CASE-01059,HAS_EVENT,PhysicalAccessEvent,PHY-00021765,2025-11-26T18:56:48,MEDIUM,SYNTHETIC,,,true,Synthetic case evidence linkage.,SCN-PHYS-1059
REL-0680315,Person,PER-018950,PARTICIPATED_IN,PhysicalAccessEvent,PHY-00021765,2025-11-26T18:56:48,MEDIUM,SYNTHETIC,,,true,Synthetic physical activity pattern.,SCN-PHYS-1059
REL-0680328,Case,CASE-01084,HAS_EVENT,PhysicalAccessEvent,PHY-00021772,2025-03-28T15:03:04,MEDIUM,SYNTHETIC,,,true,Synthetic case evidence linkage.,SCN-PHYS-1084
REL-0680329,Person,PER-019374,PARTICIPATED_IN,PhysicalAccessEvent,PHY-00021772,2025-03-28T15:03:04,MEDIUM,SYNTHETIC,,,true,Synthetic physical activity pattern.,SCN-PHYS-1084
REL-0680348,Case,CASE-01124,HAS_EVENT,PhysicalAccessEvent,PHY-00021782,2025-03-04T00:51:58,MEDIUM,SYNTHETIC,,,true,Synthetic case evidence linkage.,SCN-PHYS-1124
REL-0680349,Person,PER-020096,PARTICIPATED_IN,PhysicalAccessEvent,PHY-00021782,2025-03-04T00:51:58,MEDIUM,SYNTHETIC,,,true,Synthetic physical activity pattern.,SCN-PHYS-1124
REL-0680390,Case,CASE-01209,HAS_EVENT,PhysicalAccessEvent,PHY-00021803,2024-11-02T16:19:57,MEDIUM,SYNTHETIC,,,true,Synthetic case evidence linkage.,SCN-PHYS-1209
REL-0680391,Person,PER-021845,PARTICIPATED_IN,PhysicalAccessEvent,PHY-00021803,2024-11-02T16:19:57,MEDIUM,SYNTHETIC,,,true,Synthetic physical activity pattern.,SCN-PHYS-1209
REL-0680420,Case,CASE-01269,HAS_EVENT,PhysicalAccessEvent,PHY-00021818,2024-08-15T12:56:28,MEDIUM,SYNTHETIC,,,true,Synthetic case evidence linkage.,SCN-PHYS-1269
REL-0680421,Person,PER-022852,PARTICIPATED_IN,PhysicalAccessEvent,PHY-00021818,2024-08-15T12:56:28,MEDIUM,SYNTHETIC,,,true,Synthetic physical activity pattern.,SCN-PHYS-1269
REL-0680452,Case,CASE-01334,HAS_EVENT,PhysicalAccessEvent,PHY-00021834,2024-12-03T16:01:42,MEDIUM,SYNTHETIC,,,true,Synthetic case evidence linkage.,SCN-PHYS-1334
REL-0680453,Person,PER-023945,PARTICIPATED_IN,PhysicalAccessEvent,PHY-00021834,2024-12-03T16:01:42,MEDIUM,SYNTHETIC,,,true,Synthetic physical activity pattern.,SCN-PHYS-1334
REL-0680544,Case,CASE-01519,HAS_EVENT,PhysicalAccessEvent,PHY-00021880,2025-12-20T09:54:33,MEDIUM,SYNTHETIC,,,true,Synthetic case evidence linkage.,SCN-PHYS-1519
REL-0680545,Person,PER-027179,PARTICIPATED_IN,PhysicalAccessEvent,PHY-00021880,2025-12-20T09:54:33,MEDIUM,SYNTHETIC,,,true,Synthetic physical activity pattern.,SCN-PHYS-1519
REL-0680578,Case,CASE-01584,HAS_EVENT,PhysicalAccessEvent,PHY-00021897,2024-05-22T11:41:33,MEDIUM,SYNTHETIC,,,true,Synthetic case evidence linkage.,SCN-PHYS-1584
REL-0680579,Person,PER-028278,PARTICIPATED_IN,PhysicalAccessEvent,PHY-00021897,2024-05-22T11:41:33,MEDIUM,SYNTHETIC,,,true,Synthetic physical activity pattern.,SCN-PHYS-1584
REL-0680582,Case,CASE-01594,HAS_EVENT,PhysicalAccessEvent,PHY-00021899,2024-04-18T03:19:30,MEDIUM,SYNTHETIC,,,true,Synthetic case evidence linkage.,SCN-PHYS-1594
REL-0680583,Person,PER-028494,PARTICIPATED_IN,PhysicalAccessEvent,PHY-00021899,2024-04-18T03:19:30,MEDIUM,SYNTHETIC,,,true,Synthetic physical activity pattern.,SCN-PHYS-1594
REL-0680618,Case,CASE-01664,HAS_EVENT,PhysicalAccessEvent,PHY-00021917,2024-05-24T03:57:06,MEDIUM,SYNTHETIC,,,true,Synthetic case evidence linkage.,SCN-PHYS-1664
REL-0680619,Person,PER-029521,PARTICIPATED_IN,PhysicalAccessEvent,PHY-00021917,2024-05-24T03:57:06,MEDIUM,SYNTHETIC,,,true,Synthetic physical activity pattern.,SCN-PHYS-1664
REL-0680658,Case,CASE-01744,HAS_EVENT,PhysicalAccessEvent,PHY-00021937,2024-10-20T11:18:38,MEDIUM,SYNTHETIC,,,true,Synthetic case evidence linkage.,SCN-PHYS-1744
REL-0680659,Person,PER-031212,PARTICIPATED_IN,PhysicalAccessEvent,PHY-00021937,2024-10-20T11:18:38,MEDIUM,SYNTHETIC,,,true,Synthetic physical activity pattern.,SCN-PHYS-1744
REL-0680782,Case,CASE-01994,HAS_EVENT,PhysicalAccessEvent,PHY-00021999,2025-03-07T10:52:44,MEDIUM,SYNTHETIC,,,true,Synthetic case evidence linkage.,SCN-PHYS-1994
REL-0680783,Person,PER-035454,PARTICIPATED_IN,PhysicalAccessEvent,PHY-00021999,2025-03-07T10:52:44,MEDIUM,SYNTHETIC,,,true,Synthetic physical activity pattern.,SCN-PHYS-1994
REL-0680854,Case,CASE-00139,HAS_EVENT,PhysicalAccessEvent,PHY-00022035,2024-04-26T19:57:05,MEDIUM,SYNTHETIC,,,true,Synthetic case evidence linkage.,SCN-PHYS-0139
REL-0680855,Person,PER-002304,PARTICIPATED_IN,PhysicalAccessEvent,PHY-00022035,2024-04-26T19:57:05,MEDIUM,SYNTHETIC,,,true,Synthetic physical activity pattern.,SCN-PHYS-0139
REL-0680878,Case,CASE-00184,HAS_EVENT,PhysicalAccessEvent,PHY-00022047,2024-07-20T10:43:40,MEDIUM,SYNTHETIC,,,true,Synthetic case evidence linkage.,SCN-PHYS-0184
REL-0680879,Person,PER-003233,PARTICIPATED_IN,PhysicalAccessEvent,PHY-00022047,2024-07-20T10:43:40,MEDIUM,SYNTHETIC,,,true,Synthetic physical activity pattern.,SCN-PHYS-0184
REL-0680960,Case,CASE-00349,HAS_EVENT,PhysicalAccessEvent,PHY-00022088,2024-06-13T13:38:13,MEDIUM,SYNTHETIC,,,true,Synthetic case evidence linkage.,SCN-PHYS-0349
REL-0680961,Person,PER-006443,PARTICIPATED_IN,PhysicalAccessEvent,PHY-00022088,2024-06-13T13:38:13,MEDIUM,SYNTHETIC,,,true,Synthetic physical activity pattern.,SCN-PHYS-0349
REL-0680982,Case,CASE-00394,HAS_EVENT,PhysicalAccessEvent,PHY-00022099,2025-06-08T03:01:27,MEDIUM,SYNTHETIC,,,true,Synthetic case evidence linkage.,SCN-PHYS-0394
REL-0680983,Person,PER-007236,PARTICIPATED_IN,PhysicalAccessEvent,PHY-00022099,2025-06-08T03:01:27,MEDIUM,SYNTHETIC,,,true,Synthetic physical activity pattern.,SCN-PHYS-0394
REL-0681050,Case,CASE-00529,HAS_EVENT,PhysicalAccessEvent,PHY-00022133,2024-11-27T14:37:28,MEDIUM,SYNTHETIC,,,true,Synthetic case evidence linkage.,SCN-PHYS-0529
REL-0681051,Person,PER-009628,PARTICIPATED_IN,PhysicalAccessEvent,PHY-00022133,2024-11-27T14:37:28,MEDIUM,SYNTHETIC,,,true,Synthetic physical activity pattern.,SCN-PHYS-0529
REL-0681068,Case,CASE-00564,HAS_EVENT,PhysicalAccessEvent,PHY-00022142,2024-09-07T18:42:49,MEDIUM,SYNTHETIC,,,true,Synthetic case evidence linkage.,SCN-PHYS-0564
REL-0681069,Person,PER-010131,PARTICIPATED_IN,PhysicalAccessEvent,PHY-00022142,2024-09-07T18:42:49,MEDIUM,SYNTHETIC,,,true,Synthetic physical activity pattern.,SCN-PHYS-0564
REL-0681264,Case,CASE-00959,HAS_EVENT,PhysicalAccessEvent,PHY-00022240,2024-11-03T04:29:46,MEDIUM,SYNTHETIC,,,true,Synthetic case evidence linkage.,SCN-PHYS-0959
REL-0681265,Person,PER-017223,PARTICIPATED_IN,PhysicalAccessEvent,PHY-00022240,2024-11-03T04:29:46,MEDIUM,SYNTHETIC,,,true,Synthetic physical activity pattern.,SCN-PHYS-0959
REL-0681314,Case,CASE-01059,HAS_EVENT,PhysicalAccessEvent,PHY-00022265,2024-12-22T02:58:28,MEDIUM,SYNTHETIC,,,true,Synthetic case evidence linkage.,SCN-PHYS-1059
REL-0681315,Person,PER-018950,PARTICIPATED_IN,PhysicalAccessEvent,PHY-00022265,2024-12-22T02:58:28,MEDIUM,SYNTHETIC,,,true,Synthetic physical activity pattern.,SCN-PHYS-1059
REL-0681328,Case,CASE-01084,HAS_EVENT,PhysicalAccessEvent,PHY-00022272,2024-03-31T12:04:03,MEDIUM,SYNTHETIC,,,true,Synthetic case evidence linkage.,SCN-PHYS-1084
REL-0681329,Person,PER-019374,PARTICIPATED_IN,PhysicalAccessEvent,PHY-00022272,2024-03-31T12:04:03,MEDIUM,SYNTHETIC,,,true,Synthetic physical activity pattern.,SCN-PHYS-1084
REL-0681348,Case,CASE-01124,HAS_EVENT,PhysicalAccessEvent,PHY-00022282,2024-04-03T22:17:21,MEDIUM,SYNTHETIC,,,true,Synthetic case evidence linkage.,SCN-PHYS-1124
REL-0681349,Person,PER-020096,PARTICIPATED_IN,PhysicalAccessEvent,PHY-00022282,2024-04-03T22:17:21,MEDIUM,SYNTHETIC,,,true,Synthetic physical activity pattern.,SCN-PHYS-1124
REL-0681390,Case,CASE-01209,HAS_EVENT,PhysicalAccessEvent,PHY-00022303,2025-09-11T23:16:41,MEDIUM,SYNTHETIC,,,true,Synthetic case evidence linkage.,SCN-PHYS-1209
REL-0681391,Person,PER-021845,PARTICIPATED_IN,PhysicalAccessEvent,PHY-00022303,2025-09-11T23:16:41,MEDIUM,SYNTHETIC,,,true,Synthetic physical activity pattern.,SCN-PHYS-1209
REL-0681420,Case,CASE-01269,HAS_EVENT,PhysicalAccessEvent,PHY-00022318,2025-12-27T01:04:44,MEDIUM,SYNTHETIC,,,true,Synthetic case evidence linkage.,SCN-PHYS-1269
REL-0681421,Person,PER-022852,PARTICIPATED_IN,PhysicalAccessEvent,PHY-00022318,2025-12-27T01:04:44,MEDIUM,SYNTHETIC,,,true,Synthetic physical activity pattern.,SCN-PHYS-1269
REL-0681452,Case,CASE-01334,HAS_EVENT,PhysicalAccessEvent,PHY-00022334,2025-05-10T02:37:12,MEDIUM,SYNTHETIC,,,true,Synthetic case evidence linkage.,SCN-PHYS-1334
REL-0681453,Person,PER-023945,PARTICIPATED_IN,PhysicalAccessEvent,PHY-00022334,2025-05-10T02:37:12,MEDIUM,SYNTHETIC,,,true,Synthetic physical activity pattern.,SCN-PHYS-1334
REL-0681544,Case,CASE-01519,HAS_EVENT,PhysicalAccessEvent,PHY-00022380,2024-05-04T02:03:51,MEDIUM,SYNTHETIC,,,true,Synthetic case evidence linkage.,SCN-PHYS-1519
REL-0681545,Person,PER-027179,PARTICIPATED_IN,PhysicalAccessEvent,PHY-00022380,2024-05-04T02:03:51,MEDIUM,SYNTHETIC,,,true,Synthetic physical activity pattern.,SCN-PHYS-1519
REL-0681578,Case,CASE-01584,HAS_EVENT,PhysicalAccessEvent,PHY-00022397,2024-11-17T19:37:07,MEDIUM,SYNTHETIC,,,true,Synthetic case evidence linkage.,SCN-PHYS-1584
REL-0681579,Person,PER-028278,PARTICIPATED_IN,PhysicalAccessEvent,PHY-00022397,2024-11-17T19:37:07,MEDIUM,SYNTHETIC,,,true,Synthetic physical activity pattern.,SCN-PHYS-1584
REL-0681582,Case,CASE-01594,HAS_EVENT,PhysicalAccessEvent,PHY-00022399,2024-09-11T13:15:39,MEDIUM,SYNTHETIC,,,true,Synthetic case evidence linkage.,SCN-PHYS-1594
REL-0681583,Person,PER-028494,PARTICIPATED_IN,PhysicalAccessEvent,PHY-00022399,2024-09-11T13:15:39,MEDIUM,SYNTHETIC,,,true,Synthetic physical activity pattern.,SCN-PHYS-1594
REL-0681618,Case,CASE-01664,HAS_EVENT,PhysicalAccessEvent,PHY-00022417,2025-05-31T03:16:49,MEDIUM,SYNTHETIC,,,true,Synthetic case evidence linkage.,SCN-PHYS-1664
REL-0681619,Person,PER-029521,PARTICIPATED_IN,PhysicalAccessEvent,PHY-00022417,2025-05-31T03:16:49,MEDIUM,SYNTHETIC,,,true,Synthetic physical activity pattern.,SCN-PHYS-1664
REL-0681658,Case,CASE-01744,HAS_EVENT,PhysicalAccessEvent,PHY-00022437,2025-03-15T23:12:40,MEDIUM,SYNTHETIC,,,true,Synthetic case evidence linkage.,SCN-PHYS-1744
REL-0681659,Person,PER-031212,PARTICIPATED_IN,PhysicalAccessEvent,PHY-00022437,2025-03-15T23:12:40,MEDIUM,SYNTHETIC,,,true,Synthetic physical activity pattern.,SCN-PHYS-1744
REL-0681782,Case,CASE-01994,HAS_EVENT,PhysicalAccessEvent,PHY-00022499,2025-04-24T20:44:12,MEDIUM,SYNTHETIC,,,true,Synthetic case evidence linkage.,SCN-PHYS-1994
REL-0681783,Person,PER-035454,PARTICIPATED_IN,PhysicalAccessEvent,PHY-00022499,2025-04-24T20:44:12,MEDIUM,SYNTHETIC,,,true,Synthetic physical activity pattern.,SCN-PHYS-1994
REL-0681854,Case,CASE-00139,HAS_EVENT,PhysicalAccessEvent,PHY-00022535,2025-08-11T08:13:37,MEDIUM,SYNTHETIC,,,true,Synthetic case evidence linkage.,SCN-PHYS-0139
REL-0681855,Person,PER-002304,PARTICIPATED_IN,PhysicalAccessEvent,PHY-00022535,2025-08-11T08:13:37,MEDIUM,SYNTHETIC,,,true,Synthetic physical activity pattern.,SCN-PHYS-0139
REL-0681878,Case,CASE-00184,HAS_EVENT,PhysicalAccessEvent,PHY-00022547,2025-04-15T09:34:21,MEDIUM,SYNTHETIC,,,true,Synthetic case evidence linkage.,SCN-PHYS-0184
REL-0681879,Person,PER-003233,PARTICIPATED_IN,PhysicalAccessEvent,PHY-00022547,2025-04-15T09:34:21,MEDIUM,SYNTHETIC,,,true,Synthetic physical activity pattern.,SCN-PHYS-0184
REL-0681960,Case,CASE-00349,HAS_EVENT,PhysicalAccessEvent,PHY-00022588,2024-10-11T15:50:20,MEDIUM,SYNTHETIC,,,true,Synthetic case evidence linkage.,SCN-PHYS-0349
REL-0681961,Person,PER-006443,PARTICIPATED_IN,PhysicalAccessEvent,PHY-00022588,2024-10-11T15:50:20,MEDIUM,SYNTHETIC,,,true,Synthetic physical activity pattern.,SCN-PHYS-0349
REL-0681982,Case,CASE-00394,HAS_EVENT,PhysicalAccessEvent,PHY-00022599,2024-11-03T01:46:59,MEDIUM,SYNTHETIC,,,true,Synthetic case evidence linkage.,SCN-PHYS-0394
REL-0681983,Person,PER-007236,PARTICIPATED_IN,PhysicalAccessEvent,PHY-00022599,2024-11-03T01:46:59,MEDIUM,SYNTHETIC,,,true,Synthetic physical activity pattern.,SCN-PHYS-0394
REL-0682050,Case,CASE-00529,HAS_EVENT,PhysicalAccessEvent,PHY-00022633,2025-05-14T14:37:30,MEDIUM,SYNTHETIC,,,true,Synthetic case evidence linkage.,SCN-PHYS-0529
REL-0682051,Person,PER-009628,PARTICIPATED_IN,PhysicalAccessEvent,PHY-00022633,2025-05-14T14:37:30,MEDIUM,SYNTHETIC,,,true,Synthetic physical activity pattern.,SCN-PHYS-0529
REL-0682068,Case,CASE-00564,HAS_EVENT,PhysicalAccessEvent,PHY-00022642,2025-11-15T13:44:28,MEDIUM,SYNTHETIC,,,true,Synthetic case evidence linkage.,SCN-PHYS-0564
REL-0682069,Person,PER-010131,PARTICIPATED_IN,PhysicalAccessEvent,PHY-00022642,2025-11-15T13:44:28,MEDIUM,SYNTHETIC,,,true,Synthetic physical activity pattern.,SCN-PHYS-0564
REL-0682264,Case,CASE-00959,HAS_EVENT,PhysicalAccessEvent,PHY-00022740,2025-07-19T13:03:22,MEDIUM,SYNTHETIC,,,true,Synthetic case evidence linkage.,SCN-PHYS-0959
REL-0682265,Person,PER-017223,PARTICIPATED_IN,PhysicalAccessEvent,PHY-00022740,2025-07-19T13:03:22,MEDIUM,SYNTHETIC,,,true,Synthetic physical activity pattern.,SCN-PHYS-0959
REL-0682314,Case,CASE-01059,HAS_EVENT,PhysicalAccessEvent,PHY-00022765,2024-07-17T13:54:45,MEDIUM,SYNTHETIC,,,true,Synthetic case evidence linkage.,SCN-PHYS-1059
REL-0682315,Person,PER-018950,PARTICIPATED_IN,PhysicalAccessEvent,PHY-00022765,2024-07-17T13:54:45,MEDIUM,SYNTHETIC,,,true,Synthetic physical activity pattern.,SCN-PHYS-1059
REL-0682328,Case,CASE-01084,HAS_EVENT,PhysicalAccessEvent,PHY-00022772,2024-10-08T06:32:09,MEDIUM,SYNTHETIC,,,true,Synthetic case evidence linkage.,SCN-PHYS-1084
REL-0682329,Person,PER-019374,PARTICIPATED_IN,PhysicalAccessEvent,PHY-00022772,2024-10-08T06:32:09,MEDIUM,SYNTHETIC,,,true,Synthetic physical activity pattern.,SCN-PHYS-1084
REL-0682348,Case,CASE-01124,HAS_EVENT,PhysicalAccessEvent,PHY-00022782,2024-02-22T01:49:03,MEDIUM,SYNTHETIC,,,true,Synthetic case evidence linkage.,SCN-PHYS-1124
REL-0682349,Person,PER-020096,PARTICIPATED_IN,PhysicalAccessEvent,PHY-00022782,2024-02-22T01:49:03,MEDIUM,SYNTHETIC,,,true,Synthetic physical activity pattern.,SCN-PHYS-1124
REL-0682390,Case,CASE-01209,HAS_EVENT,PhysicalAccessEvent,PHY-00022803,2025-01-17T09:24:01,MEDIUM,SYNTHETIC,,,true,Synthetic case evidence linkage.,SCN-PHYS-1209
REL-0682391,Person,PER-021845,PARTICIPATED_IN,PhysicalAccessEvent,PHY-00022803,2025-01-17T09:24:01,MEDIUM,SYNTHETIC,,,true,Synthetic physical activity pattern.,SCN-PHYS-1209
REL-0682420,Case,CASE-01269,HAS_EVENT,PhysicalAccessEvent,PHY-00022818,2025-09-15T11:09:00,MEDIUM,SYNTHETIC,,,true,Synthetic case evidence linkage.,SCN-PHYS-1269
REL-0682421,Person,PER-022852,PARTICIPATED_IN,PhysicalAccessEvent,PHY-00022818,2025-09-15T11:09:00,MEDIUM,SYNTHETIC,,,true,Synthetic physical activity pattern.,SCN-PHYS-1269
REL-0682452,Case,CASE-01334,HAS_EVENT,PhysicalAccessEvent,PHY-00022834,2024-02-17T14:08:55,MEDIUM,SYNTHETIC,,,true,Synthetic case evidence linkage.,SCN-PHYS-1334
REL-0682453,Person,PER-023945,PARTICIPATED_IN,PhysicalAccessEvent,PHY-00022834,2024-02-17T14:08:55,MEDIUM,SYNTHETIC,,,true,Synthetic physical activity pattern.,SCN-PHYS-1334
REL-0682544,Case,CASE-01519,HAS_EVENT,PhysicalAccessEvent,PHY-00022880,2024-09-11T20:05:56,MEDIUM,SYNTHETIC,,,true,Synthetic case evidence linkage.,SCN-PHYS-1519
REL-0682545,Person,PER-027179,PARTICIPATED_IN,PhysicalAccessEvent,PHY-00022880,2024-09-11T20:05:56,MEDIUM,SYNTHETIC,,,true,Synthetic physical activity pattern.,SCN-PHYS-1519
REL-0682578,Case,CASE-01584,HAS_EVENT,PhysicalAccessEvent,PHY-00022897,2024-12-04T11:08:30,MEDIUM,SYNTHETIC,,,true,Synthetic case evidence linkage.,SCN-PHYS-1584
REL-0682579,Person,PER-028278,PARTICIPATED_IN,PhysicalAccessEvent,PHY-00022897,2024-12-04T11:08:30,MEDIUM,SYNTHETIC,,,true,Synthetic physical activity pattern.,SCN-PHYS-1584
REL-0682582,Case,CASE-01594,HAS_EVENT,PhysicalAccessEvent,PHY-00022899,2024-11-09T07:08:19,MEDIUM,SYNTHETIC,,,true,Synthetic case evidence linkage.,SCN-PHYS-1594
REL-0682583,Person,PER-028494,PARTICIPATED_IN,PhysicalAccessEvent,PHY-00022899,2024-11-09T07:08:19,MEDIUM,SYNTHETIC,,,true,Synthetic physical activity pattern.,SCN-PHYS-1594
REL-0682618,Case,CASE-01664,HAS_EVENT,PhysicalAccessEvent,PHY-00022917,2024-03-19T02:31:02,MEDIUM,SYNTHETIC,,,true,Synthetic case evidence linkage.,SCN-PHYS-1664
REL-0682619,Person,PER-029521,PARTICIPATED_IN,PhysicalAccessEvent,PHY-00022917,2024-03-19T02:31:02,MEDIUM,SYNTHETIC,,,true,Synthetic physical activity pattern.,SCN-PHYS-1664
REL-0682658,Case,CASE-01744,HAS_EVENT,PhysicalAccessEvent,PHY-00022937,2025-12-13T11:24:58,MEDIUM,SYNTHETIC,,,true,Synthetic case evidence linkage.,SCN-PHYS-1744
REL-0682659,Person,PER-031212,PARTICIPATED_IN,PhysicalAccessEvent,PHY-00022937,2025-12-13T11:24:58,MEDIUM,SYNTHETIC,,,true,Synthetic physical activity pattern.,SCN-PHYS-1744
REL-0682782,Case,CASE-01994,HAS_EVENT,PhysicalAccessEvent,PHY-00022999,2025-07-27T18:42:19,MEDIUM,SYNTHETIC,,,true,Synthetic case evidence linkage.,SCN-PHYS-1994
REL-0682783,Person,PER-035454,PARTICIPATED_IN,PhysicalAccessEvent,PHY-00022999,2025-07-27T18:42:19,MEDIUM,SYNTHETIC,,,true,Synthetic physical activity pattern.,SCN-PHYS-1994
REL-0682854,Case,CASE-00139,HAS_EVENT,PhysicalAccessEvent,PHY-00023035,2025-07-23T05:17:10,MEDIUM,SYNTHETIC,,,true,Synthetic case evidence linkage.,SCN-PHYS-0139
REL-0682855,Person,PER-002304,PARTICIPATED_IN,PhysicalAccessEvent,PHY-00023035,2025-07-23T05:17:10,MEDIUM,SYNTHETIC,,,true,Synthetic physical activity pattern.,SCN-PHYS-0139
REL-0682878,Case,CASE-00184,HAS_EVENT,PhysicalAccessEvent,PHY-00023047,2024-08-13T09:55:39,MEDIUM,SYNTHETIC,,,true,Synthetic case evidence linkage.,SCN-PHYS-0184
REL-0682879,Person,PER-003233,PARTICIPATED_IN,PhysicalAccessEvent,PHY-00023047,2024-08-13T09:55:39,MEDIUM,SYNTHETIC,,,true,Synthetic physical activity pattern.,SCN-PHYS-0184
REL-0682960,Case,CASE-00349,HAS_EVENT,PhysicalAccessEvent,PHY-00023088,2025-06-13T00:25:59,MEDIUM,SYNTHETIC,,,true,Synthetic case evidence linkage.,SCN-PHYS-0349
REL-0682961,Person,PER-006443,PARTICIPATED_IN,PhysicalAccessEvent,PHY-00023088,2025-06-13T00:25:59,MEDIUM,SYNTHETIC,,,true,Synthetic physical activity pattern.,SCN-PHYS-0349
REL-0682982,Case,CASE-00394,HAS_EVENT,PhysicalAccessEvent,PHY-00023099,2025-10-11T08:56:14,MEDIUM,SYNTHETIC,,,true,Synthetic case evidence linkage.,SCN-PHYS-0394
REL-0682983,Person,PER-007236,PARTICIPATED_IN,PhysicalAccessEvent,PHY-00023099,2025-10-11T08:56:14,MEDIUM,SYNTHETIC,,,true,Synthetic physical activity pattern.,SCN-PHYS-0394
REL-0683050,Case,CASE-00529,HAS_EVENT,PhysicalAccessEvent,PHY-00023133,2024-07-11T14:12:45,MEDIUM,SYNTHETIC,,,true,Synthetic case evidence linkage.,SCN-PHYS-0529
REL-0683051,Person,PER-009628,PARTICIPATED_IN,PhysicalAccessEvent,PHY-00023133,2024-07-11T14:12:45,MEDIUM,SYNTHETIC,,,true,Synthetic physical activity pattern.,SCN-PHYS-0529
REL-0683068,Case,CASE-00564,HAS_EVENT,PhysicalAccessEvent,PHY-00023142,2024-07-25T16:21:39,MEDIUM,SYNTHETIC,,,true,Synthetic case evidence linkage.,SCN-PHYS-0564
REL-0683069,Person,PER-010131,PARTICIPATED_IN,PhysicalAccessEvent,PHY-00023142,2024-07-25T16:21:39,MEDIUM,SYNTHETIC,,,true,Synthetic physical activity pattern.,SCN-PHYS-0564
REL-0683264,Case,CASE-00959,HAS_EVENT,PhysicalAccessEvent,PHY-00023240,2025-09-16T13:03:17,MEDIUM,SYNTHETIC,,,true,Synthetic case evidence linkage.,SCN-PHYS-0959
REL-0683265,Person,PER-017223,PARTICIPATED_IN,PhysicalAccessEvent,PHY-00023240,2025-09-16T13:03:17,MEDIUM,SYNTHETIC,,,true,Synthetic physical activity pattern.,SCN-PHYS-0959
REL-0683314,Case,CASE-01059,HAS_EVENT,PhysicalAccessEvent,PHY-00023265,2025-10-16T08:29:31,MEDIUM,SYNTHETIC,,,true,Synthetic case evidence linkage.,SCN-PHYS-1059
REL-0683315,Person,PER-018950,PARTICIPATED_IN,PhysicalAccessEvent,PHY-00023265,2025-10-16T08:29:31,MEDIUM,SYNTHETIC,,,true,Synthetic physical activity pattern.,SCN-PHYS-1059
REL-0683328,Case,CASE-01084,HAS_EVENT,PhysicalAccessEvent,PHY-00023272,2025-01-11T10:56:50,MEDIUM,SYNTHETIC,,,true,Synthetic case evidence linkage.,SCN-PHYS-1084
REL-0683329,Person,PER-019374,PARTICIPATED_IN,PhysicalAccessEvent,PHY-00023272,2025-01-11T10:56:50,MEDIUM,SYNTHETIC,,,true,Synthetic physical activity pattern.,SCN-PHYS-1084
REL-0683348,Case,CASE-01124,HAS_EVENT,PhysicalAccessEvent,PHY-00023282,2025-02-06T11:37:31,MEDIUM,SYNTHETIC,,,true,Synthetic case evidence linkage.,SCN-PHYS-1124
REL-0683349,Person,PER-020096,PARTICIPATED_IN,PhysicalAccessEvent,PHY-00023282,2025-02-06T11:37:31,MEDIUM,SYNTHETIC,,,true,Synthetic physical activity pattern.,SCN-PHYS-1124
REL-0683390,Case,CASE-01209,HAS_EVENT,PhysicalAccessEvent,PHY-00023303,2025-12-11T07:11:29,MEDIUM,SYNTHETIC,,,true,Synthetic case evidence linkage.,SCN-PHYS-1209
REL-0683391,Person,PER-021845,PARTICIPATED_IN,PhysicalAccessEvent,PHY-00023303,2025-12-11T07:11:29,MEDIUM,SYNTHETIC,,,true,Synthetic physical activity pattern.,SCN-PHYS-1209
REL-0683420,Case,CASE-01269,HAS_EVENT,PhysicalAccessEvent,PHY-00023318,2024-11-22T23:48:54,MEDIUM,SYNTHETIC,,,true,Synthetic case evidence linkage.,SCN-PHYS-1269
REL-0683421,Person,PER-022852,PARTICIPATED_IN,PhysicalAccessEvent,PHY-00023318,2024-11-22T23:48:54,MEDIUM,SYNTHETIC,,,true,Synthetic physical activity pattern.,SCN-PHYS-1269
REL-0683452,Case,CASE-01334,HAS_EVENT,PhysicalAccessEvent,PHY-00023334,2024-12-20T14:11:26,MEDIUM,SYNTHETIC,,,true,Synthetic case evidence linkage.,SCN-PHYS-1334
REL-0683453,Person,PER-023945,PARTICIPATED_IN,PhysicalAccessEvent,PHY-00023334,2024-12-20T14:11:26,MEDIUM,SYNTHETIC,,,true,Synthetic physical activity pattern.,SCN-PHYS-1334
REL-0683544,Case,CASE-01519,HAS_EVENT,PhysicalAccessEvent,PHY-00023380,2025-12-28T17:14:58,MEDIUM,SYNTHETIC,,,true,Synthetic case evidence linkage.,SCN-PHYS-1519
REL-0683545,Person,PER-027179,PARTICIPATED_IN,PhysicalAccessEvent,PHY-00023380,2025-12-28T17:14:58,MEDIUM,SYNTHETIC,,,true,Synthetic physical activity pattern.,SCN-PHYS-1519
REL-0683578,Case,CASE-01584,HAS_EVENT,PhysicalAccessEvent,PHY-00023397,2024-05-05T10:17:40,MEDIUM,SYNTHETIC,,,true,Synthetic case evidence linkage.,SCN-PHYS-1584
REL-0683579,Person,PER-028278,PARTICIPATED_IN,PhysicalAccessEvent,PHY-00023397,2024-05-05T10:17:40,MEDIUM,SYNTHETIC,,,true,Synthetic physical activity pattern.,SCN-PHYS-1584
REL-0683582,Case,CASE-01594,HAS_EVENT,PhysicalAccessEvent,PHY-00023399,2024-06-15T01:59:40,MEDIUM,SYNTHETIC,,,true,Synthetic case evidence linkage.,SCN-PHYS-1594
REL-0683583,Person,PER-028494,PARTICIPATED_IN,PhysicalAccessEvent,PHY-00023399,2024-06-15T01:59:40,MEDIUM,SYNTHETIC,,,true,Synthetic physical activity pattern.,SCN-PHYS-1594
REL-0683618,Case,CASE-01664,HAS_EVENT,PhysicalAccessEvent,PHY-00023417,2024-04-17T20:54:47,MEDIUM,SYNTHETIC,,,true,Synthetic case evidence linkage.,SCN-PHYS-1664
REL-0683619,Person,PER-029521,PARTICIPATED_IN,PhysicalAccessEvent,PHY-00023417,2024-04-17T20:54:47,MEDIUM,SYNTHETIC,,,true,Synthetic physical activity pattern.,SCN-PHYS-1664
REL-0683658,Case,CASE-01744,HAS_EVENT,PhysicalAccessEvent,PHY-00023437,2024-11-03T03:51:45,MEDIUM,SYNTHETIC,,,true,Synthetic case evidence linkage.,SCN-PHYS-1744
REL-0683659,Person,PER-031212,PARTICIPATED_IN,PhysicalAccessEvent,PHY-00023437,2024-11-03T03:51:45,MEDIUM,SYNTHETIC,,,true,Synthetic physical activity pattern.,SCN-PHYS-1744
REL-0683782,Case,CASE-01994,HAS_EVENT,PhysicalAccessEvent,PHY-00023499,2024-05-25T01:14:54,MEDIUM,SYNTHETIC,,,true,Synthetic case evidence linkage.,SCN-PHYS-1994
REL-0683783,Person,PER-035454,PARTICIPATED_IN,PhysicalAccessEvent,PHY-00023499,2024-05-25T01:14:54,MEDIUM,SYNTHETIC,,,true,Synthetic physical activity pattern.,SCN-PHYS-1994
REL-0683854,Case,CASE-00139,HAS_EVENT,PhysicalAccessEvent,PHY-00023535,2025-06-09T17:26:39,MEDIUM,SYNTHETIC,,,true,Synthetic case evidence linkage.,SCN-PHYS-0139
REL-0683855,Person,PER-002304,PARTICIPATED_IN,PhysicalAccessEvent,PHY-00023535,2025-06-09T17:26:39,MEDIUM,SYNTHETIC,,,true,Synthetic physical activity pattern.,SCN-PHYS-0139
REL-0683878,Case,CASE-00184,HAS_EVENT,PhysicalAccessEvent,PHY-00023547,2024-11-02T05:27:46,MEDIUM,SYNTHETIC,,,true,Synthetic case evidence linkage.,SCN-PHYS-0184
REL-0683879,Person,PER-003233,PARTICIPATED_IN,PhysicalAccessEvent,PHY-00023547,2024-11-02T05:27:46,MEDIUM,SYNTHETIC,,,true,Synthetic physical activity pattern.,SCN-PHYS-0184
REL-0683960,Case,CASE-00349,HAS_EVENT,PhysicalAccessEvent,PHY-00023588,2025-05-31T01:45:36,MEDIUM,SYNTHETIC,,,true,Synthetic case evidence linkage.,SCN-PHYS-0349
REL-0683961,Person,PER-006443,PARTICIPATED_IN,PhysicalAccessEvent,PHY-00023588,2025-05-31T01:45:36,MEDIUM,SYNTHETIC,,,true,Synthetic physical activity pattern.,SCN-PHYS-0349
REL-0683982,Case,CASE-00394,HAS_EVENT,PhysicalAccessEvent,PHY-00023599,2024-06-19T16:11:25,MEDIUM,SYNTHETIC,,,true,Synthetic case evidence linkage.,SCN-PHYS-0394
REL-0683983,Person,PER-007236,PARTICIPATED_IN,PhysicalAccessEvent,PHY-00023599,2024-06-19T16:11:25,MEDIUM,SYNTHETIC,,,true,Synthetic physical activity pattern.,SCN-PHYS-0394
REL-0684050,Case,CASE-00529,HAS_EVENT,PhysicalAccessEvent,PHY-00023633,2025-03-19T11:34:21,MEDIUM,SYNTHETIC,,,true,Synthetic case evidence linkage.,SCN-PHYS-0529
REL-0684051,Person,PER-009628,PARTICIPATED_IN,PhysicalAccessEvent,PHY-00023633,2025-03-19T11:34:21,MEDIUM,SYNTHETIC,,,true,Synthetic physical activity pattern.,SCN-PHYS-0529
REL-0684068,Case,CASE-00564,HAS_EVENT,PhysicalAccessEvent,PHY-00023642,2025-05-15T13:23:33,MEDIUM,SYNTHETIC,,,true,Synthetic case evidence linkage.,SCN-PHYS-0564
REL-0684069,Person,PER-010131,PARTICIPATED_IN,PhysicalAccessEvent,PHY-00023642,2025-05-15T13:23:33,MEDIUM,SYNTHETIC,,,true,Synthetic physical activity pattern.,SCN-PHYS-0564
REL-0684264,Case,CASE-00959,HAS_EVENT,PhysicalAccessEvent,PHY-00023740,2024-10-17T07:54:22,MEDIUM,SYNTHETIC,,,true,Synthetic case evidence linkage.,SCN-PHYS-0959
REL-0684265,Person,PER-017223,PARTICIPATED_IN,PhysicalAccessEvent,PHY-00023740,2024-10-17T07:54:22,MEDIUM,SYNTHETIC,,,true,Synthetic physical activity pattern.,SCN-PHYS-0959
REL-0684314,Case,CASE-01059,HAS_EVENT,PhysicalAccessEvent,PHY-00023765,2025-04-29T14:59:12,MEDIUM,SYNTHETIC,,,true,Synthetic case evidence linkage.,SCN-PHYS-1059
REL-0684315,Person,PER-018950,PARTICIPATED_IN,PhysicalAccessEvent,PHY-00023765,2025-04-29T14:59:12,MEDIUM,SYNTHETIC,,,true,Synthetic physical activity pattern.,SCN-PHYS-1059
REL-0684328,Case,CASE-01084,HAS_EVENT,PhysicalAccessEvent,PHY-00023772,2025-11-02T12:33:18,MEDIUM,SYNTHETIC,,,true,Synthetic case evidence linkage.,SCN-PHYS-1084
REL-0684329,Person,PER-019374,PARTICIPATED_IN,PhysicalAccessEvent,PHY-00023772,2025-11-02T12:33:18,MEDIUM,SYNTHETIC,,,true,Synthetic physical activity pattern.,SCN-PHYS-1084
REL-0684348,Case,CASE-01124,HAS_EVENT,PhysicalAccessEvent,PHY-00023782,2025-04-14T13:31:24,MEDIUM,SYNTHETIC,,,true,Synthetic case evidence linkage.,SCN-PHYS-1124
REL-0684349,Person,PER-020096,PARTICIPATED_IN,PhysicalAccessEvent,PHY-00023782,2025-04-14T13:31:24,MEDIUM,SYNTHETIC,,,true,Synthetic physical activity pattern.,SCN-PHYS-1124
REL-0684390,Case,CASE-01209,HAS_EVENT,PhysicalAccessEvent,PHY-00023803,2024-06-03T05:09:08,MEDIUM,SYNTHETIC,,,true,Synthetic case evidence linkage.,SCN-PHYS-1209
REL-0684391,Person,PER-021845,PARTICIPATED_IN,PhysicalAccessEvent,PHY-00023803,2024-06-03T05:09:08,MEDIUM,SYNTHETIC,,,true,Synthetic physical activity pattern.,SCN-PHYS-1209
REL-0684420,Case,CASE-01269,HAS_EVENT,PhysicalAccessEvent,PHY-00023818,2025-05-25T11:03:32,MEDIUM,SYNTHETIC,,,true,Synthetic case evidence linkage.,SCN-PHYS-1269
REL-0684421,Person,PER-022852,PARTICIPATED_IN,PhysicalAccessEvent,PHY-00023818,2025-05-25T11:03:32,MEDIUM,SYNTHETIC,,,true,Synthetic physical activity pattern.,SCN-PHYS-1269
REL-0684452,Case,CASE-01334,HAS_EVENT,PhysicalAccessEvent,PHY-00023834,2025-07-20T23:10:49,MEDIUM,SYNTHETIC,,,true,Synthetic case evidence linkage.,SCN-PHYS-1334
REL-0684453,Person,PER-023945,PARTICIPATED_IN,PhysicalAccessEvent,PHY-00023834,2025-07-20T23:10:49,MEDIUM,SYNTHETIC,,,true,Synthetic physical activity pattern.,SCN-PHYS-1334
REL-0684544,Case,CASE-01519,HAS_EVENT,PhysicalAccessEvent,PHY-00023880,2024-10-17T20:58:13,MEDIUM,SYNTHETIC,,,true,Synthetic case evidence linkage.,SCN-PHYS-1519
REL-0684545,Person,PER-027179,PARTICIPATED_IN,PhysicalAccessEvent,PHY-00023880,2024-10-17T20:58:13,MEDIUM,SYNTHETIC,,,true,Synthetic physical activity pattern.,SCN-PHYS-1519
REL-0684578,Case,CASE-01584,HAS_EVENT,PhysicalAccessEvent,PHY-00023897,2024-04-12T04:28:32,MEDIUM,SYNTHETIC,,,true,Synthetic case evidence linkage.,SCN-PHYS-1584
REL-0684579,Person,PER-028278,PARTICIPATED_IN,PhysicalAccessEvent,PHY-00023897,2024-04-12T04:28:32,MEDIUM,SYNTHETIC,,,true,Synthetic physical activity pattern.,SCN-PHYS-1584
REL-0684582,Case,CASE-01594,HAS_EVENT,PhysicalAccessEvent,PHY-00023899,2025-06-22T20:04:55,MEDIUM,SYNTHETIC,,,true,Synthetic case evidence linkage.,SCN-PHYS-1594
REL-0684583,Person,PER-028494,PARTICIPATED_IN,PhysicalAccessEvent,PHY-00023899,2025-06-22T20:04:55,MEDIUM,SYNTHETIC,,,true,Synthetic physical activity pattern.,SCN-PHYS-1594
REL-0684618,Case,CASE-01664,HAS_EVENT,PhysicalAccessEvent,PHY-00023917,2025-11-26T15:44:49,MEDIUM,SYNTHETIC,,,true,Synthetic case evidence linkage.,SCN-PHYS-1664
REL-0684619,Person,PER-029521,PARTICIPATED_IN,PhysicalAccessEvent,PHY-00023917,2025-11-26T15:44:49,MEDIUM,SYNTHETIC,,,true,Synthetic physical activity pattern.,SCN-PHYS-1664
REL-0684658,Case,CASE-01744,HAS_EVENT,PhysicalAccessEvent,PHY-00023937,2024-05-12T16:40:17,MEDIUM,SYNTHETIC,,,true,Synthetic case evidence linkage.,SCN-PHYS-1744
REL-0684659,Person,PER-031212,PARTICIPATED_IN,PhysicalAccessEvent,PHY-00023937,2024-05-12T16:40:17,MEDIUM,SYNTHETIC,,,true,Synthetic physical activity pattern.,SCN-PHYS-1744
REL-0684782,Case,CASE-01994,HAS_EVENT,PhysicalAccessEvent,PHY-00023999,2025-03-03T04:53:54,MEDIUM,SYNTHETIC,,,true,Synthetic case evidence linkage.,SCN-PHYS-1994
REL-0684783,Person,PER-035454,PARTICIPATED_IN,PhysicalAccessEvent,PHY-00023999,2025-03-03T04:53:54,MEDIUM,SYNTHETIC,,,true,Synthetic physical activity pattern.,SCN-PHYS-1994
REL-0684854,Case,CASE-00139,HAS_EVENT,PhysicalAccessEvent,PHY-00024035,2025-04-08T11:46:19,MEDIUM,SYNTHETIC,,,true,Synthetic case evidence linkage.,SCN-PHYS-0139
REL-0684855,Person,PER-002304,PARTICIPATED_IN,PhysicalAccessEvent,PHY-00024035,2025-04-08T11:46:19,MEDIUM,SYNTHETIC,,,true,Synthetic physical activity pattern.,SCN-PHYS-0139
REL-0684878,Case,CASE-00184,HAS_EVENT,PhysicalAccessEvent,PHY-00024047,2024-02-28T19:05:56,MEDIUM,SYNTHETIC,,,true,Synthetic case evidence linkage.,SCN-PHYS-0184
REL-0684879,Person,PER-003233,PARTICIPATED_IN,PhysicalAccessEvent,PHY-00024047,2024-02-28T19:05:56,MEDIUM,SYNTHETIC,,,true,Synthetic physical activity pattern.,SCN-PHYS-0184
REL-0684960,Case,CASE-00349,HAS_EVENT,PhysicalAccessEvent,PHY-00024088,2025-08-21T04:21:08,MEDIUM,SYNTHETIC,,,true,Synthetic case evidence linkage.,SCN-PHYS-0349
REL-0684961,Person,PER-006443,PARTICIPATED_IN,PhysicalAccessEvent,PHY-00024088,2025-08-21T04:21:08,MEDIUM,SYNTHETIC,,,true,Synthetic physical activity pattern.,SCN-PHYS-0349
REL-0684982,Case,CASE-00394,HAS_EVENT,PhysicalAccessEvent,PHY-00024099,2024-08-11T16:43:58,MEDIUM,SYNTHETIC,,,true,Synthetic case evidence linkage.,SCN-PHYS-0394
REL-0684983,Person,PER-007236,PARTICIPATED_IN,PhysicalAccessEvent,PHY-00024099,2024-08-11T16:43:58,MEDIUM,SYNTHETIC,,,true,Synthetic physical activity pattern.,SCN-PHYS-0394
REL-0685050,Case,CASE-00529,HAS_EVENT,PhysicalAccessEvent,PHY-00024133,2024-04-17T15:59:25,MEDIUM,SYNTHETIC,,,true,Synthetic case evidence linkage.,SCN-PHYS-0529
REL-0685051,Person,PER-009628,PARTICIPATED_IN,PhysicalAccessEvent,PHY-00024133,2024-04-17T15:59:25,MEDIUM,SYNTHETIC,,,true,Synthetic physical activity pattern.,SCN-PHYS-0529
REL-0685068,Case,CASE-00564,HAS_EVENT,PhysicalAccessEvent,PHY-00024142,2025-05-19T12:25:10,MEDIUM,SYNTHETIC,,,true,Synthetic case evidence linkage.,SCN-PHYS-0564
REL-0685069,Person,PER-010131,PARTICIPATED_IN,PhysicalAccessEvent,PHY-00024142,2025-05-19T12:25:10,MEDIUM,SYNTHETIC,,,true,Synthetic physical activity pattern.,SCN-PHYS-0564
REL-0685264,Case,CASE-00959,HAS_EVENT,PhysicalAccessEvent,PHY-00024240,2024-02-01T11:14:29,MEDIUM,SYNTHETIC,,,true,Synthetic case evidence linkage.,SCN-PHYS-0959
REL-0685265,Person,PER-017223,PARTICIPATED_IN,PhysicalAccessEvent,PHY-00024240,2024-02-01T11:14:29,MEDIUM,SYNTHETIC,,,true,Synthetic physical activity pattern.,SCN-PHYS-0959
REL-0685314,Case,CASE-01059,HAS_EVENT,PhysicalAccessEvent,PHY-00024265,2024-11-17T22:26:56,MEDIUM,SYNTHETIC,,,true,Synthetic case evidence linkage.,SCN-PHYS-1059
REL-0685315,Person,PER-018950,PARTICIPATED_IN,PhysicalAccessEvent,PHY-00024265,2024-11-17T22:26:56,MEDIUM,SYNTHETIC,,,true,Synthetic physical activity pattern.,SCN-PHYS-1059
REL-0685328,Case,CASE-01084,HAS_EVENT,PhysicalAccessEvent,PHY-00024272,2024-08-12T16:33:22,MEDIUM,SYNTHETIC,,,true,Synthetic case evidence linkage.,SCN-PHYS-1084
REL-0685329,Person,PER-019374,PARTICIPATED_IN,PhysicalAccessEvent,PHY-00024272,2024-08-12T16:33:22,MEDIUM,SYNTHETIC,,,true,Synthetic physical activity pattern.,SCN-PHYS-1084
REL-0685348,Case,CASE-01124,HAS_EVENT,PhysicalAccessEvent,PHY-00024282,2025-05-21T06:44:24,MEDIUM,SYNTHETIC,,,true,Synthetic case evidence linkage.,SCN-PHYS-1124
REL-0685349,Person,PER-020096,PARTICIPATED_IN,PhysicalAccessEvent,PHY-00024282,2025-05-21T06:44:24,MEDIUM,SYNTHETIC,,,true,Synthetic physical activity pattern.,SCN-PHYS-1124
REL-0685390,Case,CASE-01209,HAS_EVENT,PhysicalAccessEvent,PHY-00024303,2025-11-16T18:57:48,MEDIUM,SYNTHETIC,,,true,Synthetic case evidence linkage.,SCN-PHYS-1209
REL-0685391,Person,PER-021845,PARTICIPATED_IN,PhysicalAccessEvent,PHY-00024303,2025-11-16T18:57:48,MEDIUM,SYNTHETIC,,,true,Synthetic physical activity pattern.,SCN-PHYS-1209
REL-0685420,Case,CASE-01269,HAS_EVENT,PhysicalAccessEvent,PHY-00024318,2024-05-16T21:49:53,MEDIUM,SYNTHETIC,,,true,Synthetic case evidence linkage.,SCN-PHYS-1269
REL-0685421,Person,PER-022852,PARTICIPATED_IN,PhysicalAccessEvent,PHY-00024318,2024-05-16T21:49:53,MEDIUM,SYNTHETIC,,,true,Synthetic physical activity pattern.,SCN-PHYS-1269
REL-0685452,Case,CASE-01334,HAS_EVENT,PhysicalAccessEvent,PHY-00024334,2024-07-06T16:53:32,MEDIUM,SYNTHETIC,,,true,Synthetic case evidence linkage.,SCN-PHYS-1334
REL-0685453,Person,PER-023945,PARTICIPATED_IN,PhysicalAccessEvent,PHY-00024334,2024-07-06T16:53:32,MEDIUM,SYNTHETIC,,,true,Synthetic physical activity pattern.,SCN-PHYS-1334
REL-0685544,Case,CASE-01519,HAS_EVENT,PhysicalAccessEvent,PHY-00024380,2024-07-10T12:56:13,MEDIUM,SYNTHETIC,,,true,Synthetic case evidence linkage.,SCN-PHYS-1519
REL-0685545,Person,PER-027179,PARTICIPATED_IN,PhysicalAccessEvent,PHY-00024380,2024-07-10T12:56:13,MEDIUM,SYNTHETIC,,,true,Synthetic physical activity pattern.,SCN-PHYS-1519
REL-0685578,Case,CASE-01584,HAS_EVENT,PhysicalAccessEvent,PHY-00024397,2024-05-27T23:27:40,MEDIUM,SYNTHETIC,,,true,Synthetic case evidence linkage.,SCN-PHYS-1584
REL-0685579,Person,PER-028278,PARTICIPATED_IN,PhysicalAccessEvent,PHY-00024397,2024-05-27T23:27:40,MEDIUM,SYNTHETIC,,,true,Synthetic physical activity pattern.,SCN-PHYS-1584
REL-0685582,Case,CASE-01594,HAS_EVENT,PhysicalAccessEvent,PHY-00024399,2024-10-11T17:43:48,MEDIUM,SYNTHETIC,,,true,Synthetic case evidence linkage.,SCN-PHYS-1594
REL-0685583,Person,PER-028494,PARTICIPATED_IN,PhysicalAccessEvent,PHY-00024399,2024-10-11T17:43:48,MEDIUM,SYNTHETIC,,,true,Synthetic physical activity pattern.,SCN-PHYS-1594
REL-0685618,Case,CASE-01664,HAS_EVENT,PhysicalAccessEvent,PHY-00024417,2025-09-04T13:25:46,MEDIUM,SYNTHETIC,,,true,Synthetic case evidence linkage.,SCN-PHYS-1664
REL-0685619,Person,PER-029521,PARTICIPATED_IN,PhysicalAccessEvent,PHY-00024417,2025-09-04T13:25:46,MEDIUM,SYNTHETIC,,,true,Synthetic physical activity pattern.,SCN-PHYS-1664
REL-0685658,Case,CASE-01744,HAS_EVENT,PhysicalAccessEvent,PHY-00024437,2024-07-01T18:19:03,MEDIUM,SYNTHETIC,,,true,Synthetic case evidence linkage.,SCN-PHYS-1744
REL-0685659,Person,PER-031212,PARTICIPATED_IN,PhysicalAccessEvent,PHY-00024437,2024-07-01T18:19:03,MEDIUM,SYNTHETIC,,,true,Synthetic physical activity pattern.,SCN-PHYS-1744
REL-0685782,Case,CASE-01994,HAS_EVENT,PhysicalAccessEvent,PHY-00024499,2025-02-08T19:40:29,MEDIUM,SYNTHETIC,,,true,Synthetic case evidence linkage.,SCN-PHYS-1994
REL-0685783,Person,PER-035454,PARTICIPATED_IN,PhysicalAccessEvent,PHY-00024499,2025-02-08T19:40:29,MEDIUM,SYNTHETIC,,,true,Synthetic physical activity pattern.,SCN-PHYS-1994
REL-0685854,Case,CASE-00139,HAS_EVENT,PhysicalAccessEvent,PHY-00024535,2025-03-02T20:18:38,MEDIUM,SYNTHETIC,,,true,Synthetic case evidence linkage.,SCN-PHYS-0139
REL-0685855,Person,PER-002304,PARTICIPATED_IN,PhysicalAccessEvent,PHY-00024535,2025-03-02T20:18:38,MEDIUM,SYNTHETIC,,,true,Synthetic physical activity pattern.,SCN-PHYS-0139
REL-0685878,Case,CASE-00184,HAS_EVENT,PhysicalAccessEvent,PHY-00024547,2024-08-13T01:03:47,MEDIUM,SYNTHETIC,,,true,Synthetic case evidence linkage.,SCN-PHYS-0184
REL-0685879,Person,PER-003233,PARTICIPATED_IN,PhysicalAccessEvent,PHY-00024547,2024-08-13T01:03:47,MEDIUM,SYNTHETIC,,,true,Synthetic physical activity pattern.,SCN-PHYS-0184
REL-0685960,Case,CASE-00349,HAS_EVENT,PhysicalAccessEvent,PHY-00024588,2025-04-21T02:03:59,MEDIUM,SYNTHETIC,,,true,Synthetic case evidence linkage.,SCN-PHYS-0349
REL-0685961,Person,PER-006443,PARTICIPATED_IN,PhysicalAccessEvent,PHY-00024588,2025-04-21T02:03:59,MEDIUM,SYNTHETIC,,,true,Synthetic physical activity pattern.,SCN-PHYS-0349
REL-0685982,Case,CASE-00394,HAS_EVENT,PhysicalAccessEvent,PHY-00024599,2024-05-02T23:03:19,MEDIUM,SYNTHETIC,,,true,Synthetic case evidence linkage.,SCN-PHYS-0394
REL-0685983,Person,PER-007236,PARTICIPATED_IN,PhysicalAccessEvent,PHY-00024599,2024-05-02T23:03:19,MEDIUM,SYNTHETIC,,,true,Synthetic physical activity pattern.,SCN-PHYS-0394
REL-0686050,Case,CASE-00529,HAS_EVENT,PhysicalAccessEvent,PHY-00024633,2024-06-06T01:22:27,MEDIUM,SYNTHETIC,,,true,Synthetic case evidence linkage.,SCN-PHYS-0529
REL-0686051,Person,PER-009628,PARTICIPATED_IN,PhysicalAccessEvent,PHY-00024633,2024-06-06T01:22:27,MEDIUM,SYNTHETIC,,,true,Synthetic physical activity pattern.,SCN-PHYS-0529
REL-0686068,Case,CASE-00564,HAS_EVENT,PhysicalAccessEvent,PHY-00024642,2024-01-02T19:17:02,MEDIUM,SYNTHETIC,,,true,Synthetic case evidence linkage.,SCN-PHYS-0564
REL-0686069,Person,PER-010131,PARTICIPATED_IN,PhysicalAccessEvent,PHY-00024642,2024-01-02T19:17:02,MEDIUM,SYNTHETIC,,,true,Synthetic physical activity pattern.,SCN-PHYS-0564
REL-0686264,Case,CASE-00959,HAS_EVENT,PhysicalAccessEvent,PHY-00024740,2025-09-20T19:17:54,MEDIUM,SYNTHETIC,,,true,Synthetic case evidence linkage.,SCN-PHYS-0959
REL-0686265,Person,PER-017223,PARTICIPATED_IN,PhysicalAccessEvent,PHY-00024740,2025-09-20T19:17:54,MEDIUM,SYNTHETIC,,,true,Synthetic physical activity pattern.,SCN-PHYS-0959
REL-0686314,Case,CASE-01059,HAS_EVENT,PhysicalAccessEvent,PHY-00024765,2025-09-10T07:09:11,MEDIUM,SYNTHETIC,,,true,Synthetic case evidence linkage.,SCN-PHYS-1059
REL-0686315,Person,PER-018950,PARTICIPATED_IN,PhysicalAccessEvent,PHY-00024765,2025-09-10T07:09:11,MEDIUM,SYNTHETIC,,,true,Synthetic physical activity pattern.,SCN-PHYS-1059
REL-0686328,Case,CASE-01084,HAS_EVENT,PhysicalAccessEvent,PHY-00024772,2024-12-14T15:42:02,MEDIUM,SYNTHETIC,,,true,Synthetic case evidence linkage.,SCN-PHYS-1084
REL-0686329,Person,PER-019374,PARTICIPATED_IN,PhysicalAccessEvent,PHY-00024772,2024-12-14T15:42:02,MEDIUM,SYNTHETIC,,,true,Synthetic physical activity pattern.,SCN-PHYS-1084
REL-0686348,Case,CASE-01124,HAS_EVENT,PhysicalAccessEvent,PHY-00024782,2025-03-17T22:48:58,MEDIUM,SYNTHETIC,,,true,Synthetic case evidence linkage.,SCN-PHYS-1124
REL-0686349,Person,PER-020096,PARTICIPATED_IN,PhysicalAccessEvent,PHY-00024782,2025-03-17T22:48:58,MEDIUM,SYNTHETIC,,,true,Synthetic physical activity pattern.,SCN-PHYS-1124
REL-0686390,Case,CASE-01209,HAS_EVENT,PhysicalAccessEvent,PHY-00024803,2024-12-02T07:09:59,MEDIUM,SYNTHETIC,,,true,Synthetic case evidence linkage.,SCN-PHYS-1209
REL-0686391,Person,PER-021845,PARTICIPATED_IN,PhysicalAccessEvent,PHY-00024803,2024-12-02T07:09:59,MEDIUM,SYNTHETIC,,,true,Synthetic physical activity pattern.,SCN-PHYS-1209
REL-0686420,Case,CASE-01269,HAS_EVENT,PhysicalAccessEvent,PHY-00024818,2025-02-11T21:40:52,MEDIUM,SYNTHETIC,,,true,Synthetic case evidence linkage.,SCN-PHYS-1269
REL-0686421,Person,PER-022852,PARTICIPATED_IN,PhysicalAccessEvent,PHY-00024818,2025-02-11T21:40:52,MEDIUM,SYNTHETIC,,,true,Synthetic physical activity pattern.,SCN-PHYS-1269
REL-0686452,Case,CASE-01334,HAS_EVENT,PhysicalAccessEvent,PHY-00024834,2024-07-05T10:32:06,MEDIUM,SYNTHETIC,,,true,Synthetic case evidence linkage.,SCN-PHYS-1334
REL-0686453,Person,PER-023945,PARTICIPATED_IN,PhysicalAccessEvent,PHY-00024834,2024-07-05T10:32:06,MEDIUM,SYNTHETIC,,,true,Synthetic physical activity pattern.,SCN-PHYS-1334
REL-0686544,Case,CASE-01519,HAS_EVENT,PhysicalAccessEvent,PHY-00024880,2025-02-20T04:58:24,MEDIUM,SYNTHETIC,,,true,Synthetic case evidence linkage.,SCN-PHYS-1519
REL-0686545,Person,PER-027179,PARTICIPATED_IN,PhysicalAccessEvent,PHY-00024880,2025-02-20T04:58:24,MEDIUM,SYNTHETIC,,,true,Synthetic physical activity pattern.,SCN-PHYS-1519
REL-0686578,Case,CASE-01584,HAS_EVENT,PhysicalAccessEvent,PHY-00024897,2025-10-03T15:10:53,MEDIUM,SYNTHETIC,,,true,Synthetic case evidence linkage.,SCN-PHYS-1584
REL-0686579,Person,PER-028278,PARTICIPATED_IN,PhysicalAccessEvent,PHY-00024897,2025-10-03T15:10:53,MEDIUM,SYNTHETIC,,,true,Synthetic physical activity pattern.,SCN-PHYS-1584
REL-0686582,Case,CASE-01594,HAS_EVENT,PhysicalAccessEvent,PHY-00024899,2025-04-21T03:31:06,MEDIUM,SYNTHETIC,,,true,Synthetic case evidence linkage.,SCN-PHYS-1594
REL-0686583,Person,PER-028494,PARTICIPATED_IN,PhysicalAccessEvent,PHY-00024899,2025-04-21T03:31:06,MEDIUM,SYNTHETIC,,,true,Synthetic physical activity pattern.,SCN-PHYS-1594
REL-0686618,Case,CASE-01664,HAS_EVENT,PhysicalAccessEvent,PHY-00024917,2024-01-02T16:47:58,MEDIUM,SYNTHETIC,,,true,Synthetic case evidence linkage.,SCN-PHYS-1664
REL-0686619,Person,PER-029521,PARTICIPATED_IN,PhysicalAccessEvent,PHY-00024917,2024-01-02T16:47:58,MEDIUM,SYNTHETIC,,,true,Synthetic physical activity pattern.,SCN-PHYS-1664
REL-0686658,Case,CASE-01744,HAS_EVENT,PhysicalAccessEvent,PHY-00024937,2024-03-23T01:09:20,MEDIUM,SYNTHETIC,,,true,Synthetic case evidence linkage.,SCN-PHYS-1744
REL-0686659,Person,PER-031212,PARTICIPATED_IN,PhysicalAccessEvent,PHY-00024937,2024-03-23T01:09:20,MEDIUM,SYNTHETIC,,,true,Synthetic physical activity pattern.,SCN-PHYS-1744
REL-0686782,Case,CASE-01994,HAS_EVENT,PhysicalAccessEvent,PHY-00024999,2024-10-23T10:49:32,MEDIUM,SYNTHETIC,,,true,Synthetic case evidence linkage.,SCN-PHYS-1994
REL-0686783,Person,PER-035454,PARTICIPATED_IN,PhysicalAccessEvent,PHY-00024999,2024-10-23T10:49:32,MEDIUM,SYNTHETIC,,,true,Synthetic physical activity pattern.,SCN-PHYS-1994
REL-0686854,Case,CASE-00139,HAS_EVENT,PhysicalAccessEvent,PHY-00025035,2025-03-25T14:08:32,MEDIUM,SYNTHETIC,,,true,Synthetic case evidence linkage.,SCN-PHYS-0139
REL-0686855,Person,PER-002304,PARTICIPATED_IN,PhysicalAccessEvent,PHY-00025035,2025-03-25T14:08:32,MEDIUM,SYNTHETIC,,,true,Synthetic physical activity pattern.,SCN-PHYS-0139
REL-0686878,Case,CASE-00184,HAS_EVENT,PhysicalAccessEvent,PHY-00025047,2025-02-22T04:09:09,MEDIUM,SYNTHETIC,,,true,Synthetic case evidence linkage.,SCN-PHYS-0184
REL-0686879,Person,PER-003233,PARTICIPATED_IN,PhysicalAccessEvent,PHY-00025047,2025-02-22T04:09:09,MEDIUM,SYNTHETIC,,,true,Synthetic physical activity pattern.,SCN-PHYS-0184
REL-0686960,Case,CASE-00349,HAS_EVENT,PhysicalAccessEvent,PHY-00025088,2025-12-07T14:08:01,MEDIUM,SYNTHETIC,,,true,Synthetic case evidence linkage.,SCN-PHYS-0349
REL-0686961,Person,PER-006443,PARTICIPATED_IN,PhysicalAccessEvent,PHY-00025088,2025-12-07T14:08:01,MEDIUM,SYNTHETIC,,,true,Synthetic physical activity pattern.,SCN-PHYS-0349
REL-0686982,Case,CASE-00394,HAS_EVENT,PhysicalAccessEvent,PHY-00025099,2025-01-19T07:14:17,MEDIUM,SYNTHETIC,,,true,Synthetic case evidence linkage.,SCN-PHYS-0394
REL-0686983,Person,PER-007236,PARTICIPATED_IN,PhysicalAccessEvent,PHY-00025099,2025-01-19T07:14:17,MEDIUM,SYNTHETIC,,,true,Synthetic physical activity pattern.,SCN-PHYS-0394
REL-0687050,Case,CASE-00529,HAS_EVENT,PhysicalAccessEvent,PHY-00025133,2025-09-12T07:58:18,MEDIUM,SYNTHETIC,,,true,Synthetic case evidence linkage.,SCN-PHYS-0529
REL-0687051,Person,PER-009628,PARTICIPATED_IN,PhysicalAccessEvent,PHY-00025133,2025-09-12T07:58:18,MEDIUM,SYNTHETIC,,,true,Synthetic physical activity pattern.,SCN-PHYS-0529
REL-0687068,Case,CASE-00564,HAS_EVENT,PhysicalAccessEvent,PHY-00025142,2024-09-09T01:40:27,MEDIUM,SYNTHETIC,,,true,Synthetic case evidence linkage.,SCN-PHYS-0564
REL-0687069,Person,PER-010131,PARTICIPATED_IN,PhysicalAccessEvent,PHY-00025142,2024-09-09T01:40:27,MEDIUM,SYNTHETIC,,,true,Synthetic physical activity pattern.,SCN-PHYS-0564
REL-0687264,Case,CASE-00959,HAS_EVENT,PhysicalAccessEvent,PHY-00025240,2024-04-05T09:37:41,MEDIUM,SYNTHETIC,,,true,Synthetic case evidence linkage.,SCN-PHYS-0959
REL-0687265,Person,PER-017223,PARTICIPATED_IN,PhysicalAccessEvent,PHY-00025240,2024-04-05T09:37:41,MEDIUM,SYNTHETIC,,,true,Synthetic physical activity pattern.,SCN-PHYS-0959
REL-0687314,Case,CASE-01059,HAS_EVENT,PhysicalAccessEvent,PHY-00025265,2024-03-02T01:48:05,MEDIUM,SYNTHETIC,,,true,Synthetic case evidence linkage.,SCN-PHYS-1059
REL-0687315,Person,PER-018950,PARTICIPATED_IN,PhysicalAccessEvent,PHY-00025265,2024-03-02T01:48:05,MEDIUM,SYNTHETIC,,,true,Synthetic physical activity pattern.,SCN-PHYS-1059
REL-0687328,Case,CASE-01084,HAS_EVENT,PhysicalAccessEvent,PHY-00025272,2024-11-04T10:15:46,MEDIUM,SYNTHETIC,,,true,Synthetic case evidence linkage.,SCN-PHYS-1084
REL-0687329,Person,PER-019374,PARTICIPATED_IN,PhysicalAccessEvent,PHY-00025272,2024-11-04T10:15:46,MEDIUM,SYNTHETIC,,,true,Synthetic physical activity pattern.,SCN-PHYS-1084
REL-0687348,Case,CASE-01124,HAS_EVENT,PhysicalAccessEvent,PHY-00025282,2024-01-24T20:53:40,MEDIUM,SYNTHETIC,,,true,Synthetic case evidence linkage.,SCN-PHYS-1124
REL-0687349,Person,PER-020096,PARTICIPATED_IN,PhysicalAccessEvent,PHY-00025282,2024-01-24T20:53:40,MEDIUM,SYNTHETIC,,,true,Synthetic physical activity pattern.,SCN-PHYS-1124
REL-0687390,Case,CASE-01209,HAS_EVENT,PhysicalAccessEvent,PHY-00025303,2024-12-26T09:55:55,MEDIUM,SYNTHETIC,,,true,Synthetic case evidence linkage.,SCN-PHYS-1209
REL-0687391,Person,PER-021845,PARTICIPATED_IN,PhysicalAccessEvent,PHY-00025303,2024-12-26T09:55:55,MEDIUM,SYNTHETIC,,,true,Synthetic physical activity pattern.,SCN-PHYS-1209
REL-0687420,Case,CASE-01269,HAS_EVENT,PhysicalAccessEvent,PHY-00025318,2024-11-23T00:23:33,MEDIUM,SYNTHETIC,,,true,Synthetic case evidence linkage.,SCN-PHYS-1269
REL-0687421,Person,PER-022852,PARTICIPATED_IN,PhysicalAccessEvent,PHY-00025318,2024-11-23T00:23:33,MEDIUM,SYNTHETIC,,,true,Synthetic physical activity pattern.,SCN-PHYS-1269
REL-0687452,Case,CASE-01334,HAS_EVENT,PhysicalAccessEvent,PHY-00025334,2024-07-27T13:31:48,MEDIUM,SYNTHETIC,,,true,Synthetic case evidence linkage.,SCN-PHYS-1334
REL-0687453,Person,PER-023945,PARTICIPATED_IN,PhysicalAccessEvent,PHY-00025334,2024-07-27T13:31:48,MEDIUM,SYNTHETIC,,,true,Synthetic physical activity pattern.,SCN-PHYS-1334
REL-0687544,Case,CASE-01519,HAS_EVENT,PhysicalAccessEvent,PHY-00025380,2024-05-21T15:02:09,MEDIUM,SYNTHETIC,,,true,Synthetic case evidence linkage.,SCN-PHYS-1519
REL-0687545,Person,PER-027179,PARTICIPATED_IN,PhysicalAccessEvent,PHY-00025380,2024-05-21T15:02:09,MEDIUM,SYNTHETIC,,,true,Synthetic physical activity pattern.,SCN-PHYS-1519
REL-0687578,Case,CASE-01584,HAS_EVENT,PhysicalAccessEvent,PHY-00025397,2024-10-22T15:40:55,MEDIUM,SYNTHETIC,,,true,Synthetic case evidence linkage.,SCN-PHYS-1584
REL-0687579,Person,PER-028278,PARTICIPATED_IN,PhysicalAccessEvent,PHY-00025397,2024-10-22T15:40:55,MEDIUM,SYNTHETIC,,,true,Synthetic physical activity pattern.,SCN-PHYS-1584
REL-0687582,Case,CASE-01594,HAS_EVENT,PhysicalAccessEvent,PHY-00025399,2025-05-06T07:52:05,MEDIUM,SYNTHETIC,,,true,Synthetic case evidence linkage.,SCN-PHYS-1594
REL-0687583,Person,PER-028494,PARTICIPATED_IN,PhysicalAccessEvent,PHY-00025399,2025-05-06T07:52:05,MEDIUM,SYNTHETIC,,,true,Synthetic physical activity pattern.,SCN-PHYS-1594
REL-0687618,Case,CASE-01664,HAS_EVENT,PhysicalAccessEvent,PHY-00025417,2024-07-08T17:50:14,MEDIUM,SYNTHETIC,,,true,Synthetic case evidence linkage.,SCN-PHYS-1664
REL-0687619,Person,PER-029521,PARTICIPATED_IN,PhysicalAccessEvent,PHY-00025417,2024-07-08T17:50:14,MEDIUM,SYNTHETIC,,,true,Synthetic physical activity pattern.,SCN-PHYS-1664
REL-0687658,Case,CASE-01744,HAS_EVENT,PhysicalAccessEvent,PHY-00025437,2024-05-09T12:22:40,MEDIUM,SYNTHETIC,,,true,Synthetic case evidence linkage.,SCN-PHYS-1744
REL-0687659,Person,PER-031212,PARTICIPATED_IN,PhysicalAccessEvent,PHY-00025437,2024-05-09T12:22:40,MEDIUM,SYNTHETIC,,,true,Synthetic physical activity pattern.,SCN-PHYS-1744
REL-0687782,Case,CASE-01994,HAS_EVENT,PhysicalAccessEvent,PHY-00025499,2025-10-12T11:47:47,MEDIUM,SYNTHETIC,,,true,Synthetic case evidence linkage.,SCN-PHYS-1994
REL-0687783,Person,PER-035454,PARTICIPATED_IN,PhysicalAccessEvent,PHY-00025499,2025-10-12T11:47:47,MEDIUM,SYNTHETIC,,,true,Synthetic physical activity pattern.,SCN-PHYS-1994
REL-0687854,Case,CASE-00139,HAS_EVENT,PhysicalAccessEvent,PHY-00025535,2025-06-29T05:01:02,MEDIUM,SYNTHETIC,,,true,Synthetic case evidence linkage.,SCN-PHYS-0139
REL-0687855,Person,PER-002304,PARTICIPATED_IN,PhysicalAccessEvent,PHY-00025535,2025-06-29T05:01:02,MEDIUM,SYNTHETIC,,,true,Synthetic physical activity pattern.,SCN-PHYS-0139
REL-0687878,Case,CASE-00184,HAS_EVENT,PhysicalAccessEvent,PHY-00025547,2024-03-31T06:57:11,MEDIUM,SYNTHETIC,,,true,Synthetic case evidence linkage.,SCN-PHYS-0184
REL-0687879,Person,PER-003233,PARTICIPATED_IN,PhysicalAccessEvent,PHY-00025547,2024-03-31T06:57:11,MEDIUM,SYNTHETIC,,,true,Synthetic physical activity pattern.,SCN-PHYS-0184
REL-0687960,Case,CASE-00349,HAS_EVENT,PhysicalAccessEvent,PHY-00025588,2024-03-27T21:11:55,MEDIUM,SYNTHETIC,,,true,Synthetic case evidence linkage.,SCN-PHYS-0349
REL-0687961,Person,PER-006443,PARTICIPATED_IN,PhysicalAccessEvent,PHY-00025588,2024-03-27T21:11:55,MEDIUM,SYNTHETIC,,,true,Synthetic physical activity pattern.,SCN-PHYS-0349
REL-0687982,Case,CASE-00394,HAS_EVENT,PhysicalAccessEvent,PHY-00025599,2025-05-25T17:55:28,MEDIUM,SYNTHETIC,,,true,Synthetic case evidence linkage.,SCN-PHYS-0394
REL-0687983,Person,PER-007236,PARTICIPATED_IN,PhysicalAccessEvent,PHY-00025599,2025-05-25T17:55:28,MEDIUM,SYNTHETIC,,,true,Synthetic physical activity pattern.,SCN-PHYS-0394
REL-0688050,Case,CASE-00529,HAS_EVENT,PhysicalAccessEvent,PHY-00025633,2024-10-20T19:38:53,MEDIUM,SYNTHETIC,,,true,Synthetic case evidence linkage.,SCN-PHYS-0529
REL-0688051,Person,PER-009628,PARTICIPATED_IN,PhysicalAccessEvent,PHY-00025633,2024-10-20T19:38:53,MEDIUM,SYNTHETIC,,,true,Synthetic physical activity pattern.,SCN-PHYS-0529
REL-0688068,Case,CASE-00564,HAS_EVENT,PhysicalAccessEvent,PHY-00025642,2024-06-28T02:17:14,MEDIUM,SYNTHETIC,,,true,Synthetic case evidence linkage.,SCN-PHYS-0564
REL-0688069,Person,PER-010131,PARTICIPATED_IN,PhysicalAccessEvent,PHY-00025642,2024-06-28T02:17:14,MEDIUM,SYNTHETIC,,,true,Synthetic physical activity pattern.,SCN-PHYS-0564
REL-0688264,Case,CASE-00959,HAS_EVENT,PhysicalAccessEvent,PHY-00025740,2024-08-12T03:54:14,MEDIUM,SYNTHETIC,,,true,Synthetic case evidence linkage.,SCN-PHYS-0959
REL-0688265,Person,PER-017223,PARTICIPATED_IN,PhysicalAccessEvent,PHY-00025740,2024-08-12T03:54:14,MEDIUM,SYNTHETIC,,,true,Synthetic physical activity pattern.,SCN-PHYS-0959
REL-0688314,Case,CASE-01059,HAS_EVENT,PhysicalAccessEvent,PHY-00025765,2025-04-25T01:11:22,MEDIUM,SYNTHETIC,,,true,Synthetic case evidence linkage.,SCN-PHYS-1059
REL-0688315,Person,PER-018950,PARTICIPATED_IN,PhysicalAccessEvent,PHY-00025765,2025-04-25T01:11:22,MEDIUM,SYNTHETIC,,,true,Synthetic physical activity pattern.,SCN-PHYS-1059
REL-0688328,Case,CASE-01084,HAS_EVENT,PhysicalAccessEvent,PHY-00025772,2024-01-03T22:09:03,MEDIUM,SYNTHETIC,,,true,Synthetic case evidence linkage.,SCN-PHYS-1084
REL-0688329,Person,PER-019374,PARTICIPATED_IN,PhysicalAccessEvent,PHY-00025772,2024-01-03T22:09:03,MEDIUM,SYNTHETIC,,,true,Synthetic physical activity pattern.,SCN-PHYS-1084
REL-0688348,Case,CASE-01124,HAS_EVENT,PhysicalAccessEvent,PHY-00025782,2025-10-05T03:54:39,MEDIUM,SYNTHETIC,,,true,Synthetic case evidence linkage.,SCN-PHYS-1124
REL-0688349,Person,PER-020096,PARTICIPATED_IN,PhysicalAccessEvent,PHY-00025782,2025-10-05T03:54:39,MEDIUM,SYNTHETIC,,,true,Synthetic physical activity pattern.,SCN-PHYS-1124
REL-0688390,Case,CASE-01209,HAS_EVENT,PhysicalAccessEvent,PHY-00025803,2025-02-20T13:08:26,MEDIUM,SYNTHETIC,,,true,Synthetic case evidence linkage.,SCN-PHYS-1209
REL-0688391,Person,PER-021845,PARTICIPATED_IN,PhysicalAccessEvent,PHY-00025803,2025-02-20T13:08:26,MEDIUM,SYNTHETIC,,,true,Synthetic physical activity pattern.,SCN-PHYS-1209
REL-0688420,Case,CASE-01269,HAS_EVENT,PhysicalAccessEvent,PHY-00025818,2024-06-25T12:42:14,MEDIUM,SYNTHETIC,,,true,Synthetic case evidence linkage.,SCN-PHYS-1269
REL-0688421,Person,PER-022852,PARTICIPATED_IN,PhysicalAccessEvent,PHY-00025818,2024-06-25T12:42:14,MEDIUM,SYNTHETIC,,,true,Synthetic physical activity pattern.,SCN-PHYS-1269
REL-0688452,Case,CASE-01334,HAS_EVENT,PhysicalAccessEvent,PHY-00025834,2024-03-25T13:36:18,MEDIUM,SYNTHETIC,,,true,Synthetic case evidence linkage.,SCN-PHYS-1334
REL-0688453,Person,PER-023945,PARTICIPATED_IN,PhysicalAccessEvent,PHY-00025834,2024-03-25T13:36:18,MEDIUM,SYNTHETIC,,,true,Synthetic physical activity pattern.,SCN-PHYS-1334
REL-0688544,Case,CASE-01519,HAS_EVENT,PhysicalAccessEvent,PHY-00025880,2025-02-08T09:30:13,MEDIUM,SYNTHETIC,,,true,Synthetic case evidence linkage.,SCN-PHYS-1519
REL-0688545,Person,PER-027179,PARTICIPATED_IN,PhysicalAccessEvent,PHY-00025880,2025-02-08T09:30:13,MEDIUM,SYNTHETIC,,,true,Synthetic physical activity pattern.,SCN-PHYS-1519
REL-0688578,Case,CASE-01584,HAS_EVENT,PhysicalAccessEvent,PHY-00025897,2025-10-20T09:53:03,MEDIUM,SYNTHETIC,,,true,Synthetic case evidence linkage.,SCN-PHYS-1584
REL-0688579,Person,PER-028278,PARTICIPATED_IN,PhysicalAccessEvent,PHY-00025897,2025-10-20T09:53:03,MEDIUM,SYNTHETIC,,,true,Synthetic physical activity pattern.,SCN-PHYS-1584
REL-0688582,Case,CASE-01594,HAS_EVENT,PhysicalAccessEvent,PHY-00025899,2025-07-20T16:21:52,MEDIUM,SYNTHETIC,,,true,Synthetic case evidence linkage.,SCN-PHYS-1594
REL-0688583,Person,PER-028494,PARTICIPATED_IN,PhysicalAccessEvent,PHY-00025899,2025-07-20T16:21:52,MEDIUM,SYNTHETIC,,,true,Synthetic physical activity pattern.,SCN-PHYS-1594
REL-0688618,Case,CASE-01664,HAS_EVENT,PhysicalAccessEvent,PHY-00025917,2025-03-15T15:49:51,MEDIUM,SYNTHETIC,,,true,Synthetic case evidence linkage.,SCN-PHYS-1664
REL-0688619,Person,PER-029521,PARTICIPATED_IN,PhysicalAccessEvent,PHY-00025917,2025-03-15T15:49:51,MEDIUM,SYNTHETIC,,,true,Synthetic physical activity pattern.,SCN-PHYS-1664
REL-0688658,Case,CASE-01744,HAS_EVENT,PhysicalAccessEvent,PHY-00025937,2025-10-13T15:23:20,MEDIUM,SYNTHETIC,,,true,Synthetic case evidence linkage.,SCN-PHYS-1744
REL-0688659,Person,PER-031212,PARTICIPATED_IN,PhysicalAccessEvent,PHY-00025937,2025-10-13T15:23:20,MEDIUM,SYNTHETIC,,,true,Synthetic physical activity pattern.,SCN-PHYS-1744
REL-0688782,Case,CASE-01994,HAS_EVENT,PhysicalAccessEvent,PHY-00025999,2024-02-14T06:59:10,MEDIUM,SYNTHETIC,,,true,Synthetic case evidence linkage.,SCN-PHYS-1994
REL-0688783,Person,PER-035454,PARTICIPATED_IN,PhysicalAccessEvent,PHY-00025999,2024-02-14T06:59:10,MEDIUM,SYNTHETIC,,,true,Synthetic physical activity pattern.,SCN-PHYS-1994
REL-0688854,Case,CASE-00139,HAS_EVENT,PhysicalAccessEvent,PHY-00026035,2025-08-29T22:09:25,MEDIUM,SYNTHETIC,,,true,Synthetic case evidence linkage.,SCN-PHYS-0139
REL-0688855,Person,PER-002304,PARTICIPATED_IN,PhysicalAccessEvent,PHY-00026035,2025-08-29T22:09:25,MEDIUM,SYNTHETIC,,,true,Synthetic physical activity pattern.,SCN-PHYS-0139
REL-0688878,Case,CASE-00184,HAS_EVENT,PhysicalAccessEvent,PHY-00026047,2025-10-01T13:32:54,MEDIUM,SYNTHETIC,,,true,Synthetic case evidence linkage.,SCN-PHYS-0184
REL-0688879,Person,PER-003233,PARTICIPATED_IN,PhysicalAccessEvent,PHY-00026047,2025-10-01T13:32:54,MEDIUM,SYNTHETIC,,,true,Synthetic physical activity pattern.,SCN-PHYS-0184
REL-0688960,Case,CASE-00349,HAS_EVENT,PhysicalAccessEvent,PHY-00026088,2025-12-26T04:39:22,MEDIUM,SYNTHETIC,,,true,Synthetic case evidence linkage.,SCN-PHYS-0349
REL-0688961,Person,PER-006443,PARTICIPATED_IN,PhysicalAccessEvent,PHY-00026088,2025-12-26T04:39:22,MEDIUM,SYNTHETIC,,,true,Synthetic physical activity pattern.,SCN-PHYS-0349
REL-0688982,Case,CASE-00394,HAS_EVENT,PhysicalAccessEvent,PHY-00026099,2024-03-15T13:10:58,MEDIUM,SYNTHETIC,,,true,Synthetic case evidence linkage.,SCN-PHYS-0394
REL-0688983,Person,PER-007236,PARTICIPATED_IN,PhysicalAccessEvent,PHY-00026099,2024-03-15T13:10:58,MEDIUM,SYNTHETIC,,,true,Synthetic physical activity pattern.,SCN-PHYS-0394
REL-0689050,Case,CASE-00529,HAS_EVENT,PhysicalAccessEvent,PHY-00026133,2024-03-25T02:18:34,MEDIUM,SYNTHETIC,,,true,Synthetic case evidence linkage.,SCN-PHYS-0529
REL-0689051,Person,PER-009628,PARTICIPATED_IN,PhysicalAccessEvent,PHY-00026133,2024-03-25T02:18:34,MEDIUM,SYNTHETIC,,,true,Synthetic physical activity pattern.,SCN-PHYS-0529
REL-0689068,Case,CASE-00564,HAS_EVENT,PhysicalAccessEvent,PHY-00026142,2024-10-26T22:08:23,MEDIUM,SYNTHETIC,,,true,Synthetic case evidence linkage.,SCN-PHYS-0564
REL-0689069,Person,PER-010131,PARTICIPATED_IN,PhysicalAccessEvent,PHY-00026142,2024-10-26T22:08:23,MEDIUM,SYNTHETIC,,,true,Synthetic physical activity pattern.,SCN-PHYS-0564
REL-0689264,Case,CASE-00959,HAS_EVENT,PhysicalAccessEvent,PHY-00026240,2024-01-23T17:44:46,MEDIUM,SYNTHETIC,,,true,Synthetic case evidence linkage.,SCN-PHYS-0959
REL-0689265,Person,PER-017223,PARTICIPATED_IN,PhysicalAccessEvent,PHY-00026240,2024-01-23T17:44:46,MEDIUM,SYNTHETIC,,,true,Synthetic physical activity pattern.,SCN-PHYS-0959
REL-0689314,Case,CASE-01059,HAS_EVENT,PhysicalAccessEvent,PHY-00026265,2024-10-25T13:21:54,MEDIUM,SYNTHETIC,,,true,Synthetic case evidence linkage.,SCN-PHYS-1059
REL-0689315,Person,PER-018950,PARTICIPATED_IN,PhysicalAccessEvent,PHY-00026265,2024-10-25T13:21:54,MEDIUM,SYNTHETIC,,,true,Synthetic physical activity pattern.,SCN-PHYS-1059
REL-0689328,Case,CASE-01084,HAS_EVENT,PhysicalAccessEvent,PHY-00026272,2024-06-23T01:42:59,MEDIUM,SYNTHETIC,,,true,Synthetic case evidence linkage.,SCN-PHYS-1084
REL-0689329,Person,PER-019374,PARTICIPATED_IN,PhysicalAccessEvent,PHY-00026272,2024-06-23T01:42:59,MEDIUM,SYNTHETIC,,,true,Synthetic physical activity pattern.,SCN-PHYS-1084
REL-0689348,Case,CASE-01124,HAS_EVENT,PhysicalAccessEvent,PHY-00026282,2024-12-09T15:07:29,MEDIUM,SYNTHETIC,,,true,Synthetic case evidence linkage.,SCN-PHYS-1124
REL-0689349,Person,PER-020096,PARTICIPATED_IN,PhysicalAccessEvent,PHY-00026282,2024-12-09T15:07:29,MEDIUM,SYNTHETIC,,,true,Synthetic physical activity pattern.,SCN-PHYS-1124
REL-0689390,Case,CASE-01209,HAS_EVENT,PhysicalAccessEvent,PHY-00026303,2025-04-04T09:16:59,MEDIUM,SYNTHETIC,,,true,Synthetic case evidence linkage.,SCN-PHYS-1209
REL-0689391,Person,PER-021845,PARTICIPATED_IN,PhysicalAccessEvent,PHY-00026303,2025-04-04T09:16:59,MEDIUM,SYNTHETIC,,,true,Synthetic physical activity pattern.,SCN-PHYS-1209
REL-0689420,Case,CASE-01269,HAS_EVENT,PhysicalAccessEvent,PHY-00026318,2025-10-14T12:29:40,MEDIUM,SYNTHETIC,,,true,Synthetic case evidence linkage.,SCN-PHYS-1269
REL-0689421,Person,PER-022852,PARTICIPATED_IN,PhysicalAccessEvent,PHY-00026318,2025-10-14T12:29:40,MEDIUM,SYNTHETIC,,,true,Synthetic physical activity pattern.,SCN-PHYS-1269
REL-0689452,Case,CASE-01334,HAS_EVENT,PhysicalAccessEvent,PHY-00026334,2024-04-11T16:51:25,MEDIUM,SYNTHETIC,,,true,Synthetic case evidence linkage.,SCN-PHYS-1334
REL-0689453,Person,PER-023945,PARTICIPATED_IN,PhysicalAccessEvent,PHY-00026334,2024-04-11T16:51:25,MEDIUM,SYNTHETIC,,,true,Synthetic physical activity pattern.,SCN-PHYS-1334
REL-0689544,Case,CASE-01519,HAS_EVENT,PhysicalAccessEvent,PHY-00026380,2025-10-31T14:37:18,MEDIUM,SYNTHETIC,,,true,Synthetic case evidence linkage.,SCN-PHYS-1519
REL-0689545,Person,PER-027179,PARTICIPATED_IN,PhysicalAccessEvent,PHY-00026380,2025-10-31T14:37:18,MEDIUM,SYNTHETIC,,,true,Synthetic physical activity pattern.,SCN-PHYS-1519
REL-0689578,Case,CASE-01584,HAS_EVENT,PhysicalAccessEvent,PHY-00026397,2024-02-28T07:09:36,MEDIUM,SYNTHETIC,,,true,Synthetic case evidence linkage.,SCN-PHYS-1584
REL-0689579,Person,PER-028278,PARTICIPATED_IN,PhysicalAccessEvent,PHY-00026397,2024-02-28T07:09:36,MEDIUM,SYNTHETIC,,,true,Synthetic physical activity pattern.,SCN-PHYS-1584
REL-0689582,Case,CASE-01594,HAS_EVENT,PhysicalAccessEvent,PHY-00026399,2024-03-07T23:00:43,MEDIUM,SYNTHETIC,,,true,Synthetic case evidence linkage.,SCN-PHYS-1594
REL-0689583,Person,PER-028494,PARTICIPATED_IN,PhysicalAccessEvent,PHY-00026399,2024-03-07T23:00:43,MEDIUM,SYNTHETIC,,,true,Synthetic physical activity pattern.,SCN-PHYS-1594
REL-0689618,Case,CASE-01664,HAS_EVENT,PhysicalAccessEvent,PHY-00026417,2025-05-25T18:21:10,MEDIUM,SYNTHETIC,,,true,Synthetic case evidence linkage.,SCN-PHYS-1664
REL-0689619,Person,PER-029521,PARTICIPATED_IN,PhysicalAccessEvent,PHY-00026417,2025-05-25T18:21:10,MEDIUM,SYNTHETIC,,,true,Synthetic physical activity pattern.,SCN-PHYS-1664
REL-0689658,Case,CASE-01744,HAS_EVENT,PhysicalAccessEvent,PHY-00026437,2025-05-20T01:29:53,MEDIUM,SYNTHETIC,,,true,Synthetic case evidence linkage.,SCN-PHYS-1744
REL-0689659,Person,PER-031212,PARTICIPATED_IN,PhysicalAccessEvent,PHY-00026437,2025-05-20T01:29:53,MEDIUM,SYNTHETIC,,,true,Synthetic physical activity pattern.,SCN-PHYS-1744
REL-0689782,Case,CASE-01994,HAS_EVENT,PhysicalAccessEvent,PHY-00026499,2024-07-07T00:42:09,MEDIUM,SYNTHETIC,,,true,Synthetic case evidence linkage.,SCN-PHYS-1994
REL-0689783,Person,PER-035454,PARTICIPATED_IN,PhysicalAccessEvent,PHY-00026499,2024-07-07T00:42:09,MEDIUM,SYNTHETIC,,,true,Synthetic physical activity pattern.,SCN-PHYS-1994
REL-0689854,Case,CASE-00139,HAS_EVENT,PhysicalAccessEvent,PHY-00026535,2025-01-30T19:29:18,MEDIUM,SYNTHETIC,,,true,Synthetic case evidence linkage.,SCN-PHYS-0139
REL-0689855,Person,PER-002304,PARTICIPATED_IN,PhysicalAccessEvent,PHY-00026535,2025-01-30T19:29:18,MEDIUM,SYNTHETIC,,,true,Synthetic physical activity pattern.,SCN-PHYS-0139
REL-0689878,Case,CASE-00184,HAS_EVENT,PhysicalAccessEvent,PHY-00026547,2025-06-02T08:13:08,MEDIUM,SYNTHETIC,,,true,Synthetic case evidence linkage.,SCN-PHYS-0184
REL-0689879,Person,PER-003233,PARTICIPATED_IN,PhysicalAccessEvent,PHY-00026547,2025-06-02T08:13:08,MEDIUM,SYNTHETIC,,,true,Synthetic physical activity pattern.,SCN-PHYS-0184
REL-0689960,Case,CASE-00349,HAS_EVENT,PhysicalAccessEvent,PHY-00026588,2025-09-11T09:11:25,MEDIUM,SYNTHETIC,,,true,Synthetic case evidence linkage.,SCN-PHYS-0349
REL-0689961,Person,PER-006443,PARTICIPATED_IN,PhysicalAccessEvent,PHY-00026588,2025-09-11T09:11:25,MEDIUM,SYNTHETIC,,,true,Synthetic physical activity pattern.,SCN-PHYS-0349
REL-0689982,Case,CASE-00394,HAS_EVENT,PhysicalAccessEvent,PHY-00026599,2025-06-26T02:11:23,MEDIUM,SYNTHETIC,,,true,Synthetic case evidence linkage.,SCN-PHYS-0394
REL-0689983,Person,PER-007236,PARTICIPATED_IN,PhysicalAccessEvent,PHY-00026599,2025-06-26T02:11:23,MEDIUM,SYNTHETIC,,,true,Synthetic physical activity pattern.,SCN-PHYS-0394
REL-0690050,Case,CASE-00529,HAS_EVENT,PhysicalAccessEvent,PHY-00026633,2025-08-25T11:27:36,MEDIUM,SYNTHETIC,,,true,Synthetic case evidence linkage.,SCN-PHYS-0529
REL-0690051,Person,PER-009628,PARTICIPATED_IN,PhysicalAccessEvent,PHY-00026633,2025-08-25T11:27:36,MEDIUM,SYNTHETIC,,,true,Synthetic physical activity pattern.,SCN-PHYS-0529
REL-0690068,Case,CASE-00564,HAS_EVENT,PhysicalAccessEvent,PHY-00026642,2025-04-20T18:50:47,MEDIUM,SYNTHETIC,,,true,Synthetic case evidence linkage.,SCN-PHYS-0564
REL-0690069,Person,PER-010131,PARTICIPATED_IN,PhysicalAccessEvent,PHY-00026642,2025-04-20T18:50:47,MEDIUM,SYNTHETIC,,,true,Synthetic physical activity pattern.,SCN-PHYS-0564
REL-0690264,Case,CASE-00959,HAS_EVENT,PhysicalAccessEvent,PHY-00026740,2025-11-14T18:11:21,MEDIUM,SYNTHETIC,,,true,Synthetic case evidence linkage.,SCN-PHYS-0959
REL-0690265,Person,PER-017223,PARTICIPATED_IN,PhysicalAccessEvent,PHY-00026740,2025-11-14T18:11:21,MEDIUM,SYNTHETIC,,,true,Synthetic physical activity pattern.,SCN-PHYS-0959
REL-0690314,Case,CASE-01059,HAS_EVENT,PhysicalAccessEvent,PHY-00026765,2024-04-18T13:19:43,MEDIUM,SYNTHETIC,,,true,Synthetic case evidence linkage.,SCN-PHYS-1059
REL-0690315,Person,PER-018950,PARTICIPATED_IN,PhysicalAccessEvent,PHY-00026765,2024-04-18T13:19:43,MEDIUM,SYNTHETIC,,,true,Synthetic physical activity pattern.,SCN-PHYS-1059
REL-0690328,Case,CASE-01084,HAS_EVENT,PhysicalAccessEvent,PHY-00026772,2024-04-23T10:48:44,MEDIUM,SYNTHETIC,,,true,Synthetic case evidence linkage.,SCN-PHYS-1084
REL-0690329,Person,PER-019374,PARTICIPATED_IN,PhysicalAccessEvent,PHY-00026772,2024-04-23T10:48:44,MEDIUM,SYNTHETIC,,,true,Synthetic physical activity pattern.,SCN-PHYS-1084
REL-0690348,Case,CASE-01124,HAS_EVENT,PhysicalAccessEvent,PHY-00026782,2025-03-05T04:53:09,MEDIUM,SYNTHETIC,,,true,Synthetic case evidence linkage.,SCN-PHYS-1124
REL-0690349,Person,PER-020096,PARTICIPATED_IN,PhysicalAccessEvent,PHY-00026782,2025-03-05T04:53:09,MEDIUM,SYNTHETIC,,,true,Synthetic physical activity pattern.,SCN-PHYS-1124
REL-0690390,Case,CASE-01209,HAS_EVENT,PhysicalAccessEvent,PHY-00026803,2024-09-11T20:01:37,MEDIUM,SYNTHETIC,,,true,Synthetic case evidence linkage.,SCN-PHYS-1209
REL-0690391,Person,PER-021845,PARTICIPATED_IN,PhysicalAccessEvent,PHY-00026803,2024-09-11T20:01:37,MEDIUM,SYNTHETIC,,,true,Synthetic physical activity pattern.,SCN-PHYS-1209
REL-0690420,Case,CASE-01269,HAS_EVENT,PhysicalAccessEvent,PHY-00026818,2024-07-08T18:53:21,MEDIUM,SYNTHETIC,,,true,Synthetic case evidence linkage.,SCN-PHYS-1269
REL-0690421,Person,PER-022852,PARTICIPATED_IN,PhysicalAccessEvent,PHY-00026818,2024-07-08T18:53:21,MEDIUM,SYNTHETIC,,,true,Synthetic physical activity pattern.,SCN-PHYS-1269
REL-0690452,Case,CASE-01334,HAS_EVENT,PhysicalAccessEvent,PHY-00026834,2025-02-19T12:19:48,MEDIUM,SYNTHETIC,,,true,Synthetic case evidence linkage.,SCN-PHYS-1334
REL-0690453,Person,PER-023945,PARTICIPATED_IN,PhysicalAccessEvent,PHY-00026834,2025-02-19T12:19:48,MEDIUM,SYNTHETIC,,,true,Synthetic physical activity pattern.,SCN-PHYS-1334
REL-0690544,Case,CASE-01519,HAS_EVENT,PhysicalAccessEvent,PHY-00026880,2024-07-22T22:58:06,MEDIUM,SYNTHETIC,,,true,Synthetic case evidence linkage.,SCN-PHYS-1519
REL-0690545,Person,PER-027179,PARTICIPATED_IN,PhysicalAccessEvent,PHY-00026880,2024-07-22T22:58:06,MEDIUM,SYNTHETIC,,,true,Synthetic physical activity pattern.,SCN-PHYS-1519
REL-0690578,Case,CASE-01584,HAS_EVENT,PhysicalAccessEvent,PHY-00026897,2025-08-19T09:52:23,MEDIUM,SYNTHETIC,,,true,Synthetic case evidence linkage.,SCN-PHYS-1584
REL-0690579,Person,PER-028278,PARTICIPATED_IN,PhysicalAccessEvent,PHY-00026897,2025-08-19T09:52:23,MEDIUM,SYNTHETIC,,,true,Synthetic physical activity pattern.,SCN-PHYS-1584
REL-0690582,Case,CASE-01594,HAS_EVENT,PhysicalAccessEvent,PHY-00026899,2025-01-15T08:43:31,MEDIUM,SYNTHETIC,,,true,Synthetic case evidence linkage.,SCN-PHYS-1594
REL-0690583,Person,PER-028494,PARTICIPATED_IN,PhysicalAccessEvent,PHY-00026899,2025-01-15T08:43:31,MEDIUM,SYNTHETIC,,,true,Synthetic physical activity pattern.,SCN-PHYS-1594
REL-0690618,Case,CASE-01664,HAS_EVENT,PhysicalAccessEvent,PHY-00026917,2025-12-23T06:47:43,MEDIUM,SYNTHETIC,,,true,Synthetic case evidence linkage.,SCN-PHYS-1664
REL-0690619,Person,PER-029521,PARTICIPATED_IN,PhysicalAccessEvent,PHY-00026917,2025-12-23T06:47:43,MEDIUM,SYNTHETIC,,,true,Synthetic physical activity pattern.,SCN-PHYS-1664
REL-0690658,Case,CASE-01744,HAS_EVENT,PhysicalAccessEvent,PHY-00026937,2024-10-10T13:00:41,MEDIUM,SYNTHETIC,,,true,Synthetic case evidence linkage.,SCN-PHYS-1744
REL-0690659,Person,PER-031212,PARTICIPATED_IN,PhysicalAccessEvent,PHY-00026937,2024-10-10T13:00:41,MEDIUM,SYNTHETIC,,,true,Synthetic physical activity pattern.,SCN-PHYS-1744
REL-0690782,Case,CASE-01994,HAS_EVENT,PhysicalAccessEvent,PHY-00026999,2024-09-05T23:46:11,MEDIUM,SYNTHETIC,,,true,Synthetic case evidence linkage.,SCN-PHYS-1994
REL-0690783,Person,PER-035454,PARTICIPATED_IN,PhysicalAccessEvent,PHY-00026999,2024-09-05T23:46:11,MEDIUM,SYNTHETIC,,,true,Synthetic physical activity pattern.,SCN-PHYS-1994
REL-0690854,Case,CASE-00139,HAS_EVENT,PhysicalAccessEvent,PHY-00027035,2024-06-27T15:23:09,MEDIUM,SYNTHETIC,,,true,Synthetic case evidence linkage.,SCN-PHYS-0139
REL-0690855,Person,PER-002304,PARTICIPATED_IN,PhysicalAccessEvent,PHY-00027035,2024-06-27T15:23:09,MEDIUM,SYNTHETIC,,,true,Synthetic physical activity pattern.,SCN-PHYS-0139
REL-0690878,Case,CASE-00184,HAS_EVENT,PhysicalAccessEvent,PHY-00027047,2024-12-25T00:11:44,MEDIUM,SYNTHETIC,,,true,Synthetic case evidence linkage.,SCN-PHYS-0184
REL-0690879,Person,PER-003233,PARTICIPATED_IN,PhysicalAccessEvent,PHY-00027047,2024-12-25T00:11:44,MEDIUM,SYNTHETIC,,,true,Synthetic physical activity pattern.,SCN-PHYS-0184
REL-0690960,Case,CASE-00349,HAS_EVENT,PhysicalAccessEvent,PHY-00027088,2024-11-19T08:49:31,MEDIUM,SYNTHETIC,,,true,Synthetic case evidence linkage.,SCN-PHYS-0349
REL-0690961,Person,PER-006443,PARTICIPATED_IN,PhysicalAccessEvent,PHY-00027088,2024-11-19T08:49:31,MEDIUM,SYNTHETIC,,,true,Synthetic physical activity pattern.,SCN-PHYS-0349
REL-0690982,Case,CASE-00394,HAS_EVENT,PhysicalAccessEvent,PHY-00027099,2024-07-05T03:11:02,MEDIUM,SYNTHETIC,,,true,Synthetic case evidence linkage.,SCN-PHYS-0394
REL-0690983,Person,PER-007236,PARTICIPATED_IN,PhysicalAccessEvent,PHY-00027099,2024-07-05T03:11:02,MEDIUM,SYNTHETIC,,,true,Synthetic physical activity pattern.,SCN-PHYS-0394
REL-0691050,Case,CASE-00529,HAS_EVENT,PhysicalAccessEvent,PHY-00027133,2025-12-01T11:49:27,MEDIUM,SYNTHETIC,,,true,Synthetic case evidence linkage.,SCN-PHYS-0529
REL-0691051,Person,PER-009628,PARTICIPATED_IN,PhysicalAccessEvent,PHY-00027133,2025-12-01T11:49:27,MEDIUM,SYNTHETIC,,,true,Synthetic physical activity pattern.,SCN-PHYS-0529
REL-0691068,Case,CASE-00564,HAS_EVENT,PhysicalAccessEvent,PHY-00027142,2025-02-03T21:15:20,MEDIUM,SYNTHETIC,,,true,Synthetic case evidence linkage.,SCN-PHYS-0564
REL-0691069,Person,PER-010131,PARTICIPATED_IN,PhysicalAccessEvent,PHY-00027142,2025-02-03T21:15:20,MEDIUM,SYNTHETIC,,,true,Synthetic physical activity pattern.,SCN-PHYS-0564
REL-0691264,Case,CASE-00959,HAS_EVENT,PhysicalAccessEvent,PHY-00027240,2024-08-28T21:36:04,MEDIUM,SYNTHETIC,,,true,Synthetic case evidence linkage.,SCN-PHYS-0959
REL-0691265,Person,PER-017223,PARTICIPATED_IN,PhysicalAccessEvent,PHY-00027240,2024-08-28T21:36:04,MEDIUM,SYNTHETIC,,,true,Synthetic physical activity pattern.,SCN-PHYS-0959
REL-0691314,Case,CASE-01059,HAS_EVENT,PhysicalAccessEvent,PHY-00027265,2025-08-10T07:16:36,MEDIUM,SYNTHETIC,,,true,Synthetic case evidence linkage.,SCN-PHYS-1059
REL-0691315,Person,PER-018950,PARTICIPATED_IN,PhysicalAccessEvent,PHY-00027265,2025-08-10T07:16:36,MEDIUM,SYNTHETIC,,,true,Synthetic physical activity pattern.,SCN-PHYS-1059
REL-0691328,Case,CASE-01084,HAS_EVENT,PhysicalAccessEvent,PHY-00027272,2025-02-13T20:58:24,MEDIUM,SYNTHETIC,,,true,Synthetic case evidence linkage.,SCN-PHYS-1084
REL-0691329,Person,PER-019374,PARTICIPATED_IN,PhysicalAccessEvent,PHY-00027272,2025-02-13T20:58:24,MEDIUM,SYNTHETIC,,,true,Synthetic physical activity pattern.,SCN-PHYS-1084
REL-0691348,Case,CASE-01124,HAS_EVENT,PhysicalAccessEvent,PHY-00027282,2024-09-04T15:14:50,MEDIUM,SYNTHETIC,,,true,Synthetic case evidence linkage.,SCN-PHYS-1124
REL-0691349,Person,PER-020096,PARTICIPATED_IN,PhysicalAccessEvent,PHY-00027282,2024-09-04T15:14:50,MEDIUM,SYNTHETIC,,,true,Synthetic physical activity pattern.,SCN-PHYS-1124
REL-0691390,Case,CASE-01209,HAS_EVENT,PhysicalAccessEvent,PHY-00027303,2025-09-24T04:34:39,MEDIUM,SYNTHETIC,,,true,Synthetic case evidence linkage.,SCN-PHYS-1209
REL-0691391,Person,PER-021845,PARTICIPATED_IN,PhysicalAccessEvent,PHY-00027303,2025-09-24T04:34:39,MEDIUM,SYNTHETIC,,,true,Synthetic physical activity pattern.,SCN-PHYS-1209
REL-0691420,Case,CASE-01269,HAS_EVENT,PhysicalAccessEvent,PHY-00027318,2024-01-19T18:26:53,MEDIUM,SYNTHETIC,,,true,Synthetic case evidence linkage.,SCN-PHYS-1269
REL-0691421,Person,PER-022852,PARTICIPATED_IN,PhysicalAccessEvent,PHY-00027318,2024-01-19T18:26:53,MEDIUM,SYNTHETIC,,,true,Synthetic physical activity pattern.,SCN-PHYS-1269
REL-0691452,Case,CASE-01334,HAS_EVENT,PhysicalAccessEvent,PHY-00027334,2025-11-09T09:52:16,MEDIUM,SYNTHETIC,,,true,Synthetic case evidence linkage.,SCN-PHYS-1334
REL-0691453,Person,PER-023945,PARTICIPATED_IN,PhysicalAccessEvent,PHY-00027334,2025-11-09T09:52:16,MEDIUM,SYNTHETIC,,,true,Synthetic physical activity pattern.,SCN-PHYS-1334
REL-0691544,Case,CASE-01519,HAS_EVENT,PhysicalAccessEvent,PHY-00027380,2024-01-13T18:28:00,MEDIUM,SYNTHETIC,,,true,Synthetic case evidence linkage.,SCN-PHYS-1519
REL-0691545,Person,PER-027179,PARTICIPATED_IN,PhysicalAccessEvent,PHY-00027380,2024-01-13T18:28:00,MEDIUM,SYNTHETIC,,,true,Synthetic physical activity pattern.,SCN-PHYS-1519
REL-0691578,Case,CASE-01584,HAS_EVENT,PhysicalAccessEvent,PHY-00027397,2025-03-09T20:59:45,MEDIUM,SYNTHETIC,,,true,Synthetic case evidence linkage.,SCN-PHYS-1584
REL-0691579,Person,PER-028278,PARTICIPATED_IN,PhysicalAccessEvent,PHY-00027397,2025-03-09T20:59:45,MEDIUM,SYNTHETIC,,,true,Synthetic physical activity pattern.,SCN-PHYS-1584
REL-0691582,Case,CASE-01594,HAS_EVENT,PhysicalAccessEvent,PHY-00027399,2025-09-28T21:59:48,MEDIUM,SYNTHETIC,,,true,Synthetic case evidence linkage.,SCN-PHYS-1594
REL-0691583,Person,PER-028494,PARTICIPATED_IN,PhysicalAccessEvent,PHY-00027399,2025-09-28T21:59:48,MEDIUM,SYNTHETIC,,,true,Synthetic physical activity pattern.,SCN-PHYS-1594
REL-0691618,Case,CASE-01664,HAS_EVENT,PhysicalAccessEvent,PHY-00027417,2025-01-13T19:55:14,MEDIUM,SYNTHETIC,,,true,Synthetic case evidence linkage.,SCN-PHYS-1664
REL-0691619,Person,PER-029521,PARTICIPATED_IN,PhysicalAccessEvent,PHY-00027417,2025-01-13T19:55:14,MEDIUM,SYNTHETIC,,,true,Synthetic physical activity pattern.,SCN-PHYS-1664
REL-0691658,Case,CASE-01744,HAS_EVENT,PhysicalAccessEvent,PHY-00027437,2025-08-01T13:52:42,MEDIUM,SYNTHETIC,,,true,Synthetic case evidence linkage.,SCN-PHYS-1744
REL-0691659,Person,PER-031212,PARTICIPATED_IN,PhysicalAccessEvent,PHY-00027437,2025-08-01T13:52:42,MEDIUM,SYNTHETIC,,,true,Synthetic physical activity pattern.,SCN-PHYS-1744
REL-0691782,Case,CASE-01994,HAS_EVENT,PhysicalAccessEvent,PHY-00027499,2025-12-28T06:47:08,MEDIUM,SYNTHETIC,,,true,Synthetic case evidence linkage.,SCN-PHYS-1994
REL-0691783,Person,PER-035454,PARTICIPATED_IN,PhysicalAccessEvent,PHY-00027499,2025-12-28T06:47:08,MEDIUM,SYNTHETIC,,,true,Synthetic physical activity pattern.,SCN-PHYS-1994
REL-0691854,Case,CASE-00139,HAS_EVENT,PhysicalAccessEvent,PHY-00027535,2024-07-14T15:50:22,MEDIUM,SYNTHETIC,,,true,Synthetic case evidence linkage.,SCN-PHYS-0139
REL-0691855,Person,PER-002304,PARTICIPATED_IN,PhysicalAccessEvent,PHY-00027535,2024-07-14T15:50:22,MEDIUM,SYNTHETIC,,,true,Synthetic physical activity pattern.,SCN-PHYS-0139
REL-0691878,Case,CASE-00184,HAS_EVENT,PhysicalAccessEvent,PHY-00027547,2025-10-25T05:10:53,MEDIUM,SYNTHETIC,,,true,Synthetic case evidence linkage.,SCN-PHYS-0184
REL-0691879,Person,PER-003233,PARTICIPATED_IN,PhysicalAccessEvent,PHY-00027547,2025-10-25T05:10:53,MEDIUM,SYNTHETIC,,,true,Synthetic physical activity pattern.,SCN-PHYS-0184
REL-0691960,Case,CASE-00349,HAS_EVENT,PhysicalAccessEvent,PHY-00027588,2025-11-04T05:19:50,MEDIUM,SYNTHETIC,,,true,Synthetic case evidence linkage.,SCN-PHYS-0349
REL-0691961,Person,PER-006443,PARTICIPATED_IN,PhysicalAccessEvent,PHY-00027588,2025-11-04T05:19:50,MEDIUM,SYNTHETIC,,,true,Synthetic physical activity pattern.,SCN-PHYS-0349
REL-0691982,Case,CASE-00394,HAS_EVENT,PhysicalAccessEvent,PHY-00027599,2025-06-30T14:07:10,MEDIUM,SYNTHETIC,,,true,Synthetic case evidence linkage.,SCN-PHYS-0394
REL-0691983,Person,PER-007236,PARTICIPATED_IN,PhysicalAccessEvent,PHY-00027599,2025-06-30T14:07:10,MEDIUM,SYNTHETIC,,,true,Synthetic physical activity pattern.,SCN-PHYS-0394
REL-0692050,Case,CASE-00529,HAS_EVENT,PhysicalAccessEvent,PHY-00027633,2025-11-07T18:15:20,MEDIUM,SYNTHETIC,,,true,Synthetic case evidence linkage.,SCN-PHYS-0529
REL-0692051,Person,PER-009628,PARTICIPATED_IN,PhysicalAccessEvent,PHY-00027633,2025-11-07T18:15:20,MEDIUM,SYNTHETIC,,,true,Synthetic physical activity pattern.,SCN-PHYS-0529
REL-0692068,Case,CASE-00564,HAS_EVENT,PhysicalAccessEvent,PHY-00027642,2024-05-22T21:23:49,MEDIUM,SYNTHETIC,,,true,Synthetic case evidence linkage.,SCN-PHYS-0564
REL-0692069,Person,PER-010131,PARTICIPATED_IN,PhysicalAccessEvent,PHY-00027642,2024-05-22T21:23:49,MEDIUM,SYNTHETIC,,,true,Synthetic physical activity pattern.,SCN-PHYS-0564
REL-0692264,Case,CASE-00959,HAS_EVENT,PhysicalAccessEvent,PHY-00027740,2024-05-10T13:09:43,MEDIUM,SYNTHETIC,,,true,Synthetic case evidence linkage.,SCN-PHYS-0959
REL-0692265,Person,PER-017223,PARTICIPATED_IN,PhysicalAccessEvent,PHY-00027740,2024-05-10T13:09:43,MEDIUM,SYNTHETIC,,,true,Synthetic physical activity pattern.,SCN-PHYS-0959
REL-0692314,Case,CASE-01059,HAS_EVENT,PhysicalAccessEvent,PHY-00027765,2024-01-09T18:40:57,MEDIUM,SYNTHETIC,,,true,Synthetic case evidence linkage.,SCN-PHYS-1059
REL-0692315,Person,PER-018950,PARTICIPATED_IN,PhysicalAccessEvent,PHY-00027765,2024-01-09T18:40:57,MEDIUM,SYNTHETIC,,,true,Synthetic physical activity pattern.,SCN-PHYS-1059
REL-0692328,Case,CASE-01084,HAS_EVENT,PhysicalAccessEvent,PHY-00027772,2025-01-04T10:44:49,MEDIUM,SYNTHETIC,,,true,Synthetic case evidence linkage.,SCN-PHYS-1084
REL-0692329,Person,PER-019374,PARTICIPATED_IN,PhysicalAccessEvent,PHY-00027772,2025-01-04T10:44:49,MEDIUM,SYNTHETIC,,,true,Synthetic physical activity pattern.,SCN-PHYS-1084
REL-0692348,Case,CASE-01124,HAS_EVENT,PhysicalAccessEvent,PHY-00027782,2025-06-13T12:16:07,MEDIUM,SYNTHETIC,,,true,Synthetic case evidence linkage.,SCN-PHYS-1124
REL-0692349,Person,PER-020096,PARTICIPATED_IN,PhysicalAccessEvent,PHY-00027782,2025-06-13T12:16:07,MEDIUM,SYNTHETIC,,,true,Synthetic physical activity pattern.,SCN-PHYS-1124
REL-0692390,Case,CASE-01209,HAS_EVENT,PhysicalAccessEvent,PHY-00027803,2024-01-31T15:17:54,MEDIUM,SYNTHETIC,,,true,Synthetic case evidence linkage.,SCN-PHYS-1209
REL-0692391,Person,PER-021845,PARTICIPATED_IN,PhysicalAccessEvent,PHY-00027803,2024-01-31T15:17:54,MEDIUM,SYNTHETIC,,,true,Synthetic physical activity pattern.,SCN-PHYS-1209
REL-0692420,Case,CASE-01269,HAS_EVENT,PhysicalAccessEvent,PHY-00027818,2024-09-25T23:14:38,MEDIUM,SYNTHETIC,,,true,Synthetic case evidence linkage.,SCN-PHYS-1269
REL-0692421,Person,PER-022852,PARTICIPATED_IN,PhysicalAccessEvent,PHY-00027818,2024-09-25T23:14:38,MEDIUM,SYNTHETIC,,,true,Synthetic physical activity pattern.,SCN-PHYS-1269
REL-0692452,Case,CASE-01334,HAS_EVENT,PhysicalAccessEvent,PHY-00027834,2024-08-21T22:46:15,MEDIUM,SYNTHETIC,,,true,Synthetic case evidence linkage.,SCN-PHYS-1334
REL-0692453,Person,PER-023945,PARTICIPATED_IN,PhysicalAccessEvent,PHY-00027834,2024-08-21T22:46:15,MEDIUM,SYNTHETIC,,,true,Synthetic physical activity pattern.,SCN-PHYS-1334
REL-0692544,Case,CASE-01519,HAS_EVENT,PhysicalAccessEvent,PHY-00027880,2025-04-03T01:19:14,MEDIUM,SYNTHETIC,,,true,Synthetic case evidence linkage.,SCN-PHYS-1519
REL-0692545,Person,PER-027179,PARTICIPATED_IN,PhysicalAccessEvent,PHY-00027880,2025-04-03T01:19:14,MEDIUM,SYNTHETIC,,,true,Synthetic physical activity pattern.,SCN-PHYS-1519
REL-0692578,Case,CASE-01584,HAS_EVENT,PhysicalAccessEvent,PHY-00027897,2024-10-11T13:23:46,MEDIUM,SYNTHETIC,,,true,Synthetic case evidence linkage.,SCN-PHYS-1584
REL-0692579,Person,PER-028278,PARTICIPATED_IN,PhysicalAccessEvent,PHY-00027897,2024-10-11T13:23:46,MEDIUM,SYNTHETIC,,,true,Synthetic physical activity pattern.,SCN-PHYS-1584
REL-0692582,Case,CASE-01594,HAS_EVENT,PhysicalAccessEvent,PHY-00027899,2024-12-20T03:19:25,MEDIUM,SYNTHETIC,,,true,Synthetic case evidence linkage.,SCN-PHYS-1594
REL-0692583,Person,PER-028494,PARTICIPATED_IN,PhysicalAccessEvent,PHY-00027899,2024-12-20T03:19:25,MEDIUM,SYNTHETIC,,,true,Synthetic physical activity pattern.,SCN-PHYS-1594
REL-0692618,Case,CASE-01664,HAS_EVENT,PhysicalAccessEvent,PHY-00027917,2024-02-05T02:51:21,MEDIUM,SYNTHETIC,,,true,Synthetic case evidence linkage.,SCN-PHYS-1664
REL-0692619,Person,PER-029521,PARTICIPATED_IN,PhysicalAccessEvent,PHY-00027917,2024-02-05T02:51:21,MEDIUM,SYNTHETIC,,,true,Synthetic physical activity pattern.,SCN-PHYS-1664
REL-0692658,Case,CASE-01744,HAS_EVENT,PhysicalAccessEvent,PHY-00027937,2025-12-29T16:34:55,MEDIUM,SYNTHETIC,,,true,Synthetic case evidence linkage.,SCN-PHYS-1744
REL-0692659,Person,PER-031212,PARTICIPATED_IN,PhysicalAccessEvent,PHY-00027937,2025-12-29T16:34:55,MEDIUM,SYNTHETIC,,,true,Synthetic physical activity pattern.,SCN-PHYS-1744
REL-0692782,Case,CASE-01994,HAS_EVENT,PhysicalAccessEvent,PHY-00027999,2024-11-14T06:33:28,MEDIUM,SYNTHETIC,,,true,Synthetic case evidence linkage.,SCN-PHYS-1994
REL-0692783,Person,PER-035454,PARTICIPATED_IN,PhysicalAccessEvent,PHY-00027999,2024-11-14T06:33:28,MEDIUM,SYNTHETIC,,,true,Synthetic physical activity pattern.,SCN-PHYS-1994
REL-0692854,Case,CASE-00139,HAS_EVENT,PhysicalAccessEvent,PHY-00028035,2024-03-17T13:16:57,MEDIUM,SYNTHETIC,,,true,Synthetic case evidence linkage.,SCN-PHYS-0139
REL-0692855,Person,PER-002304,PARTICIPATED_IN,PhysicalAccessEvent,PHY-00028035,2024-03-17T13:16:57,MEDIUM,SYNTHETIC,,,true,Synthetic physical activity pattern.,SCN-PHYS-0139
REL-0692878,Case,CASE-00184,HAS_EVENT,PhysicalAccessEvent,PHY-00028047,2024-01-27T06:36:36,MEDIUM,SYNTHETIC,,,true,Synthetic case evidence linkage.,SCN-PHYS-0184
REL-0692879,Person,PER-003233,PARTICIPATED_IN,PhysicalAccessEvent,PHY-00028047,2024-01-27T06:36:36,MEDIUM,SYNTHETIC,,,true,Synthetic physical activity pattern.,SCN-PHYS-0184
REL-0692960,Case,CASE-00349,HAS_EVENT,PhysicalAccessEvent,PHY-00028088,2025-01-18T13:13:05,MEDIUM,SYNTHETIC,,,true,Synthetic case evidence linkage.,SCN-PHYS-0349
REL-0692961,Person,PER-006443,PARTICIPATED_IN,PhysicalAccessEvent,PHY-00028088,2025-01-18T13:13:05,MEDIUM,SYNTHETIC,,,true,Synthetic physical activity pattern.,SCN-PHYS-0349
REL-0692982,Case,CASE-00394,HAS_EVENT,PhysicalAccessEvent,PHY-00028099,2024-02-08T18:55:31,MEDIUM,SYNTHETIC,,,true,Synthetic case evidence linkage.,SCN-PHYS-0394
REL-0692983,Person,PER-007236,PARTICIPATED_IN,PhysicalAccessEvent,PHY-00028099,2024-02-08T18:55:31,MEDIUM,SYNTHETIC,,,true,Synthetic physical activity pattern.,SCN-PHYS-0394
REL-0693050,Case,CASE-00529,HAS_EVENT,PhysicalAccessEvent,PHY-00028133,2024-07-31T17:32:58,MEDIUM,SYNTHETIC,,,true,Synthetic case evidence linkage.,SCN-PHYS-0529
REL-0693051,Person,PER-009628,PARTICIPATED_IN,PhysicalAccessEvent,PHY-00028133,2024-07-31T17:32:58,MEDIUM,SYNTHETIC,,,true,Synthetic physical activity pattern.,SCN-PHYS-0529
REL-0693068,Case,CASE-00564,HAS_EVENT,PhysicalAccessEvent,PHY-00028142,2025-02-06T07:38:47,MEDIUM,SYNTHETIC,,,true,Synthetic case evidence linkage.,SCN-PHYS-0564
REL-0693069,Person,PER-010131,PARTICIPATED_IN,PhysicalAccessEvent,PHY-00028142,2025-02-06T07:38:47,MEDIUM,SYNTHETIC,,,true,Synthetic physical activity pattern.,SCN-PHYS-0564
REL-0693264,Case,CASE-00959,HAS_EVENT,PhysicalAccessEvent,PHY-00028240,2024-10-18T15:15:59,MEDIUM,SYNTHETIC,,,true,Synthetic case evidence linkage.,SCN-PHYS-0959
REL-0693265,Person,PER-017223,PARTICIPATED_IN,PhysicalAccessEvent,PHY-00028240,2024-10-18T15:15:59,MEDIUM,SYNTHETIC,,,true,Synthetic physical activity pattern.,SCN-PHYS-0959
REL-0693314,Case,CASE-01059,HAS_EVENT,PhysicalAccessEvent,PHY-00028265,2024-08-16T10:30:57,MEDIUM,SYNTHETIC,,,true,Synthetic case evidence linkage.,SCN-PHYS-1059
REL-0693315,Person,PER-018950,PARTICIPATED_IN,PhysicalAccessEvent,PHY-00028265,2024-08-16T10:30:57,MEDIUM,SYNTHETIC,,,true,Synthetic physical activity pattern.,SCN-PHYS-1059
REL-0693328,Case,CASE-01084,HAS_EVENT,PhysicalAccessEvent,PHY-00028272,2024-05-25T08:46:35,MEDIUM,SYNTHETIC,,,true,Synthetic case evidence linkage.,SCN-PHYS-1084
REL-0693329,Person,PER-019374,PARTICIPATED_IN,PhysicalAccessEvent,PHY-00028272,2024-05-25T08:46:35,MEDIUM,SYNTHETIC,,,true,Synthetic physical activity pattern.,SCN-PHYS-1084
REL-0693348,Case,CASE-01124,HAS_EVENT,PhysicalAccessEvent,PHY-00028282,2024-11-03T04:17:58,MEDIUM,SYNTHETIC,,,true,Synthetic case evidence linkage.,SCN-PHYS-1124
REL-0693349,Person,PER-020096,PARTICIPATED_IN,PhysicalAccessEvent,PHY-00028282,2024-11-03T04:17:58,MEDIUM,SYNTHETIC,,,true,Synthetic physical activity pattern.,SCN-PHYS-1124
REL-0693390,Case,CASE-01209,HAS_EVENT,PhysicalAccessEvent,PHY-00028303,2025-10-30T18:12:30,MEDIUM,SYNTHETIC,,,true,Synthetic case evidence linkage.,SCN-PHYS-1209
REL-0693391,Person,PER-021845,PARTICIPATED_IN,PhysicalAccessEvent,PHY-00028303,2025-10-30T18:12:30,MEDIUM,SYNTHETIC,,,true,Synthetic physical activity pattern.,SCN-PHYS-1209
REL-0693420,Case,CASE-01269,HAS_EVENT,PhysicalAccessEvent,PHY-00028318,2024-04-05T10:25:42,MEDIUM,SYNTHETIC,,,true,Synthetic case evidence linkage.,SCN-PHYS-1269
REL-0693421,Person,PER-022852,PARTICIPATED_IN,PhysicalAccessEvent,PHY-00028318,2024-04-05T10:25:42,MEDIUM,SYNTHETIC,,,true,Synthetic physical activity pattern.,SCN-PHYS-1269
REL-0693452,Case,CASE-01334,HAS_EVENT,PhysicalAccessEvent,PHY-00028334,2024-06-17T22:33:48,MEDIUM,SYNTHETIC,,,true,Synthetic case evidence linkage.,SCN-PHYS-1334
REL-0693453,Person,PER-023945,PARTICIPATED_IN,PhysicalAccessEvent,PHY-00028334,2024-06-17T22:33:48,MEDIUM,SYNTHETIC,,,true,Synthetic physical activity pattern.,SCN-PHYS-1334
REL-0693544,Case,CASE-01519,HAS_EVENT,PhysicalAccessEvent,PHY-00028380,2025-12-31T14:33:19,MEDIUM,SYNTHETIC,,,true,Synthetic case evidence linkage.,SCN-PHYS-1519
REL-0693545,Person,PER-027179,PARTICIPATED_IN,PhysicalAccessEvent,PHY-00028380,2025-12-31T14:33:19,MEDIUM,SYNTHETIC,,,true,Synthetic physical activity pattern.,SCN-PHYS-1519
REL-0693578,Case,CASE-01584,HAS_EVENT,PhysicalAccessEvent,PHY-00028397,2024-11-24T19:12:56,MEDIUM,SYNTHETIC,,,true,Synthetic case evidence linkage.,SCN-PHYS-1584
REL-0693579,Person,PER-028278,PARTICIPATED_IN,PhysicalAccessEvent,PHY-00028397,2024-11-24T19:12:56,MEDIUM,SYNTHETIC,,,true,Synthetic physical activity pattern.,SCN-PHYS-1584
REL-0693582,Case,CASE-01594,HAS_EVENT,PhysicalAccessEvent,PHY-00028399,2024-11-23T02:50:05,MEDIUM,SYNTHETIC,,,true,Synthetic case evidence linkage.,SCN-PHYS-1594
REL-0693583,Person,PER-028494,PARTICIPATED_IN,PhysicalAccessEvent,PHY-00028399,2024-11-23T02:50:05,MEDIUM,SYNTHETIC,,,true,Synthetic physical activity pattern.,SCN-PHYS-1594
REL-0693618,Case,CASE-01664,HAS_EVENT,PhysicalAccessEvent,PHY-00028417,2025-10-10T09:34:00,MEDIUM,SYNTHETIC,,,true,Synthetic case evidence linkage.,SCN-PHYS-1664
REL-0693619,Person,PER-029521,PARTICIPATED_IN,PhysicalAccessEvent,PHY-00028417,2025-10-10T09:34:00,MEDIUM,SYNTHETIC,,,true,Synthetic physical activity pattern.,SCN-PHYS-1664
REL-0693658,Case,CASE-01744,HAS_EVENT,PhysicalAccessEvent,PHY-00028437,2024-12-18T06:55:16,MEDIUM,SYNTHETIC,,,true,Synthetic case evidence linkage.,SCN-PHYS-1744
REL-0693659,Person,PER-031212,PARTICIPATED_IN,PhysicalAccessEvent,PHY-00028437,2024-12-18T06:55:16,MEDIUM,SYNTHETIC,,,true,Synthetic physical activity pattern.,SCN-PHYS-1744
REL-0693782,Case,CASE-01994,HAS_EVENT,PhysicalAccessEvent,PHY-00028499,2025-09-18T05:56:07,MEDIUM,SYNTHETIC,,,true,Synthetic case evidence linkage.,SCN-PHYS-1994
REL-0693783,Person,PER-035454,PARTICIPATED_IN,PhysicalAccessEvent,PHY-00028499,2025-09-18T05:56:07,MEDIUM,SYNTHETIC,,,true,Synthetic physical activity pattern.,SCN-PHYS-1994
REL-0693854,Case,CASE-00139,HAS_EVENT,PhysicalAccessEvent,PHY-00028535,2024-02-17T13:31:47,MEDIUM,SYNTHETIC,,,true,Synthetic case evidence linkage.,SCN-PHYS-0139
REL-0693855,Person,PER-002304,PARTICIPATED_IN,PhysicalAccessEvent,PHY-00028535,2024-02-17T13:31:47,MEDIUM,SYNTHETIC,,,true,Synthetic physical activity pattern.,SCN-PHYS-0139
REL-0693878,Case,CASE-00184,HAS_EVENT,PhysicalAccessEvent,PHY-00028547,2025-01-24T13:14:02,MEDIUM,SYNTHETIC,,,true,Synthetic case evidence linkage.,SCN-PHYS-0184
REL-0693879,Person,PER-003233,PARTICIPATED_IN,PhysicalAccessEvent,PHY-00028547,2025-01-24T13:14:02,MEDIUM,SYNTHETIC,,,true,Synthetic physical activity pattern.,SCN-PHYS-0184
REL-0693960,Case,CASE-00349,HAS_EVENT,PhysicalAccessEvent,PHY-00028588,2024-01-21T19:58:09,MEDIUM,SYNTHETIC,,,true,Synthetic case evidence linkage.,SCN-PHYS-0349
REL-0693961,Person,PER-006443,PARTICIPATED_IN,PhysicalAccessEvent,PHY-00028588,2024-01-21T19:58:09,MEDIUM,SYNTHETIC,,,true,Synthetic physical activity pattern.,SCN-PHYS-0349
REL-0693982,Case,CASE-00394,HAS_EVENT,PhysicalAccessEvent,PHY-00028599,2025-04-15T04:42:06,MEDIUM,SYNTHETIC,,,true,Synthetic case evidence linkage.,SCN-PHYS-0394
REL-0693983,Person,PER-007236,PARTICIPATED_IN,PhysicalAccessEvent,PHY-00028599,2025-04-15T04:42:06,MEDIUM,SYNTHETIC,,,true,Synthetic physical activity pattern.,SCN-PHYS-0394
REL-0694050,Case,CASE-00529,HAS_EVENT,PhysicalAccessEvent,PHY-00028633,2025-11-22T19:39:55,MEDIUM,SYNTHETIC,,,true,Synthetic case evidence linkage.,SCN-PHYS-0529
REL-0694051,Person,PER-009628,PARTICIPATED_IN,PhysicalAccessEvent,PHY-00028633,2025-11-22T19:39:55,MEDIUM,SYNTHETIC,,,true,Synthetic physical activity pattern.,SCN-PHYS-0529
REL-0694068,Case,CASE-00564,HAS_EVENT,PhysicalAccessEvent,PHY-00028642,2024-07-12T08:42:02,MEDIUM,SYNTHETIC,,,true,Synthetic case evidence linkage.,SCN-PHYS-0564
REL-0694069,Person,PER-010131,PARTICIPATED_IN,PhysicalAccessEvent,PHY-00028642,2024-07-12T08:42:02,MEDIUM,SYNTHETIC,,,true,Synthetic physical activity pattern.,SCN-PHYS-0564
REL-0694264,Case,CASE-00959,HAS_EVENT,PhysicalAccessEvent,PHY-00028740,2024-02-24T00:20:53,MEDIUM,SYNTHETIC,,,true,Synthetic case evidence linkage.,SCN-PHYS-0959
REL-0694265,Person,PER-017223,PARTICIPATED_IN,PhysicalAccessEvent,PHY-00028740,2024-02-24T00:20:53,MEDIUM,SYNTHETIC,,,true,Synthetic physical activity pattern.,SCN-PHYS-0959
REL-0694314,Case,CASE-01059,HAS_EVENT,PhysicalAccessEvent,PHY-00028765,2024-04-22T20:09:09,MEDIUM,SYNTHETIC,,,true,Synthetic case evidence linkage.,SCN-PHYS-1059
REL-0694315,Person,PER-018950,PARTICIPATED_IN,PhysicalAccessEvent,PHY-00028765,2024-04-22T20:09:09,MEDIUM,SYNTHETIC,,,true,Synthetic physical activity pattern.,SCN-PHYS-1059
REL-0694328,Case,CASE-01084,HAS_EVENT,PhysicalAccessEvent,PHY-00028772,2024-08-08T10:12:32,MEDIUM,SYNTHETIC,,,true,Synthetic case evidence linkage.,SCN-PHYS-1084
REL-0694329,Person,PER-019374,PARTICIPATED_IN,PhysicalAccessEvent,PHY-00028772,2024-08-08T10:12:32,MEDIUM,SYNTHETIC,,,true,Synthetic physical activity pattern.,SCN-PHYS-1084
REL-0694348,Case,CASE-01124,HAS_EVENT,PhysicalAccessEvent,PHY-00028782,2025-06-12T12:34:21,MEDIUM,SYNTHETIC,,,true,Synthetic case evidence linkage.,SCN-PHYS-1124
REL-0694349,Person,PER-020096,PARTICIPATED_IN,PhysicalAccessEvent,PHY-00028782,2025-06-12T12:34:21,MEDIUM,SYNTHETIC,,,true,Synthetic physical activity pattern.,SCN-PHYS-1124
REL-0694390,Case,CASE-01209,HAS_EVENT,PhysicalAccessEvent,PHY-00028803,2025-05-14T14:08:59,MEDIUM,SYNTHETIC,,,true,Synthetic case evidence linkage.,SCN-PHYS-1209
REL-0694391,Person,PER-021845,PARTICIPATED_IN,PhysicalAccessEvent,PHY-00028803,2025-05-14T14:08:59,MEDIUM,SYNTHETIC,,,true,Synthetic physical activity pattern.,SCN-PHYS-1209
REL-0694420,Case,CASE-01269,HAS_EVENT,PhysicalAccessEvent,PHY-00028818,2025-02-17T20:55:37,MEDIUM,SYNTHETIC,,,true,Synthetic case evidence linkage.,SCN-PHYS-1269
REL-0694421,Person,PER-022852,PARTICIPATED_IN,PhysicalAccessEvent,PHY-00028818,2025-02-17T20:55:37,MEDIUM,SYNTHETIC,,,true,Synthetic physical activity pattern.,SCN-PHYS-1269
REL-0694452,Case,CASE-01334,HAS_EVENT,PhysicalAccessEvent,PHY-00028834,2025-04-10T00:39:24,MEDIUM,SYNTHETIC,,,true,Synthetic case evidence linkage.,SCN-PHYS-1334
REL-0694453,Person,PER-023945,PARTICIPATED_IN,PhysicalAccessEvent,PHY-00028834,2025-04-10T00:39:24,MEDIUM,SYNTHETIC,,,true,Synthetic physical activity pattern.,SCN-PHYS-1334
REL-0694544,Case,CASE-01519,HAS_EVENT,PhysicalAccessEvent,PHY-00028880,2024-03-31T19:06:00,MEDIUM,SYNTHETIC,,,true,Synthetic case evidence linkage.,SCN-PHYS-1519
REL-0694545,Person,PER-027179,PARTICIPATED_IN,PhysicalAccessEvent,PHY-00028880,2024-03-31T19:06:00,MEDIUM,SYNTHETIC,,,true,Synthetic physical activity pattern.,SCN-PHYS-1519
REL-0694578,Case,CASE-01584,HAS_EVENT,PhysicalAccessEvent,PHY-00028897,2024-07-15T22:16:04,MEDIUM,SYNTHETIC,,,true,Synthetic case evidence linkage.,SCN-PHYS-1584
REL-0694579,Person,PER-028278,PARTICIPATED_IN,PhysicalAccessEvent,PHY-00028897,2024-07-15T22:16:04,MEDIUM,SYNTHETIC,,,true,Synthetic physical activity pattern.,SCN-PHYS-1584
REL-0694582,Case,CASE-01594,HAS_EVENT,PhysicalAccessEvent,PHY-00028899,2024-03-15T10:29:43,MEDIUM,SYNTHETIC,,,true,Synthetic case evidence linkage.,SCN-PHYS-1594
REL-0694583,Person,PER-028494,PARTICIPATED_IN,PhysicalAccessEvent,PHY-00028899,2024-03-15T10:29:43,MEDIUM,SYNTHETIC,,,true,Synthetic physical activity pattern.,SCN-PHYS-1594
REL-0694618,Case,CASE-01664,HAS_EVENT,PhysicalAccessEvent,PHY-00028917,2025-08-25T08:32:43,MEDIUM,SYNTHETIC,,,true,Synthetic case evidence linkage.,SCN-PHYS-1664
REL-0694619,Person,PER-029521,PARTICIPATED_IN,PhysicalAccessEvent,PHY-00028917,2025-08-25T08:32:43,MEDIUM,SYNTHETIC,,,true,Synthetic physical activity pattern.,SCN-PHYS-1664
REL-0694658,Case,CASE-01744,HAS_EVENT,PhysicalAccessEvent,PHY-00028937,2025-07-13T21:36:20,MEDIUM,SYNTHETIC,,,true,Synthetic case evidence linkage.,SCN-PHYS-1744
REL-0694659,Person,PER-031212,PARTICIPATED_IN,PhysicalAccessEvent,PHY-00028937,2025-07-13T21:36:20,MEDIUM,SYNTHETIC,,,true,Synthetic physical activity pattern.,SCN-PHYS-1744
REL-0694782,Case,CASE-01994,HAS_EVENT,PhysicalAccessEvent,PHY-00028999,2024-09-09T12:00:46,MEDIUM,SYNTHETIC,,,true,Synthetic case evidence linkage.,SCN-PHYS-1994
REL-0694783,Person,PER-035454,PARTICIPATED_IN,PhysicalAccessEvent,PHY-00028999,2024-09-09T12:00:46,MEDIUM,SYNTHETIC,,,true,Synthetic physical activity pattern.,SCN-PHYS-1994
REL-0694854,Case,CASE-00139,HAS_EVENT,PhysicalAccessEvent,PHY-00029035,2025-03-09T16:09:32,MEDIUM,SYNTHETIC,,,true,Synthetic case evidence linkage.,SCN-PHYS-0139
REL-0694855,Person,PER-002304,PARTICIPATED_IN,PhysicalAccessEvent,PHY-00029035,2025-03-09T16:09:32,MEDIUM,SYNTHETIC,,,true,Synthetic physical activity pattern.,SCN-PHYS-0139
REL-0694878,Case,CASE-00184,HAS_EVENT,PhysicalAccessEvent,PHY-00029047,2024-08-31T10:17:00,MEDIUM,SYNTHETIC,,,true,Synthetic case evidence linkage.,SCN-PHYS-0184
REL-0694879,Person,PER-003233,PARTICIPATED_IN,PhysicalAccessEvent,PHY-00029047,2024-08-31T10:17:00,MEDIUM,SYNTHETIC,,,true,Synthetic physical activity pattern.,SCN-PHYS-0184
REL-0694960,Case,CASE-00349,HAS_EVENT,PhysicalAccessEvent,PHY-00029088,2024-06-18T06:48:34,MEDIUM,SYNTHETIC,,,true,Synthetic case evidence linkage.,SCN-PHYS-0349
REL-0694961,Person,PER-006443,PARTICIPATED_IN,PhysicalAccessEvent,PHY-00029088,2024-06-18T06:48:34,MEDIUM,SYNTHETIC,,,true,Synthetic physical activity pattern.,SCN-PHYS-0349
REL-0694982,Case,CASE-00394,HAS_EVENT,PhysicalAccessEvent,PHY-00029099,2025-04-14T20:36:01,MEDIUM,SYNTHETIC,,,true,Synthetic case evidence linkage.,SCN-PHYS-0394
REL-0694983,Person,PER-007236,PARTICIPATED_IN,PhysicalAccessEvent,PHY-00029099,2025-04-14T20:36:01,MEDIUM,SYNTHETIC,,,true,Synthetic physical activity pattern.,SCN-PHYS-0394
REL-0695050,Case,CASE-00529,HAS_EVENT,PhysicalAccessEvent,PHY-00029133,2025-11-29T11:39:31,MEDIUM,SYNTHETIC,,,true,Synthetic case evidence linkage.,SCN-PHYS-0529
REL-0695051,Person,PER-009628,PARTICIPATED_IN,PhysicalAccessEvent,PHY-00029133,2025-11-29T11:39:31,MEDIUM,SYNTHETIC,,,true,Synthetic physical activity pattern.,SCN-PHYS-0529
REL-0695068,Case,CASE-00564,HAS_EVENT,PhysicalAccessEvent,PHY-00029142,2025-11-04T20:30:34,MEDIUM,SYNTHETIC,,,true,Synthetic case evidence linkage.,SCN-PHYS-0564
REL-0695069,Person,PER-010131,PARTICIPATED_IN,PhysicalAccessEvent,PHY-00029142,2025-11-04T20:30:34,MEDIUM,SYNTHETIC,,,true,Synthetic physical activity pattern.,SCN-PHYS-0564
REL-0695264,Case,CASE-00959,HAS_EVENT,PhysicalAccessEvent,PHY-00029240,2025-09-25T05:58:58,MEDIUM,SYNTHETIC,,,true,Synthetic case evidence linkage.,SCN-PHYS-0959
REL-0695265,Person,PER-017223,PARTICIPATED_IN,PhysicalAccessEvent,PHY-00029240,2025-09-25T05:58:58,MEDIUM,SYNTHETIC,,,true,Synthetic physical activity pattern.,SCN-PHYS-0959
REL-0695314,Case,CASE-01059,HAS_EVENT,PhysicalAccessEvent,PHY-00029265,2025-01-19T01:03:42,MEDIUM,SYNTHETIC,,,true,Synthetic case evidence linkage.,SCN-PHYS-1059
REL-0695315,Person,PER-018950,PARTICIPATED_IN,PhysicalAccessEvent,PHY-00029265,2025-01-19T01:03:42,MEDIUM,SYNTHETIC,,,true,Synthetic physical activity pattern.,SCN-PHYS-1059
REL-0695328,Case,CASE-01084,HAS_EVENT,PhysicalAccessEvent,PHY-00029272,2024-11-06T23:15:09,MEDIUM,SYNTHETIC,,,true,Synthetic case evidence linkage.,SCN-PHYS-1084
REL-0695329,Person,PER-019374,PARTICIPATED_IN,PhysicalAccessEvent,PHY-00029272,2024-11-06T23:15:09,MEDIUM,SYNTHETIC,,,true,Synthetic physical activity pattern.,SCN-PHYS-1084
REL-0695348,Case,CASE-01124,HAS_EVENT,PhysicalAccessEvent,PHY-00029282,2024-03-25T23:02:21,MEDIUM,SYNTHETIC,,,true,Synthetic case evidence linkage.,SCN-PHYS-1124
REL-0695349,Person,PER-020096,PARTICIPATED_IN,PhysicalAccessEvent,PHY-00029282,2024-03-25T23:02:21,MEDIUM,SYNTHETIC,,,true,Synthetic physical activity pattern.,SCN-PHYS-1124
REL-0695390,Case,CASE-01209,HAS_EVENT,PhysicalAccessEvent,PHY-00029303,2024-02-16T14:24:41,MEDIUM,SYNTHETIC,,,true,Synthetic case evidence linkage.,SCN-PHYS-1209
REL-0695391,Person,PER-021845,PARTICIPATED_IN,PhysicalAccessEvent,PHY-00029303,2024-02-16T14:24:41,MEDIUM,SYNTHETIC,,,true,Synthetic physical activity pattern.,SCN-PHYS-1209
REL-0695420,Case,CASE-01269,HAS_EVENT,PhysicalAccessEvent,PHY-00029318,2024-11-06T12:28:26,MEDIUM,SYNTHETIC,,,true,Synthetic case evidence linkage.,SCN-PHYS-1269
REL-0695421,Person,PER-022852,PARTICIPATED_IN,PhysicalAccessEvent,PHY-00029318,2024-11-06T12:28:26,MEDIUM,SYNTHETIC,,,true,Synthetic physical activity pattern.,SCN-PHYS-1269
REL-0695452,Case,CASE-01334,HAS_EVENT,PhysicalAccessEvent,PHY-00029334,2024-05-18T02:37:47,MEDIUM,SYNTHETIC,,,true,Synthetic case evidence linkage.,SCN-PHYS-1334
REL-0695453,Person,PER-023945,PARTICIPATED_IN,PhysicalAccessEvent,PHY-00029334,2024-05-18T02:37:47,MEDIUM,SYNTHETIC,,,true,Synthetic physical activity pattern.,SCN-PHYS-1334
REL-0695544,Case,CASE-01519,HAS_EVENT,PhysicalAccessEvent,PHY-00029380,2024-08-28T18:57:11,MEDIUM,SYNTHETIC,,,true,Synthetic case evidence linkage.,SCN-PHYS-1519
REL-0695545,Person,PER-027179,PARTICIPATED_IN,PhysicalAccessEvent,PHY-00029380,2024-08-28T18:57:11,MEDIUM,SYNTHETIC,,,true,Synthetic physical activity pattern.,SCN-PHYS-1519
REL-0695578,Case,CASE-01584,HAS_EVENT,PhysicalAccessEvent,PHY-00029397,2025-09-20T16:17:17,MEDIUM,SYNTHETIC,,,true,Synthetic case evidence linkage.,SCN-PHYS-1584
REL-0695579,Person,PER-028278,PARTICIPATED_IN,PhysicalAccessEvent,PHY-00029397,2025-09-20T16:17:17,MEDIUM,SYNTHETIC,,,true,Synthetic physical activity pattern.,SCN-PHYS-1584
REL-0695582,Case,CASE-01594,HAS_EVENT,PhysicalAccessEvent,PHY-00029399,2025-09-08T22:28:47,MEDIUM,SYNTHETIC,,,true,Synthetic case evidence linkage.,SCN-PHYS-1594
REL-0695583,Person,PER-028494,PARTICIPATED_IN,PhysicalAccessEvent,PHY-00029399,2025-09-08T22:28:47,MEDIUM,SYNTHETIC,,,true,Synthetic physical activity pattern.,SCN-PHYS-1594
REL-0695618,Case,CASE-01664,HAS_EVENT,PhysicalAccessEvent,PHY-00029417,2025-09-02T22:14:54,MEDIUM,SYNTHETIC,,,true,Synthetic case evidence linkage.,SCN-PHYS-1664
REL-0695619,Person,PER-029521,PARTICIPATED_IN,PhysicalAccessEvent,PHY-00029417,2025-09-02T22:14:54,MEDIUM,SYNTHETIC,,,true,Synthetic physical activity pattern.,SCN-PHYS-1664
REL-0695658,Case,CASE-01744,HAS_EVENT,PhysicalAccessEvent,PHY-00029437,2024-03-23T16:39:26,MEDIUM,SYNTHETIC,,,true,Synthetic case evidence linkage.,SCN-PHYS-1744
REL-0695659,Person,PER-031212,PARTICIPATED_IN,PhysicalAccessEvent,PHY-00029437,2024-03-23T16:39:26,MEDIUM,SYNTHETIC,,,true,Synthetic physical activity pattern.,SCN-PHYS-1744
REL-0695782,Case,CASE-01994,HAS_EVENT,PhysicalAccessEvent,PHY-00029499,2024-08-02T15:04:50,MEDIUM,SYNTHETIC,,,true,Synthetic case evidence linkage.,SCN-PHYS-1994
REL-0695783,Person,PER-035454,PARTICIPATED_IN,PhysicalAccessEvent,PHY-00029499,2024-08-02T15:04:50,MEDIUM,SYNTHETIC,,,true,Synthetic physical activity pattern.,SCN-PHYS-1994
REL-0695854,Case,CASE-00139,HAS_EVENT,PhysicalAccessEvent,PHY-00029535,2025-01-30T17:03:56,MEDIUM,SYNTHETIC,,,true,Synthetic case evidence linkage.,SCN-PHYS-0139
REL-0695855,Person,PER-002304,PARTICIPATED_IN,PhysicalAccessEvent,PHY-00029535,2025-01-30T17:03:56,MEDIUM,SYNTHETIC,,,true,Synthetic physical activity pattern.,SCN-PHYS-0139
REL-0695878,Case,CASE-00184,HAS_EVENT,PhysicalAccessEvent,PHY-00029547,2024-06-27T13:07:39,MEDIUM,SYNTHETIC,,,true,Synthetic case evidence linkage.,SCN-PHYS-0184
REL-0695879,Person,PER-003233,PARTICIPATED_IN,PhysicalAccessEvent,PHY-00029547,2024-06-27T13:07:39,MEDIUM,SYNTHETIC,,,true,Synthetic physical activity pattern.,SCN-PHYS-0184
REL-0695960,Case,CASE-00349,HAS_EVENT,PhysicalAccessEvent,PHY-00029588,2025-12-13T06:37:58,MEDIUM,SYNTHETIC,,,true,Synthetic case evidence linkage.,SCN-PHYS-0349
REL-0695961,Person,PER-006443,PARTICIPATED_IN,PhysicalAccessEvent,PHY-00029588,2025-12-13T06:37:58,MEDIUM,SYNTHETIC,,,true,Synthetic physical activity pattern.,SCN-PHYS-0349
REL-0695982,Case,CASE-00394,HAS_EVENT,PhysicalAccessEvent,PHY-00029599,2024-01-22T05:31:41,MEDIUM,SYNTHETIC,,,true,Synthetic case evidence linkage.,SCN-PHYS-0394
REL-0695983,Person,PER-007236,PARTICIPATED_IN,PhysicalAccessEvent,PHY-00029599,2024-01-22T05:31:41,MEDIUM,SYNTHETIC,,,true,Synthetic physical activity pattern.,SCN-PHYS-0394
REL-0696050,Case,CASE-00529,HAS_EVENT,PhysicalAccessEvent,PHY-00029633,2024-03-25T16:09:31,MEDIUM,SYNTHETIC,,,true,Synthetic case evidence linkage.,SCN-PHYS-0529
REL-0696051,Person,PER-009628,PARTICIPATED_IN,PhysicalAccessEvent,PHY-00029633,2024-03-25T16:09:31,MEDIUM,SYNTHETIC,,,true,Synthetic physical activity pattern.,SCN-PHYS-0529
REL-0696068,Case,CASE-00564,HAS_EVENT,PhysicalAccessEvent,PHY-00029642,2024-02-19T19:58:05,MEDIUM,SYNTHETIC,,,true,Synthetic case evidence linkage.,SCN-PHYS-0564
REL-0696069,Person,PER-010131,PARTICIPATED_IN,PhysicalAccessEvent,PHY-00029642,2024-02-19T19:58:05,MEDIUM,SYNTHETIC,,,true,Synthetic physical activity pattern.,SCN-PHYS-0564
REL-0696264,Case,CASE-00959,HAS_EVENT,PhysicalAccessEvent,PHY-00029740,2024-09-17T02:25:10,MEDIUM,SYNTHETIC,,,true,Synthetic case evidence linkage.,SCN-PHYS-0959
REL-0696265,Person,PER-017223,PARTICIPATED_IN,PhysicalAccessEvent,PHY-00029740,2024-09-17T02:25:10,MEDIUM,SYNTHETIC,,,true,Synthetic physical activity pattern.,SCN-PHYS-0959
REL-0696314,Case,CASE-01059,HAS_EVENT,PhysicalAccessEvent,PHY-00029765,2024-01-19T15:35:03,MEDIUM,SYNTHETIC,,,true,Synthetic case evidence linkage.,SCN-PHYS-1059
REL-0696315,Person,PER-018950,PARTICIPATED_IN,PhysicalAccessEvent,PHY-00029765,2024-01-19T15:35:03,MEDIUM,SYNTHETIC,,,true,Synthetic physical activity pattern.,SCN-PHYS-1059
REL-0696328,Case,CASE-01084,HAS_EVENT,PhysicalAccessEvent,PHY-00029772,2024-10-29T00:18:54,MEDIUM,SYNTHETIC,,,true,Synthetic case evidence linkage.,SCN-PHYS-1084
REL-0696329,Person,PER-019374,PARTICIPATED_IN,PhysicalAccessEvent,PHY-00029772,2024-10-29T00:18:54,MEDIUM,SYNTHETIC,,,true,Synthetic physical activity pattern.,SCN-PHYS-1084
REL-0696348,Case,CASE-01124,HAS_EVENT,PhysicalAccessEvent,PHY-00029782,2025-10-13T10:31:46,MEDIUM,SYNTHETIC,,,true,Synthetic case evidence linkage.,SCN-PHYS-1124
REL-0696349,Person,PER-020096,PARTICIPATED_IN,PhysicalAccessEvent,PHY-00029782,2025-10-13T10:31:46,MEDIUM,SYNTHETIC,,,true,Synthetic physical activity pattern.,SCN-PHYS-1124
REL-0696390,Case,CASE-01209,HAS_EVENT,PhysicalAccessEvent,PHY-00029803,2025-09-01T17:18:23,MEDIUM,SYNTHETIC,,,true,Synthetic case evidence linkage.,SCN-PHYS-1209
REL-0696391,Person,PER-021845,PARTICIPATED_IN,PhysicalAccessEvent,PHY-00029803,2025-09-01T17:18:23,MEDIUM,SYNTHETIC,,,true,Synthetic physical activity pattern.,SCN-PHYS-1209
REL-0696420,Case,CASE-01269,HAS_EVENT,PhysicalAccessEvent,PHY-00029818,2025-06-16T19:46:48,MEDIUM,SYNTHETIC,,,true,Synthetic case evidence linkage.,SCN-PHYS-1269
REL-0696421,Person,PER-022852,PARTICIPATED_IN,PhysicalAccessEvent,PHY-00029818,2025-06-16T19:46:48,MEDIUM,SYNTHETIC,,,true,Synthetic physical activity pattern.,SCN-PHYS-1269
REL-0696452,Case,CASE-01334,HAS_EVENT,PhysicalAccessEvent,PHY-00029834,2024-02-02T03:45:18,MEDIUM,SYNTHETIC,,,true,Synthetic case evidence linkage.,SCN-PHYS-1334
REL-0696453,Person,PER-023945,PARTICIPATED_IN,PhysicalAccessEvent,PHY-00029834,2024-02-02T03:45:18,MEDIUM,SYNTHETIC,,,true,Synthetic physical activity pattern.,SCN-PHYS-1334
REL-0696544,Case,CASE-01519,HAS_EVENT,PhysicalAccessEvent,PHY-00029880,2025-09-25T15:56:28,MEDIUM,SYNTHETIC,,,true,Synthetic case evidence linkage.,SCN-PHYS-1519
REL-0696545,Person,PER-027179,PARTICIPATED_IN,PhysicalAccessEvent,PHY-00029880,2025-09-25T15:56:28,MEDIUM,SYNTHETIC,,,true,Synthetic physical activity pattern.,SCN-PHYS-1519
REL-0696578,Case,CASE-01584,HAS_EVENT,PhysicalAccessEvent,PHY-00029897,2024-04-13T04:57:30,MEDIUM,SYNTHETIC,,,true,Synthetic case evidence linkage.,SCN-PHYS-1584
REL-0696579,Person,PER-028278,PARTICIPATED_IN,PhysicalAccessEvent,PHY-00029897,2024-04-13T04:57:30,MEDIUM,SYNTHETIC,,,true,Synthetic physical activity pattern.,SCN-PHYS-1584
REL-0696582,Case,CASE-01594,HAS_EVENT,PhysicalAccessEvent,PHY-00029899,2025-04-05T08:44:28,MEDIUM,SYNTHETIC,,,true,Synthetic case evidence linkage.,SCN-PHYS-1594
REL-0696583,Person,PER-028494,PARTICIPATED_IN,PhysicalAccessEvent,PHY-00029899,2025-04-05T08:44:28,MEDIUM,SYNTHETIC,,,true,Synthetic physical activity pattern.,SCN-PHYS-1594
REL-0696618,Case,CASE-01664,HAS_EVENT,PhysicalAccessEvent,PHY-00029917,2024-08-19T04:12:31,MEDIUM,SYNTHETIC,,,true,Synthetic case evidence linkage.,SCN-PHYS-1664
REL-0696619,Person,PER-029521,PARTICIPATED_IN,PhysicalAccessEvent,PHY-00029917,2024-08-19T04:12:31,MEDIUM,SYNTHETIC,,,true,Synthetic physical activity pattern.,SCN-PHYS-1664
REL-0696658,Case,CASE-01744,HAS_EVENT,PhysicalAccessEvent,PHY-00029937,2025-02-23T08:47:47,MEDIUM,SYNTHETIC,,,true,Synthetic case evidence linkage.,SCN-PHYS-1744
REL-0696659,Person,PER-031212,PARTICIPATED_IN,PhysicalAccessEvent,PHY-00029937,2025-02-23T08:47:47,MEDIUM,SYNTHETIC,,,true,Synthetic physical activity pattern.,SCN-PHYS-1744
REL-0696782,Case,CASE-01994,HAS_EVENT,PhysicalAccessEvent,PHY-00029999,2025-02-02T22:57:16,MEDIUM,SYNTHETIC,,,true,Synthetic case evidence linkage.,SCN-PHYS-1994
REL-0696783,Person,PER-035454,PARTICIPATED_IN,PhysicalAccessEvent,PHY-00029999,2025-02-02T22:57:16,MEDIUM,SYNTHETIC,,,true,Synthetic physical activity pattern.,SCN-PHYS-1994
REL-0696854,Case,CASE-00139,HAS_EVENT,PhysicalAccessEvent,PHY-00030035,2024-03-19T17:35:32,MEDIUM,SYNTHETIC,,,true,Synthetic case evidence linkage.,SCN-PHYS-0139
REL-0696855,Person,PER-002304,PARTICIPATED_IN,PhysicalAccessEvent,PHY-00030035,2024-03-19T17:35:32,MEDIUM,SYNTHETIC,,,true,Synthetic physical activity pattern.,SCN-PHYS-0139
REL-0696878,Case,CASE-00184,HAS_EVENT,PhysicalAccessEvent,PHY-00030047,2025-09-15T09:28:05,MEDIUM,SYNTHETIC,,,true,Synthetic case evidence linkage.,SCN-PHYS-0184
REL-0696879,Person,PER-003233,PARTICIPATED_IN,PhysicalAccessEvent,PHY-00030047,2025-09-15T09:28:05,MEDIUM,SYNTHETIC,,,true,Synthetic physical activity pattern.,SCN-PHYS-0184
REL-0696960,Case,CASE-00349,HAS_EVENT,PhysicalAccessEvent,PHY-00030088,2025-03-27T14:56:20,MEDIUM,SYNTHETIC,,,true,Synthetic case evidence linkage.,SCN-PHYS-0349
REL-0696961,Person,PER-006443,PARTICIPATED_IN,PhysicalAccessEvent,PHY-00030088,2025-03-27T14:56:20,MEDIUM,SYNTHETIC,,,true,Synthetic physical activity pattern.,SCN-PHYS-0349
REL-0696982,Case,CASE-00394,HAS_EVENT,PhysicalAccessEvent,PHY-00030099,2025-01-02T23:00:02,MEDIUM,SYNTHETIC,,,true,Synthetic case evidence linkage.,SCN-PHYS-0394
REL-0696983,Person,PER-007236,PARTICIPATED_IN,PhysicalAccessEvent,PHY-00030099,2025-01-02T23:00:02,MEDIUM,SYNTHETIC,,,true,Synthetic physical activity pattern.,SCN-PHYS-0394
REL-0697050,Case,CASE-00529,HAS_EVENT,PhysicalAccessEvent,PHY-00030133,2024-12-26T15:15:56,MEDIUM,SYNTHETIC,,,true,Synthetic case evidence linkage.,SCN-PHYS-0529
REL-0697051,Person,PER-009628,PARTICIPATED_IN,PhysicalAccessEvent,PHY-00030133,2024-12-26T15:15:56,MEDIUM,SYNTHETIC,,,true,Synthetic physical activity pattern.,SCN-PHYS-0529
REL-0697068,Case,CASE-00564,HAS_EVENT,PhysicalAccessEvent,PHY-00030142,2024-05-24T22:05:05,MEDIUM,SYNTHETIC,,,true,Synthetic case evidence linkage.,SCN-PHYS-0564
REL-0697069,Person,PER-010131,PARTICIPATED_IN,PhysicalAccessEvent,PHY-00030142,2024-05-24T22:05:05,MEDIUM,SYNTHETIC,,,true,Synthetic physical activity pattern.,SCN-PHYS-0564
REL-0697264,Case,CASE-00959,HAS_EVENT,PhysicalAccessEvent,PHY-00030240,2025-05-06T09:59:39,MEDIUM,SYNTHETIC,,,true,Synthetic case evidence linkage.,SCN-PHYS-0959
REL-0697265,Person,PER-017223,PARTICIPATED_IN,PhysicalAccessEvent,PHY-00030240,2025-05-06T09:59:39,MEDIUM,SYNTHETIC,,,true,Synthetic physical activity pattern.,SCN-PHYS-0959
REL-0697314,Case,CASE-01059,HAS_EVENT,PhysicalAccessEvent,PHY-00030265,2024-08-15T05:23:00,MEDIUM,SYNTHETIC,,,true,Synthetic case evidence linkage.,SCN-PHYS-1059
REL-0697315,Person,PER-018950,PARTICIPATED_IN,PhysicalAccessEvent,PHY-00030265,2024-08-15T05:23:00,MEDIUM,SYNTHETIC,,,true,Synthetic physical activity pattern.,SCN-PHYS-1059
REL-0697328,Case,CASE-01084,HAS_EVENT,PhysicalAccessEvent,PHY-00030272,2025-01-15T15:40:46,MEDIUM,SYNTHETIC,,,true,Synthetic case evidence linkage.,SCN-PHYS-1084
REL-0697329,Person,PER-019374,PARTICIPATED_IN,PhysicalAccessEvent,PHY-00030272,2025-01-15T15:40:46,MEDIUM,SYNTHETIC,,,true,Synthetic physical activity pattern.,SCN-PHYS-1084
REL-0697348,Case,CASE-01124,HAS_EVENT,PhysicalAccessEvent,PHY-00030282,2025-09-25T17:29:08,MEDIUM,SYNTHETIC,,,true,Synthetic case evidence linkage.,SCN-PHYS-1124
REL-0697349,Person,PER-020096,PARTICIPATED_IN,PhysicalAccessEvent,PHY-00030282,2025-09-25T17:29:08,MEDIUM,SYNTHETIC,,,true,Synthetic physical activity pattern.,SCN-PHYS-1124
REL-0697390,Case,CASE-01209,HAS_EVENT,PhysicalAccessEvent,PHY-00030303,2024-01-14T11:51:56,MEDIUM,SYNTHETIC,,,true,Synthetic case evidence linkage.,SCN-PHYS-1209
REL-0697391,Person,PER-021845,PARTICIPATED_IN,PhysicalAccessEvent,PHY-00030303,2024-01-14T11:51:56,MEDIUM,SYNTHETIC,,,true,Synthetic physical activity pattern.,SCN-PHYS-1209
REL-0697420,Case,CASE-01269,HAS_EVENT,PhysicalAccessEvent,PHY-00030318,2025-03-28T16:23:13,MEDIUM,SYNTHETIC,,,true,Synthetic case evidence linkage.,SCN-PHYS-1269
REL-0697421,Person,PER-022852,PARTICIPATED_IN,PhysicalAccessEvent,PHY-00030318,2025-03-28T16:23:13,MEDIUM,SYNTHETIC,,,true,Synthetic physical activity pattern.,SCN-PHYS-1269
REL-0697452,Case,CASE-01334,HAS_EVENT,PhysicalAccessEvent,PHY-00030334,2024-07-02T19:23:04,MEDIUM,SYNTHETIC,,,true,Synthetic case evidence linkage.,SCN-PHYS-1334
REL-0697453,Person,PER-023945,PARTICIPATED_IN,PhysicalAccessEvent,PHY-00030334,2024-07-02T19:23:04,MEDIUM,SYNTHETIC,,,true,Synthetic physical activity pattern.,SCN-PHYS-1334
REL-0697544,Case,CASE-01519,HAS_EVENT,PhysicalAccessEvent,PHY-00030380,2024-01-16T18:01:32,MEDIUM,SYNTHETIC,,,true,Synthetic case evidence linkage.,SCN-PHYS-1519
REL-0697545,Person,PER-027179,PARTICIPATED_IN,PhysicalAccessEvent,PHY-00030380,2024-01-16T18:01:32,MEDIUM,SYNTHETIC,,,true,Synthetic physical activity pattern.,SCN-PHYS-1519
REL-0697578,Case,CASE-01584,HAS_EVENT,PhysicalAccessEvent,PHY-00030397,2025-09-24T08:00:57,MEDIUM,SYNTHETIC,,,true,Synthetic case evidence linkage.,SCN-PHYS-1584
REL-0697579,Person,PER-028278,PARTICIPATED_IN,PhysicalAccessEvent,PHY-00030397,2025-09-24T08:00:57,MEDIUM,SYNTHETIC,,,true,Synthetic physical activity pattern.,SCN-PHYS-1584
REL-0697582,Case,CASE-01594,HAS_EVENT,PhysicalAccessEvent,PHY-00030399,2025-08-23T20:40:43,MEDIUM,SYNTHETIC,,,true,Synthetic case evidence linkage.,SCN-PHYS-1594
REL-0697583,Person,PER-028494,PARTICIPATED_IN,PhysicalAccessEvent,PHY-00030399,2025-08-23T20:40:43,MEDIUM,SYNTHETIC,,,true,Synthetic physical activity pattern.,SCN-PHYS-1594
REL-0697618,Case,CASE-01664,HAS_EVENT,PhysicalAccessEvent,PHY-00030417,2024-07-24T12:43:02,MEDIUM,SYNTHETIC,,,true,Synthetic case evidence linkage.,SCN-PHYS-1664
REL-0697619,Person,PER-029521,PARTICIPATED_IN,PhysicalAccessEvent,PHY-00030417,2024-07-24T12:43:02,MEDIUM,SYNTHETIC,,,true,Synthetic physical activity pattern.,SCN-PHYS-1664
REL-0697658,Case,CASE-01744,HAS_EVENT,PhysicalAccessEvent,PHY-00030437,2024-04-22T04:38:21,MEDIUM,SYNTHETIC,,,true,Synthetic case evidence linkage.,SCN-PHYS-1744
REL-0697659,Person,PER-031212,PARTICIPATED_IN,PhysicalAccessEvent,PHY-00030437,2024-04-22T04:38:21,MEDIUM,SYNTHETIC,,,true,Synthetic physical activity pattern.,SCN-PHYS-1744
REL-0697782,Case,CASE-01994,HAS_EVENT,PhysicalAccessEvent,PHY-00030499,2024-12-25T05:36:36,MEDIUM,SYNTHETIC,,,true,Synthetic case evidence linkage.,SCN-PHYS-1994
REL-0697783,Person,PER-035454,PARTICIPATED_IN,PhysicalAccessEvent,PHY-00030499,2024-12-25T05:36:36,MEDIUM,SYNTHETIC,,,true,Synthetic physical activity pattern.,SCN-PHYS-1994
REL-0697854,Case,CASE-00139,HAS_EVENT,PhysicalAccessEvent,PHY-00030535,2025-11-14T14:42:45,MEDIUM,SYNTHETIC,,,true,Synthetic case evidence linkage.,SCN-PHYS-0139
REL-0697855,Person,PER-002304,PARTICIPATED_IN,PhysicalAccessEvent,PHY-00030535,2025-11-14T14:42:45,MEDIUM,SYNTHETIC,,,true,Synthetic physical activity pattern.,SCN-PHYS-0139
REL-0697878,Case,CASE-00184,HAS_EVENT,PhysicalAccessEvent,PHY-00030547,2025-09-06T06:53:38,MEDIUM,SYNTHETIC,,,true,Synthetic case evidence linkage.,SCN-PHYS-0184
REL-0697879,Person,PER-003233,PARTICIPATED_IN,PhysicalAccessEvent,PHY-00030547,2025-09-06T06:53:38,MEDIUM,SYNTHETIC,,,true,Synthetic physical activity pattern.,SCN-PHYS-0184
REL-0697960,Case,CASE-00349,HAS_EVENT,PhysicalAccessEvent,PHY-00030588,2025-08-11T21:10:10,MEDIUM,SYNTHETIC,,,true,Synthetic case evidence linkage.,SCN-PHYS-0349
REL-0697961,Person,PER-006443,PARTICIPATED_IN,PhysicalAccessEvent,PHY-00030588,2025-08-11T21:10:10,MEDIUM,SYNTHETIC,,,true,Synthetic physical activity pattern.,SCN-PHYS-0349
REL-0697982,Case,CASE-00394,HAS_EVENT,PhysicalAccessEvent,PHY-00030599,2024-02-15T00:47:35,MEDIUM,SYNTHETIC,,,true,Synthetic case evidence linkage.,SCN-PHYS-0394
REL-0697983,Person,PER-007236,PARTICIPATED_IN,PhysicalAccessEvent,PHY-00030599,2024-02-15T00:47:35,MEDIUM,SYNTHETIC,,,true,Synthetic physical activity pattern.,SCN-PHYS-0394
REL-0698050,Case,CASE-00529,HAS_EVENT,PhysicalAccessEvent,PHY-00030633,2024-02-10T07:10:46,MEDIUM,SYNTHETIC,,,true,Synthetic case evidence linkage.,SCN-PHYS-0529
REL-0698051,Person,PER-009628,PARTICIPATED_IN,PhysicalAccessEvent,PHY-00030633,2024-02-10T07:10:46,MEDIUM,SYNTHETIC,,,true,Synthetic physical activity pattern.,SCN-PHYS-0529
REL-0698068,Case,CASE-00564,HAS_EVENT,PhysicalAccessEvent,PHY-00030642,2025-02-28T22:58:55,MEDIUM,SYNTHETIC,,,true,Synthetic case evidence linkage.,SCN-PHYS-0564
REL-0698069,Person,PER-010131,PARTICIPATED_IN,PhysicalAccessEvent,PHY-00030642,2025-02-28T22:58:55,MEDIUM,SYNTHETIC,,,true,Synthetic physical activity pattern.,SCN-PHYS-0564
REL-0698264,Case,CASE-00959,HAS_EVENT,PhysicalAccessEvent,PHY-00030740,2025-09-22T02:17:30,MEDIUM,SYNTHETIC,,,true,Synthetic case evidence linkage.,SCN-PHYS-0959
REL-0698265,Person,PER-017223,PARTICIPATED_IN,PhysicalAccessEvent,PHY-00030740,2025-09-22T02:17:30,MEDIUM,SYNTHETIC,,,true,Synthetic physical activity pattern.,SCN-PHYS-0959
REL-0698314,Case,CASE-01059,HAS_EVENT,PhysicalAccessEvent,PHY-00030765,2025-06-17T11:10:24,MEDIUM,SYNTHETIC,,,true,Synthetic case evidence linkage.,SCN-PHYS-1059
REL-0698315,Person,PER-018950,PARTICIPATED_IN,PhysicalAccessEvent,PHY-00030765,2025-06-17T11:10:24,MEDIUM,SYNTHETIC,,,true,Synthetic physical activity pattern.,SCN-PHYS-1059
REL-0698328,Case,CASE-01084,HAS_EVENT,PhysicalAccessEvent,PHY-00030772,2025-08-09T05:33:23,MEDIUM,SYNTHETIC,,,true,Synthetic case evidence linkage.,SCN-PHYS-1084
REL-0698329,Person,PER-019374,PARTICIPATED_IN,PhysicalAccessEvent,PHY-00030772,2025-08-09T05:33:23,MEDIUM,SYNTHETIC,,,true,Synthetic physical activity pattern.,SCN-PHYS-1084
REL-0698348,Case,CASE-01124,HAS_EVENT,PhysicalAccessEvent,PHY-00030782,2024-03-24T10:08:04,MEDIUM,SYNTHETIC,,,true,Synthetic case evidence linkage.,SCN-PHYS-1124
REL-0698349,Person,PER-020096,PARTICIPATED_IN,PhysicalAccessEvent,PHY-00030782,2024-03-24T10:08:04,MEDIUM,SYNTHETIC,,,true,Synthetic physical activity pattern.,SCN-PHYS-1124
REL-0698390,Case,CASE-01209,HAS_EVENT,PhysicalAccessEvent,PHY-00030803,2025-09-23T06:57:26,MEDIUM,SYNTHETIC,,,true,Synthetic case evidence linkage.,SCN-PHYS-1209
REL-0698391,Person,PER-021845,PARTICIPATED_IN,PhysicalAccessEvent,PHY-00030803,2025-09-23T06:57:26,MEDIUM,SYNTHETIC,,,true,Synthetic physical activity pattern.,SCN-PHYS-1209
REL-0698420,Case,CASE-01269,HAS_EVENT,PhysicalAccessEvent,PHY-00030818,2025-04-13T06:54:43,MEDIUM,SYNTHETIC,,,true,Synthetic case evidence linkage.,SCN-PHYS-1269
REL-0698421,Person,PER-022852,PARTICIPATED_IN,PhysicalAccessEvent,PHY-00030818,2025-04-13T06:54:43,MEDIUM,SYNTHETIC,,,true,Synthetic physical activity pattern.,SCN-PHYS-1269
REL-0698452,Case,CASE-01334,HAS_EVENT,PhysicalAccessEvent,PHY-00030834,2024-05-08T23:43:27,MEDIUM,SYNTHETIC,,,true,Synthetic case evidence linkage.,SCN-PHYS-1334
REL-0698453,Person,PER-023945,PARTICIPATED_IN,PhysicalAccessEvent,PHY-00030834,2024-05-08T23:43:27,MEDIUM,SYNTHETIC,,,true,Synthetic physical activity pattern.,SCN-PHYS-1334
REL-0698544,Case,CASE-01519,HAS_EVENT,PhysicalAccessEvent,PHY-00030880,2024-08-07T02:39:50,MEDIUM,SYNTHETIC,,,true,Synthetic case evidence linkage.,SCN-PHYS-1519
REL-0698545,Person,PER-027179,PARTICIPATED_IN,PhysicalAccessEvent,PHY-00030880,2024-08-07T02:39:50,MEDIUM,SYNTHETIC,,,true,Synthetic physical activity pattern.,SCN-PHYS-1519
REL-0698578,Case,CASE-01584,HAS_EVENT,PhysicalAccessEvent,PHY-00030897,2025-07-31T10:48:02,MEDIUM,SYNTHETIC,,,true,Synthetic case evidence linkage.,SCN-PHYS-1584
REL-0698579,Person,PER-028278,PARTICIPATED_IN,PhysicalAccessEvent,PHY-00030897,2025-07-31T10:48:02,MEDIUM,SYNTHETIC,,,true,Synthetic physical activity pattern.,SCN-PHYS-1584
REL-0698582,Case,CASE-01594,HAS_EVENT,PhysicalAccessEvent,PHY-00030899,2024-03-01T19:23:40,MEDIUM,SYNTHETIC,,,true,Synthetic case evidence linkage.,SCN-PHYS-1594
REL-0698583,Person,PER-028494,PARTICIPATED_IN,PhysicalAccessEvent,PHY-00030899,2024-03-01T19:23:40,MEDIUM,SYNTHETIC,,,true,Synthetic physical activity pattern.,SCN-PHYS-1594
REL-0698618,Case,CASE-01664,HAS_EVENT,PhysicalAccessEvent,PHY-00030917,2025-07-23T16:25:19,MEDIUM,SYNTHETIC,,,true,Synthetic case evidence linkage.,SCN-PHYS-1664
REL-0698619,Person,PER-029521,PARTICIPATED_IN,PhysicalAccessEvent,PHY-00030917,2025-07-23T16:25:19,MEDIUM,SYNTHETIC,,,true,Synthetic physical activity pattern.,SCN-PHYS-1664
REL-0698658,Case,CASE-01744,HAS_EVENT,PhysicalAccessEvent,PHY-00030937,2024-09-29T03:14:35,MEDIUM,SYNTHETIC,,,true,Synthetic case evidence linkage.,SCN-PHYS-1744
REL-0698659,Person,PER-031212,PARTICIPATED_IN,PhysicalAccessEvent,PHY-00030937,2024-09-29T03:14:35,MEDIUM,SYNTHETIC,,,true,Synthetic physical activity pattern.,SCN-PHYS-1744
REL-0698782,Case,CASE-01994,HAS_EVENT,PhysicalAccessEvent,PHY-00030999,2025-05-05T17:10:18,MEDIUM,SYNTHETIC,,,true,Synthetic case evidence linkage.,SCN-PHYS-1994
REL-0698783,Person,PER-035454,PARTICIPATED_IN,PhysicalAccessEvent,PHY-00030999,2025-05-05T17:10:18,MEDIUM,SYNTHETIC,,,true,Synthetic physical activity pattern.,SCN-PHYS-1994
REL-0698854,Case,CASE-00139,HAS_EVENT,PhysicalAccessEvent,PHY-00031035,2025-01-15T06:23:40,MEDIUM,SYNTHETIC,,,true,Synthetic case evidence linkage.,SCN-PHYS-0139
REL-0698855,Person,PER-002304,PARTICIPATED_IN,PhysicalAccessEvent,PHY-00031035,2025-01-15T06:23:40,MEDIUM,SYNTHETIC,,,true,Synthetic physical activity pattern.,SCN-PHYS-0139
REL-0698878,Case,CASE-00184,HAS_EVENT,PhysicalAccessEvent,PHY-00031047,2025-10-06T00:01:54,MEDIUM,SYNTHETIC,,,true,Synthetic case evidence linkage.,SCN-PHYS-0184
REL-0698879,Person,PER-003233,PARTICIPATED_IN,PhysicalAccessEvent,PHY-00031047,2025-10-06T00:01:54,MEDIUM,SYNTHETIC,,,true,Synthetic physical activity pattern.,SCN-PHYS-0184
REL-0698960,Case,CASE-00349,HAS_EVENT,PhysicalAccessEvent,PHY-00031088,2024-12-05T13:24:20,MEDIUM,SYNTHETIC,,,true,Synthetic case evidence linkage.,SCN-PHYS-0349
REL-0698961,Person,PER-006443,PARTICIPATED_IN,PhysicalAccessEvent,PHY-00031088,2024-12-05T13:24:20,MEDIUM,SYNTHETIC,,,true,Synthetic physical activity pattern.,SCN-PHYS-0349
REL-0698982,Case,CASE-00394,HAS_EVENT,PhysicalAccessEvent,PHY-00031099,2024-08-16T02:46:38,MEDIUM,SYNTHETIC,,,true,Synthetic case evidence linkage.,SCN-PHYS-0394
REL-0698983,Person,PER-007236,PARTICIPATED_IN,PhysicalAccessEvent,PHY-00031099,2024-08-16T02:46:38,MEDIUM,SYNTHETIC,,,true,Synthetic physical activity pattern.,SCN-PHYS-0394
REL-0699050,Case,CASE-00529,HAS_EVENT,PhysicalAccessEvent,PHY-00031133,2024-01-07T03:13:51,MEDIUM,SYNTHETIC,,,true,Synthetic case evidence linkage.,SCN-PHYS-0529
REL-0699051,Person,PER-009628,PARTICIPATED_IN,PhysicalAccessEvent,PHY-00031133,2024-01-07T03:13:51,MEDIUM,SYNTHETIC,,,true,Synthetic physical activity pattern.,SCN-PHYS-0529
REL-0699068,Case,CASE-00564,HAS_EVENT,PhysicalAccessEvent,PHY-00031142,2025-01-07T21:48:14,MEDIUM,SYNTHETIC,,,true,Synthetic case evidence linkage.,SCN-PHYS-0564
REL-0699069,Person,PER-010131,PARTICIPATED_IN,PhysicalAccessEvent,PHY-00031142,2025-01-07T21:48:14,MEDIUM,SYNTHETIC,,,true,Synthetic physical activity pattern.,SCN-PHYS-0564
REL-0699264,Case,CASE-00959,HAS_EVENT,PhysicalAccessEvent,PHY-00031240,2025-06-04T03:46:53,MEDIUM,SYNTHETIC,,,true,Synthetic case evidence linkage.,SCN-PHYS-0959
REL-0699265,Person,PER-017223,PARTICIPATED_IN,PhysicalAccessEvent,PHY-00031240,2025-06-04T03:46:53,MEDIUM,SYNTHETIC,,,true,Synthetic physical activity pattern.,SCN-PHYS-0959
REL-0699314,Case,CASE-01059,HAS_EVENT,PhysicalAccessEvent,PHY-00031265,2025-10-29T03:46:59,MEDIUM,SYNTHETIC,,,true,Synthetic case evidence linkage.,SCN-PHYS-1059
REL-0699315,Person,PER-018950,PARTICIPATED_IN,PhysicalAccessEvent,PHY-00031265,2025-10-29T03:46:59,MEDIUM,SYNTHETIC,,,true,Synthetic physical activity pattern.,SCN-PHYS-1059
REL-0699328,Case,CASE-01084,HAS_EVENT,PhysicalAccessEvent,PHY-00031272,2025-03-05T07:48:14,MEDIUM,SYNTHETIC,,,true,Synthetic case evidence linkage.,SCN-PHYS-1084
REL-0699329,Person,PER-019374,PARTICIPATED_IN,PhysicalAccessEvent,PHY-00031272,2025-03-05T07:48:14,MEDIUM,SYNTHETIC,,,true,Synthetic physical activity pattern.,SCN-PHYS-1084
REL-0699348,Case,CASE-01124,HAS_EVENT,PhysicalAccessEvent,PHY-00031282,2025-12-18T14:33:13,MEDIUM,SYNTHETIC,,,true,Synthetic case evidence linkage.,SCN-PHYS-1124
REL-0699349,Person,PER-020096,PARTICIPATED_IN,PhysicalAccessEvent,PHY-00031282,2025-12-18T14:33:13,MEDIUM,SYNTHETIC,,,true,Synthetic physical activity pattern.,SCN-PHYS-1124
REL-0699390,Case,CASE-01209,HAS_EVENT,PhysicalAccessEvent,PHY-00031303,2025-07-12T16:53:20,MEDIUM,SYNTHETIC,,,true,Synthetic case evidence linkage.,SCN-PHYS-1209
REL-0699391,Person,PER-021845,PARTICIPATED_IN,PhysicalAccessEvent,PHY-00031303,2025-07-12T16:53:20,MEDIUM,SYNTHETIC,,,true,Synthetic physical activity pattern.,SCN-PHYS-1209
REL-0699420,Case,CASE-01269,HAS_EVENT,PhysicalAccessEvent,PHY-00031318,2024-12-16T02:49:20,MEDIUM,SYNTHETIC,,,true,Synthetic case evidence linkage.,SCN-PHYS-1269
REL-0699421,Person,PER-022852,PARTICIPATED_IN,PhysicalAccessEvent,PHY-00031318,2024-12-16T02:49:20,MEDIUM,SYNTHETIC,,,true,Synthetic physical activity pattern.,SCN-PHYS-1269
REL-0699452,Case,CASE-01334,HAS_EVENT,PhysicalAccessEvent,PHY-00031334,2025-08-03T17:35:35,MEDIUM,SYNTHETIC,,,true,Synthetic case evidence linkage.,SCN-PHYS-1334
REL-0699453,Person,PER-023945,PARTICIPATED_IN,PhysicalAccessEvent,PHY-00031334,2025-08-03T17:35:35,MEDIUM,SYNTHETIC,,,true,Synthetic physical activity pattern.,SCN-PHYS-1334
REL-0699544,Case,CASE-01519,HAS_EVENT,PhysicalAccessEvent,PHY-00031380,2025-01-10T10:49:30,MEDIUM,SYNTHETIC,,,true,Synthetic case evidence linkage.,SCN-PHYS-1519
REL-0699545,Person,PER-027179,PARTICIPATED_IN,PhysicalAccessEvent,PHY-00031380,2025-01-10T10:49:30,MEDIUM,SYNTHETIC,,,true,Synthetic physical activity pattern.,SCN-PHYS-1519
REL-0699578,Case,CASE-01584,HAS_EVENT,PhysicalAccessEvent,PHY-00031397,2024-02-06T13:46:02,MEDIUM,SYNTHETIC,,,true,Synthetic case evidence linkage.,SCN-PHYS-1584
REL-0699579,Person,PER-028278,PARTICIPATED_IN,PhysicalAccessEvent,PHY-00031397,2024-02-06T13:46:02,MEDIUM,SYNTHETIC,,,true,Synthetic physical activity pattern.,SCN-PHYS-1584
REL-0699582,Case,CASE-01594,HAS_EVENT,PhysicalAccessEvent,PHY-00031399,2025-06-03T01:12:40,MEDIUM,SYNTHETIC,,,true,Synthetic case evidence linkage.,SCN-PHYS-1594
REL-0699583,Person,PER-028494,PARTICIPATED_IN,PhysicalAccessEvent,PHY-00031399,2025-06-03T01:12:40,MEDIUM,SYNTHETIC,,,true,Synthetic physical activity pattern.,SCN-PHYS-1594
REL-0699618,Case,CASE-01664,HAS_EVENT,PhysicalAccessEvent,PHY-00031417,2025-08-22T13:57:47,MEDIUM,SYNTHETIC,,,true,Synthetic case evidence linkage.,SCN-PHYS-1664
REL-0699619,Person,PER-029521,PARTICIPATED_IN,PhysicalAccessEvent,PHY-00031417,2025-08-22T13:57:47,MEDIUM,SYNTHETIC,,,true,Synthetic physical activity pattern.,SCN-PHYS-1664
REL-0699658,Case,CASE-01744,HAS_EVENT,PhysicalAccessEvent,PHY-00031437,2024-05-28T20:24:39,MEDIUM,SYNTHETIC,,,true,Synthetic case evidence linkage.,SCN-PHYS-1744
REL-0699659,Person,PER-031212,PARTICIPATED_IN,PhysicalAccessEvent,PHY-00031437,2024-05-28T20:24:39,MEDIUM,SYNTHETIC,,,true,Synthetic physical activity pattern.,SCN-PHYS-1744
REL-0699782,Case,CASE-01994,HAS_EVENT,PhysicalAccessEvent,PHY-00031499,2025-11-27T16:55:16,MEDIUM,SYNTHETIC,,,true,Synthetic case evidence linkage.,SCN-PHYS-1994
REL-0699783,Person,PER-035454,PARTICIPATED_IN,PhysicalAccessEvent,PHY-00031499,2025-11-27T16:55:16,MEDIUM,SYNTHETIC,,,true,Synthetic physical activity pattern.,SCN-PHYS-1994
REL-0699854,Case,CASE-00139,HAS_EVENT,PhysicalAccessEvent,PHY-00031535,2025-03-25T10:57:54,MEDIUM,SYNTHETIC,,,true,Synthetic case evidence linkage.,SCN-PHYS-0139
REL-0699855,Person,PER-002304,PARTICIPATED_IN,PhysicalAccessEvent,PHY-00031535,2025-03-25T10:57:54,MEDIUM,SYNTHETIC,,,true,Synthetic physical activity pattern.,SCN-PHYS-0139
REL-0699878,Case,CASE-00184,HAS_EVENT,PhysicalAccessEvent,PHY-00031547,2024-02-24T01:39:36,MEDIUM,SYNTHETIC,,,true,Synthetic case evidence linkage.,SCN-PHYS-0184
REL-0699879,Person,PER-003233,PARTICIPATED_IN,PhysicalAccessEvent,PHY-00031547,2024-02-24T01:39:36,MEDIUM,SYNTHETIC,,,true,Synthetic physical activity pattern.,SCN-PHYS-0184
REL-0699960,Case,CASE-00349,HAS_EVENT,PhysicalAccessEvent,PHY-00031588,2025-02-09T10:00:29,MEDIUM,SYNTHETIC,,,true,Synthetic case evidence linkage.,SCN-PHYS-0349
REL-0699961,Person,PER-006443,PARTICIPATED_IN,PhysicalAccessEvent,PHY-00031588,2025-02-09T10:00:29,MEDIUM,SYNTHETIC,,,true,Synthetic physical activity pattern.,SCN-PHYS-0349
REL-0699982,Case,CASE-00394,HAS_EVENT,PhysicalAccessEvent,PHY-00031599,2024-07-16T12:09:47,MEDIUM,SYNTHETIC,,,true,Synthetic case evidence linkage.,SCN-PHYS-0394
REL-0699983,Person,PER-007236,PARTICIPATED_IN,PhysicalAccessEvent,PHY-00031599,2024-07-16T12:09:47,MEDIUM,SYNTHETIC,,,true,Synthetic physical activity pattern.,SCN-PHYS-0394
REL-0700050,Case,CASE-00529,HAS_EVENT,PhysicalAccessEvent,PHY-00031633,2025-12-29T12:18:24,MEDIUM,SYNTHETIC,,,true,Synthetic case evidence linkage.,SCN-PHYS-0529
REL-0700051,Person,PER-009628,PARTICIPATED_IN,PhysicalAccessEvent,PHY-00031633,2025-12-29T12:18:24,MEDIUM,SYNTHETIC,,,true,Synthetic physical activity pattern.,SCN-PHYS-0529
REL-0700068,Case,CASE-00564,HAS_EVENT,PhysicalAccessEvent,PHY-00031642,2024-02-03T18:15:11,MEDIUM,SYNTHETIC,,,true,Synthetic case evidence linkage.,SCN-PHYS-0564
REL-0700069,Person,PER-010131,PARTICIPATED_IN,PhysicalAccessEvent,PHY-00031642,2024-02-03T18:15:11,MEDIUM,SYNTHETIC,,,true,Synthetic physical activity pattern.,SCN-PHYS-0564
REL-0700264,Case,CASE-00959,HAS_EVENT,PhysicalAccessEvent,PHY-00031740,2024-04-12T01:14:49,MEDIUM,SYNTHETIC,,,true,Synthetic case evidence linkage.,SCN-PHYS-0959
REL-0700265,Person,PER-017223,PARTICIPATED_IN,PhysicalAccessEvent,PHY-00031740,2024-04-12T01:14:49,MEDIUM,SYNTHETIC,,,true,Synthetic physical activity pattern.,SCN-PHYS-0959
REL-0700314,Case,CASE-01059,HAS_EVENT,PhysicalAccessEvent,PHY-00031765,2025-03-07T02:58:33,MEDIUM,SYNTHETIC,,,true,Synthetic case evidence linkage.,SCN-PHYS-1059
REL-0700315,Person,PER-018950,PARTICIPATED_IN,PhysicalAccessEvent,PHY-00031765,2025-03-07T02:58:33,MEDIUM,SYNTHETIC,,,true,Synthetic physical activity pattern.,SCN-PHYS-1059
REL-0700328,Case,CASE-01084,HAS_EVENT,PhysicalAccessEvent,PHY-00031772,2025-10-14T08:10:38,MEDIUM,SYNTHETIC,,,true,Synthetic case evidence linkage.,SCN-PHYS-1084
REL-0700329,Person,PER-019374,PARTICIPATED_IN,PhysicalAccessEvent,PHY-00031772,2025-10-14T08:10:38,MEDIUM,SYNTHETIC,,,true,Synthetic physical activity pattern.,SCN-PHYS-1084
REL-0700348,Case,CASE-01124,HAS_EVENT,PhysicalAccessEvent,PHY-00031782,2025-02-20T17:13:53,MEDIUM,SYNTHETIC,,,true,Synthetic case evidence linkage.,SCN-PHYS-1124
REL-0700349,Person,PER-020096,PARTICIPATED_IN,PhysicalAccessEvent,PHY-00031782,2025-02-20T17:13:53,MEDIUM,SYNTHETIC,,,true,Synthetic physical activity pattern.,SCN-PHYS-1124
REL-0700390,Case,CASE-01209,HAS_EVENT,PhysicalAccessEvent,PHY-00031803,2024-11-17T19:18:53,MEDIUM,SYNTHETIC,,,true,Synthetic case evidence linkage.,SCN-PHYS-1209
REL-0700391,Person,PER-021845,PARTICIPATED_IN,PhysicalAccessEvent,PHY-00031803,2024-11-17T19:18:53,MEDIUM,SYNTHETIC,,,true,Synthetic physical activity pattern.,SCN-PHYS-1209
REL-0700420,Case,CASE-01269,HAS_EVENT,PhysicalAccessEvent,PHY-00031818,2024-10-25T13:26:27,MEDIUM,SYNTHETIC,,,true,Synthetic case evidence linkage.,SCN-PHYS-1269
REL-0700421,Person,PER-022852,PARTICIPATED_IN,PhysicalAccessEvent,PHY-00031818,2024-10-25T13:26:27,MEDIUM,SYNTHETIC,,,true,Synthetic physical activity pattern.,SCN-PHYS-1269
REL-0700452,Case,CASE-01334,HAS_EVENT,PhysicalAccessEvent,PHY-00031834,2025-01-28T20:56:39,MEDIUM,SYNTHETIC,,,true,Synthetic case evidence linkage.,SCN-PHYS-1334
REL-0700453,Person,PER-023945,PARTICIPATED_IN,PhysicalAccessEvent,PHY-00031834,2025-01-28T20:56:39,MEDIUM,SYNTHETIC,,,true,Synthetic physical activity pattern.,SCN-PHYS-1334
REL-0700544,Case,CASE-01519,HAS_EVENT,PhysicalAccessEvent,PHY-00031880,2025-12-07T19:50:56,MEDIUM,SYNTHETIC,,,true,Synthetic case evidence linkage.,SCN-PHYS-1519
REL-0700545,Person,PER-027179,PARTICIPATED_IN,PhysicalAccessEvent,PHY-00031880,2025-12-07T19:50:56,MEDIUM,SYNTHETIC,,,true,Synthetic physical activity pattern.,SCN-PHYS-1519
REL-0700578,Case,CASE-01584,HAS_EVENT,PhysicalAccessEvent,PHY-00031897,2025-06-30T23:10:13,MEDIUM,SYNTHETIC,,,true,Synthetic case evidence linkage.,SCN-PHYS-1584
REL-0700579,Person,PER-028278,PARTICIPATED_IN,PhysicalAccessEvent,PHY-00031897,2025-06-30T23:10:13,MEDIUM,SYNTHETIC,,,true,Synthetic physical activity pattern.,SCN-PHYS-1584
REL-0700582,Case,CASE-01594,HAS_EVENT,PhysicalAccessEvent,PHY-00031899,2025-01-18T13:01:18,MEDIUM,SYNTHETIC,,,true,Synthetic case evidence linkage.,SCN-PHYS-1594
REL-0700583,Person,PER-028494,PARTICIPATED_IN,PhysicalAccessEvent,PHY-00031899,2025-01-18T13:01:18,MEDIUM,SYNTHETIC,,,true,Synthetic physical activity pattern.,SCN-PHYS-1594
REL-0700618,Case,CASE-01664,HAS_EVENT,PhysicalAccessEvent,PHY-00031917,2025-04-22T11:04:27,MEDIUM,SYNTHETIC,,,true,Synthetic case evidence linkage.,SCN-PHYS-1664
REL-0700619,Person,PER-029521,PARTICIPATED_IN,PhysicalAccessEvent,PHY-00031917,2025-04-22T11:04:27,MEDIUM,SYNTHETIC,,,true,Synthetic physical activity pattern.,SCN-PHYS-1664
REL-0700658,Case,CASE-01744,HAS_EVENT,PhysicalAccessEvent,PHY-00031937,2025-03-17T13:18:45,MEDIUM,SYNTHETIC,,,true,Synthetic case evidence linkage.,SCN-PHYS-1744
REL-0700659,Person,PER-031212,PARTICIPATED_IN,PhysicalAccessEvent,PHY-00031937,2025-03-17T13:18:45,MEDIUM,SYNTHETIC,,,true,Synthetic physical activity pattern.,SCN-PHYS-1744
REL-0700782,Case,CASE-01994,HAS_EVENT,PhysicalAccessEvent,PHY-00031999,2025-08-27T18:49:59,MEDIUM,SYNTHETIC,,,true,Synthetic case evidence linkage.,SCN-PHYS-1994
REL-0700783,Person,PER-035454,PARTICIPATED_IN,PhysicalAccessEvent,PHY-00031999,2025-08-27T18:49:59,MEDIUM,SYNTHETIC,,,true,Synthetic physical activity pattern.,SCN-PHYS-1994
REL-0700854,Case,CASE-00139,HAS_EVENT,PhysicalAccessEvent,PHY-00032035,2025-05-16T21:59:18,MEDIUM,SYNTHETIC,,,true,Synthetic case evidence linkage.,SCN-PHYS-0139
REL-0700855,Person,PER-002304,PARTICIPATED_IN,PhysicalAccessEvent,PHY-00032035,2025-05-16T21:59:18,MEDIUM,SYNTHETIC,,,true,Synthetic physical activity pattern.,SCN-PHYS-0139
REL-0700878,Case,CASE-00184,HAS_EVENT,PhysicalAccessEvent,PHY-00032047,2024-07-08T11:29:04,MEDIUM,SYNTHETIC,,,true,Synthetic case evidence linkage.,SCN-PHYS-0184
REL-0700879,Person,PER-003233,PARTICIPATED_IN,PhysicalAccessEvent,PHY-00032047,2024-07-08T11:29:04,MEDIUM,SYNTHETIC,,,true,Synthetic physical activity pattern.,SCN-PHYS-0184
REL-0700960,Case,CASE-00349,HAS_EVENT,PhysicalAccessEvent,PHY-00032088,2025-12-10T18:10:10,MEDIUM,SYNTHETIC,,,true,Synthetic case evidence linkage.,SCN-PHYS-0349
REL-0700961,Person,PER-006443,PARTICIPATED_IN,PhysicalAccessEvent,PHY-00032088,2025-12-10T18:10:10,MEDIUM,SYNTHETIC,,,true,Synthetic physical activity pattern.,SCN-PHYS-0349
REL-0700982,Case,CASE-00394,HAS_EVENT,PhysicalAccessEvent,PHY-00032099,2024-05-20T02:12:07,MEDIUM,SYNTHETIC,,,true,Synthetic case evidence linkage.,SCN-PHYS-0394
REL-0700983,Person,PER-007236,PARTICIPATED_IN,PhysicalAccessEvent,PHY-00032099,2024-05-20T02:12:07,MEDIUM,SYNTHETIC,,,true,Synthetic physical activity pattern.,SCN-PHYS-0394
REL-0701050,Case,CASE-00529,HAS_EVENT,PhysicalAccessEvent,PHY-00032133,2024-03-04T22:45:08,MEDIUM,SYNTHETIC,,,true,Synthetic case evidence linkage.,SCN-PHYS-0529
REL-0701051,Person,PER-009628,PARTICIPATED_IN,PhysicalAccessEvent,PHY-00032133,2024-03-04T22:45:08,MEDIUM,SYNTHETIC,,,true,Synthetic physical activity pattern.,SCN-PHYS-0529
REL-0701068,Case,CASE-00564,HAS_EVENT,PhysicalAccessEvent,PHY-00032142,2025-09-23T04:46:00,MEDIUM,SYNTHETIC,,,true,Synthetic case evidence linkage.,SCN-PHYS-0564
REL-0701069,Person,PER-010131,PARTICIPATED_IN,PhysicalAccessEvent,PHY-00032142,2025-09-23T04:46:00,MEDIUM,SYNTHETIC,,,true,Synthetic physical activity pattern.,SCN-PHYS-0564
REL-0701264,Case,CASE-00959,HAS_EVENT,PhysicalAccessEvent,PHY-00032240,2025-04-04T01:31:13,MEDIUM,SYNTHETIC,,,true,Synthetic case evidence linkage.,SCN-PHYS-0959
REL-0701265,Person,PER-017223,PARTICIPATED_IN,PhysicalAccessEvent,PHY-00032240,2025-04-04T01:31:13,MEDIUM,SYNTHETIC,,,true,Synthetic physical activity pattern.,SCN-PHYS-0959
REL-0701314,Case,CASE-01059,HAS_EVENT,PhysicalAccessEvent,PHY-00032265,2024-04-27T06:43:08,MEDIUM,SYNTHETIC,,,true,Synthetic case evidence linkage.,SCN-PHYS-1059
REL-0701315,Person,PER-018950,PARTICIPATED_IN,PhysicalAccessEvent,PHY-00032265,2024-04-27T06:43:08,MEDIUM,SYNTHETIC,,,true,Synthetic physical activity pattern.,SCN-PHYS-1059
REL-0701328,Case,CASE-01084,HAS_EVENT,PhysicalAccessEvent,PHY-00032272,2025-01-26T08:52:22,MEDIUM,SYNTHETIC,,,true,Synthetic case evidence linkage.,SCN-PHYS-1084
REL-0701329,Person,PER-019374,PARTICIPATED_IN,PhysicalAccessEvent,PHY-00032272,2025-01-26T08:52:22,MEDIUM,SYNTHETIC,,,true,Synthetic physical activity pattern.,SCN-PHYS-1084
REL-0701348,Case,CASE-01124,HAS_EVENT,PhysicalAccessEvent,PHY-00032282,2025-01-28T22:56:43,MEDIUM,SYNTHETIC,,,true,Synthetic case evidence linkage.,SCN-PHYS-1124
REL-0701349,Person,PER-020096,PARTICIPATED_IN,PhysicalAccessEvent,PHY-00032282,2025-01-28T22:56:43,MEDIUM,SYNTHETIC,,,true,Synthetic physical activity pattern.,SCN-PHYS-1124
REL-0701390,Case,CASE-01209,HAS_EVENT,PhysicalAccessEvent,PHY-00032303,2024-02-18T21:19:32,MEDIUM,SYNTHETIC,,,true,Synthetic case evidence linkage.,SCN-PHYS-1209
REL-0701391,Person,PER-021845,PARTICIPATED_IN,PhysicalAccessEvent,PHY-00032303,2024-02-18T21:19:32,MEDIUM,SYNTHETIC,,,true,Synthetic physical activity pattern.,SCN-PHYS-1209
REL-0701420,Case,CASE-01269,HAS_EVENT,PhysicalAccessEvent,PHY-00032318,2024-04-16T07:38:52,MEDIUM,SYNTHETIC,,,true,Synthetic case evidence linkage.,SCN-PHYS-1269
REL-0701421,Person,PER-022852,PARTICIPATED_IN,PhysicalAccessEvent,PHY-00032318,2024-04-16T07:38:52,MEDIUM,SYNTHETIC,,,true,Synthetic physical activity pattern.,SCN-PHYS-1269
REL-0701452,Case,CASE-01334,HAS_EVENT,PhysicalAccessEvent,PHY-00032334,2024-09-18T16:57:25,MEDIUM,SYNTHETIC,,,true,Synthetic case evidence linkage.,SCN-PHYS-1334
REL-0701453,Person,PER-023945,PARTICIPATED_IN,PhysicalAccessEvent,PHY-00032334,2024-09-18T16:57:25,MEDIUM,SYNTHETIC,,,true,Synthetic physical activity pattern.,SCN-PHYS-1334
REL-0701544,Case,CASE-01519,HAS_EVENT,PhysicalAccessEvent,PHY-00032380,2025-08-22T17:32:14,MEDIUM,SYNTHETIC,,,true,Synthetic case evidence linkage.,SCN-PHYS-1519
REL-0701545,Person,PER-027179,PARTICIPATED_IN,PhysicalAccessEvent,PHY-00032380,2025-08-22T17:32:14,MEDIUM,SYNTHETIC,,,true,Synthetic physical activity pattern.,SCN-PHYS-1519
REL-0701578,Case,CASE-01584,HAS_EVENT,PhysicalAccessEvent,PHY-00032397,2024-04-11T08:52:29,MEDIUM,SYNTHETIC,,,true,Synthetic case evidence linkage.,SCN-PHYS-1584
REL-0701579,Person,PER-028278,PARTICIPATED_IN,PhysicalAccessEvent,PHY-00032397,2024-04-11T08:52:29,MEDIUM,SYNTHETIC,,,true,Synthetic physical activity pattern.,SCN-PHYS-1584
REL-0701582,Case,CASE-01594,HAS_EVENT,PhysicalAccessEvent,PHY-00032399,2024-10-02T04:22:47,MEDIUM,SYNTHETIC,,,true,Synthetic case evidence linkage.,SCN-PHYS-1594
REL-0701583,Person,PER-028494,PARTICIPATED_IN,PhysicalAccessEvent,PHY-00032399,2024-10-02T04:22:47,MEDIUM,SYNTHETIC,,,true,Synthetic physical activity pattern.,SCN-PHYS-1594
REL-0701618,Case,CASE-01664,HAS_EVENT,PhysicalAccessEvent,PHY-00032417,2024-06-10T11:05:54,MEDIUM,SYNTHETIC,,,true,Synthetic case evidence linkage.,SCN-PHYS-1664
REL-0701619,Person,PER-029521,PARTICIPATED_IN,PhysicalAccessEvent,PHY-00032417,2024-06-10T11:05:54,MEDIUM,SYNTHETIC,,,true,Synthetic physical activity pattern.,SCN-PHYS-1664
REL-0701658,Case,CASE-01744,HAS_EVENT,PhysicalAccessEvent,PHY-00032437,2025-04-09T15:01:33,MEDIUM,SYNTHETIC,,,true,Synthetic case evidence linkage.,SCN-PHYS-1744
REL-0701659,Person,PER-031212,PARTICIPATED_IN,PhysicalAccessEvent,PHY-00032437,2025-04-09T15:01:33,MEDIUM,SYNTHETIC,,,true,Synthetic physical activity pattern.,SCN-PHYS-1744
REL-0701782,Case,CASE-01994,HAS_EVENT,PhysicalAccessEvent,PHY-00032499,2025-01-12T16:02:49,MEDIUM,SYNTHETIC,,,true,Synthetic case evidence linkage.,SCN-PHYS-1994
REL-0701783,Person,PER-035454,PARTICIPATED_IN,PhysicalAccessEvent,PHY-00032499,2025-01-12T16:02:49,MEDIUM,SYNTHETIC,,,true,Synthetic physical activity pattern.,SCN-PHYS-1994
REL-0701854,Case,CASE-00139,HAS_EVENT,PhysicalAccessEvent,PHY-00032535,2025-10-19T05:08:20,MEDIUM,SYNTHETIC,,,true,Synthetic case evidence linkage.,SCN-PHYS-0139
REL-0701855,Person,PER-002304,PARTICIPATED_IN,PhysicalAccessEvent,PHY-00032535,2025-10-19T05:08:20,MEDIUM,SYNTHETIC,,,true,Synthetic physical activity pattern.,SCN-PHYS-0139
REL-0701878,Case,CASE-00184,HAS_EVENT,PhysicalAccessEvent,PHY-00032547,2025-04-21T14:05:02,MEDIUM,SYNTHETIC,,,true,Synthetic case evidence linkage.,SCN-PHYS-0184
REL-0701879,Person,PER-003233,PARTICIPATED_IN,PhysicalAccessEvent,PHY-00032547,2025-04-21T14:05:02,MEDIUM,SYNTHETIC,,,true,Synthetic physical activity pattern.,SCN-PHYS-0184
REL-0701960,Case,CASE-00349,HAS_EVENT,PhysicalAccessEvent,PHY-00032588,2024-12-27T03:30:58,MEDIUM,SYNTHETIC,,,true,Synthetic case evidence linkage.,SCN-PHYS-0349
REL-0701961,Person,PER-006443,PARTICIPATED_IN,PhysicalAccessEvent,PHY-00032588,2024-12-27T03:30:58,MEDIUM,SYNTHETIC,,,true,Synthetic physical activity pattern.,SCN-PHYS-0349
REL-0701982,Case,CASE-00394,HAS_EVENT,PhysicalAccessEvent,PHY-00032599,2025-05-02T08:09:48,MEDIUM,SYNTHETIC,,,true,Synthetic case evidence linkage.,SCN-PHYS-0394
REL-0701983,Person,PER-007236,PARTICIPATED_IN,PhysicalAccessEvent,PHY-00032599,2025-05-02T08:09:48,MEDIUM,SYNTHETIC,,,true,Synthetic physical activity pattern.,SCN-PHYS-0394
REL-0702050,Case,CASE-00529,HAS_EVENT,PhysicalAccessEvent,PHY-00032633,2025-12-26T19:09:09,MEDIUM,SYNTHETIC,,,true,Synthetic case evidence linkage.,SCN-PHYS-0529
REL-0702051,Person,PER-009628,PARTICIPATED_IN,PhysicalAccessEvent,PHY-00032633,2025-12-26T19:09:09,MEDIUM,SYNTHETIC,,,true,Synthetic physical activity pattern.,SCN-PHYS-0529
REL-0702068,Case,CASE-00564,HAS_EVENT,PhysicalAccessEvent,PHY-00032642,2024-11-20T14:02:41,MEDIUM,SYNTHETIC,,,true,Synthetic case evidence linkage.,SCN-PHYS-0564
REL-0702069,Person,PER-010131,PARTICIPATED_IN,PhysicalAccessEvent,PHY-00032642,2024-11-20T14:02:41,MEDIUM,SYNTHETIC,,,true,Synthetic physical activity pattern.,SCN-PHYS-0564
REL-0702264,Case,CASE-00959,HAS_EVENT,PhysicalAccessEvent,PHY-00032740,2025-10-20T09:20:30,MEDIUM,SYNTHETIC,,,true,Synthetic case evidence linkage.,SCN-PHYS-0959
REL-0702265,Person,PER-017223,PARTICIPATED_IN,PhysicalAccessEvent,PHY-00032740,2025-10-20T09:20:30,MEDIUM,SYNTHETIC,,,true,Synthetic physical activity pattern.,SCN-PHYS-0959
REL-0702314,Case,CASE-01059,HAS_EVENT,PhysicalAccessEvent,PHY-00032765,2025-05-05T04:46:22,MEDIUM,SYNTHETIC,,,true,Synthetic case evidence linkage.,SCN-PHYS-1059
REL-0702315,Person,PER-018950,PARTICIPATED_IN,PhysicalAccessEvent,PHY-00032765,2025-05-05T04:46:22,MEDIUM,SYNTHETIC,,,true,Synthetic physical activity pattern.,SCN-PHYS-1059
REL-0702328,Case,CASE-01084,HAS_EVENT,PhysicalAccessEvent,PHY-00032772,2025-03-12T13:25:47,MEDIUM,SYNTHETIC,,,true,Synthetic case evidence linkage.,SCN-PHYS-1084
REL-0702329,Person,PER-019374,PARTICIPATED_IN,PhysicalAccessEvent,PHY-00032772,2025-03-12T13:25:47,MEDIUM,SYNTHETIC,,,true,Synthetic physical activity pattern.,SCN-PHYS-1084
REL-0702348,Case,CASE-01124,HAS_EVENT,PhysicalAccessEvent,PHY-00032782,2025-05-10T07:57:51,MEDIUM,SYNTHETIC,,,true,Synthetic case evidence linkage.,SCN-PHYS-1124
REL-0702349,Person,PER-020096,PARTICIPATED_IN,PhysicalAccessEvent,PHY-00032782,2025-05-10T07:57:51,MEDIUM,SYNTHETIC,,,true,Synthetic physical activity pattern.,SCN-PHYS-1124
REL-0702390,Case,CASE-01209,HAS_EVENT,PhysicalAccessEvent,PHY-00032803,2025-11-15T03:02:21,MEDIUM,SYNTHETIC,,,true,Synthetic case evidence linkage.,SCN-PHYS-1209
REL-0702391,Person,PER-021845,PARTICIPATED_IN,PhysicalAccessEvent,PHY-00032803,2025-11-15T03:02:21,MEDIUM,SYNTHETIC,,,true,Synthetic physical activity pattern.,SCN-PHYS-1209
REL-0702420,Case,CASE-01269,HAS_EVENT,PhysicalAccessEvent,PHY-00032818,2024-08-20T12:18:34,MEDIUM,SYNTHETIC,,,true,Synthetic case evidence linkage.,SCN-PHYS-1269
REL-0702421,Person,PER-022852,PARTICIPATED_IN,PhysicalAccessEvent,PHY-00032818,2024-08-20T12:18:34,MEDIUM,SYNTHETIC,,,true,Synthetic physical activity pattern.,SCN-PHYS-1269
REL-0702452,Case,CASE-01334,HAS_EVENT,PhysicalAccessEvent,PHY-00032834,2025-04-19T22:36:59,MEDIUM,SYNTHETIC,,,true,Synthetic case evidence linkage.,SCN-PHYS-1334
REL-0702453,Person,PER-023945,PARTICIPATED_IN,PhysicalAccessEvent,PHY-00032834,2025-04-19T22:36:59,MEDIUM,SYNTHETIC,,,true,Synthetic physical activity pattern.,SCN-PHYS-1334
REL-0702544,Case,CASE-01519,HAS_EVENT,PhysicalAccessEvent,PHY-00032880,2024-05-06T13:47:26,MEDIUM,SYNTHETIC,,,true,Synthetic case evidence linkage.,SCN-PHYS-1519
REL-0702545,Person,PER-027179,PARTICIPATED_IN,PhysicalAccessEvent,PHY-00032880,2024-05-06T13:47:26,MEDIUM,SYNTHETIC,,,true,Synthetic physical activity pattern.,SCN-PHYS-1519
REL-0702578,Case,CASE-01584,HAS_EVENT,PhysicalAccessEvent,PHY-00032897,2025-12-10T13:55:09,MEDIUM,SYNTHETIC,,,true,Synthetic case evidence linkage.,SCN-PHYS-1584
REL-0702579,Person,PER-028278,PARTICIPATED_IN,PhysicalAccessEvent,PHY-00032897,2025-12-10T13:55:09,MEDIUM,SYNTHETIC,,,true,Synthetic physical activity pattern.,SCN-PHYS-1584
REL-0702582,Case,CASE-01594,HAS_EVENT,PhysicalAccessEvent,PHY-00032899,2025-08-05T14:00:00,MEDIUM,SYNTHETIC,,,true,Synthetic case evidence linkage.,SCN-PHYS-1594
REL-0702583,Person,PER-028494,PARTICIPATED_IN,PhysicalAccessEvent,PHY-00032899,2025-08-05T14:00:00,MEDIUM,SYNTHETIC,,,true,Synthetic physical activity pattern.,SCN-PHYS-1594
REL-0702618,Case,CASE-01664,HAS_EVENT,PhysicalAccessEvent,PHY-00032917,2024-03-08T15:35:10,MEDIUM,SYNTHETIC,,,true,Synthetic case evidence linkage.,SCN-PHYS-1664
REL-0702619,Person,PER-029521,PARTICIPATED_IN,PhysicalAccessEvent,PHY-00032917,2024-03-08T15:35:10,MEDIUM,SYNTHETIC,,,true,Synthetic physical activity pattern.,SCN-PHYS-1664
REL-0702658,Case,CASE-01744,HAS_EVENT,PhysicalAccessEvent,PHY-00032937,2024-05-25T18:02:34,MEDIUM,SYNTHETIC,,,true,Synthetic case evidence linkage.,SCN-PHYS-1744
REL-0702659,Person,PER-031212,PARTICIPATED_IN,PhysicalAccessEvent,PHY-00032937,2024-05-25T18:02:34,MEDIUM,SYNTHETIC,,,true,Synthetic physical activity pattern.,SCN-PHYS-1744
REL-0702782,Case,CASE-01994,HAS_EVENT,PhysicalAccessEvent,PHY-00032999,2025-01-15T10:21:08,MEDIUM,SYNTHETIC,,,true,Synthetic case evidence linkage.,SCN-PHYS-1994
REL-0702783,Person,PER-035454,PARTICIPATED_IN,PhysicalAccessEvent,PHY-00032999,2025-01-15T10:21:08,MEDIUM,SYNTHETIC,,,true,Synthetic physical activity pattern.,SCN-PHYS-1994
REL-0702854,Case,CASE-00139,HAS_EVENT,PhysicalAccessEvent,PHY-00033035,2025-10-24T18:17:29,MEDIUM,SYNTHETIC,,,true,Synthetic case evidence linkage.,SCN-PHYS-0139
REL-0702855,Person,PER-002304,PARTICIPATED_IN,PhysicalAccessEvent,PHY-00033035,2025-10-24T18:17:29,MEDIUM,SYNTHETIC,,,true,Synthetic physical activity pattern.,SCN-PHYS-0139
REL-0702878,Case,CASE-00184,HAS_EVENT,PhysicalAccessEvent,PHY-00033047,2025-11-09T18:59:55,MEDIUM,SYNTHETIC,,,true,Synthetic case evidence linkage.,SCN-PHYS-0184
REL-0702879,Person,PER-003233,PARTICIPATED_IN,PhysicalAccessEvent,PHY-00033047,2025-11-09T18:59:55,MEDIUM,SYNTHETIC,,,true,Synthetic physical activity pattern.,SCN-PHYS-0184
REL-0702960,Case,CASE-00349,HAS_EVENT,PhysicalAccessEvent,PHY-00033088,2025-02-08T01:25:47,MEDIUM,SYNTHETIC,,,true,Synthetic case evidence linkage.,SCN-PHYS-0349
REL-0702961,Person,PER-006443,PARTICIPATED_IN,PhysicalAccessEvent,PHY-00033088,2025-02-08T01:25:47,MEDIUM,SYNTHETIC,,,true,Synthetic physical activity pattern.,SCN-PHYS-0349
REL-0702982,Case,CASE-00394,HAS_EVENT,PhysicalAccessEvent,PHY-00033099,2024-06-08T08:33:35,MEDIUM,SYNTHETIC,,,true,Synthetic case evidence linkage.,SCN-PHYS-0394
REL-0702983,Person,PER-007236,PARTICIPATED_IN,PhysicalAccessEvent,PHY-00033099,2024-06-08T08:33:35,MEDIUM,SYNTHETIC,,,true,Synthetic physical activity pattern.,SCN-PHYS-0394
REL-0703050,Case,CASE-00529,HAS_EVENT,PhysicalAccessEvent,PHY-00033133,2024-10-13T15:03:48,MEDIUM,SYNTHETIC,,,true,Synthetic case evidence linkage.,SCN-PHYS-0529
REL-0703051,Person,PER-009628,PARTICIPATED_IN,PhysicalAccessEvent,PHY-00033133,2024-10-13T15:03:48,MEDIUM,SYNTHETIC,,,true,Synthetic physical activity pattern.,SCN-PHYS-0529
REL-0703068,Case,CASE-00564,HAS_EVENT,PhysicalAccessEvent,PHY-00033142,2025-09-10T04:11:01,MEDIUM,SYNTHETIC,,,true,Synthetic case evidence linkage.,SCN-PHYS-0564
REL-0703069,Person,PER-010131,PARTICIPATED_IN,PhysicalAccessEvent,PHY-00033142,2025-09-10T04:11:01,MEDIUM,SYNTHETIC,,,true,Synthetic physical activity pattern.,SCN-PHYS-0564
REL-0703264,Case,CASE-00959,HAS_EVENT,PhysicalAccessEvent,PHY-00033240,2024-06-23T17:46:25,MEDIUM,SYNTHETIC,,,true,Synthetic case evidence linkage.,SCN-PHYS-0959
REL-0703265,Person,PER-017223,PARTICIPATED_IN,PhysicalAccessEvent,PHY-00033240,2024-06-23T17:46:25,MEDIUM,SYNTHETIC,,,true,Synthetic physical activity pattern.,SCN-PHYS-0959
REL-0703314,Case,CASE-01059,HAS_EVENT,PhysicalAccessEvent,PHY-00033265,2024-06-05T14:59:59,MEDIUM,SYNTHETIC,,,true,Synthetic case evidence linkage.,SCN-PHYS-1059
REL-0703315,Person,PER-018950,PARTICIPATED_IN,PhysicalAccessEvent,PHY-00033265,2024-06-05T14:59:59,MEDIUM,SYNTHETIC,,,true,Synthetic physical activity pattern.,SCN-PHYS-1059
REL-0703328,Case,CASE-01084,HAS_EVENT,PhysicalAccessEvent,PHY-00033272,2025-05-16T14:59:50,MEDIUM,SYNTHETIC,,,true,Synthetic case evidence linkage.,SCN-PHYS-1084
REL-0703329,Person,PER-019374,PARTICIPATED_IN,PhysicalAccessEvent,PHY-00033272,2025-05-16T14:59:50,MEDIUM,SYNTHETIC,,,true,Synthetic physical activity pattern.,SCN-PHYS-1084
REL-0703348,Case,CASE-01124,HAS_EVENT,PhysicalAccessEvent,PHY-00033282,2024-12-27T01:45:12,MEDIUM,SYNTHETIC,,,true,Synthetic case evidence linkage.,SCN-PHYS-1124
REL-0703349,Person,PER-020096,PARTICIPATED_IN,PhysicalAccessEvent,PHY-00033282,2024-12-27T01:45:12,MEDIUM,SYNTHETIC,,,true,Synthetic physical activity pattern.,SCN-PHYS-1124
REL-0703390,Case,CASE-01209,HAS_EVENT,PhysicalAccessEvent,PHY-00033303,2024-08-11T06:27:50,MEDIUM,SYNTHETIC,,,true,Synthetic case evidence linkage.,SCN-PHYS-1209
REL-0703391,Person,PER-021845,PARTICIPATED_IN,PhysicalAccessEvent,PHY-00033303,2024-08-11T06:27:50,MEDIUM,SYNTHETIC,,,true,Synthetic physical activity pattern.,SCN-PHYS-1209
REL-0703420,Case,CASE-01269,HAS_EVENT,PhysicalAccessEvent,PHY-00033318,2025-02-17T11:03:14,MEDIUM,SYNTHETIC,,,true,Synthetic case evidence linkage.,SCN-PHYS-1269
REL-0703421,Person,PER-022852,PARTICIPATED_IN,PhysicalAccessEvent,PHY-00033318,2025-02-17T11:03:14,MEDIUM,SYNTHETIC,,,true,Synthetic physical activity pattern.,SCN-PHYS-1269
REL-0703452,Case,CASE-01334,HAS_EVENT,PhysicalAccessEvent,PHY-00033334,2025-09-14T22:31:55,MEDIUM,SYNTHETIC,,,true,Synthetic case evidence linkage.,SCN-PHYS-1334
REL-0703453,Person,PER-023945,PARTICIPATED_IN,PhysicalAccessEvent,PHY-00033334,2025-09-14T22:31:55,MEDIUM,SYNTHETIC,,,true,Synthetic physical activity pattern.,SCN-PHYS-1334
REL-0703544,Case,CASE-01519,HAS_EVENT,PhysicalAccessEvent,PHY-00033380,2024-06-28T15:26:20,MEDIUM,SYNTHETIC,,,true,Synthetic case evidence linkage.,SCN-PHYS-1519
REL-0703545,Person,PER-027179,PARTICIPATED_IN,PhysicalAccessEvent,PHY-00033380,2024-06-28T15:26:20,MEDIUM,SYNTHETIC,,,true,Synthetic physical activity pattern.,SCN-PHYS-1519
REL-0703578,Case,CASE-01584,HAS_EVENT,PhysicalAccessEvent,PHY-00033397,2024-02-18T18:15:39,MEDIUM,SYNTHETIC,,,true,Synthetic case evidence linkage.,SCN-PHYS-1584
REL-0703579,Person,PER-028278,PARTICIPATED_IN,PhysicalAccessEvent,PHY-00033397,2024-02-18T18:15:39,MEDIUM,SYNTHETIC,,,true,Synthetic physical activity pattern.,SCN-PHYS-1584
REL-0703582,Case,CASE-01594,HAS_EVENT,PhysicalAccessEvent,PHY-00033399,2025-12-12T18:12:48,MEDIUM,SYNTHETIC,,,true,Synthetic case evidence linkage.,SCN-PHYS-1594
REL-0703583,Person,PER-028494,PARTICIPATED_IN,PhysicalAccessEvent,PHY-00033399,2025-12-12T18:12:48,MEDIUM,SYNTHETIC,,,true,Synthetic physical activity pattern.,SCN-PHYS-1594
REL-0703618,Case,CASE-01664,HAS_EVENT,PhysicalAccessEvent,PHY-00033417,2025-09-26T17:50:10,MEDIUM,SYNTHETIC,,,true,Synthetic case evidence linkage.,SCN-PHYS-1664
REL-0703619,Person,PER-029521,PARTICIPATED_IN,PhysicalAccessEvent,PHY-00033417,2025-09-26T17:50:10,MEDIUM,SYNTHETIC,,,true,Synthetic physical activity pattern.,SCN-PHYS-1664
REL-0703658,Case,CASE-01744,HAS_EVENT,PhysicalAccessEvent,PHY-00033437,2025-06-01T20:08:09,MEDIUM,SYNTHETIC,,,true,Synthetic case evidence linkage.,SCN-PHYS-1744
REL-0703659,Person,PER-031212,PARTICIPATED_IN,PhysicalAccessEvent,PHY-00033437,2025-06-01T20:08:09,MEDIUM,SYNTHETIC,,,true,Synthetic physical activity pattern.,SCN-PHYS-1744
REL-0703782,Case,CASE-01994,HAS_EVENT,PhysicalAccessEvent,PHY-00033499,2025-01-25T21:31:48,MEDIUM,SYNTHETIC,,,true,Synthetic case evidence linkage.,SCN-PHYS-1994
REL-0703783,Person,PER-035454,PARTICIPATED_IN,PhysicalAccessEvent,PHY-00033499,2025-01-25T21:31:48,MEDIUM,SYNTHETIC,,,true,Synthetic physical activity pattern.,SCN-PHYS-1994
REL-0703854,Case,CASE-00139,HAS_EVENT,PhysicalAccessEvent,PHY-00033535,2024-08-13T16:53:03,MEDIUM,SYNTHETIC,,,true,Synthetic case evidence linkage.,SCN-PHYS-0139
REL-0703855,Person,PER-002304,PARTICIPATED_IN,PhysicalAccessEvent,PHY-00033535,2024-08-13T16:53:03,MEDIUM,SYNTHETIC,,,true,Synthetic physical activity pattern.,SCN-PHYS-0139
REL-0703878,Case,CASE-00184,HAS_EVENT,PhysicalAccessEvent,PHY-00033547,2024-10-07T08:22:27,MEDIUM,SYNTHETIC,,,true,Synthetic case evidence linkage.,SCN-PHYS-0184
REL-0703879,Person,PER-003233,PARTICIPATED_IN,PhysicalAccessEvent,PHY-00033547,2024-10-07T08:22:27,MEDIUM,SYNTHETIC,,,true,Synthetic physical activity pattern.,SCN-PHYS-0184
REL-0703960,Case,CASE-00349,HAS_EVENT,PhysicalAccessEvent,PHY-00033588,2025-11-30T11:14:10,MEDIUM,SYNTHETIC,,,true,Synthetic case evidence linkage.,SCN-PHYS-0349
REL-0703961,Person,PER-006443,PARTICIPATED_IN,PhysicalAccessEvent,PHY-00033588,2025-11-30T11:14:10,MEDIUM,SYNTHETIC,,,true,Synthetic physical activity pattern.,SCN-PHYS-0349
REL-0703982,Case,CASE-00394,HAS_EVENT,PhysicalAccessEvent,PHY-00033599,2025-01-27T08:06:51,MEDIUM,SYNTHETIC,,,true,Synthetic case evidence linkage.,SCN-PHYS-0394
REL-0703983,Person,PER-007236,PARTICIPATED_IN,PhysicalAccessEvent,PHY-00033599,2025-01-27T08:06:51,MEDIUM,SYNTHETIC,,,true,Synthetic physical activity pattern.,SCN-PHYS-0394
REL-0704050,Case,CASE-00529,HAS_EVENT,PhysicalAccessEvent,PHY-00033633,2024-04-26T11:23:47,MEDIUM,SYNTHETIC,,,true,Synthetic case evidence linkage.,SCN-PHYS-0529
REL-0704051,Person,PER-009628,PARTICIPATED_IN,PhysicalAccessEvent,PHY-00033633,2024-04-26T11:23:47,MEDIUM,SYNTHETIC,,,true,Synthetic physical activity pattern.,SCN-PHYS-0529
REL-0704068,Case,CASE-00564,HAS_EVENT,PhysicalAccessEvent,PHY-00033642,2024-03-16T18:36:04,MEDIUM,SYNTHETIC,,,true,Synthetic case evidence linkage.,SCN-PHYS-0564
REL-0704069,Person,PER-010131,PARTICIPATED_IN,PhysicalAccessEvent,PHY-00033642,2024-03-16T18:36:04,MEDIUM,SYNTHETIC,,,true,Synthetic physical activity pattern.,SCN-PHYS-0564
REL-0704264,Case,CASE-00959,HAS_EVENT,PhysicalAccessEvent,PHY-00033740,2024-09-09T15:33:11,MEDIUM,SYNTHETIC,,,true,Synthetic case evidence linkage.,SCN-PHYS-0959
REL-0704265,Person,PER-017223,PARTICIPATED_IN,PhysicalAccessEvent,PHY-00033740,2024-09-09T15:33:11,MEDIUM,SYNTHETIC,,,true,Synthetic physical activity pattern.,SCN-PHYS-0959
REL-0704314,Case,CASE-01059,HAS_EVENT,PhysicalAccessEvent,PHY-00033765,2025-03-29T14:56:52,MEDIUM,SYNTHETIC,,,true,Synthetic case evidence linkage.,SCN-PHYS-1059
REL-0704315,Person,PER-018950,PARTICIPATED_IN,PhysicalAccessEvent,PHY-00033765,2025-03-29T14:56:52,MEDIUM,SYNTHETIC,,,true,Synthetic physical activity pattern.,SCN-PHYS-1059
REL-0704328,Case,CASE-01084,HAS_EVENT,PhysicalAccessEvent,PHY-00033772,2024-05-07T20:50:46,MEDIUM,SYNTHETIC,,,true,Synthetic case evidence linkage.,SCN-PHYS-1084
REL-0704329,Person,PER-019374,PARTICIPATED_IN,PhysicalAccessEvent,PHY-00033772,2024-05-07T20:50:46,MEDIUM,SYNTHETIC,,,true,Synthetic physical activity pattern.,SCN-PHYS-1084
REL-0704348,Case,CASE-01124,HAS_EVENT,PhysicalAccessEvent,PHY-00033782,2025-10-25T11:15:23,MEDIUM,SYNTHETIC,,,true,Synthetic case evidence linkage.,SCN-PHYS-1124
REL-0704349,Person,PER-020096,PARTICIPATED_IN,PhysicalAccessEvent,PHY-00033782,2025-10-25T11:15:23,MEDIUM,SYNTHETIC,,,true,Synthetic physical activity pattern.,SCN-PHYS-1124
REL-0704390,Case,CASE-01209,HAS_EVENT,PhysicalAccessEvent,PHY-00033803,2024-04-18T00:15:02,MEDIUM,SYNTHETIC,,,true,Synthetic case evidence linkage.,SCN-PHYS-1209
REL-0704391,Person,PER-021845,PARTICIPATED_IN,PhysicalAccessEvent,PHY-00033803,2024-04-18T00:15:02,MEDIUM,SYNTHETIC,,,true,Synthetic physical activity pattern.,SCN-PHYS-1209
REL-0704420,Case,CASE-01269,HAS_EVENT,PhysicalAccessEvent,PHY-00033818,2024-05-05T04:09:00,MEDIUM,SYNTHETIC,,,true,Synthetic case evidence linkage.,SCN-PHYS-1269
REL-0704421,Person,PER-022852,PARTICIPATED_IN,PhysicalAccessEvent,PHY-00033818,2024-05-05T04:09:00,MEDIUM,SYNTHETIC,,,true,Synthetic physical activity pattern.,SCN-PHYS-1269
REL-0704452,Case,CASE-01334,HAS_EVENT,PhysicalAccessEvent,PHY-00033834,2025-12-12T05:07:40,MEDIUM,SYNTHETIC,,,true,Synthetic case evidence linkage.,SCN-PHYS-1334
REL-0704453,Person,PER-023945,PARTICIPATED_IN,PhysicalAccessEvent,PHY-00033834,2025-12-12T05:07:40,MEDIUM,SYNTHETIC,,,true,Synthetic physical activity pattern.,SCN-PHYS-1334
REL-0704544,Case,CASE-01519,HAS_EVENT,PhysicalAccessEvent,PHY-00033880,2024-07-29T20:06:38,MEDIUM,SYNTHETIC,,,true,Synthetic case evidence linkage.,SCN-PHYS-1519
REL-0704545,Person,PER-027179,PARTICIPATED_IN,PhysicalAccessEvent,PHY-00033880,2024-07-29T20:06:38,MEDIUM,SYNTHETIC,,,true,Synthetic physical activity pattern.,SCN-PHYS-1519
REL-0704578,Case,CASE-01584,HAS_EVENT,PhysicalAccessEvent,PHY-00033897,2025-11-03T18:57:06,MEDIUM,SYNTHETIC,,,true,Synthetic case evidence linkage.,SCN-PHYS-1584
REL-0704579,Person,PER-028278,PARTICIPATED_IN,PhysicalAccessEvent,PHY-00033897,2025-11-03T18:57:06,MEDIUM,SYNTHETIC,,,true,Synthetic physical activity pattern.,SCN-PHYS-1584
REL-0704582,Case,CASE-01594,HAS_EVENT,PhysicalAccessEvent,PHY-00033899,2024-06-06T04:25:18,MEDIUM,SYNTHETIC,,,true,Synthetic case evidence linkage.,SCN-PHYS-1594
REL-0704583,Person,PER-028494,PARTICIPATED_IN,PhysicalAccessEvent,PHY-00033899,2024-06-06T04:25:18,MEDIUM,SYNTHETIC,,,true,Synthetic physical activity pattern.,SCN-PHYS-1594
REL-0704618,Case,CASE-01664,HAS_EVENT,PhysicalAccessEvent,PHY-00033917,2024-06-10T15:41:13,MEDIUM,SYNTHETIC,,,true,Synthetic case evidence linkage.,SCN-PHYS-1664
REL-0704619,Person,PER-029521,PARTICIPATED_IN,PhysicalAccessEvent,PHY-00033917,2024-06-10T15:41:13,MEDIUM,SYNTHETIC,,,true,Synthetic physical activity pattern.,SCN-PHYS-1664
REL-0704658,Case,CASE-01744,HAS_EVENT,PhysicalAccessEvent,PHY-00033937,2024-09-05T18:33:01,MEDIUM,SYNTHETIC,,,true,Synthetic case evidence linkage.,SCN-PHYS-1744
REL-0704659,Person,PER-031212,PARTICIPATED_IN,PhysicalAccessEvent,PHY-00033937,2024-09-05T18:33:01,MEDIUM,SYNTHETIC,,,true,Synthetic physical activity pattern.,SCN-PHYS-1744
REL-0704782,Case,CASE-01994,HAS_EVENT,PhysicalAccessEvent,PHY-00033999,2025-12-09T22:03:44,MEDIUM,SYNTHETIC,,,true,Synthetic case evidence linkage.,SCN-PHYS-1994
REL-0704783,Person,PER-035454,PARTICIPATED_IN,PhysicalAccessEvent,PHY-00033999,2025-12-09T22:03:44,MEDIUM,SYNTHETIC,,,true,Synthetic physical activity pattern.,SCN-PHYS-1994
REL-0704854,Case,CASE-00139,HAS_EVENT,PhysicalAccessEvent,PHY-00034035,2024-04-23T19:02:49,MEDIUM,SYNTHETIC,,,true,Synthetic case evidence linkage.,SCN-PHYS-0139
REL-0704855,Person,PER-002304,PARTICIPATED_IN,PhysicalAccessEvent,PHY-00034035,2024-04-23T19:02:49,MEDIUM,SYNTHETIC,,,true,Synthetic physical activity pattern.,SCN-PHYS-0139
REL-0704878,Case,CASE-00184,HAS_EVENT,PhysicalAccessEvent,PHY-00034047,2025-04-09T07:16:12,MEDIUM,SYNTHETIC,,,true,Synthetic case evidence linkage.,SCN-PHYS-0184
REL-0704879,Person,PER-003233,PARTICIPATED_IN,PhysicalAccessEvent,PHY-00034047,2025-04-09T07:16:12,MEDIUM,SYNTHETIC,,,true,Synthetic physical activity pattern.,SCN-PHYS-0184
REL-0704960,Case,CASE-00349,HAS_EVENT,PhysicalAccessEvent,PHY-00034088,2024-11-03T15:03:52,MEDIUM,SYNTHETIC,,,true,Synthetic case evidence linkage.,SCN-PHYS-0349
REL-0704961,Person,PER-006443,PARTICIPATED_IN,PhysicalAccessEvent,PHY-00034088,2024-11-03T15:03:52,MEDIUM,SYNTHETIC,,,true,Synthetic physical activity pattern.,SCN-PHYS-0349
REL-0704982,Case,CASE-00394,HAS_EVENT,PhysicalAccessEvent,PHY-00034099,2025-12-24T16:31:37,MEDIUM,SYNTHETIC,,,true,Synthetic case evidence linkage.,SCN-PHYS-0394
REL-0704983,Person,PER-007236,PARTICIPATED_IN,PhysicalAccessEvent,PHY-00034099,2025-12-24T16:31:37,MEDIUM,SYNTHETIC,,,true,Synthetic physical activity pattern.,SCN-PHYS-0394
REL-0705050,Case,CASE-00529,HAS_EVENT,PhysicalAccessEvent,PHY-00034133,2024-11-22T07:21:01,MEDIUM,SYNTHETIC,,,true,Synthetic case evidence linkage.,SCN-PHYS-0529
REL-0705051,Person,PER-009628,PARTICIPATED_IN,PhysicalAccessEvent,PHY-00034133,2024-11-22T07:21:01,MEDIUM,SYNTHETIC,,,true,Synthetic physical activity pattern.,SCN-PHYS-0529
REL-0705068,Case,CASE-00564,HAS_EVENT,PhysicalAccessEvent,PHY-00034142,2025-10-28T12:40:14,MEDIUM,SYNTHETIC,,,true,Synthetic case evidence linkage.,SCN-PHYS-0564
REL-0705069,Person,PER-010131,PARTICIPATED_IN,PhysicalAccessEvent,PHY-00034142,2025-10-28T12:40:14,MEDIUM,SYNTHETIC,,,true,Synthetic physical activity pattern.,SCN-PHYS-0564
REL-0705264,Case,CASE-00959,HAS_EVENT,PhysicalAccessEvent,PHY-00034240,2025-04-06T05:03:25,MEDIUM,SYNTHETIC,,,true,Synthetic case evidence linkage.,SCN-PHYS-0959
REL-0705265,Person,PER-017223,PARTICIPATED_IN,PhysicalAccessEvent,PHY-00034240,2025-04-06T05:03:25,MEDIUM,SYNTHETIC,,,true,Synthetic physical activity pattern.,SCN-PHYS-0959
REL-0705314,Case,CASE-01059,HAS_EVENT,PhysicalAccessEvent,PHY-00034265,2024-11-07T15:31:42,MEDIUM,SYNTHETIC,,,true,Synthetic case evidence linkage.,SCN-PHYS-1059
REL-0705315,Person,PER-018950,PARTICIPATED_IN,PhysicalAccessEvent,PHY-00034265,2024-11-07T15:31:42,MEDIUM,SYNTHETIC,,,true,Synthetic physical activity pattern.,SCN-PHYS-1059
REL-0705328,Case,CASE-01084,HAS_EVENT,PhysicalAccessEvent,PHY-00034272,2024-10-15T09:34:23,MEDIUM,SYNTHETIC,,,true,Synthetic case evidence linkage.,SCN-PHYS-1084
REL-0705329,Person,PER-019374,PARTICIPATED_IN,PhysicalAccessEvent,PHY-00034272,2024-10-15T09:34:23,MEDIUM,SYNTHETIC,,,true,Synthetic physical activity pattern.,SCN-PHYS-1084
REL-0705348,Case,CASE-01124,HAS_EVENT,PhysicalAccessEvent,PHY-00034282,2025-09-27T21:43:57,MEDIUM,SYNTHETIC,,,true,Synthetic case evidence linkage.,SCN-PHYS-1124
REL-0705349,Person,PER-020096,PARTICIPATED_IN,PhysicalAccessEvent,PHY-00034282,2025-09-27T21:43:57,MEDIUM,SYNTHETIC,,,true,Synthetic physical activity pattern.,SCN-PHYS-1124
REL-0705390,Case,CASE-01209,HAS_EVENT,PhysicalAccessEvent,PHY-00034303,2024-05-25T17:26:05,MEDIUM,SYNTHETIC,,,true,Synthetic case evidence linkage.,SCN-PHYS-1209
REL-0705391,Person,PER-021845,PARTICIPATED_IN,PhysicalAccessEvent,PHY-00034303,2024-05-25T17:26:05,MEDIUM,SYNTHETIC,,,true,Synthetic physical activity pattern.,SCN-PHYS-1209
REL-0705420,Case,CASE-01269,HAS_EVENT,PhysicalAccessEvent,PHY-00034318,2025-11-07T05:12:36,MEDIUM,SYNTHETIC,,,true,Synthetic case evidence linkage.,SCN-PHYS-1269
REL-0705421,Person,PER-022852,PARTICIPATED_IN,PhysicalAccessEvent,PHY-00034318,2025-11-07T05:12:36,MEDIUM,SYNTHETIC,,,true,Synthetic physical activity pattern.,SCN-PHYS-1269
REL-0705452,Case,CASE-01334,HAS_EVENT,PhysicalAccessEvent,PHY-00034334,2025-05-27T09:31:37,MEDIUM,SYNTHETIC,,,true,Synthetic case evidence linkage.,SCN-PHYS-1334
REL-0705453,Person,PER-023945,PARTICIPATED_IN,PhysicalAccessEvent,PHY-00034334,2025-05-27T09:31:37,MEDIUM,SYNTHETIC,,,true,Synthetic physical activity pattern.,SCN-PHYS-1334
REL-0705544,Case,CASE-01519,HAS_EVENT,PhysicalAccessEvent,PHY-00034380,2024-07-30T03:36:34,MEDIUM,SYNTHETIC,,,true,Synthetic case evidence linkage.,SCN-PHYS-1519
REL-0705545,Person,PER-027179,PARTICIPATED_IN,PhysicalAccessEvent,PHY-00034380,2024-07-30T03:36:34,MEDIUM,SYNTHETIC,,,true,Synthetic physical activity pattern.,SCN-PHYS-1519
REL-0705578,Case,CASE-01584,HAS_EVENT,PhysicalAccessEvent,PHY-00034397,2024-04-21T07:17:39,MEDIUM,SYNTHETIC,,,true,Synthetic case evidence linkage.,SCN-PHYS-1584
REL-0705579,Person,PER-028278,PARTICIPATED_IN,PhysicalAccessEvent,PHY-00034397,2024-04-21T07:17:39,MEDIUM,SYNTHETIC,,,true,Synthetic physical activity pattern.,SCN-PHYS-1584
REL-0705582,Case,CASE-01594,HAS_EVENT,PhysicalAccessEvent,PHY-00034399,2024-12-12T03:26:45,MEDIUM,SYNTHETIC,,,true,Synthetic case evidence linkage.,SCN-PHYS-1594
REL-0705583,Person,PER-028494,PARTICIPATED_IN,PhysicalAccessEvent,PHY-00034399,2024-12-12T03:26:45,MEDIUM,SYNTHETIC,,,true,Synthetic physical activity pattern.,SCN-PHYS-1594
REL-0705618,Case,CASE-01664,HAS_EVENT,PhysicalAccessEvent,PHY-00034417,2024-12-18T05:09:26,MEDIUM,SYNTHETIC,,,true,Synthetic case evidence linkage.,SCN-PHYS-1664
REL-0705619,Person,PER-029521,PARTICIPATED_IN,PhysicalAccessEvent,PHY-00034417,2024-12-18T05:09:26,MEDIUM,SYNTHETIC,,,true,Synthetic physical activity pattern.,SCN-PHYS-1664
REL-0705658,Case,CASE-01744,HAS_EVENT,PhysicalAccessEvent,PHY-00034437,2024-11-19T20:11:13,MEDIUM,SYNTHETIC,,,true,Synthetic case evidence linkage.,SCN-PHYS-1744
REL-0705659,Person,PER-031212,PARTICIPATED_IN,PhysicalAccessEvent,PHY-00034437,2024-11-19T20:11:13,MEDIUM,SYNTHETIC,,,true,Synthetic physical activity pattern.,SCN-PHYS-1744
REL-0705782,Case,CASE-01994,HAS_EVENT,PhysicalAccessEvent,PHY-00034499,2025-11-04T09:38:38,MEDIUM,SYNTHETIC,,,true,Synthetic case evidence linkage.,SCN-PHYS-1994
REL-0705783,Person,PER-035454,PARTICIPATED_IN,PhysicalAccessEvent,PHY-00034499,2025-11-04T09:38:38,MEDIUM,SYNTHETIC,,,true,Synthetic physical activity pattern.,SCN-PHYS-1994
REL-0705854,Case,CASE-00139,HAS_EVENT,PhysicalAccessEvent,PHY-00034535,2025-09-18T09:15:09,MEDIUM,SYNTHETIC,,,true,Synthetic case evidence linkage.,SCN-PHYS-0139
REL-0705855,Person,PER-002304,PARTICIPATED_IN,PhysicalAccessEvent,PHY-00034535,2025-09-18T09:15:09,MEDIUM,SYNTHETIC,,,true,Synthetic physical activity pattern.,SCN-PHYS-0139
REL-0705878,Case,CASE-00184,HAS_EVENT,PhysicalAccessEvent,PHY-00034547,2025-02-03T15:31:53,MEDIUM,SYNTHETIC,,,true,Synthetic case evidence linkage.,SCN-PHYS-0184
REL-0705879,Person,PER-003233,PARTICIPATED_IN,PhysicalAccessEvent,PHY-00034547,2025-02-03T15:31:53,MEDIUM,SYNTHETIC,,,true,Synthetic physical activity pattern.,SCN-PHYS-0184
REL-0705960,Case,CASE-00349,HAS_EVENT,PhysicalAccessEvent,PHY-00034588,2024-01-05T21:34:43,MEDIUM,SYNTHETIC,,,true,Synthetic case evidence linkage.,SCN-PHYS-0349
REL-0705961,Person,PER-006443,PARTICIPATED_IN,PhysicalAccessEvent,PHY-00034588,2024-01-05T21:34:43,MEDIUM,SYNTHETIC,,,true,Synthetic physical activity pattern.,SCN-PHYS-0349
REL-0705982,Case,CASE-00394,HAS_EVENT,PhysicalAccessEvent,PHY-00034599,2024-11-16T16:32:47,MEDIUM,SYNTHETIC,,,true,Synthetic case evidence linkage.,SCN-PHYS-0394
REL-0705983,Person,PER-007236,PARTICIPATED_IN,PhysicalAccessEvent,PHY-00034599,2024-11-16T16:32:47,MEDIUM,SYNTHETIC,,,true,Synthetic physical activity pattern.,SCN-PHYS-0394
REL-0706050,Case,CASE-00529,HAS_EVENT,PhysicalAccessEvent,PHY-00034633,2024-07-25T13:09:08,MEDIUM,SYNTHETIC,,,true,Synthetic case evidence linkage.,SCN-PHYS-0529
REL-0706051,Person,PER-009628,PARTICIPATED_IN,PhysicalAccessEvent,PHY-00034633,2024-07-25T13:09:08,MEDIUM,SYNTHETIC,,,true,Synthetic physical activity pattern.,SCN-PHYS-0529
REL-0706068,Case,CASE-00564,HAS_EVENT,PhysicalAccessEvent,PHY-00034642,2025-09-26T23:38:11,MEDIUM,SYNTHETIC,,,true,Synthetic case evidence linkage.,SCN-PHYS-0564
REL-0706069,Person,PER-010131,PARTICIPATED_IN,PhysicalAccessEvent,PHY-00034642,2025-09-26T23:38:11,MEDIUM,SYNTHETIC,,,true,Synthetic physical activity pattern.,SCN-PHYS-0564
REL-0706264,Case,CASE-00959,HAS_EVENT,PhysicalAccessEvent,PHY-00034740,2024-08-31T21:41:21,MEDIUM,SYNTHETIC,,,true,Synthetic case evidence linkage.,SCN-PHYS-0959
REL-0706265,Person,PER-017223,PARTICIPATED_IN,PhysicalAccessEvent,PHY-00034740,2024-08-31T21:41:21,MEDIUM,SYNTHETIC,,,true,Synthetic physical activity pattern.,SCN-PHYS-0959
REL-0706314,Case,CASE-01059,HAS_EVENT,PhysicalAccessEvent,PHY-00034765,2025-10-21T04:09:47,MEDIUM,SYNTHETIC,,,true,Synthetic case evidence linkage.,SCN-PHYS-1059
REL-0706315,Person,PER-018950,PARTICIPATED_IN,PhysicalAccessEvent,PHY-00034765,2025-10-21T04:09:47,MEDIUM,SYNTHETIC,,,true,Synthetic physical activity pattern.,SCN-PHYS-1059
REL-0706328,Case,CASE-01084,HAS_EVENT,PhysicalAccessEvent,PHY-00034772,2025-04-08T14:04:43,MEDIUM,SYNTHETIC,,,true,Synthetic case evidence linkage.,SCN-PHYS-1084
REL-0706329,Person,PER-019374,PARTICIPATED_IN,PhysicalAccessEvent,PHY-00034772,2025-04-08T14:04:43,MEDIUM,SYNTHETIC,,,true,Synthetic physical activity pattern.,SCN-PHYS-1084
REL-0706348,Case,CASE-01124,HAS_EVENT,PhysicalAccessEvent,PHY-00034782,2025-07-11T00:19:56,MEDIUM,SYNTHETIC,,,true,Synthetic case evidence linkage.,SCN-PHYS-1124
REL-0706349,Person,PER-020096,PARTICIPATED_IN,PhysicalAccessEvent,PHY-00034782,2025-07-11T00:19:56,MEDIUM,SYNTHETIC,,,true,Synthetic physical activity pattern.,SCN-PHYS-1124
REL-0706390,Case,CASE-01209,HAS_EVENT,PhysicalAccessEvent,PHY-00034803,2024-09-19T01:52:25,MEDIUM,SYNTHETIC,,,true,Synthetic case evidence linkage.,SCN-PHYS-1209
REL-0706391,Person,PER-021845,PARTICIPATED_IN,PhysicalAccessEvent,PHY-00034803,2024-09-19T01:52:25,MEDIUM,SYNTHETIC,,,true,Synthetic physical activity pattern.,SCN-PHYS-1209
REL-0706420,Case,CASE-01269,HAS_EVENT,PhysicalAccessEvent,PHY-00034818,2025-03-17T18:48:35,MEDIUM,SYNTHETIC,,,true,Synthetic case evidence linkage.,SCN-PHYS-1269
REL-0706421,Person,PER-022852,PARTICIPATED_IN,PhysicalAccessEvent,PHY-00034818,2025-03-17T18:48:35,MEDIUM,SYNTHETIC,,,true,Synthetic physical activity pattern.,SCN-PHYS-1269
REL-0706452,Case,CASE-01334,HAS_EVENT,PhysicalAccessEvent,PHY-00034834,2025-11-13T06:45:36,MEDIUM,SYNTHETIC,,,true,Synthetic case evidence linkage.,SCN-PHYS-1334
REL-0706453,Person,PER-023945,PARTICIPATED_IN,PhysicalAccessEvent,PHY-00034834,2025-11-13T06:45:36,MEDIUM,SYNTHETIC,,,true,Synthetic physical activity pattern.,SCN-PHYS-1334
REL-0706544,Case,CASE-01519,HAS_EVENT,PhysicalAccessEvent,PHY-00034880,2025-04-22T22:13:21,MEDIUM,SYNTHETIC,,,true,Synthetic case evidence linkage.,SCN-PHYS-1519
REL-0706545,Person,PER-027179,PARTICIPATED_IN,PhysicalAccessEvent,PHY-00034880,2025-04-22T22:13:21,MEDIUM,SYNTHETIC,,,true,Synthetic physical activity pattern.,SCN-PHYS-1519
REL-0706578,Case,CASE-01584,HAS_EVENT,PhysicalAccessEvent,PHY-00034897,2025-01-19T17:39:05,MEDIUM,SYNTHETIC,,,true,Synthetic case evidence linkage.,SCN-PHYS-1584
REL-0706579,Person,PER-028278,PARTICIPATED_IN,PhysicalAccessEvent,PHY-00034897,2025-01-19T17:39:05,MEDIUM,SYNTHETIC,,,true,Synthetic physical activity pattern.,SCN-PHYS-1584
REL-0706582,Case,CASE-01594,HAS_EVENT,PhysicalAccessEvent,PHY-00034899,2024-03-03T13:50:04,MEDIUM,SYNTHETIC,,,true,Synthetic case evidence linkage.,SCN-PHYS-1594
REL-0706583,Person,PER-028494,PARTICIPATED_IN,PhysicalAccessEvent,PHY-00034899,2024-03-03T13:50:04,MEDIUM,SYNTHETIC,,,true,Synthetic physical activity pattern.,SCN-PHYS-1594
REL-0706618,Case,CASE-01664,HAS_EVENT,PhysicalAccessEvent,PHY-00034917,2024-02-25T10:43:56,MEDIUM,SYNTHETIC,,,true,Synthetic case evidence linkage.,SCN-PHYS-1664
REL-0706619,Person,PER-029521,PARTICIPATED_IN,PhysicalAccessEvent,PHY-00034917,2024-02-25T10:43:56,MEDIUM,SYNTHETIC,,,true,Synthetic physical activity pattern.,SCN-PHYS-1664
REL-0706658,Case,CASE-01744,HAS_EVENT,PhysicalAccessEvent,PHY-00034937,2024-02-03T02:47:42,MEDIUM,SYNTHETIC,,,true,Synthetic case evidence linkage.,SCN-PHYS-1744
REL-0706659,Person,PER-031212,PARTICIPATED_IN,PhysicalAccessEvent,PHY-00034937,2024-02-03T02:47:42,MEDIUM,SYNTHETIC,,,true,Synthetic physical activity pattern.,SCN-PHYS-1744
REL-0706782,Case,CASE-01994,HAS_EVENT,PhysicalAccessEvent,PHY-00034999,2024-11-02T14:49:54,MEDIUM,SYNTHETIC,,,true,Synthetic case evidence linkage.,SCN-PHYS-1994
REL-0706783,Person,PER-035454,PARTICIPATED_IN,PhysicalAccessEvent,PHY-00034999,2024-11-02T14:49:54,MEDIUM,SYNTHETIC,,,true,Synthetic physical activity pattern.,SCN-PHYS-1994
REL-0706854,Case,CASE-00139,HAS_EVENT,PhysicalAccessEvent,PHY-00035035,2024-11-18T00:56:39,MEDIUM,SYNTHETIC,,,true,Synthetic case evidence linkage.,SCN-PHYS-0139
REL-0706855,Person,PER-002304,PARTICIPATED_IN,PhysicalAccessEvent,PHY-00035035,2024-11-18T00:56:39,MEDIUM,SYNTHETIC,,,true,Synthetic physical activity pattern.,SCN-PHYS-0139
REL-0706878,Case,CASE-00184,HAS_EVENT,PhysicalAccessEvent,PHY-00035047,2024-07-22T07:08:55,MEDIUM,SYNTHETIC,,,true,Synthetic case evidence linkage.,SCN-PHYS-0184
REL-0706879,Person,PER-003233,PARTICIPATED_IN,PhysicalAccessEvent,PHY-00035047,2024-07-22T07:08:55,MEDIUM,SYNTHETIC,,,true,Synthetic physical activity pattern.,SCN-PHYS-0184
REL-0706960,Case,CASE-00349,HAS_EVENT,PhysicalAccessEvent,PHY-00035088,2024-04-11T08:56:25,MEDIUM,SYNTHETIC,,,true,Synthetic case evidence linkage.,SCN-PHYS-0349
REL-0706961,Person,PER-006443,PARTICIPATED_IN,PhysicalAccessEvent,PHY-00035088,2024-04-11T08:56:25,MEDIUM,SYNTHETIC,,,true,Synthetic physical activity pattern.,SCN-PHYS-0349
REL-0706982,Case,CASE-00394,HAS_EVENT,PhysicalAccessEvent,PHY-00035099,2025-10-22T20:07:24,MEDIUM,SYNTHETIC,,,true,Synthetic case evidence linkage.,SCN-PHYS-0394
REL-0706983,Person,PER-007236,PARTICIPATED_IN,PhysicalAccessEvent,PHY-00035099,2025-10-22T20:07:24,MEDIUM,SYNTHETIC,,,true,Synthetic physical activity pattern.,SCN-PHYS-0394
REL-0707050,Case,CASE-00529,HAS_EVENT,PhysicalAccessEvent,PHY-00035133,2024-03-09T23:14:41,MEDIUM,SYNTHETIC,,,true,Synthetic case evidence linkage.,SCN-PHYS-0529
REL-0707051,Person,PER-009628,PARTICIPATED_IN,PhysicalAccessEvent,PHY-00035133,2024-03-09T23:14:41,MEDIUM,SYNTHETIC,,,true,Synthetic physical activity pattern.,SCN-PHYS-0529
REL-0707068,Case,CASE-00564,HAS_EVENT,PhysicalAccessEvent,PHY-00035142,2025-07-29T12:47:18,MEDIUM,SYNTHETIC,,,true,Synthetic case evidence linkage.,SCN-PHYS-0564
REL-0707069,Person,PER-010131,PARTICIPATED_IN,PhysicalAccessEvent,PHY-00035142,2025-07-29T12:47:18,MEDIUM,SYNTHETIC,,,true,Synthetic physical activity pattern.,SCN-PHYS-0564
REL-0707264,Case,CASE-00959,HAS_EVENT,PhysicalAccessEvent,PHY-00035240,2024-02-21T04:22:14,MEDIUM,SYNTHETIC,,,true,Synthetic case evidence linkage.,SCN-PHYS-0959
REL-0707265,Person,PER-017223,PARTICIPATED_IN,PhysicalAccessEvent,PHY-00035240,2024-02-21T04:22:14,MEDIUM,SYNTHETIC,,,true,Synthetic physical activity pattern.,SCN-PHYS-0959
REL-0707314,Case,CASE-01059,HAS_EVENT,PhysicalAccessEvent,PHY-00035265,2024-06-10T16:01:09,MEDIUM,SYNTHETIC,,,true,Synthetic case evidence linkage.,SCN-PHYS-1059
REL-0707315,Person,PER-018950,PARTICIPATED_IN,PhysicalAccessEvent,PHY-00035265,2024-06-10T16:01:09,MEDIUM,SYNTHETIC,,,true,Synthetic physical activity pattern.,SCN-PHYS-1059
REL-0707328,Case,CASE-01084,HAS_EVENT,PhysicalAccessEvent,PHY-00035272,2024-06-09T17:33:31,MEDIUM,SYNTHETIC,,,true,Synthetic case evidence linkage.,SCN-PHYS-1084
REL-0707329,Person,PER-019374,PARTICIPATED_IN,PhysicalAccessEvent,PHY-00035272,2024-06-09T17:33:31,MEDIUM,SYNTHETIC,,,true,Synthetic physical activity pattern.,SCN-PHYS-1084
REL-0707348,Case,CASE-01124,HAS_EVENT,PhysicalAccessEvent,PHY-00035282,2024-08-29T18:33:46,MEDIUM,SYNTHETIC,,,true,Synthetic case evidence linkage.,SCN-PHYS-1124
REL-0707349,Person,PER-020096,PARTICIPATED_IN,PhysicalAccessEvent,PHY-00035282,2024-08-29T18:33:46,MEDIUM,SYNTHETIC,,,true,Synthetic physical activity pattern.,SCN-PHYS-1124
REL-0707390,Case,CASE-01209,HAS_EVENT,PhysicalAccessEvent,PHY-00035303,2025-12-27T20:35:16,MEDIUM,SYNTHETIC,,,true,Synthetic case evidence linkage.,SCN-PHYS-1209
REL-0707391,Person,PER-021845,PARTICIPATED_IN,PhysicalAccessEvent,PHY-00035303,2025-12-27T20:35:16,MEDIUM,SYNTHETIC,,,true,Synthetic physical activity pattern.,SCN-PHYS-1209
REL-0707420,Case,CASE-01269,HAS_EVENT,PhysicalAccessEvent,PHY-00035318,2024-03-22T08:58:41,MEDIUM,SYNTHETIC,,,true,Synthetic case evidence linkage.,SCN-PHYS-1269
REL-0707421,Person,PER-022852,PARTICIPATED_IN,PhysicalAccessEvent,PHY-00035318,2024-03-22T08:58:41,MEDIUM,SYNTHETIC,,,true,Synthetic physical activity pattern.,SCN-PHYS-1269
REL-0707452,Case,CASE-01334,HAS_EVENT,PhysicalAccessEvent,PHY-00035334,2024-01-15T16:17:31,MEDIUM,SYNTHETIC,,,true,Synthetic case evidence linkage.,SCN-PHYS-1334
REL-0707453,Person,PER-023945,PARTICIPATED_IN,PhysicalAccessEvent,PHY-00035334,2024-01-15T16:17:31,MEDIUM,SYNTHETIC,,,true,Synthetic physical activity pattern.,SCN-PHYS-1334
REL-0707544,Case,CASE-01519,HAS_EVENT,PhysicalAccessEvent,PHY-00035380,2024-02-10T18:28:18,MEDIUM,SYNTHETIC,,,true,Synthetic case evidence linkage.,SCN-PHYS-1519
REL-0707545,Person,PER-027179,PARTICIPATED_IN,PhysicalAccessEvent,PHY-00035380,2024-02-10T18:28:18,MEDIUM,SYNTHETIC,,,true,Synthetic physical activity pattern.,SCN-PHYS-1519
REL-0707578,Case,CASE-01584,HAS_EVENT,PhysicalAccessEvent,PHY-00035397,2025-04-05T03:39:25,MEDIUM,SYNTHETIC,,,true,Synthetic case evidence linkage.,SCN-PHYS-1584
REL-0707579,Person,PER-028278,PARTICIPATED_IN,PhysicalAccessEvent,PHY-00035397,2025-04-05T03:39:25,MEDIUM,SYNTHETIC,,,true,Synthetic physical activity pattern.,SCN-PHYS-1584
REL-0707582,Case,CASE-01594,HAS_EVENT,PhysicalAccessEvent,PHY-00035399,2025-11-13T08:56:28,MEDIUM,SYNTHETIC,,,true,Synthetic case evidence linkage.,SCN-PHYS-1594
REL-0707583,Person,PER-028494,PARTICIPATED_IN,PhysicalAccessEvent,PHY-00035399,2025-11-13T08:56:28,MEDIUM,SYNTHETIC,,,true,Synthetic physical activity pattern.,SCN-PHYS-1594
REL-0707618,Case,CASE-01664,HAS_EVENT,PhysicalAccessEvent,PHY-00035417,2025-12-22T12:15:37,MEDIUM,SYNTHETIC,,,true,Synthetic case evidence linkage.,SCN-PHYS-1664
REL-0707619,Person,PER-029521,PARTICIPATED_IN,PhysicalAccessEvent,PHY-00035417,2025-12-22T12:15:37,MEDIUM,SYNTHETIC,,,true,Synthetic physical activity pattern.,SCN-PHYS-1664
REL-0707658,Case,CASE-01744,HAS_EVENT,PhysicalAccessEvent,PHY-00035437,2024-10-16T10:49:32,MEDIUM,SYNTHETIC,,,true,Synthetic case evidence linkage.,SCN-PHYS-1744
REL-0707659,Person,PER-031212,PARTICIPATED_IN,PhysicalAccessEvent,PHY-00035437,2024-10-16T10:49:32,MEDIUM,SYNTHETIC,,,true,Synthetic physical activity pattern.,SCN-PHYS-1744
REL-0707782,Case,CASE-01994,HAS_EVENT,PhysicalAccessEvent,PHY-00035499,2025-09-28T16:12:51,MEDIUM,SYNTHETIC,,,true,Synthetic case evidence linkage.,SCN-PHYS-1994
REL-0707783,Person,PER-035454,PARTICIPATED_IN,PhysicalAccessEvent,PHY-00035499,2025-09-28T16:12:51,MEDIUM,SYNTHETIC,,,true,Synthetic physical activity pattern.,SCN-PHYS-1994
REL-0707854,Case,CASE-00139,HAS_EVENT,PhysicalAccessEvent,PHY-00035535,2024-05-04T12:16:46,MEDIUM,SYNTHETIC,,,true,Synthetic case evidence linkage.,SCN-PHYS-0139
REL-0707855,Person,PER-002304,PARTICIPATED_IN,PhysicalAccessEvent,PHY-00035535,2024-05-04T12:16:46,MEDIUM,SYNTHETIC,,,true,Synthetic physical activity pattern.,SCN-PHYS-0139
REL-0707878,Case,CASE-00184,HAS_EVENT,PhysicalAccessEvent,PHY-00035547,2025-05-27T07:00:05,MEDIUM,SYNTHETIC,,,true,Synthetic case evidence linkage.,SCN-PHYS-0184
REL-0707879,Person,PER-003233,PARTICIPATED_IN,PhysicalAccessEvent,PHY-00035547,2025-05-27T07:00:05,MEDIUM,SYNTHETIC,,,true,Synthetic physical activity pattern.,SCN-PHYS-0184
REL-0707960,Case,CASE-00349,HAS_EVENT,PhysicalAccessEvent,PHY-00035588,2024-06-23T23:23:23,MEDIUM,SYNTHETIC,,,true,Synthetic case evidence linkage.,SCN-PHYS-0349
REL-0707961,Person,PER-006443,PARTICIPATED_IN,PhysicalAccessEvent,PHY-00035588,2024-06-23T23:23:23,MEDIUM,SYNTHETIC,,,true,Synthetic physical activity pattern.,SCN-PHYS-0349
REL-0707982,Case,CASE-00394,HAS_EVENT,PhysicalAccessEvent,PHY-00035599,2025-02-03T05:54:10,MEDIUM,SYNTHETIC,,,true,Synthetic case evidence linkage.,SCN-PHYS-0394
REL-0707983,Person,PER-007236,PARTICIPATED_IN,PhysicalAccessEvent,PHY-00035599,2025-02-03T05:54:10,MEDIUM,SYNTHETIC,,,true,Synthetic physical activity pattern.,SCN-PHYS-0394
REL-0708050,Case,CASE-00529,HAS_EVENT,PhysicalAccessEvent,PHY-00035633,2024-01-03T20:43:49,MEDIUM,SYNTHETIC,,,true,Synthetic case evidence linkage.,SCN-PHYS-0529
REL-0708051,Person,PER-009628,PARTICIPATED_IN,PhysicalAccessEvent,PHY-00035633,2024-01-03T20:43:49,MEDIUM,SYNTHETIC,,,true,Synthetic physical activity pattern.,SCN-PHYS-0529
REL-0708068,Case,CASE-00564,HAS_EVENT,PhysicalAccessEvent,PHY-00035642,2024-11-19T13:07:59,MEDIUM,SYNTHETIC,,,true,Synthetic case evidence linkage.,SCN-PHYS-0564
REL-0708069,Person,PER-010131,PARTICIPATED_IN,PhysicalAccessEvent,PHY-00035642,2024-11-19T13:07:59,MEDIUM,SYNTHETIC,,,true,Synthetic physical activity pattern.,SCN-PHYS-0564
REL-0708264,Case,CASE-00959,HAS_EVENT,PhysicalAccessEvent,PHY-00035740,2024-09-28T00:17:38,MEDIUM,SYNTHETIC,,,true,Synthetic case evidence linkage.,SCN-PHYS-0959
REL-0708265,Person,PER-017223,PARTICIPATED_IN,PhysicalAccessEvent,PHY-00035740,2024-09-28T00:17:38,MEDIUM,SYNTHETIC,,,true,Synthetic physical activity pattern.,SCN-PHYS-0959
REL-0708314,Case,CASE-01059,HAS_EVENT,PhysicalAccessEvent,PHY-00035765,2024-08-05T04:42:45,MEDIUM,SYNTHETIC,,,true,Synthetic case evidence linkage.,SCN-PHYS-1059
REL-0708315,Person,PER-018950,PARTICIPATED_IN,PhysicalAccessEvent,PHY-00035765,2024-08-05T04:42:45,MEDIUM,SYNTHETIC,,,true,Synthetic physical activity pattern.,SCN-PHYS-1059
REL-0708328,Case,CASE-01084,HAS_EVENT,PhysicalAccessEvent,PHY-00035772,2025-09-13T23:45:37,MEDIUM,SYNTHETIC,,,true,Synthetic case evidence linkage.,SCN-PHYS-1084
REL-0708329,Person,PER-019374,PARTICIPATED_IN,PhysicalAccessEvent,PHY-00035772,2025-09-13T23:45:37,MEDIUM,SYNTHETIC,,,true,Synthetic physical activity pattern.,SCN-PHYS-1084
REL-0708348,Case,CASE-01124,HAS_EVENT,PhysicalAccessEvent,PHY-00035782,2025-05-07T18:34:24,MEDIUM,SYNTHETIC,,,true,Synthetic case evidence linkage.,SCN-PHYS-1124
REL-0708349,Person,PER-020096,PARTICIPATED_IN,PhysicalAccessEvent,PHY-00035782,2025-05-07T18:34:24,MEDIUM,SYNTHETIC,,,true,Synthetic physical activity pattern.,SCN-PHYS-1124
REL-0708390,Case,CASE-01209,HAS_EVENT,PhysicalAccessEvent,PHY-00035803,2024-08-22T02:44:37,MEDIUM,SYNTHETIC,,,true,Synthetic case evidence linkage.,SCN-PHYS-1209
REL-0708391,Person,PER-021845,PARTICIPATED_IN,PhysicalAccessEvent,PHY-00035803,2024-08-22T02:44:37,MEDIUM,SYNTHETIC,,,true,Synthetic physical activity pattern.,SCN-PHYS-1209
REL-0708420,Case,CASE-01269,HAS_EVENT,PhysicalAccessEvent,PHY-00035818,2024-12-23T18:43:06,MEDIUM,SYNTHETIC,,,true,Synthetic case evidence linkage.,SCN-PHYS-1269
REL-0708421,Person,PER-022852,PARTICIPATED_IN,PhysicalAccessEvent,PHY-00035818,2024-12-23T18:43:06,MEDIUM,SYNTHETIC,,,true,Synthetic physical activity pattern.,SCN-PHYS-1269
REL-0708452,Case,CASE-01334,HAS_EVENT,PhysicalAccessEvent,PHY-00035834,2025-04-13T11:35:34,MEDIUM,SYNTHETIC,,,true,Synthetic case evidence linkage.,SCN-PHYS-1334
REL-0708453,Person,PER-023945,PARTICIPATED_IN,PhysicalAccessEvent,PHY-00035834,2025-04-13T11:35:34,MEDIUM,SYNTHETIC,,,true,Synthetic physical activity pattern.,SCN-PHYS-1334
REL-0708544,Case,CASE-01519,HAS_EVENT,PhysicalAccessEvent,PHY-00035880,2024-10-05T00:18:08,MEDIUM,SYNTHETIC,,,true,Synthetic case evidence linkage.,SCN-PHYS-1519
REL-0708545,Person,PER-027179,PARTICIPATED_IN,PhysicalAccessEvent,PHY-00035880,2024-10-05T00:18:08,MEDIUM,SYNTHETIC,,,true,Synthetic physical activity pattern.,SCN-PHYS-1519
REL-0708578,Case,CASE-01584,HAS_EVENT,PhysicalAccessEvent,PHY-00035897,2024-12-25T21:06:46,MEDIUM,SYNTHETIC,,,true,Synthetic case evidence linkage.,SCN-PHYS-1584
REL-0708579,Person,PER-028278,PARTICIPATED_IN,PhysicalAccessEvent,PHY-00035897,2024-12-25T21:06:46,MEDIUM,SYNTHETIC,,,true,Synthetic physical activity pattern.,SCN-PHYS-1584
REL-0708582,Case,CASE-01594,HAS_EVENT,PhysicalAccessEvent,PHY-00035899,2025-10-21T18:12:09,MEDIUM,SYNTHETIC,,,true,Synthetic case evidence linkage.,SCN-PHYS-1594
REL-0708583,Person,PER-028494,PARTICIPATED_IN,PhysicalAccessEvent,PHY-00035899,2025-10-21T18:12:09,MEDIUM,SYNTHETIC,,,true,Synthetic physical activity pattern.,SCN-PHYS-1594
REL-0708618,Case,CASE-01664,HAS_EVENT,PhysicalAccessEvent,PHY-00035917,2024-02-19T21:55:48,MEDIUM,SYNTHETIC,,,true,Synthetic case evidence linkage.,SCN-PHYS-1664
REL-0708619,Person,PER-029521,PARTICIPATED_IN,PhysicalAccessEvent,PHY-00035917,2024-02-19T21:55:48,MEDIUM,SYNTHETIC,,,true,Synthetic physical activity pattern.,SCN-PHYS-1664
REL-0708658,Case,CASE-01744,HAS_EVENT,PhysicalAccessEvent,PHY-00035937,2024-12-23T22:40:24,MEDIUM,SYNTHETIC,,,true,Synthetic case evidence linkage.,SCN-PHYS-1744
REL-0708659,Person,PER-031212,PARTICIPATED_IN,PhysicalAccessEvent,PHY-00035937,2024-12-23T22:40:24,MEDIUM,SYNTHETIC,,,true,Synthetic physical activity pattern.,SCN-PHYS-1744
REL-0708782,Case,CASE-01994,HAS_EVENT,PhysicalAccessEvent,PHY-00035999,2024-01-03T11:28:49,MEDIUM,SYNTHETIC,,,true,Synthetic case evidence linkage.,SCN-PHYS-1994
REL-0708783,Person,PER-035454,PARTICIPATED_IN,PhysicalAccessEvent,PHY-00035999,2024-01-03T11:28:49,MEDIUM,SYNTHETIC,,,true,Synthetic physical activity pattern.,SCN-PHYS-1994
REL-0708868,Device,DEV-026713,CONNECTED_TO,Device,DEV-026714,,MEDIUM,SYNTHETIC,,,true,Synthetic background device connectivity.,
REL-0708901,Device,DEV-025986,CONNECTED_TO,Device,DEV-025987,,MEDIUM,SYNTHETIC,,,true,Synthetic background device connectivity.,
REL-0709267,Device,DEV-003215,CONNECTED_TO,Device,DEV-003216,,MEDIUM,SYNTHETIC,,,true,Synthetic background device connectivity.,
REL-0709578,Person,PER-028450,ASSOCIATED_WITH,Organization,ORG-01798,,MEDIUM,SYNTHETIC,,,true,Synthetic background association.,
REL-0709765,Phone,PH-017380,CONNECTED_TO,Phone,PH-017381,,MEDIUM,SYNTHETIC,,,true,Synthetic background phone connectivity.,
REL-0709920,Phone,PH-015260,CONNECTED_TO,Phone,PH-015261,,MEDIUM,SYNTHETIC,,,true,Synthetic background phone connectivity.,
REL-0709926,Phone,PH-030676,CONNECTED_TO,Phone,PH-030677,,MEDIUM,SYNTHETIC,,,true,Synthetic background phone connectivity.,
REL-0709986,Device,DEV-031230,CONNECTED_TO,Device,DEV-031231,,MEDIUM,SYNTHETIC,,,true,Synthetic background device connectivity.,
REL-0710628,Phone,PH-000475,CONNECTED_TO,Phone,PH-000476,,MEDIUM,SYNTHETIC,,,true,Synthetic background phone connectivity.,
REL-0710689,Device,DEV-000373,CONNECTED_TO,Device,DEV-000374,,MEDIUM,SYNTHETIC,,,true,Synthetic background device connectivity.,
REL-0711304,Device,DEV-020374,CONNECTED_TO,Device,DEV-020375,,MEDIUM,SYNTHETIC,,,true,Synthetic background device connectivity.,
REL-0711733,Phone,PH-032658,CONNECTED_TO,Phone,PH-032659,,MEDIUM,SYNTHETIC,,,true,Synthetic background phone connectivity.,
REL-0712011,Device,DEV-019273,CONNECTED_TO,Device,DEV-019274,,MEDIUM,SYNTHETIC,,,true,Synthetic background device connectivity.,
REL-0712125,Phone,PH-004465,CONNECTED_TO,Phone,PH-004466,,MEDIUM,SYNTHETIC,,,true,Synthetic background phone connectivity.,
REL-0712197,Phone,PH-003056,CONNECTED_TO,Phone,PH-003057,,MEDIUM,SYNTHETIC,,,true,Synthetic background phone connectivity.,
REL-0712426,Phone,PH-021374,CONNECTED_TO,Phone,PH-021375,,MEDIUM,SYNTHETIC,,,true,Synthetic background phone connectivity.,
REL-0712680,Device,DEV-002494,CONNECTED_TO,Device,DEV-002495,,MEDIUM,SYNTHETIC,,,true,Synthetic background device connectivity.,
REL-0712732,Device,DEV-008848,CONNECTED_TO,Device,DEV-008849,,MEDIUM,SYNTHETIC,,,true,Synthetic background device connectivity.,
REL-0712763,Device,DEV-032368,CONNECTED_TO,Device,DEV-032369,,MEDIUM,SYNTHETIC,,,true,Synthetic background device connectivity.,
REL-0713233,Phone,PH-015765,CONNECTED_TO,Phone,PH-015766,,MEDIUM,SYNTHETIC,,,true,Synthetic background phone connectivity.,
REL-0713665,Phone,PH-008898,CONNECTED_TO,Phone,PH-008899,,MEDIUM,SYNTHETIC,,,true,Synthetic background phone connectivity.,
REL-0713911,Phone,PH-007808,CONNECTED_TO,Phone,PH-007809,,MEDIUM,SYNTHETIC,,,true,Synthetic background phone connectivity.,
REL-0714586,Device,DEV-032134,CONNECTED_TO,Device,DEV-032135,,MEDIUM,SYNTHETIC,,,true,Synthetic background device connectivity.,
REL-0714847,Device,DEV-004949,CONNECTED_TO,Device,DEV-004950,,MEDIUM,SYNTHETIC,,,true,Synthetic background device connectivity.,
REL-0714949,Device,DEV-012846,CONNECTED_TO,Device,DEV-012847,,MEDIUM,SYNTHETIC,,,true,Synthetic background device connectivity.,
REL-0715188,Device,DEV-009794,CONNECTED_TO,Device,DEV-009795,,MEDIUM,SYNTHETIC,,,true,Synthetic background device connectivity.,
REL-0715341,Phone,PH-003762,CONNECTED_TO,Phone,PH-003763,,MEDIUM,SYNTHETIC,,,true,Synthetic background phone connectivity.,
REL-0715462,Phone,PH-010527,CONNECTED_TO,Phone,PH-010528,,MEDIUM,SYNTHETIC,,,true,Synthetic background phone connectivity.,
REL-0715655,Phone,PH-027973,CONNECTED_TO,Phone,PH-027974,,MEDIUM,SYNTHETIC,,,true,Synthetic background phone connectivity.,
REL-0715693,Device,DEV-009933,CONNECTED_TO,Device,DEV-009934,,MEDIUM,SYNTHETIC,,,true,Synthetic background device connectivity.,
REL-0715899,Device,DEV-009759,CONNECTED_TO,Device,DEV-009760,,MEDIUM,SYNTHETIC,,,true,Synthetic background device connectivity.,
REL-0715975,Device,DEV-029836,CONNECTED_TO,Device,DEV-029837,,MEDIUM,SYNTHETIC,,,true,Synthetic background device connectivity.,
REL-0716021,Device,DEV-012847,CONNECTED_TO,Device,DEV-012848,,MEDIUM,SYNTHETIC,,,true,Synthetic background device connectivity.,
REL-0716077,Device,DEV-001023,CONNECTED_TO,Device,DEV-001024,,MEDIUM,SYNTHETIC,,,true,Synthetic background device connectivity.,
REL-0716723,Phone,PH-022782,CONNECTED_TO,Phone,PH-022783,,MEDIUM,SYNTHETIC,,,true,Synthetic background phone connectivity.,
REL-0716788,Device,DEV-006423,CONNECTED_TO,Device,DEV-006424,,MEDIUM,SYNTHETIC,,,true,Synthetic background device connectivity.,
REL-0716954,Phone,PH-030044,CONNECTED_TO,Phone,PH-030045,,MEDIUM,SYNTHETIC,,,true,Synthetic background phone connectivity.,
REL-0716955,Device,DEV-017935,CONNECTED_TO,Device,DEV-017936,,MEDIUM,SYNTHETIC,,,true,Synthetic background device connectivity.,
REL-0716968,Phone,PH-022830,CONNECTED_TO,Phone,PH-022831,,MEDIUM,SYNTHETIC,,,true,Synthetic background phone connectivity.,
REL-0716982,Device,DEV-005949,CONNECTED_TO,Device,DEV-005950,,MEDIUM,SYNTHETIC,,,true,Synthetic background device connectivity.,
REL-0717007,Device,DEV-017242,CONNECTED_TO,Device,DEV-017243,,MEDIUM,SYNTHETIC,,,true,Synthetic background device connectivity.,
REL-0717036,Device,DEV-016650,CONNECTED_TO,Device,DEV-016651,,MEDIUM,SYNTHETIC,,,true,Synthetic background device connectivity.,
REL-0718553,Device,DEV-017934,CONNECTED_TO,Device,DEV-017935,,MEDIUM,SYNTHETIC,,,true,Synthetic background device connectivity.,
REL-0718839,Device,DEV-022759,CONNECTED_TO,Device,DEV-022760,,MEDIUM,SYNTHETIC,,,true,Synthetic background device connectivity.,
REL-0719002,Phone,PH-022831,CONNECTED_TO,Phone,PH-022832,,MEDIUM,SYNTHETIC,,,true,Synthetic background phone connectivity.,
REL-0719503,Phone,PH-016177,CONNECTED_TO,Phone,PH-016178,,MEDIUM,SYNTHETIC,,,true,Synthetic background phone connectivity.,
REL-0719607,Phone,PH-021725,CONNECTED_TO,Phone,PH-021726,,MEDIUM,SYNTHETIC,,,true,Synthetic background phone connectivity.,
REL-0719912,Device,DEV-017277,CONNECTED_TO,Device,DEV-017278,,MEDIUM,SYNTHETIC,,,true,Synthetic background device connectivity.,
REL-0720441,Phone,PH-024106,CONNECTED_TO,Phone,PH-024107,,MEDIUM,SYNTHETIC,,,true,Synthetic background phone connectivity.,
REL-0721099,Phone,PH-026681,CONNECTED_TO,Phone,PH-026682,,MEDIUM,SYNTHETIC,,,true,Synthetic background phone connectivity.,
REL-0721132,Device,DEV-025779,CONNECTED_TO,Device,DEV-025780,,MEDIUM,SYNTHETIC,,,true,Synthetic background device connectivity.,
REL-0721144,Phone,PH-004497,CONNECTED_TO,Phone,PH-004498,,MEDIUM,SYNTHETIC,,,true,Synthetic background phone connectivity.,
REL-0721428,Phone,PH-001748,CONNECTED_TO,Phone,PH-001749,,MEDIUM,SYNTHETIC,,,true,Synthetic background phone connectivity.,
REL-0721646,Device,DEV-024220,CONNECTED_TO,Device,DEV-024221,,MEDIUM,SYNTHETIC,,,true,Synthetic background device connectivity.,
REL-0722890,Device,DEV-030382,CONNECTED_TO,Device,DEV-030383,,MEDIUM,SYNTHETIC,,,true,Synthetic background device connectivity.,
REL-0722920,Device,DEV-006363,CONNECTED_TO,Device,DEV-006364,,MEDIUM,SYNTHETIC,,,true,Synthetic background device connectivity.,
REL-0723003,Device,DEV-015716,CONNECTED_TO,Device,DEV-015717,,MEDIUM,SYNTHETIC,,,true,Synthetic background device connectivity.,
REL-0723230,Device,DEV-025838,CONNECTED_TO,Device,DEV-025839,,MEDIUM,SYNTHETIC,,,true,Synthetic background device connectivity.,
REL-0723778,Device,DEV-006541,CONNECTED_TO,Device,DEV-006542,,MEDIUM,SYNTHETIC,,,true,Synthetic background device connectivity.,
REL-0724024,Device,DEV-019797,CONNECTED_TO,Device,DEV-019798,,MEDIUM,SYNTHETIC,,,true,Synthetic background device connectivity.,
REL-0724297,Phone,PH-019502,CONNECTED_TO,Phone,PH-019503,,MEDIUM,SYNTHETIC,,,true,Synthetic background phone connectivity.,
REL-0724431,Phone,PH-014810,CONNECTED_TO,Phone,PH-014811,,MEDIUM,SYNTHETIC,,,true,Synthetic background phone connectivity.,
REL-0724470,Device,DEV-004434,CONNECTED_TO,Device,DEV-004435,,MEDIUM,SYNTHETIC,,,true,Synthetic background device connectivity.,
REL-0724499,Phone,PH-033162,CONNECTED_TO,Phone,PH-033163,,MEDIUM,SYNTHETIC,,,true,Synthetic background phone connectivity.,
REL-0724531,Phone,PH-021726,CONNECTED_TO,Phone,PH-021727,,MEDIUM,SYNTHETIC,,,true,Synthetic background phone connectivity.,
REL-0724807,Phone,PH-024038,CONNECTED_TO,Phone,PH-024039,,MEDIUM,SYNTHETIC,,,true,Synthetic background phone connectivity.,
REL-0725453,Phone,PH-004059,CONNECTED_TO,Phone,PH-004060,,MEDIUM,SYNTHETIC,,,true,Synthetic background phone connectivity.,
REL-0725513,Device,DEV-005646,CONNECTED_TO,Device,DEV-005647,,MEDIUM,SYNTHETIC,,,true,Synthetic background device connectivity.,
REL-0725863,Device,DEV-002493,CONNECTED_TO,Device,DEV-002494,,MEDIUM,SYNTHETIC,,,true,Synthetic background device connectivity.,
REL-0726131,Device,DEV-020375,CONNECTED_TO,Device,DEV-020376,,MEDIUM,SYNTHETIC,,,true,Synthetic background device connectivity.,
REL-0726538,Device,DEV-007960,CONNECTED_TO,Device,DEV-007961,,MEDIUM,SYNTHETIC,,,true,Synthetic background device connectivity.,
REL-0726625,Device,DEV-032570,CONNECTED_TO,Device,DEV-032571,,MEDIUM,SYNTHETIC,,,true,Synthetic background device connectivity.,
REL-0726628,Device,DEV-001019,CONNECTED_TO,Device,DEV-001020,,MEDIUM,SYNTHETIC,,,true,Synthetic background device connectivity.,
REL-0726701,Device,DEV-024221,CONNECTED_TO,Device,DEV-024222,,MEDIUM,SYNTHETIC,,,true,Synthetic background device connectivity.,
REL-0726868,Phone,PH-001049,CONNECTED_TO,Phone,PH-001050,,MEDIUM,SYNTHETIC,,,true,Synthetic background phone connectivity.,
REL-0726982,Phone,PH-006957,CONNECTED_TO,Phone,PH-006958,,MEDIUM,SYNTHETIC,,,true,Synthetic background phone connectivity.,
REL-0727151,Device,DEV-008556,CONNECTED_TO,Device,DEV-008557,,MEDIUM,SYNTHETIC,,,true,Synthetic background device connectivity.,
REL-0727248,Phone,PH-011072,CONNECTED_TO,Phone,PH-011073,,MEDIUM,SYNTHETIC,,,true,Synthetic background phone connectivity.,
REL-0727465,Phone,PH-030043,CONNECTED_TO,Phone,PH-030044,,MEDIUM,SYNTHETIC,,,true,Synthetic background phone connectivity.,
REL-0727479,Phone,PH-027682,CONNECTED_TO,Phone,PH-027683,,MEDIUM,SYNTHETIC,,,true,Synthetic background phone connectivity.,
REL-0727600,Phone,PH-033163,CONNECTED_TO,Phone,PH-033164,,MEDIUM,SYNTHETIC,,,true,Synthetic background phone connectivity.,
REL-0727845,Phone,PH-004032,CONNECTED_TO,Phone,PH-004033,,MEDIUM,SYNTHETIC,,,true,Synthetic background phone connectivity.,
REL-0728059,Device,DEV-032257,CONNECTED_TO,Device,DEV-032258,,MEDIUM,SYNTHETIC,,,true,Synthetic background device connectivity.,
REL-0728084,Phone,PH-001187,CONNECTED_TO,Phone,PH-001188,,MEDIUM,SYNTHETIC,,,true,Synthetic background phone connectivity.,
REL-0728154,Device,DEV-032572,CONNECTED_TO,Device,DEV-032573,,MEDIUM,SYNTHETIC,,,true,Synthetic background device connectivity.,
REL-0728834,Phone,PH-022608,CONNECTED_TO,Phone,PH-022609,,MEDIUM,SYNTHETIC,,,true,Synthetic background phone connectivity.,
REL-0728872,Person,PER-003233,ASSOCIATED_WITH,Organization,ORG-03081,,MEDIUM,SYNTHETIC,,,true,Synthetic background association.,
REL-0729430,Device,DEV-000531,CONNECTED_TO,Device,DEV-000532,,MEDIUM,SYNTHETIC,,,true,Synthetic background device connectivity.,
REL-0729592,Device,DEV-016220,CONNECTED_TO,Device,DEV-016221,,MEDIUM,SYNTHETIC,,,true,Synthetic background device connectivity.,
REL-0730248,Device,DEV-001471,CONNECTED_TO,Device,DEV-001472,,MEDIUM,SYNTHETIC,,,true,Synthetic background device connectivity.,
REL-0730340,Phone,PH-002497,CONNECTED_TO,Phone,PH-002498,,MEDIUM,SYNTHETIC,,,true,Synthetic background phone connectivity.,
REL-0730745,Phone,PH-000044,CONNECTED_TO,Phone,PH-000045,,MEDIUM,SYNTHETIC,,,true,Synthetic background phone connectivity.,
REL-0730986,Device,DEV-002715,CONNECTED_TO,Device,DEV-002716,,MEDIUM,SYNTHETIC,,,true,Synthetic background device connectivity.,
REL-0731111,Phone,PH-002282,CONNECTED_TO,Phone,PH-002283,,MEDIUM,SYNTHETIC,,,true,Synthetic background phone connectivity.,
REL-0731689,Device,DEV-001331,CONNECTED_TO,Device,DEV-001332,,MEDIUM,SYNTHETIC,,,true,Synthetic background device connectivity.,
REL-0731776,Person,PER-017223,ASSOCIATED_WITH,Organization,ORG-01887,,MEDIUM,SYNTHETIC,,,true,Synthetic background association.,
REL-0731926,Device,DEV-019293,CONNECTED_TO,Device,DEV-019294,,MEDIUM,SYNTHETIC,,,true,Synthetic background device connectivity.,
REL-0732130,Phone,PH-007674,CONNECTED_TO,Phone,PH-007675,,MEDIUM,SYNTHETIC,,,true,Synthetic background phone connectivity.,
REL-0732146,Device,DEV-004433,CONNECTED_TO,Device,DEV-004434,,MEDIUM,SYNTHETIC,,,true,Synthetic background device connectivity.,
REL-0732491,Phone,PH-029854,CONNECTED_TO,Phone,PH-029855,,MEDIUM,SYNTHETIC,,,true,Synthetic background phone connectivity.,
REL-0733330,Device,DEV-017276,CONNECTED_TO,Device,DEV-017277,,MEDIUM,SYNTHETIC,,,true,Synthetic background device connectivity.,
REL-0733343,Device,DEV-031192,CONNECTED_TO,Device,DEV-031193,,MEDIUM,SYNTHETIC,,,true,Synthetic background device connectivity.,
REL-0733663,Device,DEV-023209,CONNECTED_TO,Device,DEV-023210,,MEDIUM,SYNTHETIC,,,true,Synthetic background device connectivity.,
REL-0734181,Device,DEV-015715,CONNECTED_TO,Device,DEV-015716,,MEDIUM,SYNTHETIC,,,true,Synthetic background device connectivity.,
REL-0734357,Phone,PH-018169,CONNECTED_TO,Phone,PH-018170,,MEDIUM,SYNTHETIC,,,true,Synthetic background phone connectivity.,
REL-0734500,Phone,PH-026682,CONNECTED_TO,Phone,PH-026683,,MEDIUM,SYNTHETIC,,,true,Synthetic background phone connectivity.,
REL-0734969,Phone,PH-029455,CONNECTED_TO,Phone,PH-029456,,MEDIUM,SYNTHETIC,,,true,Synthetic background phone connectivity.,
REL-0735114,Device,DEV-001024,CONNECTED_TO,Device,DEV-001025,,MEDIUM,SYNTHETIC,,,true,Synthetic background device connectivity.,
REL-0735314,Device,DEV-032569,CONNECTED_TO,Device,DEV-032570,,MEDIUM,SYNTHETIC,,,true,Synthetic background device connectivity.,
REL-0735398,Device,DEV-030159,CONNECTED_TO,Device,DEV-030160,,MEDIUM,SYNTHETIC,,,true,Synthetic background device connectivity.,
REL-0735677,Phone,PH-008997,CONNECTED_TO,Phone,PH-008998,,MEDIUM,SYNTHETIC,,,true,Synthetic background phone connectivity.,
REL-0735844,Device,DEV-026712,CONNECTED_TO,Device,DEV-026713,,MEDIUM,SYNTHETIC,,,true,Synthetic background device connectivity.,
REL-0736779,Device,DEV-030158,CONNECTED_TO,Device,DEV-030159,,MEDIUM,SYNTHETIC,,,true,Synthetic background device connectivity.,
REL-0737041,Phone,PH-006692,CONNECTED_TO,Phone,PH-006693,,MEDIUM,SYNTHETIC,,,true,Synthetic background phone connectivity.,
REL-0737383,Phone,PH-007840,CONNECTED_TO,Phone,PH-007841,,MEDIUM,SYNTHETIC,,,true,Synthetic background phone connectivity.,
REL-0737900,Phone,PH-003763,CONNECTED_TO,Phone,PH-003764,,MEDIUM,SYNTHETIC,,,true,Synthetic background phone connectivity.,
REL-0738142,Phone,PH-024697,CONNECTED_TO,Phone,PH-024698,,MEDIUM,SYNTHETIC,,,true,Synthetic background phone connectivity.,
REL-0738173,Phone,PH-003346,CONNECTED_TO,Phone,PH-003347,,MEDIUM,SYNTHETIC,,,true,Synthetic background phone connectivity.,
REL-0738257,Device,DEV-010910,CONNECTED_TO,Device,DEV-010911,,MEDIUM,SYNTHETIC,,,true,Synthetic background device connectivity.,
REL-0738296,Device,DEV-020518,CONNECTED_TO,Device,DEV-020519,,MEDIUM,SYNTHETIC,,,true,Synthetic background device connectivity.,
REL-0738330,Phone,PH-025175,CONNECTED_TO,Phone,PH-025176,,MEDIUM,SYNTHETIC,,,true,Synthetic background phone connectivity.,
REL-0739094,Device,DEV-034414,CONNECTED_TO,Device,DEV-034415,,MEDIUM,SYNTHETIC,,,true,Synthetic background device connectivity.,
REL-0739233,Device,DEV-009795,CONNECTED_TO,Device,DEV-009796,,MEDIUM,SYNTHETIC,,,true,Synthetic background device connectivity.,
REL-0740111,Phone,PH-026468,CONNECTED_TO,Phone,PH-026469,,MEDIUM,SYNTHETIC,,,true,Synthetic background phone connectivity.,
REL-0740128,Device,DEV-026914,CONNECTED_TO,Device,DEV-026915,,MEDIUM,SYNTHETIC,,,true,Synthetic background device connectivity.,
REL-0740467,Device,DEV-015294,CONNECTED_TO,Device,DEV-015295,,MEDIUM,SYNTHETIC,,,true,Synthetic background device connectivity.,
REL-0740482,Phone,PH-001152,CONNECTED_TO,Phone,PH-001153,,MEDIUM,SYNTHETIC,,,true,Synthetic background phone connectivity.,
REL-0740588,Device,DEV-004441,CONNECTED_TO,Device,DEV-004442,,MEDIUM,SYNTHETIC,,,true,Synthetic background device connectivity.,
REL-0740941,Person,PER-009628,ASSOCIATED_WITH,Organization,ORG-03340,,MEDIUM,SYNTHETIC,,,true,Synthetic background association.,
REL-0741018,Device,DEV-008541,CONNECTED_TO,Device,DEV-008542,,MEDIUM,SYNTHETIC,,,true,Synthetic background device connectivity.,
REL-0741048,Device,DEV-030844,CONNECTED_TO,Device,DEV-030845,,MEDIUM,SYNTHETIC,,,true,Synthetic background device connectivity.,
REL-0741235,Phone,PH-028719,CONNECTED_TO,Phone,PH-028720,,MEDIUM,SYNTHETIC,,,true,Synthetic background phone connectivity.,
REL-0741626,Device,DEV-009758,CONNECTED_TO,Device,DEV-009759,,MEDIUM,SYNTHETIC,,,true,Synthetic background device connectivity.,
REL-0741721,Device,DEV-027979,CONNECTED_TO,Device,DEV-027980,,MEDIUM,SYNTHETIC,,,true,Synthetic background device connectivity.,
REL-0742173,Person,PER-007245,ASSOCIATED_WITH,Organization,ORG-00500,,MEDIUM,SYNTHETIC,,,true,Synthetic background association.,
REL-0742191,Person,PER-010137,ASSOCIATED_WITH,Organization,ORG-00975,,MEDIUM,SYNTHETIC,,,true,Synthetic background association.,
REL-0742651,Device,DEV-034696,CONNECTED_TO,Device,DEV-034697,,MEDIUM,SYNTHETIC,,,true,Synthetic background device connectivity.,
REL-0742806,Phone,PH-009893,CONNECTED_TO,Phone,PH-009894,,MEDIUM,SYNTHETIC,,,true,Synthetic background phone connectivity.,
REL-0743172,Phone,PH-018170,CONNECTED_TO,Phone,PH-018171,,MEDIUM,SYNTHETIC,,,true,Synthetic background phone connectivity.,
REL-0743407,Person,PER-021869,ASSOCIATED_WITH,Organization,ORG-01590,,MEDIUM,SYNTHETIC,,,true,Synthetic background association.,
REL-0743468,Device,DEV-028515,CONNECTED_TO,Device,DEV-028516,,MEDIUM,SYNTHETIC,,,true,Synthetic background device connectivity.,
REL-0743593,Phone,PH-012296,CONNECTED_TO,Phone,PH-012297,,MEDIUM,SYNTHETIC,,,true,Synthetic background phone connectivity.,
REL-0743610,Person,PER-031212,ASSOCIATED_WITH,Organization,ORG-02552,,MEDIUM,SYNTHETIC,,,true,Synthetic background association.,
REL-0743842,Phone,PH-007807,CONNECTED_TO,Phone,PH-007808,,MEDIUM,SYNTHETIC,,,true,Synthetic background phone connectivity.,
REL-0744224,Phone,PH-000586,CONNECTED_TO,Phone,PH-000587,,MEDIUM,SYNTHETIC,,,true,Synthetic background phone connectivity.,
REL-0744459,Device,DEV-007959,CONNECTED_TO,Device,DEV-007960,,MEDIUM,SYNTHETIC,,,true,Synthetic background device connectivity.,
REL-0744816,Phone,PH-008998,CONNECTED_TO,Phone,PH-008999,,MEDIUM,SYNTHETIC,,,true,Synthetic background phone connectivity.,
REL-0745163,Device,DEV-026600,CONNECTED_TO,Device,DEV-026601,,MEDIUM,SYNTHETIC,,,true,Synthetic background device connectivity.,
REL-0745270,Device,DEV-021114,CONNECTED_TO,Device,DEV-021115,,MEDIUM,SYNTHETIC,,,true,Synthetic background device connectivity.,
REL-0745360,Phone,PH-001048,CONNECTED_TO,Phone,PH-001049,,MEDIUM,SYNTHETIC,,,true,Synthetic background phone connectivity.,
REL-0745366,Phone,PH-024696,CONNECTED_TO,Phone,PH-024697,,MEDIUM,SYNTHETIC,,,true,Synthetic background phone connectivity.,
REL-0745877,Device,DEV-019798,CONNECTED_TO,Device,DEV-019799,,MEDIUM,SYNTHETIC,,,true,Synthetic background device connectivity.,
REL-0746091,Phone,PH-008855,CONNECTED_TO,Phone,PH-008856,,MEDIUM,SYNTHETIC,,,true,Synthetic background phone connectivity.,
REL-0746297,Phone,PH-027742,CONNECTED_TO,Phone,PH-027743,,MEDIUM,SYNTHETIC,,,true,Synthetic background phone connectivity.,
REL-0746331,Phone,PH-017832,CONNECTED_TO,Phone,PH-017833,,MEDIUM,SYNTHETIC,,,true,Synthetic background phone connectivity.,
REL-0746622,Phone,PH-003055,CONNECTED_TO,Phone,PH-003056,,MEDIUM,SYNTHETIC,,,true,Synthetic background phone connectivity.,
REL-0746722,Phone,PH-009118,CONNECTED_TO,Phone,PH-009119,,MEDIUM,SYNTHETIC,,,true,Synthetic background phone connectivity.,
REL-0747270,Device,DEV-015295,CONNECTED_TO,Device,DEV-015296,,MEDIUM,SYNTHETIC,,,true,Synthetic background device connectivity.,
REL-0747674,Device,DEV-016649,CONNECTED_TO,Device,DEV-016650,,MEDIUM,SYNTHETIC,,,true,Synthetic background device connectivity.,
REL-0748039,Phone,PH-008967,CONNECTED_TO,Phone,PH-008968,,MEDIUM,SYNTHETIC,,,true,Synthetic background phone connectivity.,
REL-0748162,Device,DEV-027980,CONNECTED_TO,Device,DEV-027981,,MEDIUM,SYNTHETIC,,,true,Synthetic background device connectivity.,
REL-0748255,Phone,PH-021379,CONNECTED_TO,Phone,PH-021380,,MEDIUM,SYNTHETIC,,,true,Synthetic background phone connectivity.,
REL-0748365,Device,DEV-022760,CONNECTED_TO,Device,DEV-022761,,MEDIUM,SYNTHETIC,,,true,Synthetic background device connectivity.,
REL-0748777,Phone,PH-014809,CONNECTED_TO,Phone,PH-014810,,MEDIUM,SYNTHETIC,,,true,Synthetic background phone connectivity.,
REL-0749533,Phone,PH-022781,CONNECTED_TO,Phone,PH-022782,,MEDIUM,SYNTHETIC,,,true,Synthetic background phone connectivity.,
REL-0749684,Phone,PH-004060,CONNECTED_TO,Phone,PH-004061,,MEDIUM,SYNTHETIC,,,true,Synthetic background phone connectivity.,
REL-0749848,Device,DEV-019294,CONNECTED_TO,Device,DEV-019295,,MEDIUM,SYNTHETIC,,,true,Synthetic background device connectivity.,
REL-0750044,Phone,PH-009798,CONNECTED_TO,Phone,PH-009799,,MEDIUM,SYNTHETIC,,,true,Synthetic background phone connectivity.,
REL-0750224,Device,DEV-009430,CONNECTED_TO,Device,DEV-009431,,MEDIUM,SYNTHETIC,,,true,Synthetic background device connectivity.,
REL-0750244,Phone,PH-002315,CONNECTED_TO,Phone,PH-002316,,MEDIUM,SYNTHETIC,,,true,Synthetic background phone connectivity.,
REL-0750263,Person,PER-006443,ASSOCIATED_WITH,Organization,ORG-03226,,MEDIUM,SYNTHETIC,,,true,Synthetic background association.,
REL-0750314,Device,DEV-002787,CONNECTED_TO,Device,DEV-002788,,MEDIUM,SYNTHETIC,,,true,Synthetic background device connectivity.,
REL-0750646,Device,DEV-027427,CONNECTED_TO,Device,DEV-027428,,MEDIUM,SYNTHETIC,,,true,Synthetic background device connectivity.,
REL-0750806,Device,DEV-023617,CONNECTED_TO,Device,DEV-023618,,MEDIUM,SYNTHETIC,,,true,Synthetic background device connectivity.,
REL-0751048,Device,DEV-032135,CONNECTED_TO,Device,DEV-032136,,MEDIUM,SYNTHETIC,,,true,Synthetic background device connectivity.,
REL-0751053,Person,PER-028447,ASSOCIATED_WITH,Organization,ORG-01646,,MEDIUM,SYNTHETIC,,,true,Synthetic background association.,
REL-0751071,Phone,PH-032887,CONNECTED_TO,Phone,PH-032888,,MEDIUM,SYNTHETIC,,,true,Synthetic background phone connectivity.,
REL-0751142,Device,DEV-021143,CONNECTED_TO,Device,DEV-021144,,MEDIUM,SYNTHETIC,,,true,Synthetic background device connectivity.,
REL-0751336,Phone,PH-014884,CONNECTED_TO,Phone,PH-014885,,MEDIUM,SYNTHETIC,,,true,Synthetic background phone connectivity.,
REL-0751482,Device,DEV-030381,CONNECTED_TO,Device,DEV-030382,,MEDIUM,SYNTHETIC,,,true,Synthetic background device connectivity.,
REL-0751495,Device,DEV-021068,CONNECTED_TO,Device,DEV-021069,,MEDIUM,SYNTHETIC,,,true,Synthetic background device connectivity.,
REL-0751752,Device,DEV-027405,CONNECTED_TO,Device,DEV-027406,,MEDIUM,SYNTHETIC,,,true,Synthetic background device connectivity.,
REL-0752690,Device,DEV-007737,CONNECTED_TO,Device,DEV-007738,,MEDIUM,SYNTHETIC,,,true,Synthetic background device connectivity.,
REL-0752987,Person,PER-028498,ASSOCIATED_WITH,Organization,ORG-01672,,MEDIUM,SYNTHETIC,,,true,Synthetic background association.,
REL-0753037,Phone,PH-004496,CONNECTED_TO,Phone,PH-004497,,MEDIUM,SYNTHETIC,,,true,Synthetic background phone connectivity.,
REL-0753164,Phone,PH-013959,CONNECTED_TO,Phone,PH-013960,,MEDIUM,SYNTHETIC,,,true,Synthetic background phone connectivity.,
REL-0753287,Phone,PH-023664,CONNECTED_TO,Phone,PH-023665,,MEDIUM,SYNTHETIC,,,true,Synthetic background phone connectivity.,
REL-0754064,Phone,PH-024970,CONNECTED_TO,Phone,PH-024971,,MEDIUM,SYNTHETIC,,,true,Synthetic background phone connectivity.,
REL-0754268,Person,PER-002304,ASSOCIATED_WITH,Organization,ORG-03548,,MEDIUM,SYNTHETIC,,,true,Synthetic background association.,
REL-0754337,Device,DEV-002989,CONNECTED_TO,Device,DEV-002990,,MEDIUM,SYNTHETIC,,,true,Synthetic background device connectivity.,
REL-0754630,Device,DEV-026681,CONNECTED_TO,Device,DEV-026682,,MEDIUM,SYNTHETIC,,,true,Synthetic background device connectivity.,
REL-0755227,Person,PER-019374,ASSOCIATED_WITH,Organization,ORG-00912,,MEDIUM,SYNTHETIC,,,true,Synthetic background association.,
REL-0755391,Device,DEV-004112,CONNECTED_TO,Device,DEV-004113,,MEDIUM,SYNTHETIC,,,true,Synthetic background device connectivity.,
REL-0755475,Phone,PH-000476,CONNECTED_TO,Phone,PH-000477,,MEDIUM,SYNTHETIC,,,true,Synthetic background phone connectivity.,
REL-0755506,Person,PER-029525,ASSOCIATED_WITH,Organization,ORG-03196,,MEDIUM,SYNTHETIC,,,true,Synthetic background association.,
REL-0755590,Phone,PH-012417,CONNECTED_TO,Phone,PH-012418,,MEDIUM,SYNTHETIC,,,true,Synthetic background phone connectivity.,
REL-0755621,Device,DEV-013794,CONNECTED_TO,Device,DEV-013795,,MEDIUM,SYNTHETIC,,,true,Synthetic background device connectivity.,
REL-0755768,Phone,PH-014149,CONNECTED_TO,Phone,PH-014150,,MEDIUM,SYNTHETIC,,,true,Synthetic background phone connectivity.,
REL-0755843,Device,DEV-007736,CONNECTED_TO,Device,DEV-007737,,MEDIUM,SYNTHETIC,,,true,Synthetic background device connectivity.,
REL-0755849,Device,DEV-019308,CONNECTED_TO,Device,DEV-019309,,MEDIUM,SYNTHETIC,,,true,Synthetic background device connectivity.,
REL-0756003,Device,DEV-026218,CONNECTED_TO,Device,DEV-026219,,MEDIUM,SYNTHETIC,,,true,Synthetic background device connectivity.,
REL-0756092,Device,DEV-006236,CONNECTED_TO,Device,DEV-006237,,MEDIUM,SYNTHETIC,,,true,Synthetic background device connectivity.,
REL-0756255,Device,DEV-006235,CONNECTED_TO,Device,DEV-006236,,MEDIUM,SYNTHETIC,,,true,Synthetic background device connectivity.,
REL-0756720,Phone,PH-024342,CONNECTED_TO,Phone,PH-024343,,MEDIUM,SYNTHETIC,,,true,Synthetic background phone connectivity.,
REL-0757567,Phone,PH-025855,CONNECTED_TO,Phone,PH-025856,,MEDIUM,SYNTHETIC,,,true,Synthetic background phone connectivity.,
REL-0757658,Device,DEV-003214,CONNECTED_TO,Device,DEV-003215,,MEDIUM,SYNTHETIC,,,true,Synthetic background device connectivity.,
REL-0757730,Phone,PH-008523,CONNECTED_TO,Phone,PH-008524,,MEDIUM,SYNTHETIC,,,true,Synthetic background phone connectivity.,
REL-0757996,Phone,PH-022543,CONNECTED_TO,Phone,PH-022544,,MEDIUM,SYNTHETIC,,,true,Synthetic background phone connectivity.,
REL-0759046,Phone,PH-002283,CONNECTED_TO,Phone,PH-002284,,MEDIUM,SYNTHETIC,,,true,Synthetic background phone connectivity.,
REL-0759065,Device,DEV-005647,CONNECTED_TO,Device,DEV-005648,,MEDIUM,SYNTHETIC,,,true,Synthetic background device connectivity.,
REL-0759083,Phone,PH-001151,CONNECTED_TO,Phone,PH-001152,,MEDIUM,SYNTHETIC,,,true,Synthetic background phone connectivity.,
REL-0759556,Person,PER-002324,ASSOCIATED_WITH,Organization,ORG-00704,,MEDIUM,SYNTHETIC,,,true,Synthetic background association.,
REL-0760013,Device,DEV-006616,CONNECTED_TO,Device,DEV-006617,,MEDIUM,SYNTHETIC,,,true,Synthetic background device connectivity.,
REL-0761484,Phone,PH-028695,CONNECTED_TO,Phone,PH-028696,,MEDIUM,SYNTHETIC,,,true,Synthetic background phone connectivity.,
REL-0761567,Device,DEV-034637,CONNECTED_TO,Device,DEV-034638,,MEDIUM,SYNTHETIC,,,true,Synthetic background device connectivity.,
REL-0762141,Phone,PH-012416,CONNECTED_TO,Phone,PH-012417,,MEDIUM,SYNTHETIC,,,true,Synthetic background phone connectivity.,
REL-0762232,Person,PER-028283,ASSOCIATED_WITH,Organization,ORG-02179,,MEDIUM,SYNTHETIC,,,true,Synthetic background association.,
REL-0762384,Person,PER-017239,ASSOCIATED_WITH,Organization,ORG-04439,,MEDIUM,SYNTHETIC,,,true,Synthetic background association.,
REL-0762412,Phone,PH-011524,CONNECTED_TO,Phone,PH-011525,,MEDIUM,SYNTHETIC,,,true,Synthetic background phone connectivity.,
REL-0762610,Phone,PH-008968,CONNECTED_TO,Phone,PH-008969,,MEDIUM,SYNTHETIC,,,true,Synthetic background phone connectivity.,
REL-0763798,Device,DEV-014426,CONNECTED_TO,Device,DEV-014427,,MEDIUM,SYNTHETIC,,,true,Synthetic background device connectivity.,
REL-0764127,Device,DEV-009930,CONNECTED_TO,Device,DEV-009931,,MEDIUM,SYNTHETIC,,,true,Synthetic background device connectivity.,
REL-0764137,Person,PER-027182,ASSOCIATED_WITH,Organization,ORG-00004,,MEDIUM,SYNTHETIC,,,true,Synthetic background association.,
REL-0764300,Person,PER-019375,ASSOCIATED_WITH,Organization,ORG-01640,,MEDIUM,SYNTHETIC,,,true,Synthetic background association.,
REL-0764312,Person,PER-023945,ASSOCIATED_WITH,Organization,ORG-02684,,MEDIUM,SYNTHETIC,,,true,Synthetic background association.,
REL-0764547,Device,DEV-025053,CONNECTED_TO,Device,DEV-025054,,MEDIUM,SYNTHETIC,,,true,Synthetic background device connectivity.,
REL-0764575,Phone,PH-014760,CONNECTED_TO,Phone,PH-014761,,MEDIUM,SYNTHETIC,,,true,Synthetic background phone connectivity.,
REL-0764629,Person,PER-022852,ASSOCIATED_WITH,Organization,ORG-04916,,MEDIUM,SYNTHETIC,,,true,Synthetic background association.,
REL-0765222,Device,DEV-007068,CONNECTED_TO,Device,DEV-007069,,MEDIUM,SYNTHETIC,,,true,Synthetic background device connectivity.,
REL-0765230,Phone,PH-018803,CONNECTED_TO,Phone,PH-018804,,MEDIUM,SYNTHETIC,,,true,Synthetic background phone connectivity.,
REL-0765502,Device,DEV-020311,CONNECTED_TO,Device,DEV-020312,,MEDIUM,SYNTHETIC,,,true,Synthetic background device connectivity.,
REL-0765623,Device,DEV-001472,CONNECTED_TO,Device,DEV-001473,,MEDIUM,SYNTHETIC,,,true,Synthetic background device connectivity.,
REL-0765796,Person,PER-028494,ASSOCIATED_WITH,Organization,ORG-04651,,MEDIUM,SYNTHETIC,,,true,Synthetic background association.,
REL-0766130,Device,DEV-006364,CONNECTED_TO,Device,DEV-006365,,MEDIUM,SYNTHETIC,,,true,Synthetic background device connectivity.,
REL-0766158,Phone,PH-001747,CONNECTED_TO,Phone,PH-001748,,MEDIUM,SYNTHETIC,,,true,Synthetic background phone connectivity.,
REL-0766203,Phone,PH-011523,CONNECTED_TO,Phone,PH-011524,,MEDIUM,SYNTHETIC,,,true,Synthetic background phone connectivity.,
REL-0766604,Phone,PH-010528,CONNECTED_TO,Phone,PH-010529,,MEDIUM,SYNTHETIC,,,true,Synthetic background phone connectivity.,
REL-0766859,Phone,PH-002163,CONNECTED_TO,Phone,PH-002164,,MEDIUM,SYNTHETIC,,,true,Synthetic background phone connectivity.,
REL-0767054,Phone,PH-029381,CONNECTED_TO,Phone,PH-029382,,MEDIUM,SYNTHETIC,,,true,Synthetic background phone connectivity.,
REL-0767169,Phone,PH-013082,CONNECTED_TO,Phone,PH-013083,,MEDIUM,SYNTHETIC,,,true,Synthetic background phone connectivity.,
REL-0767173,Device,DEV-023208,CONNECTED_TO,Device,DEV-023209,,MEDIUM,SYNTHETIC,,,true,Synthetic background device connectivity.,
REL-0767266,Phone,PH-030408,CONNECTED_TO,Phone,PH-030409,,MEDIUM,SYNTHETIC,,,true,Synthetic background phone connectivity.,
REL-0767548,Device,DEV-026915,CONNECTED_TO,Device,DEV-026916,,MEDIUM,SYNTHETIC,,,true,Synthetic background device connectivity.,
REL-0768038,Device,DEV-007067,CONNECTED_TO,Device,DEV-007068,,MEDIUM,SYNTHETIC,,,true,Synthetic background device connectivity.,
REL-0768165,Phone,PH-004031,CONNECTED_TO,Phone,PH-004032,,MEDIUM,SYNTHETIC,,,true,Synthetic background phone connectivity.,
REL-0768277,Device,DEV-004442,CONNECTED_TO,Device,DEV-004443,,MEDIUM,SYNTHETIC,,,true,Synthetic background device connectivity.,
REL-0769008,Phone,PH-027741,CONNECTED_TO,Phone,PH-027742,,MEDIUM,SYNTHETIC,,,true,Synthetic background phone connectivity.,
REL-0769155,Phone,PH-034277,CONNECTED_TO,Phone,PH-034278,,MEDIUM,SYNTHETIC,,,true,Synthetic background phone connectivity.,
REL-0769162,Phone,PH-030692,CONNECTED_TO,Phone,PH-030693,,MEDIUM,SYNTHETIC,,,true,Synthetic background phone connectivity.,
REL-0770277,Phone,PH-000043,CONNECTED_TO,Phone,PH-000044,,MEDIUM,SYNTHETIC,,,true,Synthetic background phone connectivity.,
REL-0770417,Phone,PH-004237,CONNECTED_TO,Phone,PH-004238,,MEDIUM,SYNTHETIC,,,true,Synthetic background phone connectivity.,
REL-0770467,Device,DEV-019272,CONNECTED_TO,Device,DEV-019273,,MEDIUM,SYNTHETIC,,,true,Synthetic background device connectivity.,
REL-0770739,Person,PER-009651,ASSOCIATED_WITH,Organization,ORG-02726,,MEDIUM,SYNTHETIC,,,true,Synthetic background association.,
REL-0770942,Phone,PH-031235,CONNECTED_TO,Phone,PH-031236,,MEDIUM,SYNTHETIC,,,true,Synthetic background phone connectivity.,
REL-0771288,Phone,PH-023665,CONNECTED_TO,Phone,PH-023666,,MEDIUM,SYNTHETIC,,,true,Synthetic background phone connectivity.,
REL-0771503,Phone,PH-032657,CONNECTED_TO,Phone,PH-032658,,MEDIUM,SYNTHETIC,,,true,Synthetic background phone connectivity.,
REL-0772042,Phone,PH-034276,CONNECTED_TO,Phone,PH-034277,,MEDIUM,SYNTHETIC,,,true,Synthetic background phone connectivity.,
REL-0772057,Device,DEV-014173,CONNECTED_TO,Device,DEV-014174,,MEDIUM,SYNTHETIC,,,true,Synthetic background device connectivity.,
REL-0772164,Device,DEV-018408,CONNECTED_TO,Device,DEV-018409,,MEDIUM,SYNTHETIC,,,true,Synthetic background device connectivity.,
REL-0772515,Device,DEV-034638,CONNECTED_TO,Device,DEV-034639,,MEDIUM,SYNTHETIC,,,true,Synthetic background device connectivity.,
REL-0773175,Person,PER-018950,ASSOCIATED_WITH,Organization,ORG-01111,,MEDIUM,SYNTHETIC,,,true,Synthetic background association.,
REL-0773521,Phone,PH-016178,CONNECTED_TO,Phone,PH-016179,,MEDIUM,SYNTHETIC,,,true,Synthetic background phone connectivity.,
REL-0774023,Phone,PH-017894,CONNECTED_TO,Phone,PH-017895,,MEDIUM,SYNTHETIC,,,true,Synthetic background phone connectivity.,
REL-0774419,Phone,PH-013083,CONNECTED_TO,Phone,PH-013084,,MEDIUM,SYNTHETIC,,,true,Synthetic background phone connectivity.,
REL-0774746,Phone,PH-009650,CONNECTED_TO,Phone,PH-009651,,MEDIUM,SYNTHETIC,,,true,Synthetic background phone connectivity.,
REL-0775020,Phone,PH-014150,CONNECTED_TO,Phone,PH-014151,,MEDIUM,SYNTHETIC,,,true,Synthetic background phone connectivity.,
REL-0775240,Device,DEV-021115,CONNECTED_TO,Device,DEV-021116,,MEDIUM,SYNTHETIC,,,true,Synthetic background device connectivity.,
REL-0776232,Device,DEV-002714,CONNECTED_TO,Device,DEV-002715,,MEDIUM,SYNTHETIC,,,true,Synthetic background device connectivity.,
REL-0776546,Phone,PH-014808,CONNECTED_TO,Phone,PH-014809,,MEDIUM,SYNTHETIC,,,true,Synthetic background phone connectivity.,
REL-0776703,Device,DEV-019901,CONNECTED_TO,Device,DEV-019902,,MEDIUM,SYNTHETIC,,,true,Synthetic background device connectivity.,
REL-0776883,Phone,PH-026778,CONNECTED_TO,Phone,PH-026779,,MEDIUM,SYNTHETIC,,,true,Synthetic background phone connectivity.,
REL-0777482,Phone,PH-026467,CONNECTED_TO,Phone,PH-026468,,MEDIUM,SYNTHETIC,,,true,Synthetic background phone connectivity.,
REL-0777722,Device,DEV-032369,CONNECTED_TO,Device,DEV-032370,,MEDIUM,SYNTHETIC,,,true,Synthetic background device connectivity.,
REL-0777725,Device,DEV-008555,CONNECTED_TO,Device,DEV-008556,,MEDIUM,SYNTHETIC,,,true,Synthetic background device connectivity.,
REL-0778232,Phone,PH-008856,CONNECTED_TO,Phone,PH-008857,,MEDIUM,SYNTHETIC,,,true,Synthetic background phone connectivity.,
REL-0778324,Device,DEV-025051,CONNECTED_TO,Device,DEV-025052,,MEDIUM,SYNTHETIC,,,true,Synthetic background device connectivity.,
REL-0778413,Person,PER-020096,ASSOCIATED_WITH,Organization,ORG-00773,,MEDIUM,SYNTHETIC,,,true,Synthetic background association.,
REL-0778533,Phone,PH-007196,CONNECTED_TO,Phone,PH-007197,,MEDIUM,SYNTHETIC,,,true,Synthetic background phone connectivity.,
REL-0778644,Device,DEV-004378,CONNECTED_TO,Device,DEV-004379,,MEDIUM,SYNTHETIC,,,true,Synthetic background device connectivity.,
REL-0778695,Device,DEV-013795,CONNECTED_TO,Device,DEV-013796,,MEDIUM,SYNTHETIC,,,true,Synthetic background device connectivity.,
REL-0778822,Person,PER-027179,ASSOCIATED_WITH,Organization,ORG-04671,,MEDIUM,SYNTHETIC,,,true,Synthetic background association.,
REL-0778830,Device,DEV-032573,CONNECTED_TO,Device,DEV-032574,,MEDIUM,SYNTHETIC,,,true,Synthetic background device connectivity.,
REL-0778993,Device,DEV-020312,CONNECTED_TO,Device,DEV-020313,,MEDIUM,SYNTHETIC,,,true,Synthetic background device connectivity.,
REL-0779396,Device,DEV-034331,CONNECTED_TO,Device,DEV-034332,,MEDIUM,SYNTHETIC,,,true,Synthetic background device connectivity.,
REL-0779414,Phone,PH-006958,CONNECTED_TO,Phone,PH-006959,,MEDIUM,SYNTHETIC,,,true,Synthetic background phone connectivity.,
REL-0779644,Device,DEV-031902,CONNECTED_TO,Device,DEV-031903,,MEDIUM,SYNTHETIC,,,true,Synthetic background device connectivity.,
REL-0779811,Phone,PH-033377,CONNECTED_TO,Phone,PH-033378,,MEDIUM,SYNTHETIC,,,true,Synthetic background phone connectivity.,
REL-0779947,Device,DEV-009931,CONNECTED_TO,Device,DEV-009932,,MEDIUM,SYNTHETIC,,,true,Synthetic background device connectivity.,
REL-0780058,Device,DEV-004948,CONNECTED_TO,Device,DEV-004949,,MEDIUM,SYNTHETIC,,,true,Synthetic background device connectivity.,
REL-0780268,Device,DEV-032258,CONNECTED_TO,Device,DEV-032259,,MEDIUM,SYNTHETIC,,,true,Synthetic background device connectivity.,
REL-0780301,Device,DEV-012099,CONNECTED_TO,Device,DEV-012100,,MEDIUM,SYNTHETIC,,,true,Synthetic background device connectivity.,
REL-0780305,Phone,PH-009892,CONNECTED_TO,Phone,PH-009893,,MEDIUM,SYNTHETIC,,,true,Synthetic background phone connectivity.,
REL-0781166,Device,DEV-002788,CONNECTED_TO,Device,DEV-002789,,MEDIUM,SYNTHETIC,,,true,Synthetic background device connectivity.,
REL-0781322,Phone,PH-024969,CONNECTED_TO,Phone,PH-024970,,MEDIUM,SYNTHETIC,,,true,Synthetic background phone connectivity.,
REL-0781995,Device,DEV-034697,CONNECTED_TO,Device,DEV-034698,,MEDIUM,SYNTHETIC,,,true,Synthetic background device connectivity.,
REL-0782030,Phone,PH-012297,CONNECTED_TO,Phone,PH-012298,,MEDIUM,SYNTHETIC,,,true,Synthetic background phone connectivity.,
REL-0782154,Phone,PH-017816,CONNECTED_TO,Phone,PH-017817,,MEDIUM,SYNTHETIC,,,true,Synthetic background phone connectivity.,
REL-0782280,Device,DEV-021889,CONNECTED_TO,Device,DEV-021890,,MEDIUM,SYNTHETIC,,,true,Synthetic background device connectivity.,
REL-0782485,Device,DEV-008540,CONNECTED_TO,Device,DEV-008541,,MEDIUM,SYNTHETIC,,,true,Synthetic background device connectivity.,
REL-0782753,Device,DEV-026682,CONNECTED_TO,Device,DEV-026683,,MEDIUM,SYNTHETIC,,,true,Synthetic background device connectivity.,
REL-0782810,Person,PER-035465,ASSOCIATED_WITH,Organization,ORG-00176,,MEDIUM,SYNTHETIC,,,true,Synthetic background association.,
REL-0783109,Device,DEV-016219,CONNECTED_TO,Device,DEV-016220,,MEDIUM,SYNTHETIC,,,true,Synthetic background device connectivity.,
REL-0783178,Phone,PH-030677,CONNECTED_TO,Phone,PH-030678,,MEDIUM,SYNTHETIC,,,true,Synthetic background phone connectivity.,
REL-0783658,Person,PER-023957,ASSOCIATED_WITH,Organization,ORG-04039,,MEDIUM,SYNTHETIC,,,true,Synthetic background association.,
REL-0783712,Phone,PH-002321,CONNECTED_TO,Phone,PH-002322,,MEDIUM,SYNTHETIC,,,true,Synthetic background phone connectivity.,
REL-0783843,Phone,PH-000587,CONNECTED_TO,Phone,PH-000588,,MEDIUM,SYNTHETIC,,,true,Synthetic background phone connectivity.,
REL-0783863,Device,DEV-034332,CONNECTED_TO,Device,DEV-034333,,MEDIUM,SYNTHETIC,,,true,Synthetic background device connectivity.,
REL-0783925,Phone,PH-008899,CONNECTED_TO,Phone,PH-008900,,MEDIUM,SYNTHETIC,,,true,Synthetic background phone connectivity.,
REL-0784345,Phone,PH-024037,CONNECTED_TO,Phone,PH-024038,,MEDIUM,SYNTHETIC,,,true,Synthetic background phone connectivity.,
REL-0784788,Device,DEV-019902,CONNECTED_TO,Device,DEV-019903,,MEDIUM,SYNTHETIC,,,true,Synthetic background device connectivity.,
REL-0785148,Device,DEV-025050,CONNECTED_TO,Device,DEV-025051,,MEDIUM,SYNTHETIC,,,true,Synthetic background device connectivity.,
REL-0785228,Phone,PH-007197,CONNECTED_TO,Phone,PH-007198,,MEDIUM,SYNTHETIC,,,true,Synthetic background phone connectivity.,
REL-0786279,Phone,PH-020355,CONNECTED_TO,Phone,PH-020356,,MEDIUM,SYNTHETIC,,,true,Synthetic background phone connectivity.,
REL-0786754,Device,DEV-025971,CONNECTED_TO,Device,DEV-025972,,MEDIUM,SYNTHETIC,,,true,Synthetic background device connectivity.,
REL-0786853,Device,DEV-032975,CONNECTED_TO,Device,DEV-032976,,MEDIUM,SYNTHETIC,,,true,Synthetic background device connectivity.,
REL-0786960,Phone,PH-016817,CONNECTED_TO,Phone,PH-016818,,MEDIUM,SYNTHETIC,,,true,Synthetic background phone connectivity.,
REL-0787334,Phone,PH-018802,CONNECTED_TO,Phone,PH-018803,,MEDIUM,SYNTHETIC,,,true,Synthetic background phone connectivity.,
REL-0788115,Phone,PH-031234,CONNECTED_TO,Phone,PH-031235,,MEDIUM,SYNTHETIC,,,true,Synthetic background phone connectivity.,
REL-0788260,Phone,PH-005466,CONNECTED_TO,Phone,PH-005467,,MEDIUM,SYNTHETIC,,,true,Synthetic background phone connectivity.,
REL-0788725,Phone,PH-007841,CONNECTED_TO,Phone,PH-007842,,MEDIUM,SYNTHETIC,,,true,Synthetic background phone connectivity.,
REL-0788741,Phone,PH-016818,CONNECTED_TO,Phone,PH-016819,,MEDIUM,SYNTHETIC,,,true,Synthetic background phone connectivity.,
REL-0788880,Phone,PH-012598,CONNECTED_TO,Phone,PH-012599,,MEDIUM,SYNTHETIC,,,true,Synthetic background phone connectivity.,
REL-0789745,Device,DEV-001330,CONNECTED_TO,Device,DEV-001331,,MEDIUM,SYNTHETIC,,,true,Synthetic background device connectivity.,
REL-0790051,Device,DEV-000530,CONNECTED_TO,Device,DEV-000531,,MEDIUM,SYNTHETIC,,,true,Synthetic background device connectivity.,
REL-0790095,Phone,PH-028666,CONNECTED_TO,Phone,PH-028667,,MEDIUM,SYNTHETIC,,,true,Synthetic background phone connectivity.,
REL-0790314,Phone,PH-029380,CONNECTED_TO,Phone,PH-029381,,MEDIUM,SYNTHETIC,,,true,Synthetic background phone connectivity.,
REL-0790595,Phone,PH-028720,CONNECTED_TO,Phone,PH-028721,,MEDIUM,SYNTHETIC,,,true,Synthetic background phone connectivity.,
REL-0790824,Phone,PH-005467,CONNECTED_TO,Phone,PH-005468,,MEDIUM,SYNTHETIC,,,true,Synthetic background phone connectivity.,
REL-0791283,Device,DEV-017260,CONNECTED_TO,Device,DEV-017261,,MEDIUM,SYNTHETIC,,,true,Synthetic background device connectivity.,
REL-0791335,Phone,PH-009797,CONNECTED_TO,Phone,PH-009798,,MEDIUM,SYNTHETIC,,,true,Synthetic background phone connectivity.,
REL-0791419,Phone,PH-028665,CONNECTED_TO,Phone,PH-028666,,MEDIUM,SYNTHETIC,,,true,Synthetic background phone connectivity.,
REL-0791694,Device,DEV-014117,CONNECTED_TO,Device,DEV-014118,,MEDIUM,SYNTHETIC,,,true,Synthetic background device connectivity.,
REL-0792476,Phone,PH-002320,CONNECTED_TO,Phone,PH-002321,,MEDIUM,SYNTHETIC,,,true,Synthetic background phone connectivity.,
REL-0792496,Phone,PH-015890,CONNECTED_TO,Phone,PH-015891,,MEDIUM,SYNTHETIC,,,true,Synthetic background phone connectivity.,
REL-0792797,Phone,PH-011535,CONNECTED_TO,Phone,PH-011536,,MEDIUM,SYNTHETIC,,,true,Synthetic background phone connectivity.,
REL-0792930,Device,DEV-004377,CONNECTED_TO,Device,DEV-004378,,MEDIUM,SYNTHETIC,,,true,Synthetic background device connectivity.,
REL-0792985,Device,DEV-024369,CONNECTED_TO,Device,DEV-024370,,MEDIUM,SYNTHETIC,,,true,Synthetic background device connectivity.,
REL-0793090,Device,DEV-021119,CONNECTED_TO,Device,DEV-021120,,MEDIUM,SYNTHETIC,,,true,Synthetic background device connectivity.,
REL-0793344,Device,DEV-010936,CONNECTED_TO,Device,DEV-010937,,MEDIUM,SYNTHETIC,,,true,Synthetic background device connectivity.,
REL-0793394,Device,DEV-034753,CONNECTED_TO,Device,DEV-034754,,MEDIUM,SYNTHETIC,,,true,Synthetic background device connectivity.,
REL-0793604,Phone,PH-017893,CONNECTED_TO,Phone,PH-017894,,MEDIUM,SYNTHETIC,,,true,Synthetic background phone connectivity.,
REL-0793770,Device,DEV-020517,CONNECTED_TO,Device,DEV-020518,,MEDIUM,SYNTHETIC,,,true,Synthetic background device connectivity.,
REL-0793870,Phone,PH-006520,CONNECTED_TO,Phone,PH-006521,,MEDIUM,SYNTHETIC,,,true,Synthetic background phone connectivity.,
REL-0793887,Phone,PH-032886,CONNECTED_TO,Phone,PH-032887,,MEDIUM,SYNTHETIC,,,true,Synthetic background phone connectivity.,
REL-0794014,Phone,PH-007675,CONNECTED_TO,Phone,PH-007676,,MEDIUM,SYNTHETIC,,,true,Synthetic background phone connectivity.,
REL-0794056,Phone,PH-025856,CONNECTED_TO,Phone,PH-025857,,MEDIUM,SYNTHETIC,,,true,Synthetic background phone connectivity.,
REL-0794189,Phone,PH-006693,CONNECTED_TO,Phone,PH-006694,,MEDIUM,SYNTHETIC,,,true,Synthetic background phone connectivity.,
REL-0794239,Phone,PH-033741,CONNECTED_TO,Phone,PH-033742,,MEDIUM,SYNTHETIC,,,true,Synthetic background phone connectivity.,
REL-0794294,Phone,PH-011534,CONNECTED_TO,Phone,PH-011535,,MEDIUM,SYNTHETIC,,,true,Synthetic background phone connectivity.,
REL-0794358,Phone,PH-004464,CONNECTED_TO,Phone,PH-004465,,MEDIUM,SYNTHETIC,,,true,Synthetic background phone connectivity.,
REL-0794599,Person,PER-020106,ASSOCIATED_WITH,Organization,ORG-00629,,MEDIUM,SYNTHETIC,,,true,Synthetic background association.,
REL-0795109,Device,DEV-000372,CONNECTED_TO,Device,DEV-000373,,MEDIUM,SYNTHETIC,,,true,Synthetic background device connectivity.,
REL-0795262,Phone,PH-001186,CONNECTED_TO,Phone,PH-001187,,MEDIUM,SYNTHETIC,,,true,Synthetic background phone connectivity.,
REL-0795263,Phone,PH-012599,CONNECTED_TO,Phone,PH-012600,,MEDIUM,SYNTHETIC,,,true,Synthetic background phone connectivity.,
REL-0796024,Device,DEV-017259,CONNECTED_TO,Device,DEV-017260,,MEDIUM,SYNTHETIC,,,true,Synthetic background device connectivity.,
REL-0796264,Phone,PH-022609,CONNECTED_TO,Phone,PH-022610,,MEDIUM,SYNTHETIC,,,true,Synthetic background phone connectivity.,
REL-0796487,Device,DEV-005948,CONNECTED_TO,Device,DEV-005949,,MEDIUM,SYNTHETIC,,,true,Synthetic background device connectivity.,
REL-0797023,Device,DEV-025970,CONNECTED_TO,Device,DEV-025971,,MEDIUM,SYNTHETIC,,,true,Synthetic background device connectivity.,
REL-0797164,Phone,PH-017815,CONNECTED_TO,Phone,PH-017816,,MEDIUM,SYNTHETIC,,,true,Synthetic background phone connectivity.,
REL-0797555,Phone,PH-025176,CONNECTED_TO,Phone,PH-025177,,MEDIUM,SYNTHETIC,,,true,Synthetic background phone connectivity.,
REL-0797907,Device,DEV-034639,CONNECTED_TO,Device,DEV-034640,,MEDIUM,SYNTHETIC,,,true,Synthetic background device connectivity.,
REL-0798059,Phone,PH-027901,CONNECTED_TO,Phone,PH-027902,,MEDIUM,SYNTHETIC,,,true,Synthetic background phone connectivity.,
REL-0798616,Phone,PH-026777,CONNECTED_TO,Phone,PH-026778,,MEDIUM,SYNTHETIC,,,true,Synthetic background phone connectivity.,
REL-0798916,Device,DEV-012098,CONNECTED_TO,Device,DEV-012099,,MEDIUM,SYNTHETIC,,,true,Synthetic background device connectivity.,
REL-0799371,Phone,PH-029853,CONNECTED_TO,Phone,PH-029854,,MEDIUM,SYNTHETIC,,,true,Synthetic background phone connectivity.,
REL-0799504,Device,DEV-009429,CONNECTED_TO,Device,DEV-009430,,MEDIUM,SYNTHETIC,,,true,Synthetic background device connectivity.,
REL-0799525,Device,DEV-024370,CONNECTED_TO,Device,DEV-024371,,MEDIUM,SYNTHETIC,,,true,Synthetic background device connectivity.,
REL-0799718,Phone,PH-031610,CONNECTED_TO,Phone,PH-031611,,MEDIUM,SYNTHETIC,,,true,Synthetic background phone connectivity.,
REL-0799906,Device,DEV-017243,CONNECTED_TO,Device,DEV-017244,,MEDIUM,SYNTHETIC,,,true,Synthetic background device connectivity.,
REL-0800059,Phone,PH-003345,CONNECTED_TO,Phone,PH-003346,,MEDIUM,SYNTHETIC,,,true,Synthetic background phone connectivity.,
REL-0801134,Phone,PH-027683,CONNECTED_TO,Phone,PH-027684,,MEDIUM,SYNTHETIC,,,true,Synthetic background phone connectivity.,
REL-0801310,Device,DEV-021142,CONNECTED_TO,Device,DEV-021143,,MEDIUM,SYNTHETIC,,,true,Synthetic background device connectivity.,
REL-0801399,Device,DEV-019309,CONNECTED_TO,Device,DEV-019310,,MEDIUM,SYNTHETIC,,,true,Synthetic background device connectivity.,
REL-0801655,Person,PER-007236,ASSOCIATED_WITH,Organization,ORG-01060,,MEDIUM,SYNTHETIC,,,true,Synthetic background association.,
REL-0802116,Phone,PH-017831,CONNECTED_TO,Phone,PH-017832,,MEDIUM,SYNTHETIC,,,true,Synthetic background phone connectivity.,
REL-0802279,Device,DEV-010911,CONNECTED_TO,Device,DEV-010912,,MEDIUM,SYNTHETIC,,,true,Synthetic background device connectivity.,
REL-0802700,Phone,PH-024341,CONNECTED_TO,Phone,PH-024342,,MEDIUM,SYNTHETIC,,,true,Synthetic background phone connectivity.,
REL-0803360,Phone,PH-002316,CONNECTED_TO,Phone,PH-002317,,MEDIUM,SYNTHETIC,,,true,Synthetic background phone connectivity.,
REL-0803562,Device,DEV-005220,CONNECTED_TO,Device,DEV-005221,,MEDIUM,SYNTHETIC,,,true,Synthetic background device connectivity.,
REL-0803590,Device,DEV-027426,CONNECTED_TO,Device,DEV-027427,,MEDIUM,SYNTHETIC,,,true,Synthetic background device connectivity.,
REL-0803665,Phone,PH-013960,CONNECTED_TO,Phone,PH-013961,,MEDIUM,SYNTHETIC,,,true,Synthetic background phone connectivity.,
REL-0804400,Phone,PH-004238,CONNECTED_TO,Phone,PH-004239,,MEDIUM,SYNTHETIC,,,true,Synthetic background phone connectivity.,
REL-0804869,Person,PER-010131,ASSOCIATED_WITH,Organization,ORG-04936,,MEDIUM,SYNTHETIC,,,true,Synthetic background association.,
REL-0804993,Person,PER-006463,ASSOCIATED_WITH,Organization,ORG-04816,,MEDIUM,SYNTHETIC,,,true,Synthetic background association.,
REL-0805509,Device,DEV-029835,CONNECTED_TO,Device,DEV-029836,,MEDIUM,SYNTHETIC,,,true,Synthetic background device connectivity.,
REL-0805594,Device,DEV-025839,CONNECTED_TO,Device,DEV-025840,,MEDIUM,SYNTHETIC,,,true,Synthetic background device connectivity.,
REL-0805795,Phone,PH-011073,CONNECTED_TO,Phone,PH-011074,,MEDIUM,SYNTHETIC,,,true,Synthetic background phone connectivity.,
REL-0806395,Phone,PH-015261,CONNECTED_TO,Phone,PH-015262,,MEDIUM,SYNTHETIC,,,true,Synthetic background phone connectivity.,
REL-0806622,Phone,PH-024107,CONNECTED_TO,Phone,PH-024108,,MEDIUM,SYNTHETIC,,,true,Synthetic background phone connectivity.,
REL-0806772,Device,DEV-010937,CONNECTED_TO,Device,DEV-010938,,MEDIUM,SYNTHETIC,,,true,Synthetic background device connectivity.,
REL-0806857,Device,DEV-005503,CONNECTED_TO,Device,DEV-005504,,MEDIUM,SYNTHETIC,,,true,Synthetic background device connectivity.,
REL-0807052,Device,DEV-028562,CONNECTED_TO,Device,DEV-028563,,MEDIUM,SYNTHETIC,,,true,Synthetic background device connectivity.,
REL-0807103,Phone,PH-028696,CONNECTED_TO,Phone,PH-028697,,MEDIUM,SYNTHETIC,,,true,Synthetic background phone connectivity.,
REL-0807275,Phone,PH-030691,CONNECTED_TO,Phone,PH-030692,,MEDIUM,SYNTHETIC,,,true,Synthetic background phone connectivity.,
REL-0807559,Device,DEV-032273,CONNECTED_TO,Device,DEV-032274,,MEDIUM,SYNTHETIC,,,true,Synthetic background device connectivity.,
REL-0807682,Device,DEV-030846,CONNECTED_TO,Device,DEV-030847,,MEDIUM,SYNTHETIC,,,true,Synthetic background device connectivity.,
REL-0808241,Phone,PH-033740,CONNECTED_TO,Phone,PH-033741,,MEDIUM,SYNTHETIC,,,true,Synthetic background phone connectivity.,
REL-0808319,Device,DEV-005504,CONNECTED_TO,Device,DEV-005505,,MEDIUM,SYNTHETIC,,,true,Synthetic background device connectivity.,
REL-0808334,Device,DEV-009934,CONNECTED_TO,Device,DEV-009935,,MEDIUM,SYNTHETIC,,,true,Synthetic background device connectivity.,
REL-0808484,Device,DEV-025987,CONNECTED_TO,Device,DEV-025988,,MEDIUM,SYNTHETIC,,,true,Synthetic background device connectivity.,
REL-0808657,Device,DEV-025780,CONNECTED_TO,Device,DEV-025781,,MEDIUM,SYNTHETIC,,,true,Synthetic background device connectivity.,
REL-0808706,Phone,PH-027974,CONNECTED_TO,Phone,PH-027975,,MEDIUM,SYNTHETIC,,,true,Synthetic background phone connectivity.,
REL-0808886,Device,DEV-026601,CONNECTED_TO,Device,DEV-026602,,MEDIUM,SYNTHETIC,,,true,Synthetic background device connectivity.,
REL-0809452,Device,DEV-021890,CONNECTED_TO,Device,DEV-021891,,MEDIUM,SYNTHETIC,,,true,Synthetic background device connectivity.,
REL-0809828,Phone,PH-015891,CONNECTED_TO,Phone,PH-015892,,MEDIUM,SYNTHETIC,,,true,Synthetic background phone connectivity.,
REL-0809838,Device,DEV-018407,CONNECTED_TO,Device,DEV-018408,,MEDIUM,SYNTHETIC,,,true,Synthetic background device connectivity.,
REL-0809859,Device,DEV-028563,CONNECTED_TO,Device,DEV-028564,,MEDIUM,SYNTHETIC,,,true,Synthetic background device connectivity.,
REL-0810372,Phone,PH-002498,CONNECTED_TO,Phone,PH-002499,,MEDIUM,SYNTHETIC,,,true,Synthetic background phone connectivity.,
REL-0810945,Device,DEV-006540,CONNECTED_TO,Device,DEV-006541,,MEDIUM,SYNTHETIC,,,true,Synthetic background device connectivity.,
REL-0811342,Device,DEV-014098,CONNECTED_TO,Device,DEV-014099,,MEDIUM,SYNTHETIC,,,true,Synthetic background device connectivity.,
REL-0811818,Phone,PH-009651,CONNECTED_TO,Phone,PH-009652,,MEDIUM,SYNTHETIC,,,true,Synthetic background phone connectivity.,
REL-0811975,Device,DEV-014427,CONNECTED_TO,Device,DEV-014428,,MEDIUM,SYNTHETIC,,,true,Synthetic background device connectivity.,
REL-0812046,Phone,PH-008524,CONNECTED_TO,Phone,PH-008525,,MEDIUM,SYNTHETIC,,,true,Synthetic background phone connectivity.,
REL-0812272,Device,DEV-008849,CONNECTED_TO,Device,DEV-008850,,MEDIUM,SYNTHETIC,,,true,Synthetic background device connectivity.,
REL-0812920,Phone,PH-022544,CONNECTED_TO,Phone,PH-022545,,MEDIUM,SYNTHETIC,,,true,Synthetic background phone connectivity.,
REL-0813204,Person,PER-003235,ASSOCIATED_WITH,Organization,ORG-01585,,MEDIUM,SYNTHETIC,,,true,Synthetic background association.,
REL-0813405,Phone,PH-019503,CONNECTED_TO,Phone,PH-019504,,MEDIUM,SYNTHETIC,,,true,Synthetic background phone connectivity.,
REL-0813408,Device,DEV-026217,CONNECTED_TO,Device,DEV-026218,,MEDIUM,SYNTHETIC,,,true,Synthetic background device connectivity.,
REL-0813568,Device,DEV-030845,CONNECTED_TO,Device,DEV-030846,,MEDIUM,SYNTHETIC,,,true,Synthetic background device connectivity.,
REL-0813847,Phone,PH-027902,CONNECTED_TO,Phone,PH-027903,,MEDIUM,SYNTHETIC,,,true,Synthetic background phone connectivity.,
REL-0814670,Phone,PH-030407,CONNECTED_TO,Phone,PH-030408,,MEDIUM,SYNTHETIC,,,true,Synthetic background phone connectivity.,
REL-0814849,Device,DEV-031903,CONNECTED_TO,Device,DEV-031904,,MEDIUM,SYNTHETIC,,,true,Synthetic background device connectivity.,
REL-0814962,Device,DEV-014118,CONNECTED_TO,Device,DEV-014119,,MEDIUM,SYNTHETIC,,,true,Synthetic background device connectivity.,
REL-0815493,Person,PER-029521,ASSOCIATED_WITH,Organization,ORG-01940,,MEDIUM,SYNTHETIC,,,true,Synthetic background association.,
REL-0815628,Device,DEV-028514,CONNECTED_TO,Device,DEV-028515,,MEDIUM,SYNTHETIC,,,true,Synthetic background device connectivity.,
REL-0815762,Device,DEV-031193,CONNECTED_TO,Device,DEV-031194,,MEDIUM,SYNTHETIC,,,true,Synthetic background device connectivity.,
REL-0816369,Person,PER-022857,ASSOCIATED_WITH,Organization,ORG-04951,,MEDIUM,SYNTHETIC,,,true,Synthetic background association.,
REL-0817548,Phone,PH-021375,CONNECTED_TO,Phone,PH-021376,,MEDIUM,SYNTHETIC,,,true,Synthetic background phone connectivity.,
REL-0817795,Device,DEV-002990,CONNECTED_TO,Device,DEV-002991,,MEDIUM,SYNTHETIC,,,true,Synthetic background device connectivity.,
REL-0817945,Phone,PH-017379,CONNECTED_TO,Phone,PH-017380,,MEDIUM,SYNTHETIC,,,true,Synthetic background phone connectivity.,
REL-0818148,Person,PER-035454,ASSOCIATED_WITH,Organization,ORG-01122,,MEDIUM,SYNTHETIC,,,true,Synthetic background association.,
REL-0818353,Phone,PH-014885,CONNECTED_TO,Phone,PH-014886,,MEDIUM,SYNTHETIC,,,true,Synthetic background phone connectivity.,
REL-0818514,Phone,PH-014759,CONNECTED_TO,Phone,PH-014760,,MEDIUM,SYNTHETIC,,,true,Synthetic background phone connectivity.,
REL-0818522,Device,DEV-032274,CONNECTED_TO,Device,DEV-032275,,MEDIUM,SYNTHETIC,,,true,Synthetic background device connectivity.,
REL-0819024,Person,PER-028278,ASSOCIATED_WITH,Organization,ORG-02308,,MEDIUM,SYNTHETIC,,,true,Synthetic background association.,
REL-0819757,Device,DEV-006422,CONNECTED_TO,Device,DEV-006423,,MEDIUM,SYNTHETIC,,,true,Synthetic background device connectivity.,
REL-0819786,Device,DEV-023618,CONNECTED_TO,Device,DEV-023619,,MEDIUM,SYNTHETIC,,,true,Synthetic background device connectivity.,
REL-0819924,Phone,PH-031609,CONNECTED_TO,Phone,PH-031610,,MEDIUM,SYNTHETIC,,,true,Synthetic background phone connectivity.,
REL-0820527,Device,DEV-034754,CONNECTED_TO,Device,DEV-034755,,MEDIUM,SYNTHETIC,,,true,Synthetic background device connectivity.,
REL-0821299,Person,PER-031219,ASSOCIATED_WITH,Organization,ORG-00435,,MEDIUM,SYNTHETIC,,,true,Synthetic background association.,
REL-0822125,Device,DEV-025052,CONNECTED_TO,Device,DEV-025053,,MEDIUM,SYNTHETIC,,,true,Synthetic background device connectivity.,
REL-0822406,Device,DEV-034413,CONNECTED_TO,Device,DEV-034414,,MEDIUM,SYNTHETIC,,,true,Synthetic background device connectivity.,
REL-0822543,Device,DEV-021067,CONNECTED_TO,Device,DEV-021068,,MEDIUM,SYNTHETIC,,,true,Synthetic background device connectivity.,
REL-0822663,Device,DEV-030843,CONNECTED_TO,Device,DEV-030844,,MEDIUM,SYNTHETIC,,,true,Synthetic background device connectivity.,
REL-0823140,Phone,PH-029454,CONNECTED_TO,Phone,PH-029455,,MEDIUM,SYNTHETIC,,,true,Synthetic background phone connectivity.,
REL-0823310,Device,DEV-030343,CONNECTED_TO,Device,DEV-030344,,MEDIUM,SYNTHETIC,,,true,Synthetic background device connectivity.,
REL-0823427,Person,PER-021845,ASSOCIATED_WITH,Organization,ORG-00237,,MEDIUM,SYNTHETIC,,,true,Synthetic background association.,
REL-0823554,Phone,PH-015764,CONNECTED_TO,Phone,PH-015765,,MEDIUM,SYNTHETIC,,,true,Synthetic background phone connectivity.,
REL-0823853,Phone,PH-009119,CONNECTED_TO,Phone,PH-009120,,MEDIUM,SYNTHETIC,,,true,Synthetic background phone connectivity.,
REL-0823987,Device,DEV-004113,CONNECTED_TO,Device,DEV-004114,,MEDIUM,SYNTHETIC,,,true,Synthetic background device connectivity.,
REL-0823991,Person,PER-018958,ASSOCIATED_WITH,Organization,ORG-02931,,MEDIUM,SYNTHETIC,,,true,Synthetic background association.,
REL-0824226,Phone,PH-020354,CONNECTED_TO,Phone,PH-020355,,MEDIUM,SYNTHETIC,,,true,Synthetic background phone connectivity.,
REL-0824822,Phone,PH-021378,CONNECTED_TO,Phone,PH-021379,,MEDIUM,SYNTHETIC,,,true,Synthetic background phone connectivity.,
REL-0825112,Device,DEV-031231,CONNECTED_TO,Device,DEV-031232,,MEDIUM,SYNTHETIC,,,true,Synthetic background device connectivity.,
REL-0825290,Device,DEV-032974,CONNECTED_TO,Device,DEV-032975,,MEDIUM,SYNTHETIC,,,true,Synthetic background device connectivity.,
REL-0825409,Device,DEV-021118,CONNECTED_TO,Device,DEV-021119,,MEDIUM,SYNTHETIC,,,true,Synthetic background device connectivity.,
REL-0825487,Device,DEV-027406,CONNECTED_TO,Device,DEV-027407,,MEDIUM,SYNTHETIC,,,true,Synthetic background device connectivity.,
REL-0826608,Device,DEV-014174,CONNECTED_TO,Device,DEV-014175,,MEDIUM,SYNTHETIC,,,true,Synthetic background device connectivity.,
REL-0826747,Phone,PH-033378,CONNECTED_TO,Phone,PH-033379,,MEDIUM,SYNTHETIC,,,true,Synthetic background phone connectivity.,
REL-0826986,Phone,PH-002162,CONNECTED_TO,Phone,PH-002163,,MEDIUM,SYNTHETIC,,,true,Synthetic background phone connectivity.,
REL-0827101,Device,DEV-014099,CONNECTED_TO,Device,DEV-014100,,MEDIUM,SYNTHETIC,,,true,Synthetic background device connectivity.,
REL-0827536,Device,DEV-005219,CONNECTED_TO,Device,DEV-005220,,MEDIUM,SYNTHETIC,,,true,Synthetic background device connectivity.,
REL-0827570,Device,DEV-001020,CONNECTED_TO,Device,DEV-001021,,MEDIUM,SYNTHETIC,,,true,Synthetic background device connectivity.,
REL-0827818,Phone,PH-006519,CONNECTED_TO,Phone,PH-006520,,MEDIUM,SYNTHETIC,,,true,Synthetic background phone connectivity.,
REL-0827823,Device,DEV-006617,CONNECTED_TO,Device,DEV-006618,,MEDIUM,SYNTHETIC,,,true,Synthetic background device connectivity.,
REL-0827944,Device,DEV-030344,CONNECTED_TO,Device,DEV-030345,,MEDIUM,SYNTHETIC,,,true,Synthetic background device connectivity.,
REL-0829141,Person,PER-013915,OWNS,Vehicle,VEH-009355,,MEDIUM,SYNTHETIC,,,true,Synthetic background typed relationship.,
REL-0829228,Person,PER-008509,LOCATED_AT,Location,LOC-006608,,MEDIUM,SYNTHETIC,,,true,Synthetic background typed relationship.,
REL-0829454,Person,PER-047176,OWNS,Account,ACC-002848,,MEDIUM,SYNTHETIC,,,true,Synthetic background typed relationship.,
REL-0829607,Person,PER-001968,USES,Device,DEV-034639,,MEDIUM,SYNTHETIC,,,true,Synthetic background typed relationship.,
REL-0829681,Person,PER-045503,LOCATED_AT,Location,LOC-003668,,MEDIUM,SYNTHETIC,,,true,Synthetic background typed relationship.,
REL-0829948,Person,PER-009515,USES,Device,DEV-027427,,MEDIUM,SYNTHETIC,,,true,Synthetic background typed relationship.,
REL-0830214,Person,PER-043439,OWNS,Account,ACC-022463,,MEDIUM,SYNTHETIC,,,true,Synthetic background typed relationship.,
REL-0830400,Person,PER-007437,OWNS,Vehicle,VEH-007857,,MEDIUM,SYNTHETIC,,,true,Synthetic background typed relationship.,
REL-0830585,Person,PER-028447,WORKS_FOR,Organization,ORG-00436,,MEDIUM,SYNTHETIC,,,true,Synthetic background typed relationship.,
REL-0830845,Person,PER-028283,USES,Device,DEV-031193,,MEDIUM,SYNTHETIC,,,true,Synthetic background typed relationship.,
REL-0830854,Person,PER-044882,OWNS,Vehicle,VEH-013655,,MEDIUM,SYNTHETIC,,,true,Synthetic background typed relationship.,
REL-0830932,Person,PER-002304,WORKS_FOR,Organization,ORG-04732,,MEDIUM,SYNTHETIC,,,true,Synthetic background typed relationship.,
REL-0830945,Person,PER-002100,USES,Phone,PH-005467,,MEDIUM,SYNTHETIC,,,true,Synthetic background typed relationship.,
REL-0831377,Person,PER-030156,OWNS,Account,ACC-000324,,MEDIUM,SYNTHETIC,,,true,Synthetic background typed relationship.,
REL-0831459,Person,PER-018101,LOCATED_AT,Location,LOC-003490,,MEDIUM,SYNTHETIC,,,true,Synthetic background typed relationship.,
REL-0831833,Person,PER-029006,OWNS,Vehicle,VEH-012182,,MEDIUM,SYNTHETIC,,,true,Synthetic background typed relationship.,
REL-0831853,Person,PER-013119,LOCATED_AT,Location,LOC-004659,,MEDIUM,SYNTHETIC,,,true,Synthetic background typed relationship.,
REL-0832002,Person,PER-000963,OWNS,Vehicle,VEH-002324,,MEDIUM,SYNTHETIC,,,true,Synthetic background typed relationship.,
REL-0832007,Person,PER-019730,LOCATED_AT,Location,LOC-003691,,MEDIUM,SYNTHETIC,,,true,Synthetic background typed relationship.,
REL-0832087,Person,PER-022852,LOCATED_AT,Location,LOC-009980,,MEDIUM,SYNTHETIC,,,true,Synthetic background typed relationship.,
REL-0832089,Person,PER-025254,USES,Phone,PH-002163,,MEDIUM,SYNTHETIC,,,true,Synthetic background typed relationship.,
REL-0832182,Person,PER-023945,USES,Phone,PH-022544,,MEDIUM,SYNTHETIC,,,true,Synthetic background typed relationship.,
REL-0832278,Person,PER-028815,LOCATED_AT,Location,LOC-005411,,MEDIUM,SYNTHETIC,,,true,Synthetic background typed relationship.,
REL-0832407,Person,PER-006463,LOCATED_AT,Location,LOC-000712,,MEDIUM,SYNTHETIC,,,true,Synthetic background typed relationship.,
REL-0832454,Person,PER-013122,USES,Device,DEV-025051,,MEDIUM,SYNTHETIC,,,true,Synthetic background typed relationship.,
REL-0832731,Person,PER-047406,USES,Device,DEV-024221,,MEDIUM,SYNTHETIC,,,true,Synthetic background typed relationship.,
REL-0832828,Person,PER-000910,OWNS,Vehicle,VEH-010137,,MEDIUM,SYNTHETIC,,,true,Synthetic background typed relationship.,
REL-0832969,Person,PER-004194,OWNS,Vehicle,VEH-000295,,MEDIUM,SYNTHETIC,,,true,Synthetic background typed relationship.,
REL-0833198,Person,PER-023067,LOCATED_AT,Location,LOC-001251,,MEDIUM,SYNTHETIC,,,true,Synthetic background typed relationship.,
REL-0834015,Person,PER-027179,USES,Device,DEV-004949,,MEDIUM,SYNTHETIC,,,true,Synthetic background typed relationship.,
REL-0834305,Person,PER-021869,USES,Phone,PH-021379,,MEDIUM,SYNTHETIC,,,true,Synthetic background typed relationship.,
REL-0834604,Person,PER-021664,LOCATED_AT,Location,LOC-008679,,MEDIUM,SYNTHETIC,,,true,Synthetic background typed relationship.,
REL-0834681,Person,PER-017239,USES,Device,DEV-014174,,MEDIUM,SYNTHETIC,,,true,Synthetic background typed relationship.,
REL-0835421,Person,PER-005214,OWNS,Account,ACC-020137,,MEDIUM,SYNTHETIC,,,true,Synthetic background typed relationship.,
REL-0835479,Person,PER-019375,OWNS,Account,ACC-011807,,MEDIUM,SYNTHETIC,,,true,Synthetic background typed relationship.,
REL-0835684,Person,PER-015909,OWNS,Account,ACC-025077,,MEDIUM,SYNTHETIC,,,true,Synthetic background typed relationship.,
REL-0835685,Person,PER-001281,OWNS,Vehicle,VEH-003235,,MEDIUM,SYNTHETIC,,,true,Synthetic background typed relationship.,
REL-0836641,Person,PER-040291,LOCATED_AT,Location,LOC-000572,,MEDIUM,SYNTHETIC,,,true,Synthetic background typed relationship.,
REL-0836913,Person,PER-029421,USES,Phone,PH-024970,,MEDIUM,SYNTHETIC,,,true,Synthetic background typed relationship.,
REL-0836918,Person,PER-028283,OWNS,Vehicle,VEH-007589,,MEDIUM,SYNTHETIC,,,true,Synthetic background typed relationship.,
REL-0836949,Person,PER-007249,OWNS,Vehicle,VEH-006869,,MEDIUM,SYNTHETIC,,,true,Synthetic background typed relationship.,
REL-0837287,Person,PER-032255,LOCATED_AT,Location,LOC-000811,,MEDIUM,SYNTHETIC,,,true,Synthetic background typed relationship.,
REL-0837355,Person,PER-035853,LOCATED_AT,Location,LOC-005394,,MEDIUM,SYNTHETIC,,,true,Synthetic background typed relationship.,
REL-0837373,Person,PER-019248,OWNS,Vehicle,VEH-002223,,MEDIUM,SYNTHETIC,,,true,Synthetic background typed relationship.,
REL-0837498,Person,PER-027182,OWNS,Vehicle,VEH-001350,,MEDIUM,SYNTHETIC,,,true,Synthetic background typed relationship.,
REL-0837592,Person,PER-008643,USES,Device,DEV-020518,,MEDIUM,SYNTHETIC,,,true,Synthetic background typed relationship.,
REL-0837940,Person,PER-007116,USES,Device,DEV-021068,,MEDIUM,SYNTHETIC,,,true,Synthetic background typed relationship.,
REL-0838040,Person,PER-006259,USES,Phone,PH-009798,,MEDIUM,SYNTHETIC,,,true,Synthetic background typed relationship.,
REL-0838361,Person,PER-039180,LOCATED_AT,Location,LOC-003691,,MEDIUM,SYNTHETIC,,,true,Synthetic background typed relationship.,
REL-0838613,Person,PER-047148,USES,Phone,PH-021379,,MEDIUM,SYNTHETIC,,,true,Synthetic background typed relationship.,
REL-0838705,Person,PER-026680,LOCATED_AT,Location,LOC-005579,,MEDIUM,SYNTHETIC,,,true,Synthetic background typed relationship.,
REL-0839196,Person,PER-003235,OWNS,Vehicle,VEH-012146,,MEDIUM,SYNTHETIC,,,true,Synthetic background typed relationship.,
REL-0839530,Person,PER-030358,OWNS,Vehicle,VEH-002223,,MEDIUM,SYNTHETIC,,,true,Synthetic background typed relationship.,
REL-0839702,Person,PER-004742,OWNS,Account,ACC-028020,,MEDIUM,SYNTHETIC,,,true,Synthetic background typed relationship.,
REL-0839899,Person,PER-045648,LOCATED_AT,Location,LOC-003606,,MEDIUM,SYNTHETIC,,,true,Synthetic background typed relationship.,
REL-0839935,Person,PER-023844,LOCATED_AT,Location,LOC-003767,,MEDIUM,SYNTHETIC,,,true,Synthetic background typed relationship.,
REL-0840271,Person,PER-011970,LOCATED_AT,Location,LOC-004983,,MEDIUM,SYNTHETIC,,,true,Synthetic background typed relationship.,
REL-0840574,Person,PER-023945,WORKS_FOR,Organization,ORG-03446,,MEDIUM,SYNTHETIC,,,true,Synthetic background typed relationship.,
REL-0840588,Person,PER-009651,USES,Device,DEV-008541,,MEDIUM,SYNTHETIC,,,true,Synthetic background typed relationship.,
REL-0840745,Person,PER-048348,OWNS,Vehicle,VEH-008945,,MEDIUM,SYNTHETIC,,,true,Synthetic background typed relationship.,
REL-0840783,Person,PER-041855,USES,Device,DEV-008541,,MEDIUM,SYNTHETIC,,,true,Synthetic background typed relationship.,
REL-0840784,Person,PER-010484,USES,Device,DEV-020312,,MEDIUM,SYNTHETIC,,,true,Synthetic background typed relationship.,
REL-0840794,Person,PER-047594,USES,Device,DEV-019273,,MEDIUM,SYNTHETIC,,,true,Synthetic background typed relationship.,
REL-0840985,Person,PER-003241,USES,Phone,PH-011073,,MEDIUM,SYNTHETIC,,,true,Synthetic background typed relationship.,
REL-0841052,Person,PER-040526,LOCATED_AT,Location,LOC-008029,,MEDIUM,SYNTHETIC,,,true,Synthetic background typed relationship.,
REL-0841134,Person,PER-010137,USES,Device,DEV-008556,,MEDIUM,SYNTHETIC,,,true,Synthetic background typed relationship.,
REL-0841403,Person,PER-024259,LOCATED_AT,Location,LOC-003668,,MEDIUM,SYNTHETIC,,,true,Synthetic background typed relationship.,
REL-0841455,Person,PER-009108,OWNS,Vehicle,VEH-003950,,MEDIUM,SYNTHETIC,,,true,Synthetic background typed relationship.,
REL-0841743,Person,PER-042557,LOCATED_AT,Location,LOC-005579,,MEDIUM,SYNTHETIC,,,true,Synthetic background typed relationship.,
REL-0841806,Person,PER-003235,USES,Phone,PH-012417,,MEDIUM,SYNTHETIC,,,true,Synthetic background typed relationship.,
REL-0841874,Person,PER-028447,OWNS,Vehicle,VEH-012683,,MEDIUM,SYNTHETIC,,,true,Synthetic background typed relationship.,
REL-0841914,Person,PER-021365,OWNS,Vehicle,VEH-001212,,MEDIUM,SYNTHETIC,,,true,Synthetic background typed relationship.,
REL-0842522,Person,PER-039272,LOCATED_AT,Location,LOC-008896,,MEDIUM,SYNTHETIC,,,true,Synthetic background typed relationship.,
REL-0842533,Person,PER-006463,USES,Device,DEV-012099,,MEDIUM,SYNTHETIC,,,true,Synthetic background typed relationship.,
REL-0842676,Person,PER-038732,LOCATED_AT,Location,LOC-002924,,MEDIUM,SYNTHETIC,,,true,Synthetic background typed relationship.,
REL-0842803,Person,PER-000862,USES,Device,DEV-031231,,MEDIUM,SYNTHETIC,,,true,Synthetic background typed relationship.,
REL-0842806,Person,PER-032413,OWNS,Vehicle,VEH-006845,,MEDIUM,SYNTHETIC,,,true,Synthetic background typed relationship.,
REL-0842973,Person,PER-028450,OWNS,Vehicle,VEH-003394,,MEDIUM,SYNTHETIC,,,true,Synthetic background typed relationship.,
REL-0843269,Person,PER-038827,USES,Device,DEV-034754,,MEDIUM,SYNTHETIC,,,true,Synthetic background typed relationship.,
REL-0843531,Person,PER-021666,LOCATED_AT,Location,LOC-004989,,MEDIUM,SYNTHETIC,,,true,Synthetic background typed relationship.,
REL-0843535,Person,PER-033329,OWNS,Vehicle,VEH-004375,,MEDIUM,SYNTHETIC,,,true,Synthetic background typed relationship.,
REL-0843667,Person,PER-031219,LOCATED_AT,Location,LOC-009958,,MEDIUM,SYNTHETIC,,,true,Synthetic background typed relationship.,
REL-0843760,Person,PER-008435,USES,Phone,PH-006693,,MEDIUM,SYNTHETIC,,,true,Synthetic background typed relationship.,
REL-0843762,Person,PER-007236,USES,Device,DEV-009931,,MEDIUM,SYNTHETIC,,,true,Synthetic background typed relationship.,
REL-0844016,Person,PER-010919,LOCATED_AT,Location,LOC-001352,,MEDIUM,SYNTHETIC,,,true,Synthetic background typed relationship.,
REL-0844328,Person,PER-029592,USES,Device,DEV-020375,,MEDIUM,SYNTHETIC,,,true,Synthetic background typed relationship.,
REL-0844411,Person,PER-011024,OWNS,Vehicle,VEH-006463,,MEDIUM,SYNTHETIC,,,true,Synthetic background typed relationship.,
REL-0844455,Person,PER-010857,OWNS,Vehicle,VEH-013278,,MEDIUM,SYNTHETIC,,,true,Synthetic background typed relationship.,
REL-0844507,Person,PER-007245,OWNS,Account,ACC-002699,,MEDIUM,SYNTHETIC,,,true,Synthetic background typed relationship.,
REL-0844522,Person,PER-020608,LOCATED_AT,Location,LOC-007251,,MEDIUM,SYNTHETIC,,,true,Synthetic background typed relationship.,
REL-0844790,Person,PER-016007,USES,Phone,PH-000044,,MEDIUM,SYNTHETIC,,,true,Synthetic background typed relationship.,
REL-0845088,Person,PER-043326,LOCATED_AT,Location,LOC-007711,,MEDIUM,SYNTHETIC,,,true,Synthetic background typed relationship.,
REL-0845297,Person,PER-013351,LOCATED_AT,Location,LOC-005881,,MEDIUM,SYNTHETIC,,,true,Synthetic background typed relationship.,
REL-0845314,Person,PER-013520,USES,Device,DEV-007068,,MEDIUM,SYNTHETIC,,,true,Synthetic background typed relationship.,
REL-0845724,Person,PER-035465,USES,Device,DEV-030159,,MEDIUM,SYNTHETIC,,,true,Synthetic background typed relationship.,
REL-0845748,Person,PER-019689,OWNS,Account,ACC-017567,,MEDIUM,SYNTHETIC,,,true,Synthetic background typed relationship.,
REL-0845916,Person,PER-023777,LOCATED_AT,Location,LOC-001301,,MEDIUM,SYNTHETIC,,,true,Synthetic background typed relationship.,
REL-0845938,Person,PER-048003,LOCATED_AT,Location,LOC-006699,,MEDIUM,SYNTHETIC,,,true,Synthetic background typed relationship.,
REL-0845995,Person,PER-034355,OWNS,Vehicle,VEH-005106,,MEDIUM,SYNTHETIC,,,true,Synthetic background typed relationship.,
REL-0846847,Person,PER-023373,OWNS,Vehicle,VEH-006991,,MEDIUM,SYNTHETIC,,,true,Synthetic background typed relationship.,
REL-0846891,Person,PER-017239,OWNS,Account,ACC-013910,,MEDIUM,SYNTHETIC,,,true,Synthetic background typed relationship.,
REL-0846968,Person,PER-000346,USES,Device,DEV-030844,,MEDIUM,SYNTHETIC,,,true,Synthetic background typed relationship.,
REL-0847176,Person,PER-001079,LOCATED_AT,Location,LOC-002382,,MEDIUM,SYNTHETIC,,,true,Synthetic background typed relationship.,
REL-0847243,Person,PER-049267,LOCATED_AT,Location,LOC-000795,,MEDIUM,SYNTHETIC,,,true,Synthetic background typed relationship.,
REL-0847372,Person,PER-027179,USES,Device,DEV-030344,,MEDIUM,SYNTHETIC,,,true,Synthetic background typed relationship.,
REL-0847410,Person,PER-007236,USES,Phone,PH-013960,,MEDIUM,SYNTHETIC,,,true,Synthetic background typed relationship.,
REL-0847485,Person,PER-044938,LOCATED_AT,Location,LOC-001440,,MEDIUM,SYNTHETIC,,,true,Synthetic background typed relationship.,
REL-0847577,Person,PER-009628,LOCATED_AT,Location,LOC-004983,,MEDIUM,SYNTHETIC,,,true,Synthetic background typed relationship.,
REL-0847729,Person,PER-046394,OWNS,Vehicle,VEH-006991,,MEDIUM,SYNTHETIC,,,true,Synthetic background typed relationship.,
REL-0847897,Person,PER-007064,OWNS,Vehicle,VEH-011667,,MEDIUM,SYNTHETIC,,,true,Synthetic background typed relationship.,
REL-0848089,Person,PER-046054,OWNS,Vehicle,VEH-003233,,MEDIUM,SYNTHETIC,,,true,Synthetic background typed relationship.,
REL-0848191,Person,PER-010296,LOCATED_AT,Location,LOC-006608,,MEDIUM,SYNTHETIC,,,true,Synthetic background typed relationship.,
REL-0848276,Person,PER-029806,USES,Phone,PH-024697,,MEDIUM,SYNTHETIC,,,true,Synthetic background typed relationship.,
REL-0848442,Person,PER-049031,LOCATED_AT,Location,LOC-003069,,MEDIUM,SYNTHETIC,,,true,Synthetic background typed relationship.,
REL-0848580,Person,PER-036994,LOCATED_AT,Location,LOC-005474,,MEDIUM,SYNTHETIC,,,true,Synthetic background typed relationship.,
REL-0848637,Person,PER-048208,OWNS,Account,ACC-000135,,MEDIUM,SYNTHETIC,,,true,Synthetic background typed relationship.,
REL-0848857,Person,PER-042784,OWNS,Account,ACC-008869,,MEDIUM,SYNTHETIC,,,true,Synthetic background typed relationship.,
REL-0849232,Person,PER-028450,WORKS_FOR,Organization,ORG-00757,,MEDIUM,SYNTHETIC,,,true,Synthetic background typed relationship.,
REL-0849290,Person,PER-018958,USES,Phone,PH-032658,,MEDIUM,SYNTHETIC,,,true,Synthetic background typed relationship.,
REL-0849426,Person,PER-024598,OWNS,Vehicle,VEH-011667,,MEDIUM,SYNTHETIC,,,true,Synthetic background typed relationship.,
REL-0849511,Person,PER-014105,OWNS,Vehicle,VEH-005423,,MEDIUM,SYNTHETIC,,,true,Synthetic background typed relationship.,
REL-0849592,Person,PER-021723,USES,Phone,PH-012599,,MEDIUM,SYNTHETIC,,,true,Synthetic background typed relationship.,
REL-0849594,Person,PER-035061,USES,Phone,PH-000476,,MEDIUM,SYNTHETIC,,,true,Synthetic background typed relationship.,
REL-0849760,Person,PER-039547,LOCATED_AT,Location,LOC-000175,,MEDIUM,SYNTHETIC,,,true,Synthetic background typed relationship.,
REL-0849801,Person,PER-042405,OWNS,Vehicle,VEH-000921,,MEDIUM,SYNTHETIC,,,true,Synthetic background typed relationship.,
REL-0850229,Person,PER-028498,USES,Device,DEV-012847,,MEDIUM,SYNTHETIC,,,true,Synthetic background typed relationship.,
REL-0850402,Person,PER-038414,USES,Device,DEV-021119,,MEDIUM,SYNTHETIC,,,true,Synthetic background typed relationship.,
REL-0850505,Person,PER-027182,USES,Device,DEV-007960,,MEDIUM,SYNTHETIC,,,true,Synthetic background typed relationship.,
REL-0850630,Person,PER-042058,OWNS,Account,ACC-007700,,MEDIUM,SYNTHETIC,,,true,Synthetic background typed relationship.,
REL-0850910,Person,PER-013383,LOCATED_AT,Location,LOC-000712,,MEDIUM,SYNTHETIC,,,true,Synthetic background typed relationship.,
REL-0851175,Person,PER-009628,OWNS,Vehicle,VEH-000456,,MEDIUM,SYNTHETIC,,,true,Synthetic background typed relationship.,
REL-0851335,Person,PER-009908,OWNS,Account,ACC-029568,,MEDIUM,SYNTHETIC,,,true,Synthetic background typed relationship.,
REL-0851336,Person,PER-007245,LOCATED_AT,Location,LOC-004699,,MEDIUM,SYNTHETIC,,,true,Synthetic background typed relationship.,
REL-0851939,Person,PER-006463,USES,Phone,PH-011073,,MEDIUM,SYNTHETIC,,,true,Synthetic background typed relationship.,
REL-0852148,Person,PER-038053,USES,Phone,PH-021726,,MEDIUM,SYNTHETIC,,,true,Synthetic background typed relationship.,
REL-0852149,Person,PER-024995,OWNS,Account,ACC-028994,,MEDIUM,SYNTHETIC,,,true,Synthetic background typed relationship.,
REL-0852422,Person,PER-036310,USES,Device,DEV-034754,,MEDIUM,SYNTHETIC,,,true,Synthetic background typed relationship.,
REL-0852709,Person,PER-018958,LOCATED_AT,Location,LOC-003490,,MEDIUM,SYNTHETIC,,,true,Synthetic background typed relationship.,
REL-0852790,Person,PER-049317,OWNS,Vehicle,VEH-010682,,MEDIUM,SYNTHETIC,,,true,Synthetic background typed relationship.,
REL-0852865,Person,PER-008487,LOCATED_AT,Location,LOC-005579,,MEDIUM,SYNTHETIC,,,true,Synthetic background typed relationship.,
REL-0852921,Person,PER-015341,USES,Phone,PH-008524,,MEDIUM,SYNTHETIC,,,true,Synthetic background typed relationship.,
REL-0853066,Person,PER-019402,USES,Phone,PH-016178,,MEDIUM,SYNTHETIC,,,true,Synthetic background typed relationship.,
REL-0853107,Person,PER-003816,USES,Phone,PH-002163,,MEDIUM,SYNTHETIC,,,true,Synthetic background typed relationship.,
REL-0853362,Person,PER-025745,USES,Phone,PH-026468,,MEDIUM,SYNTHETIC,,,true,Synthetic background typed relationship.,
REL-0853420,Person,PER-037812,OWNS,Vehicle,VEH-010854,,MEDIUM,SYNTHETIC,,,true,Synthetic background typed relationship.,
REL-0853784,Person,PER-009606,USES,Phone,PH-033163,,MEDIUM,SYNTHETIC,,,true,Synthetic background typed relationship.,
REL-0853934,Person,PER-021845,OWNS,Vehicle,VEH-013655,,MEDIUM,SYNTHETIC,,,true,Synthetic background typed relationship.,
REL-0854052,Person,PER-023322,LOCATED_AT,Location,LOC-009958,,MEDIUM,SYNTHETIC,,,true,Synthetic background typed relationship.,
REL-0854104,Person,PER-021814,OWNS,Vehicle,VEH-003958,,MEDIUM,SYNTHETIC,,,true,Synthetic background typed relationship.,
REL-0854257,Person,PER-031184,USES,Phone,PH-006958,,MEDIUM,SYNTHETIC,,,true,Synthetic background typed relationship.,
REL-0854584,Person,PER-033254,OWNS,Vehicle,VEH-003950,,MEDIUM,SYNTHETIC,,,true,Synthetic background typed relationship.,
REL-0854658,Person,PER-003068,LOCATED_AT,Location,LOC-007711,,MEDIUM,SYNTHETIC,,,true,Synthetic background typed relationship.,
REL-0854797,Person,PER-021096,OWNS,Account,ACC-000135,,MEDIUM,SYNTHETIC,,,true,Synthetic background typed relationship.,
REL-0855029,Person,PER-010137,USES,Phone,PH-011524,,MEDIUM,SYNTHETIC,,,true,Synthetic background typed relationship.,
REL-0855113,Person,PER-036895,OWNS,Vehicle,VEH-007857,,MEDIUM,SYNTHETIC,,,true,Synthetic background typed relationship.,
REL-0855134,Person,PER-019375,OWNS,Account,ACC-020475,,MEDIUM,SYNTHETIC,,,true,Synthetic background typed relationship.,
REL-0855281,Person,PER-032891,OWNS,Account,ACC-012907,,MEDIUM,SYNTHETIC,,,true,Synthetic background typed relationship.,
REL-0855425,Person,PER-035454,USES,Phone,PH-016178,,MEDIUM,SYNTHETIC,,,true,Synthetic background typed relationship.,
REL-0855550,Person,PER-019600,USES,Device,DEV-034754,,MEDIUM,SYNTHETIC,,,true,Synthetic background typed relationship.,
REL-0855563,Person,PER-021228,LOCATED_AT,Location,LOC-007251,,MEDIUM,SYNTHETIC,,,true,Synthetic background typed relationship.,
REL-0855656,Person,PER-017223,LOCATED_AT,Location,LOC-005881,,MEDIUM,SYNTHETIC,,,true,Synthetic background typed relationship.,
REL-0856189,Person,PER-029521,USES,Phone,PH-014810,,MEDIUM,SYNTHETIC,,,true,Synthetic background typed relationship.,
REL-0856703,Person,PER-005722,LOCATED_AT,Location,LOC-000111,,MEDIUM,SYNTHETIC,,,true,Synthetic background typed relationship.,
REL-0856880,Person,PER-028494,WORKS_FOR,Organization,ORG-00075,,MEDIUM,SYNTHETIC,,,true,Synthetic background typed relationship.,
REL-0856901,Person,PER-005812,LOCATED_AT,Location,LOC-009980,,MEDIUM,SYNTHETIC,,,true,Synthetic background typed relationship.,
REL-0857108,Person,PER-012407,OWNS,Vehicle,VEH-003795,,MEDIUM,SYNTHETIC,,,true,Synthetic background typed relationship.,
REL-0857784,Person,PER-045183,LOCATED_AT,Location,LOC-000712,,MEDIUM,SYNTHETIC,,,true,Synthetic background typed relationship.,
REL-0858159,Person,PER-028074,LOCATED_AT,Location,LOC-004703,,MEDIUM,SYNTHETIC,,,true,Synthetic background typed relationship.,
REL-0858214,Person,PER-004351,USES,Device,DEV-006236,,MEDIUM,SYNTHETIC,,,true,Synthetic background typed relationship.,
REL-0858239,Person,PER-011449,OWNS,Account,ACC-026691,,MEDIUM,SYNTHETIC,,,true,Synthetic background typed relationship.,
REL-0858466,Person,PER-002571,LOCATED_AT,Location,LOC-001301,,MEDIUM,SYNTHETIC,,,true,Synthetic background typed relationship.,
REL-0858646,Person,PER-035018,USES,Device,DEV-020518,,MEDIUM,SYNTHETIC,,,true,Synthetic background typed relationship.,
REL-0858793,Person,PER-007236,USES,Device,DEV-032975,,MEDIUM,SYNTHETIC,,,true,Synthetic background typed relationship.,
REL-0858986,Person,PER-013425,LOCATED_AT,Location,LOC-004983,,MEDIUM,SYNTHETIC,,,true,Synthetic background typed relationship.,
REL-0859425,Person,PER-038865,USES,Phone,PH-025856,,MEDIUM,SYNTHETIC,,,true,Synthetic background typed relationship.,
REL-0859577,Person,PER-021539,LOCATED_AT,Location,LOC-006867,,MEDIUM,SYNTHETIC,,,true,Synthetic background typed relationship.,
REL-0859738,Person,PER-026588,OWNS,Account,ACC-029730,,MEDIUM,SYNTHETIC,,,true,Synthetic background typed relationship.,
REL-0859897,Person,PER-041224,OWNS,Vehicle,VEH-009459,,MEDIUM,SYNTHETIC,,,true,Synthetic background typed relationship.,
REL-0859991,Person,PER-008534,LOCATED_AT,Location,LOC-005579,,MEDIUM,SYNTHETIC,,,true,Synthetic background typed relationship.,
REL-0860312,Person,PER-035465,USES,Phone,PH-003346,,MEDIUM,SYNTHETIC,,,true,Synthetic background typed relationship.,
REL-0860415,Person,PER-035454,USES,Device,DEV-006541,,MEDIUM,SYNTHETIC,,,true,Synthetic background typed relationship.,
REL-0860416,Person,PER-009651,LOCATED_AT,Location,LOC-002382,,MEDIUM,SYNTHETIC,,,true,Synthetic background typed relationship.,
REL-0860606,Person,PER-032742,OWNS,Account,ACC-013910,,MEDIUM,SYNTHETIC,,,true,Synthetic background typed relationship.,
REL-0860672,Person,PER-027179,WORKS_FOR,Organization,ORG-03908,,MEDIUM,SYNTHETIC,,,true,Synthetic background typed relationship.,
REL-0860916,Person,PER-025812,OWNS,Vehicle,VEH-006845,,MEDIUM,SYNTHETIC,,,true,Synthetic background typed relationship.,
REL-0860988,Person,PER-031219,WORKS_FOR,Organization,ORG-01543,,MEDIUM,SYNTHETIC,,,true,Synthetic background typed relationship.,
REL-0861014,Person,PER-002070,OWNS,Vehicle,VEH-004310,,MEDIUM,SYNTHETIC,,,true,Synthetic background typed relationship.,
REL-0861194,Person,PER-036708,OWNS,Account,ACC-005025,,MEDIUM,SYNTHETIC,,,true,Synthetic background typed relationship.,
REL-0861638,Person,PER-039726,USES,Device,DEV-000531,,MEDIUM,SYNTHETIC,,,true,Synthetic background typed relationship.,
REL-0861745,Person,PER-045610,USES,Phone,PH-011073,,MEDIUM,SYNTHETIC,,,true,Synthetic background typed relationship.,
REL-0861863,Person,PER-011343,USES,Device,DEV-025839,,MEDIUM,SYNTHETIC,,,true,Synthetic background typed relationship.,
REL-0862316,Person,PER-034003,LOCATED_AT,Location,LOC-009958,,MEDIUM,SYNTHETIC,,,true,Synthetic background typed relationship.,
REL-0862616,Person,PER-007236,USES,Phone,PH-022782,,MEDIUM,SYNTHETIC,,,true,Synthetic background typed relationship.,
REL-0862638,Person,PER-024949,USES,Device,DEV-007068,,MEDIUM,SYNTHETIC,,,true,Synthetic background typed relationship.,
REL-0862693,Person,PER-029521,USES,Device,DEV-026218,,MEDIUM,SYNTHETIC,,,true,Synthetic background typed relationship.,
REL-0862831,Person,PER-007673,USES,Device,DEV-031231,,MEDIUM,SYNTHETIC,,,true,Synthetic background typed relationship.,
REL-0862834,Person,PER-015477,LOCATED_AT,Location,LOC-004296,,MEDIUM,SYNTHETIC,,,true,Synthetic background typed relationship.,
REL-0863312,Person,PER-020106,OWNS,Account,ACC-027076,,MEDIUM,SYNTHETIC,,,true,Synthetic background typed relationship.,
REL-0864134,Person,PER-027931,OWNS,Vehicle,VEH-007589,,MEDIUM,SYNTHETIC,,,true,Synthetic background typed relationship.,
REL-0864145,Person,PER-000399,LOCATED_AT,Location,LOC-008222,,MEDIUM,SYNTHETIC,,,true,Synthetic background typed relationship.,
REL-0864532,Person,PER-012703,LOCATED_AT,Location,LOC-009197,,MEDIUM,SYNTHETIC,,,true,Synthetic background typed relationship.,
REL-0864639,Person,PER-038299,USES,Phone,PH-014809,,MEDIUM,SYNTHETIC,,,true,Synthetic background typed relationship.,
REL-0864719,Person,PER-023794,USES,Device,DEV-010937,,MEDIUM,SYNTHETIC,,,true,Synthetic background typed relationship.,
REL-0864861,Person,PER-019583,LOCATED_AT,Location,LOC-008948,,MEDIUM,SYNTHETIC,,,true,Synthetic background typed relationship.,
REL-0864919,Person,PER-024702,USES,Phone,PH-026778,,MEDIUM,SYNTHETIC,,,true,Synthetic background typed relationship.,
REL-0864940,Person,PER-012113,USES,Phone,PH-025176,,MEDIUM,SYNTHETIC,,,true,Synthetic background typed relationship.,
REL-0865188,Person,PER-003235,LOCATED_AT,Location,LOC-005579,,MEDIUM,SYNTHETIC,,,true,Synthetic background typed relationship.,
REL-0865320,Person,PER-000548,USES,Device,DEV-025053,,MEDIUM,SYNTHETIC,,,true,Synthetic background typed relationship.,
REL-0865434,Person,PER-009532,OWNS,Account,ACC-028994,,MEDIUM,SYNTHETIC,,,true,Synthetic background typed relationship.,
REL-0866493,Person,PER-020899,OWNS,Account,ACC-029454,,MEDIUM,SYNTHETIC,,,true,Synthetic background typed relationship.,
REL-0866599,Person,PER-018066,USES,Device,DEV-016220,,MEDIUM,SYNTHETIC,,,true,Synthetic background typed relationship.,
REL-0867231,Person,PER-037394,OWNS,Vehicle,VEH-003950,,MEDIUM,SYNTHETIC,,,true,Synthetic background typed relationship.,
REL-0867644,Person,PER-008677,LOCATED_AT,Location,LOC-006716,,MEDIUM,SYNTHETIC,,,true,Synthetic background typed relationship.,
REL-0867708,Person,PER-027846,OWNS,Vehicle,VEH-007857,,MEDIUM,SYNTHETIC,,,true,Synthetic background typed relationship.,
REL-0868482,Person,PER-044138,OWNS,Vehicle,VEH-009628,,MEDIUM,SYNTHETIC,,,true,Synthetic background typed relationship.,
REL-0868487,Person,PER-034996,USES,Device,DEV-021115,,MEDIUM,SYNTHETIC,,,true,Synthetic background typed relationship.,
REL-0868664,Person,PER-031212,WORKS_FOR,Organization,ORG-03060,,MEDIUM,SYNTHETIC,,,true,Synthetic background typed relationship.,
REL-0868669,Person,PER-031836,OWNS,Vehicle,VEH-001430,,MEDIUM,SYNTHETIC,,,true,Synthetic background typed relationship.,
REL-0868677,Person,PER-002324,USES,Device,DEV-032135,,MEDIUM,SYNTHETIC,,,true,Synthetic background typed relationship.,
REL-0868767,Person,PER-033842,OWNS,Account,ACC-029222,,MEDIUM,SYNTHETIC,,,true,Synthetic background typed relationship.,
REL-0868836,Person,PER-047594,LOCATED_AT,Location,LOC-002374,,MEDIUM,SYNTHETIC,,,true,Synthetic background typed relationship.,
REL-0868852,Person,PER-006443,USES,Device,DEV-006423,,MEDIUM,SYNTHETIC,,,true,Synthetic background typed relationship.,
REL-0868872,Person,PER-002324,USES,Phone,PH-024107,,MEDIUM,SYNTHETIC,,,true,Synthetic background typed relationship.,
REL-0869436,Person,PER-001849,USES,Device,DEV-021068,,MEDIUM,SYNTHETIC,,,true,Synthetic background typed relationship.,
REL-0869769,Person,PER-040570,USES,Phone,PH-003763,,MEDIUM,SYNTHETIC,,,true,Synthetic background typed relationship.,
REL-0869802,Person,PER-002324,OWNS,Account,ACC-009931,,MEDIUM,SYNTHETIC,,,true,Synthetic background typed relationship.,
REL-0869967,Person,PER-018075,OWNS,Vehicle,VEH-004375,,MEDIUM,SYNTHETIC,,,true,Synthetic background typed relationship.,
REL-0869998,Person,PER-047433,LOCATED_AT,Location,LOC-007231,,MEDIUM,SYNTHETIC,,,true,Synthetic background typed relationship.,
REL-0870031,Person,PER-019374,USES,Phone,PH-007197,,MEDIUM,SYNTHETIC,,,true,Synthetic background typed relationship.,
REL-0870228,Person,PER-033075,OWNS,Account,ACC-023236,,MEDIUM,SYNTHETIC,,,true,Synthetic background typed relationship.,
REL-0870236,Person,PER-039162,LOCATED_AT,Location,LOC-009197,,MEDIUM,SYNTHETIC,,,true,Synthetic background typed relationship.,
REL-0870609,Person,PER-009628,OWNS,Vehicle,VEH-009355,,MEDIUM,SYNTHETIC,,,true,Synthetic background typed relationship.,
REL-0870631,Person,PER-031194,OWNS,Account,ACC-012932,,MEDIUM,SYNTHETIC,,,true,Synthetic background typed relationship.,
REL-0870656,Person,PER-029505,OWNS,Vehicle,VEH-010131,,MEDIUM,SYNTHETIC,,,true,Synthetic background typed relationship.,
REL-0871263,Person,PER-025017,LOCATED_AT,Location,LOC-003069,,MEDIUM,SYNTHETIC,,,true,Synthetic background typed relationship.,
REL-0871513,Person,PER-018958,LOCATED_AT,Location,LOC-000175,,MEDIUM,SYNTHETIC,,,true,Synthetic background typed relationship.,
REL-0871576,Person,PER-009755,USES,Phone,PH-008899,,MEDIUM,SYNTHETIC,,,true,Synthetic background typed relationship.,
REL-0871651,Person,PER-042862,USES,Device,DEV-002990,,MEDIUM,SYNTHETIC,,,true,Synthetic background typed relationship.,
REL-0871701,Person,PER-003477,LOCATED_AT,Location,LOC-003563,,MEDIUM,SYNTHETIC,,,true,Synthetic background typed relationship.,
REL-0872398,Person,PER-006529,OWNS,Vehicle,VEH-000456,,MEDIUM,SYNTHETIC,,,true,Synthetic background typed relationship.,
REL-0872563,Person,PER-019350,USES,Phone,PH-002321,,MEDIUM,SYNTHETIC,,,true,Synthetic background typed relationship.,
REL-0872891,Person,PER-020106,OWNS,Vehicle,VEH-000761,,MEDIUM,SYNTHETIC,,,true,Synthetic background typed relationship.,
REL-0873071,Person,PER-030307,USES,Device,DEV-025971,,MEDIUM,SYNTHETIC,,,true,Synthetic background typed relationship.,
REL-0873110,Person,PER-009750,OWNS,Account,ACC-001157,,MEDIUM,SYNTHETIC,,,true,Synthetic background typed relationship.,
REL-0873492,Person,PER-007245,WORKS_FOR,Organization,ORG-00084,,MEDIUM,SYNTHETIC,,,true,Synthetic background typed relationship.,
REL-0873672,Person,PER-025076,OWNS,Vehicle,VEH-013494,,MEDIUM,SYNTHETIC,,,true,Synthetic background typed relationship.,
REL-0873706,Person,PER-030206,OWNS,Account,ACC-022166,,MEDIUM,SYNTHETIC,,,true,Synthetic background typed relationship.,
REL-0874147,Person,PER-031212,OWNS,Account,ACC-026425,,MEDIUM,SYNTHETIC,,,true,Synthetic background typed relationship.,
REL-0874391,Person,PER-018390,LOCATED_AT,Location,LOC-007371,,MEDIUM,SYNTHETIC,,,true,Synthetic background typed relationship.,
REL-0874434,Person,PER-021845,USES,Device,DEV-015295,,MEDIUM,SYNTHETIC,,,true,Synthetic background typed relationship.,
REL-0874535,Person,PER-002611,LOCATED_AT,Location,LOC-002382,,MEDIUM,SYNTHETIC,,,true,Synthetic background typed relationship.,
REL-0874537,Person,PER-006443,USES,Phone,PH-018170,,MEDIUM,SYNTHETIC,,,true,Synthetic background typed relationship.,
REL-0874758,Person,PER-012118,OWNS,Account,ACC-012058,,MEDIUM,SYNTHETIC,,,true,Synthetic background typed relationship.,
REL-0874849,Person,PER-042766,LOCATED_AT,Location,LOC-003563,,MEDIUM,SYNTHETIC,,,true,Synthetic background typed relationship.,
REL-0875273,Person,PER-022857,OWNS,Account,ACC-014637,,MEDIUM,SYNTHETIC,,,true,Synthetic background typed relationship.,
REL-0875294,Person,PER-001412,LOCATED_AT,Location,LOC-001440,,MEDIUM,SYNTHETIC,,,true,Synthetic background typed relationship.,
REL-0875345,Person,PER-047021,LOCATED_AT,Location,LOC-001440,,MEDIUM,SYNTHETIC,,,true,Synthetic background typed relationship.,
REL-0875353,Person,PER-045643,OWNS,Vehicle,VEH-014525,,MEDIUM,SYNTHETIC,,,true,Synthetic background typed relationship.,
REL-0875395,Person,PER-023945,OWNS,Vehicle,VEH-003234,,MEDIUM,SYNTHETIC,,,true,Synthetic background typed relationship.,
REL-0875491,Person,PER-007236,WORKS_FOR,Organization,ORG-04516,,MEDIUM,SYNTHETIC,,,true,Synthetic background typed relationship.,
REL-0875860,Person,PER-021044,OWNS,Account,ACC-016837,,MEDIUM,SYNTHETIC,,,true,Synthetic background typed relationship.,
REL-0876079,Person,PER-034482,OWNS,Account,ACC-022857,,MEDIUM,SYNTHETIC,,,true,Synthetic background typed relationship.,
REL-0876600,Person,PER-003235,LOCATED_AT,Location,LOC-008712,,MEDIUM,SYNTHETIC,,,true,Synthetic background typed relationship.,
REL-0877049,Person,PER-015713,OWNS,Vehicle,VEH-012182,,MEDIUM,SYNTHETIC,,,true,Synthetic background typed relationship.,
REL-0877301,Person,PER-007322,OWNS,Vehicle,VEH-005465,,MEDIUM,SYNTHETIC,,,true,Synthetic background typed relationship.,
REL-0877540,Person,PER-031417,USES,Device,DEV-025839,,MEDIUM,SYNTHETIC,,,true,Synthetic background typed relationship.,
REL-0877757,Person,PER-015772,LOCATED_AT,Location,LOC-003691,,MEDIUM,SYNTHETIC,,,true,Synthetic background typed relationship.,
REL-0877909,Person,PER-032462,LOCATED_AT,Location,LOC-008679,,MEDIUM,SYNTHETIC,,,true,Synthetic background typed relationship.,
REL-0878037,Person,PER-029280,OWNS,Account,ACC-023954,,MEDIUM,SYNTHETIC,,,true,Synthetic background typed relationship.,
REL-0878526,Person,PER-021869,LOCATED_AT,Location,LOC-004296,,MEDIUM,SYNTHETIC,,,true,Synthetic background typed relationship.,
REL-0878646,Person,PER-006097,USES,Phone,PH-000587,,MEDIUM,SYNTHETIC,,,true,Synthetic background typed relationship.,
REL-0878853,Person,PER-004322,LOCATED_AT,Location,LOC-003691,,MEDIUM,SYNTHETIC,,,true,Synthetic background typed relationship.,
REL-0878943,Person,PER-007032,LOCATED_AT,Location,LOC-002481,,MEDIUM,SYNTHETIC,,,true,Synthetic background typed relationship.,
REL-0878946,Person,PER-040851,USES,Phone,PH-025176,,MEDIUM,SYNTHETIC,,,true,Synthetic background typed relationship.,
REL-0879081,Person,PER-019375,OWNS,Account,ACC-012058,,MEDIUM,SYNTHETIC,,,true,Synthetic background typed relationship.,
REL-0879272,Person,PER-028450,LOCATED_AT,Location,LOC-008275,,MEDIUM,SYNTHETIC,,,true,Synthetic background typed relationship.,
REL-0879505,Person,PER-017776,OWNS,Account,ACC-012907,,MEDIUM,SYNTHETIC,,,true,Synthetic background typed relationship.,
REL-0879596,Person,PER-032173,OWNS,Account,ACC-026187,,MEDIUM,SYNTHETIC,,,true,Synthetic background typed relationship.,
REL-0879613,Person,PER-026816,USES,Phone,PH-027742,,MEDIUM,SYNTHETIC,,,true,Synthetic background typed relationship.,
REL-0879960,Person,PER-006443,WORKS_FOR,Organization,ORG-01706,,MEDIUM,SYNTHETIC,,,true,Synthetic background typed relationship.,
REL-0880163,Person,PER-019841,USES,Device,DEV-030344,,MEDIUM,SYNTHETIC,,,true,Synthetic background typed relationship.,
REL-0880165,Person,PER-019375,WORKS_FOR,Organization,ORG-02262,,MEDIUM,SYNTHETIC,,,true,Synthetic background typed relationship.,
REL-0880250,Person,PER-025760,OWNS,Account,ACC-011807,,MEDIUM,SYNTHETIC,,,true,Synthetic background typed relationship.,
REL-0881351,Person,PER-018950,LOCATED_AT,Location,LOC-002374,,MEDIUM,SYNTHETIC,,,true,Synthetic background typed relationship.,
REL-0881568,Person,PER-028283,USES,Phone,PH-003056,,MEDIUM,SYNTHETIC,,,true,Synthetic background typed relationship.,
REL-0881849,Person,PER-028450,LOCATED_AT,Location,LOC-008222,,MEDIUM,SYNTHETIC,,,true,Synthetic background typed relationship.,
REL-0881870,Person,PER-045366,OWNS,Vehicle,VEH-013655,,MEDIUM,SYNTHETIC,,,true,Synthetic background typed relationship.,
REL-0881999,Person,PER-022325,OWNS,Account,ACC-009322,,MEDIUM,SYNTHETIC,,,true,Synthetic background typed relationship.,
REL-0882478,Person,PER-031432,LOCATED_AT,Location,LOC-003644,,MEDIUM,SYNTHETIC,,,true,Synthetic background typed relationship.,
REL-0882717,Person,PER-001673,USES,Device,DEV-024221,,MEDIUM,SYNTHETIC,,,true,Synthetic background typed relationship.,
REL-0883145,Person,PER-037791,LOCATED_AT,Location,LOC-003490,,MEDIUM,SYNTHETIC,,,true,Synthetic background typed relationship.,
REL-0883426,Person,PER-026671,USES,Device,DEV-004442,,MEDIUM,SYNTHETIC,,,true,Synthetic background typed relationship.,
REL-0883538,Person,PER-023613,OWNS,Vehicle,VEH-012560,,MEDIUM,SYNTHETIC,,,true,Synthetic background typed relationship.,
REL-0884490,Person,PER-009104,OWNS,Vehicle,VEH-000295,,MEDIUM,SYNTHETIC,,,true,Synthetic background typed relationship.,
REL-0884736,Person,PER-028278,USES,Phone,PH-033378,,MEDIUM,SYNTHETIC,,,true,Synthetic background typed relationship.,
REL-0884950,Person,PER-014913,OWNS,Account,ACC-011578,,MEDIUM,SYNTHETIC,,,true,Synthetic background typed relationship.,
REL-0884958,Person,PER-046535,USES,Phone,PH-022831,,MEDIUM,SYNTHETIC,,,true,Synthetic background typed relationship.,
REL-0885021,Person,PER-022857,USES,Device,DEV-025971,,MEDIUM,SYNTHETIC,,,true,Synthetic background typed relationship.,
REL-0885026,Person,PER-029234,OWNS,Vehicle,VEH-011667,,MEDIUM,SYNTHETIC,,,true,Synthetic background typed relationship.,
REL-0885044,Person,PER-001378,LOCATED_AT,Location,LOC-006867,,MEDIUM,SYNTHETIC,,,true,Synthetic background typed relationship.,
REL-0885239,Person,PER-019794,OWNS,Vehicle,VEH-011667,,MEDIUM,SYNTHETIC,,,true,Synthetic background typed relationship.,
REL-0885397,Person,PER-000791,LOCATED_AT,Location,LOC-009432,,MEDIUM,SYNTHETIC,,,true,Synthetic background typed relationship.,
REL-0885904,Person,PER-028429,OWNS,Vehicle,VEH-013283,,MEDIUM,SYNTHETIC,,,true,Synthetic background typed relationship.,
REL-0886466,Person,PER-014604,OWNS,Vehicle,VEH-004310,,MEDIUM,SYNTHETIC,,,true,Synthetic background typed relationship.,
REL-0886650,Person,PER-043870,USES,Device,DEV-028563,,MEDIUM,SYNTHETIC,,,true,Synthetic background typed relationship.,
REL-0887430,Person,PER-011210,OWNS,Account,ACC-016012,,MEDIUM,SYNTHETIC,,,true,Synthetic background typed relationship.,
REL-0887543,Person,PER-031219,OWNS,Account,ACC-024159,,MEDIUM,SYNTHETIC,,,true,Synthetic background typed relationship.,
REL-0887902,Person,PER-002324,USES,Device,DEV-020312,,MEDIUM,SYNTHETIC,,,true,Synthetic background typed relationship.,
REL-0888081,Person,PER-032775,LOCATED_AT,Location,LOC-007336,,MEDIUM,SYNTHETIC,,,true,Synthetic background typed relationship.,
REL-0888581,Person,PER-015232,USES,Device,DEV-021115,,MEDIUM,SYNTHETIC,,,true,Synthetic background typed relationship.,
REL-0888843,Person,PER-012551,USES,Device,DEV-023209,,MEDIUM,SYNTHETIC,,,true,Synthetic background typed relationship.,
REL-0888987,Person,PER-027179,USES,Phone,PH-010528,,MEDIUM,SYNTHETIC,,,true,Synthetic background typed relationship.,
REL-0889524,Person,PER-008988,USES,Phone,PH-003056,,MEDIUM,SYNTHETIC,,,true,Synthetic background typed relationship.,
REL-0889556,Person,PER-048980,OWNS,Vehicle,VEH-005454,,MEDIUM,SYNTHETIC,,,true,Synthetic background typed relationship.,
REL-0889751,Person,PER-017418,OWNS,Vehicle,VEH-000311,,MEDIUM,SYNTHETIC,,,true,Synthetic background typed relationship.,
REL-0889919,Person,PER-013259,OWNS,Account,ACC-019814,,MEDIUM,SYNTHETIC,,,true,Synthetic background typed relationship.,
REL-0890103,Person,PER-010131,OWNS,Vehicle,VEH-011667,,MEDIUM,SYNTHETIC,,,true,Synthetic background typed relationship.,
REL-0890195,Person,PER-006443,OWNS,Account,ACC-012907,,MEDIUM,SYNTHETIC,,,true,Synthetic background typed relationship.,
REL-0890229,Person,PER-007087,USES,Phone,PH-024342,,MEDIUM,SYNTHETIC,,,true,Synthetic background typed relationship.,
REL-0890343,Person,PER-010137,USES,Phone,PH-024970,,MEDIUM,SYNTHETIC,,,true,Synthetic background typed relationship.,
REL-0890398,Person,PER-009989,USES,Device,DEV-003215,,MEDIUM,SYNTHETIC,,,true,Synthetic background typed relationship.,
REL-0891148,Person,PER-002304,OWNS,Account,ACC-026691,,MEDIUM,SYNTHETIC,,,true,Synthetic background typed relationship.,
REL-0891183,Person,PER-003233,USES,Device,DEV-014118,,MEDIUM,SYNTHETIC,,,true,Synthetic background typed relationship.,
REL-0891250,Person,PER-003836,OWNS,Vehicle,VEH-010131,,MEDIUM,SYNTHETIC,,,true,Synthetic background typed relationship.,
REL-0891507,Person,PER-025887,USES,Phone,PH-028696,,MEDIUM,SYNTHETIC,,,true,Synthetic background typed relationship.,
REL-0891570,Person,PER-038782,USES,Device,DEV-006617,,MEDIUM,SYNTHETIC,,,true,Synthetic background typed relationship.,
REL-0891734,Person,PER-038822,OWNS,Vehicle,VEH-003394,,MEDIUM,SYNTHETIC,,,true,Synthetic background typed relationship.,
REL-0891786,Person,PER-009066,OWNS,Vehicle,VEH-000761,,MEDIUM,SYNTHETIC,,,true,Synthetic background typed relationship.,
REL-0891814,Person,PER-018339,USES,Phone,PH-028720,,MEDIUM,SYNTHETIC,,,true,Synthetic background typed relationship.,
REL-0891921,Person,PER-007236,LOCATED_AT,Location,LOC-009194,,MEDIUM,SYNTHETIC,,,true,Synthetic background typed relationship.,
REL-0892712,Person,PER-028278,WORKS_FOR,Organization,ORG-03615,,MEDIUM,SYNTHETIC,,,true,Synthetic background typed relationship.,
REL-0893199,Person,PER-020096,OWNS,Vehicle,VEH-004077,,MEDIUM,SYNTHETIC,,,true,Synthetic background typed relationship.,
REL-0893253,Person,PER-022944,OWNS,Vehicle,VEH-007245,,MEDIUM,SYNTHETIC,,,true,Synthetic background typed relationship.,
REL-0893525,Person,PER-044094,LOCATED_AT,Location,LOC-008948,,MEDIUM,SYNTHETIC,,,true,Synthetic background typed relationship.,
REL-0893747,Person,PER-003677,LOCATED_AT,Location,LOC-003767,,MEDIUM,SYNTHETIC,,,true,Synthetic background typed relationship.,
REL-0893764,Person,PER-002304,USES,Phone,PH-022609,,MEDIUM,SYNTHETIC,,,true,Synthetic background typed relationship.,
REL-0894168,Person,PER-041904,OWNS,Vehicle,VEH-009459,,MEDIUM,SYNTHETIC,,,true,Synthetic background typed relationship.,
REL-0894457,Person,PER-019375,OWNS,Vehicle,VEH-005538,,MEDIUM,SYNTHETIC,,,true,Synthetic background typed relationship.,
REL-0894820,Person,PER-028332,USES,Phone,PH-003056,,MEDIUM,SYNTHETIC,,,true,Synthetic background typed relationship.,
REL-0895170,Person,PER-039598,USES,Phone,PH-026778,,MEDIUM,SYNTHETIC,,,true,Synthetic background typed relationship.,
REL-0895411,Person,PER-018950,WORKS_FOR,Organization,ORG-03423,,MEDIUM,SYNTHETIC,,,true,Synthetic background typed relationship.,
REL-0895458,Person,PER-010137,USES,Device,DEV-034332,,MEDIUM,SYNTHETIC,,,true,Synthetic background typed relationship.,
REL-0895630,Person,PER-043320,USES,Device,DEV-025987,,MEDIUM,SYNTHETIC,,,true,Synthetic background typed relationship.,
REL-0895712,Person,PER-038536,LOCATED_AT,Location,LOC-001855,,MEDIUM,SYNTHETIC,,,true,Synthetic background typed relationship.,
REL-0896942,Person,PER-023945,OWNS,Account,ACC-007708,,MEDIUM,SYNTHETIC,,,true,Synthetic background typed relationship.,
REL-0897000,Person,PER-041774,USES,Device,DEV-032258,,MEDIUM,SYNTHETIC,,,true,Synthetic background typed relationship.,
REL-0897043,Person,PER-033183,OWNS,Vehicle,VEH-002324,,MEDIUM,SYNTHETIC,,,true,Synthetic background typed relationship.,
REL-0897294,Person,PER-035132,LOCATED_AT,Location,LOC-002924,,MEDIUM,SYNTHETIC,,,true,Synthetic background typed relationship.,
REL-0897414,Person,PER-011497,LOCATED_AT,Location,LOC-007711,,MEDIUM,SYNTHETIC,,,true,Synthetic background typed relationship.,
REL-0897551,Person,PER-018801,OWNS,Vehicle,VEH-000761,,MEDIUM,SYNTHETIC,,,true,Synthetic background typed relationship.,
REL-0897925,Person,PER-028450,USES,Phone,PH-011535,,MEDIUM,SYNTHETIC,,,true,Synthetic background typed relationship.,
REL-0898038,Person,PER-020183,USES,Device,DEV-034697,,MEDIUM,SYNTHETIC,,,true,Synthetic background typed relationship.,
REL-0898193,Person,PER-031186,LOCATED_AT,Location,LOC-006641,,MEDIUM,SYNTHETIC,,,true,Synthetic background typed relationship.,
REL-0898479,Person,PER-039120,LOCATED_AT,Location,LOC-009427,,MEDIUM,SYNTHETIC,,,true,Synthetic background typed relationship.,
REL-0898646,Person,PER-029521,USES,Device,DEV-027427,,MEDIUM,SYNTHETIC,,,true,Synthetic background typed relationship.,
REL-0898663,Person,PER-044899,USES,Phone,PH-009651,,MEDIUM,SYNTHETIC,,,true,Synthetic background typed relationship.,
REL-0898801,Person,PER-032208,LOCATED_AT,Location,LOC-006608,,MEDIUM,SYNTHETIC,,,true,Synthetic background typed relationship.,
REL-0898993,Person,PER-045981,LOCATED_AT,Location,LOC-004296,,MEDIUM,SYNTHETIC,,,true,Synthetic background typed relationship.,
REL-0899125,Person,PER-017444,LOCATED_AT,Location,LOC-003644,,MEDIUM,SYNTHETIC,,,true,Synthetic background typed relationship.,
REL-0899412,Person,PER-034589,LOCATED_AT,Location,LOC-008948,,MEDIUM,SYNTHETIC,,,true,Synthetic background typed relationship.,
REL-0899667,Person,PER-035465,OWNS,Vehicle,VEH-000311,,MEDIUM,SYNTHETIC,,,true,Synthetic background typed relationship.,
REL-0899906,Person,PER-002704,USES,Phone,PH-009119,,MEDIUM,SYNTHETIC,,,true,Synthetic background typed relationship.,
REL-0900101,Person,PER-016504,OWNS,Account,ACC-017572,,MEDIUM,SYNTHETIC,,,true,Synthetic background typed relationship.,
REL-0900129,Person,PER-022852,OWNS,Vehicle,VEH-004310,,MEDIUM,SYNTHETIC,,,true,Synthetic background typed relationship.,
REL-0900194,Person,PER-034551,LOCATED_AT,Location,LOC-000287,,MEDIUM,SYNTHETIC,,,true,Synthetic background typed relationship.,
REL-0900675,Person,PER-029373,OWNS,Vehicle,VEH-006991,,MEDIUM,SYNTHETIC,,,true,Synthetic background typed relationship.,
REL-0901268,Person,PER-003463,USES,Device,DEV-031193,,MEDIUM,SYNTHETIC,,,true,Synthetic background typed relationship.,
REL-0901454,Person,PER-003233,WORKS_FOR,Organization,ORG-00423,,MEDIUM,SYNTHETIC,,,true,Synthetic background typed relationship.,
REL-0901707,Person,PER-045939,USES,Device,DEV-024370,,MEDIUM,SYNTHETIC,,,true,Synthetic background typed relationship.,
REL-0901937,Person,PER-002546,LOCATED_AT,Location,LOC-003486,,MEDIUM,SYNTHETIC,,,true,Synthetic background typed relationship.,
REL-0902433,Person,PER-029521,USES,Device,DEV-025051,,MEDIUM,SYNTHETIC,,,true,Synthetic background typed relationship.,
REL-0902444,Person,PER-045661,OWNS,Account,ACC-000324,,MEDIUM,SYNTHETIC,,,true,Synthetic background typed relationship.,
REL-0902543,Person,PER-019375,USES,Phone,PH-020355,,MEDIUM,SYNTHETIC,,,true,Synthetic background typed relationship.,
REL-0902556,Person,PER-031562,OWNS,Vehicle,VEH-003394,,MEDIUM,SYNTHETIC,,,true,Synthetic background typed relationship.,
REL-0902755,Person,PER-035552,OWNS,Account,ACC-024159,,MEDIUM,SYNTHETIC,,,true,Synthetic background typed relationship.,
REL-0902913,Person,PER-020038,USES,Device,DEV-005504,,MEDIUM,SYNTHETIC,,,true,Synthetic background typed relationship.,
REL-0902981,Person,PER-035465,OWNS,Vehicle,VEH-002486,,MEDIUM,SYNTHETIC,,,true,Synthetic background typed relationship.,
REL-0903480,Person,PER-013037,OWNS,Account,ACC-016312,,MEDIUM,SYNTHETIC,,,true,Synthetic background typed relationship.,
REL-0903486,Person,PER-044091,USES,Device,DEV-031903,,MEDIUM,SYNTHETIC,,,true,Synthetic background typed relationship.,
REL-0903488,Person,PER-012580,LOCATED_AT,Location,LOC-000111,,MEDIUM,SYNTHETIC,,,true,Synthetic background typed relationship.,
REL-0903529,Person,PER-009435,USES,Device,DEV-009795,,MEDIUM,SYNTHETIC,,,true,Synthetic background typed relationship.,
REL-0903846,Person,PER-029083,USES,Phone,PH-017832,,MEDIUM,SYNTHETIC,,,true,Synthetic background typed relationship.,
REL-0903912,Person,PER-007245,LOCATED_AT,Location,LOC-004659,,MEDIUM,SYNTHETIC,,,true,Synthetic background typed relationship.,
REL-0904094,Person,PER-030569,OWNS,Vehicle,VEH-007236,,MEDIUM,SYNTHETIC,,,true,Synthetic background typed relationship.,
REL-0904221,Person,PER-023352,OWNS,Account,ACC-007214,,MEDIUM,SYNTHETIC,,,true,Synthetic background typed relationship.,
REL-0904403,Person,PER-020182,LOCATED_AT,Location,LOC-004989,,MEDIUM,SYNTHETIC,,,true,Synthetic background typed relationship.,
REL-0904823,Person,PER-037133,LOCATED_AT,Location,LOC-001301,,MEDIUM,SYNTHETIC,,,true,Synthetic background typed relationship.,
REL-0904921,Person,PER-028494,OWNS,Account,ACC-005025,,MEDIUM,SYNTHETIC,,,true,Synthetic background typed relationship.,
REL-0904923,Person,PER-038190,LOCATED_AT,Location,LOC-000712,,MEDIUM,SYNTHETIC,,,true,Synthetic background typed relationship.,
REL-0905071,Person,PER-032601,OWNS,Vehicle,VEH-006845,,MEDIUM,SYNTHETIC,,,true,Synthetic background typed relationship.,
REL-0906246,Person,PER-017223,OWNS,Account,ACC-028994,,MEDIUM,SYNTHETIC,,,true,Synthetic background typed relationship.,
REL-0906438,Person,PER-039917,OWNS,Vehicle,VEH-001720,,MEDIUM,SYNTHETIC,,,true,Synthetic background typed relationship.,
REL-0906778,Person,PER-049130,USES,Phone,PH-004032,,MEDIUM,SYNTHETIC,,,true,Synthetic background typed relationship.,
REL-0906957,Person,PER-038361,LOCATED_AT,Location,LOC-004699,,MEDIUM,SYNTHETIC,,,true,Synthetic background typed relationship.,
REL-0907052,Person,PER-010137,WORKS_FOR,Organization,ORG-00371,,MEDIUM,SYNTHETIC,,,true,Synthetic background typed relationship.,
REL-0907131,Person,PER-008457,LOCATED_AT,Location,LOC-007336,,MEDIUM,SYNTHETIC,,,true,Synthetic background typed relationship.,
REL-0907327,Person,PER-011025,USES,Device,DEV-015716,,MEDIUM,SYNTHETIC,,,true,Synthetic background typed relationship.,
REL-0907705,Person,PER-029525,OWNS,Account,ACC-007214,,MEDIUM,SYNTHETIC,,,true,Synthetic background typed relationship.,
REL-0907741,Person,PER-037296,OWNS,Account,ACC-003291,,MEDIUM,SYNTHETIC,,,true,Synthetic background typed relationship.,
REL-0907960,Person,PER-007236,USES,Phone,PH-029455,,MEDIUM,SYNTHETIC,,,true,Synthetic background typed relationship.,
REL-0907992,Person,PER-005046,LOCATED_AT,Location,LOC-003606,,MEDIUM,SYNTHETIC,,,true,Synthetic background typed relationship.,
REL-0908034,Person,PER-004659,OWNS,Vehicle,VEH-000944,,MEDIUM,SYNTHETIC,,,true,Synthetic background typed relationship.,
REL-0908152,Person,PER-027540,LOCATED_AT,Location,LOC-005692,,MEDIUM,SYNTHETIC,,,true,Synthetic background typed relationship.,
REL-0908206,Person,PER-029485,LOCATED_AT,Location,LOC-000111,,MEDIUM,SYNTHETIC,,,true,Synthetic background typed relationship.,
REL-0908299,Person,PER-021869,OWNS,Vehicle,VEH-009459,,MEDIUM,SYNTHETIC,,,true,Synthetic background typed relationship.,
REL-0908463,Person,PER-031219,OWNS,Account,ACC-008869,,MEDIUM,SYNTHETIC,,,true,Synthetic background typed relationship.,
REL-0908803,Person,PER-009424,OWNS,Vehicle,VEH-009459,,MEDIUM,SYNTHETIC,,,true,Synthetic background typed relationship.,
REL-0908811,Person,PER-035454,LOCATED_AT,Location,LOC-001768,,MEDIUM,SYNTHETIC,,,true,Synthetic background typed relationship.,
REL-0908861,Person,PER-029521,USES,Phone,PH-014809,,MEDIUM,SYNTHETIC,,,true,Synthetic background typed relationship.,
REL-0908918,Person,PER-009455,OWNS,Vehicle,VEH-003235,,MEDIUM,SYNTHETIC,,,true,Synthetic background typed relationship.,
REL-0909044,Person,PER-039996,LOCATED_AT,Location,LOC-004585,,MEDIUM,SYNTHETIC,,,true,Synthetic background typed relationship.,
REL-0909934,Person,PER-020096,WORKS_FOR,Organization,ORG-02327,,MEDIUM,SYNTHETIC,,,true,Synthetic background typed relationship.,
REL-0910165,Person,PER-015575,USES,Device,DEV-025839,,MEDIUM,SYNTHETIC,,,true,Synthetic background typed relationship.,
REL-0910687,Person,PER-031219,LOCATED_AT,Location,LOC-003767,,MEDIUM,SYNTHETIC,,,true,Synthetic background typed relationship.,
REL-0910692,Person,PER-005444,LOCATED_AT,Location,LOC-000712,,MEDIUM,SYNTHETIC,,,true,Synthetic background typed relationship.,
REL-0910817,Person,PER-012618,LOCATED_AT,Location,LOC-003668,,MEDIUM,SYNTHETIC,,,true,Synthetic background typed relationship.,
REL-0910987,Person,PER-022852,OWNS,Account,ACC-000543,,MEDIUM,SYNTHETIC,,,true,Synthetic background typed relationship.,
REL-0911093,Person,PER-028494,USES,Device,DEV-026915,,MEDIUM,SYNTHETIC,,,true,Synthetic background typed relationship.,
REL-0911816,Person,PER-030093,OWNS,Vehicle,VEH-013447,,MEDIUM,SYNTHETIC,,,true,Synthetic background typed relationship.,
REL-0912152,Person,PER-018978,OWNS,Vehicle,VEH-000295,,MEDIUM,SYNTHETIC,,,true,Synthetic background typed relationship.,
REL-0912301,Person,PER-043680,USES,Device,DEV-027406,,MEDIUM,SYNTHETIC,,,true,Synthetic background typed relationship.,
REL-0912463,Person,PER-018641,USES,Phone,PH-002321,,MEDIUM,SYNTHETIC,,,true,Synthetic background typed relationship.,
REL-0912665,Person,PER-017223,USES,Device,DEV-002715,,MEDIUM,SYNTHETIC,,,true,Synthetic background typed relationship.,
REL-0913127,Person,PER-019001,USES,Phone,PH-016178,,MEDIUM,SYNTHETIC,,,true,Synthetic background typed relationship.,
REL-0913193,Person,PER-029278,USES,Device,DEV-001020,,MEDIUM,SYNTHETIC,,,true,Synthetic background typed relationship.,
REL-0913735,Person,PER-045000,OWNS,Vehicle,VEH-007245,,MEDIUM,SYNTHETIC,,,true,Synthetic background typed relationship.,
REL-0913879,Person,PER-003916,LOCATED_AT,Location,LOC-006012,,MEDIUM,SYNTHETIC,,,true,Synthetic background typed relationship.,
REL-0914202,Person,PER-030636,LOCATED_AT,Location,LOC-007711,,MEDIUM,SYNTHETIC,,,true,Synthetic background typed relationship.,
REL-0914308,Person,PER-017577,USES,Phone,PH-029854,,MEDIUM,SYNTHETIC,,,true,Synthetic background typed relationship.,
REL-0914316,Person,PER-019032,LOCATED_AT,Location,LOC-005763,,MEDIUM,SYNTHETIC,,,true,Synthetic background typed relationship.,
REL-0914408,Person,PER-017223,USES,Device,DEV-007068,,MEDIUM,SYNTHETIC,,,true,Synthetic background typed relationship.,
REL-0914482,Person,PER-039795,OWNS,Account,ACC-011029,,MEDIUM,SYNTHETIC,,,true,Synthetic background typed relationship.,
REL-0914718,Person,PER-042787,OWNS,Account,ACC-017782,,MEDIUM,SYNTHETIC,,,true,Synthetic background typed relationship.,
REL-0914731,Person,PER-044246,USES,Phone,PH-014810,,MEDIUM,SYNTHETIC,,,true,Synthetic background typed relationship.,
REL-0914734,Person,PER-018950,WORKS_FOR,Organization,ORG-04857,,MEDIUM,SYNTHETIC,,,true,Synthetic background typed relationship.,
REL-0914762,Person,PER-018950,WORKS_FOR,Organization,ORG-00143,,MEDIUM,SYNTHETIC,,,true,Synthetic background typed relationship.,
REL-0914830,Person,PER-016773,OWNS,Account,ACC-029730,,MEDIUM,SYNTHETIC,,,true,Synthetic background typed relationship.,
REL-0915194,Person,PER-020096,LOCATED_AT,Location,LOC-004703,,MEDIUM,SYNTHETIC,,,true,Synthetic background typed relationship.,
REL-0915211,Person,PER-041782,USES,Device,DEV-015295,,MEDIUM,SYNTHETIC,,,true,Synthetic background typed relationship.,
REL-0915435,Person,PER-028450,USES,Phone,PH-009893,,MEDIUM,SYNTHETIC,,,true,Synthetic background typed relationship.,
REL-0916027,Person,PER-039891,OWNS,Vehicle,VEH-006443,,MEDIUM,SYNTHETIC,,,true,Synthetic background typed relationship.,
REL-0916507,Person,PER-019431,LOCATED_AT,Location,LOC-009432,,MEDIUM,SYNTHETIC,,,true,Synthetic background typed relationship.,
REL-0916540,Person,PER-036186,OWNS,Vehicle,VEH-011460,,MEDIUM,SYNTHETIC,,,true,Synthetic background typed relationship.,
REL-0917053,Person,PER-022342,USES,Phone,PH-022609,,MEDIUM,SYNTHETIC,,,true,Synthetic background typed relationship.,
REL-0917108,Person,PER-001047,USES,Phone,PH-031610,,MEDIUM,SYNTHETIC,,,true,Synthetic background typed relationship.,
REL-0917337,Person,PER-006463,OWNS,Vehicle,VEH-006991,,MEDIUM,SYNTHETIC,,,true,Synthetic background typed relationship.,
REL-0917344,Person,PER-049886,OWNS,Vehicle,VEH-001219,,MEDIUM,SYNTHETIC,,,true,Synthetic background typed relationship.,
REL-0917790,Person,PER-009099,OWNS,Account,ACC-024159,,MEDIUM,SYNTHETIC,,,true,Synthetic background typed relationship.,
REL-0918004,Person,PER-040081,OWNS,Vehicle,VEH-001219,,MEDIUM,SYNTHETIC,,,true,Synthetic background typed relationship.,
REL-0918286,Person,PER-028616,LOCATED_AT,Location,LOC-003606,,MEDIUM,SYNTHETIC,,,true,Synthetic background typed relationship.,
REL-0918308,Person,PER-022838,OWNS,Account,ACC-007398,,MEDIUM,SYNTHETIC,,,true,Synthetic background typed relationship.,
REL-0918717,Person,PER-021869,OWNS,Vehicle,VEH-010682,,MEDIUM,SYNTHETIC,,,true,Synthetic background typed relationship.,
REL-0919463,Person,PER-044429,LOCATED_AT,Location,LOC-000732,,MEDIUM,SYNTHETIC,,,true,Synthetic background typed relationship.,
REL-0919934,Person,PER-041301,OWNS,Account,ACC-008869,,MEDIUM,SYNTHETIC,,,true,Synthetic background typed relationship.,
REL-0919935,Person,PER-022683,USES,Phone,PH-029854,,MEDIUM,SYNTHETIC,,,true,Synthetic background typed relationship.,
REL-0920174,Person,PER-028278,USES,Phone,PH-029854,,MEDIUM,SYNTHETIC,,,true,Synthetic background typed relationship.,
REL-0920328,Person,PER-039302,OWNS,Account,ACC-008764,,MEDIUM,SYNTHETIC,,,true,Synthetic background typed relationship.,
REL-0920412,Person,PER-039430,LOCATED_AT,Location,LOC-004989,,MEDIUM,SYNTHETIC,,,true,Synthetic background typed relationship.,
REL-0920447,Person,PER-032995,USES,Phone,PH-009651,,MEDIUM,SYNTHETIC,,,true,Synthetic background typed relationship.,
REL-0920583,Person,PER-027179,LOCATED_AT,Location,LOC-006716,,MEDIUM,SYNTHETIC,,,true,Synthetic background typed relationship.,
REL-0920601,Person,PER-031219,LOCATED_AT,Location,LOC-007711,,MEDIUM,SYNTHETIC,,,true,Synthetic background typed relationship.,
REL-0921003,Person,PER-024644,USES,Phone,PH-000044,,MEDIUM,SYNTHETIC,,,true,Synthetic background typed relationship.,
REL-0921980,Person,PER-006463,OWNS,Account,ACC-016562,,MEDIUM,SYNTHETIC,,,true,Synthetic background typed relationship.,
REL-0922629,Person,PER-015811,USES,Phone,PH-029455,,MEDIUM,SYNTHETIC,,,true,Synthetic background typed relationship.,
REL-0922685,Person,PER-027440,OWNS,Vehicle,VEH-011460,,MEDIUM,SYNTHETIC,,,true,Synthetic background typed relationship.,
REL-0922842,Person,PER-017223,LOCATED_AT,Location,LOC-003691,,MEDIUM,SYNTHETIC,,,true,Synthetic background typed relationship.,
REL-0923185,Person,PER-003235,OWNS,Vehicle,VEH-010682,,MEDIUM,SYNTHETIC,,,true,Synthetic background typed relationship.,
REL-0923383,Person,PER-003278,USES,Device,DEV-005647,,MEDIUM,SYNTHETIC,,,true,Synthetic background typed relationship.,
REL-0923415,Person,PER-004339,LOCATED_AT,Location,LOC-009194,,MEDIUM,SYNTHETIC,,,true,Synthetic background typed relationship.,
REL-0923703,Person,PER-030611,USES,Phone,PH-005467,,MEDIUM,SYNTHETIC,,,true,Synthetic background typed relationship.,
REL-0923731,Person,PER-004538,LOCATED_AT,Location,LOC-003486,,MEDIUM,SYNTHETIC,,,true,Synthetic background typed relationship.,
REL-0923776,Person,PER-029521,OWNS,Vehicle,VEH-000944,,MEDIUM,SYNTHETIC,,,true,Synthetic background typed relationship.,
REL-0923844,Person,PER-043376,OWNS,Vehicle,VEH-000921,,MEDIUM,SYNTHETIC,,,true,Synthetic background typed relationship.,
REL-0924172,Person,PER-027530,OWNS,Vehicle,VEH-009628,,MEDIUM,SYNTHETIC,,,true,Synthetic background typed relationship.,
REL-0924295,Person,PER-001903,USES,Device,DEV-002990,,MEDIUM,SYNTHETIC,,,true,Synthetic background typed relationship.,
REL-0924447,Person,PER-012276,USES,Device,DEV-020375,,MEDIUM,SYNTHETIC,,,true,Synthetic background typed relationship.,
REL-0924483,Person,PER-001587,USES,Phone,PH-007197,,MEDIUM,SYNTHETIC,,,true,Synthetic background typed relationship.,
REL-0924999,Person,PER-018597,OWNS,Vehicle,VEH-007589,,MEDIUM,SYNTHETIC,,,true,Synthetic background typed relationship.,
REL-0925488,Person,PER-011178,USES,Device,DEV-027980,,MEDIUM,SYNTHETIC,,,true,Synthetic background typed relationship.,
REL-0925884,Person,PER-003482,LOCATED_AT,Location,LOC-007371,,MEDIUM,SYNTHETIC,,,true,Synthetic background typed relationship.,
REL-0926770,Person,PER-021579,LOCATED_AT,Location,LOC-005763,,MEDIUM,SYNTHETIC,,,true,Synthetic background typed relationship.,
REL-0927002,Person,PER-048853,USES,Phone,PH-017380,,MEDIUM,SYNTHETIC,,,true,Synthetic background typed relationship.,
REL-0927825,Person,PER-003235,OWNS,Account,ACC-014788,,MEDIUM,SYNTHETIC,,,true,Synthetic background typed relationship.,
REL-0927891,Person,PER-031463,USES,Phone,PH-003763,,MEDIUM,SYNTHETIC,,,true,Synthetic background typed relationship.,
REL-0928095,Person,PER-017223,OWNS,Account,ACC-016837,,MEDIUM,SYNTHETIC,,,true,Synthetic background typed relationship.,
REL-0928837,Person,PER-010109,OWNS,Account,ACC-028994,,MEDIUM,SYNTHETIC,,,true,Synthetic background typed relationship.,
REL-0929135,Person,PER-043010,OWNS,Vehicle,VEH-013012,,MEDIUM,SYNTHETIC,,,true,Synthetic background typed relationship.,
REL-0929233,Person,PER-037736,LOCATED_AT,Location,LOC-008029,,MEDIUM,SYNTHETIC,,,true,Synthetic background typed relationship.,
REL-0929692,Person,PER-030230,LOCATED_AT,Location,LOC-000594,,MEDIUM,SYNTHETIC,,,true,Synthetic background typed relationship.,
REL-0930043,Person,PER-044747,OWNS,Account,ACC-006207,,MEDIUM,SYNTHETIC,,,true,Synthetic background typed relationship.,
REL-0930260,Person,PER-028450,OWNS,Vehicle,VEH-000697,,MEDIUM,SYNTHETIC,,,true,Synthetic background typed relationship.,
REL-0930660,Person,PER-029152,USES,Device,DEV-006541,,MEDIUM,SYNTHETIC,,,true,Synthetic background typed relationship.,
REL-0930665,Person,PER-001182,OWNS,Account,ACC-017195,,MEDIUM,SYNTHETIC,,,true,Synthetic background typed relationship.,
REL-0930761,Person,PER-029525,USES,Phone,PH-009798,,MEDIUM,SYNTHETIC,,,true,Synthetic background typed relationship.,
REL-0931026,Person,PER-032773,LOCATED_AT,Location,LOC-008679,,MEDIUM,SYNTHETIC,,,true,Synthetic background typed relationship.,
REL-0931328,Person,PER-030822,OWNS,Account,ACC-004080,,MEDIUM,SYNTHETIC,,,true,Synthetic background typed relationship.,
REL-0931635,Person,PER-024305,LOCATED_AT,Location,LOC-003563,,MEDIUM,SYNTHETIC,,,true,Synthetic background typed relationship.,
REL-0931703,Person,PER-009819,LOCATED_AT,Location,LOC-004296,,MEDIUM,SYNTHETIC,,,true,Synthetic background typed relationship.,
REL-0931847,Person,PER-011879,USES,Phone,PH-026682,,MEDIUM,SYNTHETIC,,,true,Synthetic background typed relationship.,
REL-0931905,Person,PER-000147,LOCATED_AT,Location,LOC-006608,,MEDIUM,SYNTHETIC,,,true,Synthetic background typed relationship.,
REL-0932018,Person,PER-016784,USES,Phone,PH-011524,,MEDIUM,SYNTHETIC,,,true,Synthetic background typed relationship.,
REL-0932208,Person,PER-015040,OWNS,Vehicle,VEH-002223,,MEDIUM,SYNTHETIC,,,true,Synthetic background typed relationship.,
REL-0932588,Person,PER-036439,OWNS,Account,ACC-026768,,MEDIUM,SYNTHETIC,,,true,Synthetic background typed relationship.,
REL-0932701,Person,PER-040122,LOCATED_AT,Location,LOC-008679,,MEDIUM,SYNTHETIC,,,true,Synthetic background typed relationship.,
REL-0932922,Person,PER-002426,LOCATED_AT,Location,LOC-005358,,MEDIUM,SYNTHETIC,,,true,Synthetic background typed relationship.,
REL-0933048,Person,PER-014848,USES,Phone,PH-021375,,MEDIUM,SYNTHETIC,,,true,Synthetic background typed relationship.,
REL-0933403,Person,PER-019375,WORKS_FOR,Organization,ORG-04508,,MEDIUM,SYNTHETIC,,,true,Synthetic background typed relationship.,
REL-0933576,Person,PER-026887,LOCATED_AT,Location,LOC-008222,,MEDIUM,SYNTHETIC,,,true,Synthetic background typed relationship.,
REL-0933777,Person,PER-029125,USES,Device,DEV-005949,,MEDIUM,SYNTHETIC,,,true,Synthetic background typed relationship.,
REL-0933944,Person,PER-038371,OWNS,Vehicle,VEH-013447,,MEDIUM,SYNTHETIC,,,true,Synthetic background typed relationship.,
REL-0934221,Person,PER-031921,USES,Phone,PH-030677,,MEDIUM,SYNTHETIC,,,true,Synthetic background typed relationship.,
REL-0934980,Person,PER-034670,OWNS,Vehicle,VEH-004374,,MEDIUM,SYNTHETIC,,,true,Synthetic background typed relationship.,
REL-0935359,Person,PER-020106,LOCATED_AT,Location,LOC-000111,,MEDIUM,SYNTHETIC,,,true,Synthetic background typed relationship.,
REL-0935383,Person,PER-024330,USES,Device,DEV-016220,,MEDIUM,SYNTHETIC,,,true,Synthetic background typed relationship.,
REL-0935922,Person,PER-044413,USES,Device,DEV-032369,,MEDIUM,SYNTHETIC,,,true,Synthetic background typed relationship.,
REL-0936068,Person,PER-001495,OWNS,Vehicle,VEH-005538,,MEDIUM,SYNTHETIC,,,true,Synthetic background typed relationship.,
REL-0936317,Person,PER-006463,OWNS,Vehicle,VEH-008408,,MEDIUM,SYNTHETIC,,,true,Synthetic background typed relationship.,
REL-0936501,Person,PER-028283,WORKS_FOR,Organization,ORG-04304,,MEDIUM,SYNTHETIC,,,true,Synthetic background typed relationship.,
REL-0936619,Person,PER-029521,OWNS,Account,ACC-002848,,MEDIUM,SYNTHETIC,,,true,Synthetic background typed relationship.,
REL-0936704,Person,PER-003235,OWNS,Vehicle,VEH-001604,,MEDIUM,SYNTHETIC,,,true,Synthetic background typed relationship.,
REL-0936843,Person,PER-027179,USES,Phone,PH-021726,,MEDIUM,SYNTHETIC,,,true,Synthetic background typed relationship.,
REL-0937030,Person,PER-032149,OWNS,Account,ACC-013737,,MEDIUM,SYNTHETIC,,,true,Synthetic background typed relationship.,
REL-0937326,Person,PER-037907,LOCATED_AT,Location,LOC-000712,,MEDIUM,SYNTHETIC,,,true,Synthetic background typed relationship.,
REL-0937890,Person,PER-038273,LOCATED_AT,Location,LOC-002924,,MEDIUM,SYNTHETIC,,,true,Synthetic background typed relationship.,
REL-0937971,Person,PER-036845,LOCATED_AT,Location,LOC-000594,,MEDIUM,SYNTHETIC,,,true,Synthetic background typed relationship.,
REL-0938412,Person,PER-003175,OWNS,Vehicle,VEH-008957,,MEDIUM,SYNTHETIC,,,true,Synthetic background typed relationship.,
REL-0938450,Person,PER-005666,LOCATED_AT,Location,LOC-007336,,MEDIUM,SYNTHETIC,,,true,Synthetic background typed relationship.,
REL-0938625,Person,PER-009628,OWNS,Account,ACC-023707,,MEDIUM,SYNTHETIC,,,true,Synthetic background typed relationship.,
REL-0939170,Person,PER-017841,USES,Phone,PH-030692,,MEDIUM,SYNTHETIC,,,true,Synthetic background typed relationship.,
REL-0939309,Person,PER-035022,LOCATED_AT,Location,LOC-000795,,MEDIUM,SYNTHETIC,,,true,Synthetic background typed relationship.,
REL-0939488,Person,PER-012229,LOCATED_AT,Location,LOC-007231,,MEDIUM,SYNTHETIC,,,true,Synthetic background typed relationship.,
REL-0939637,Person,PER-030360,OWNS,Vehicle,VEH-006869,,MEDIUM,SYNTHETIC,,,true,Synthetic background typed relationship.,
REL-0939945,Person,PER-028450,WORKS_FOR,Organization,ORG-02043,,MEDIUM,SYNTHETIC,,,true,Synthetic background typed relationship.,
REL-0939952,Person,PER-003233,LOCATED_AT,Location,LOC-000594,,MEDIUM,SYNTHETIC,,,true,Synthetic background typed relationship.,
REL-0940220,Person,PER-018950,WORKS_FOR,Organization,ORG-01517,,MEDIUM,SYNTHETIC,,,true,Synthetic background typed relationship.,
REL-0940347,Person,PER-017233,OWNS,Vehicle,VEH-005106,,MEDIUM,SYNTHETIC,,,true,Synthetic background typed relationship.,
REL-0940441,Person,PER-018287,USES,Phone,PH-022782,,MEDIUM,SYNTHETIC,,,true,Synthetic background typed relationship.,
REL-0940925,Person,PER-030765,USES,Device,DEV-015716,,MEDIUM,SYNTHETIC,,,true,Synthetic background typed relationship.,
REL-0941077,Person,PER-032026,USES,Device,DEV-010937,,MEDIUM,SYNTHETIC,,,true,Synthetic background typed relationship.,
REL-0941209,Person,PER-011845,OWNS,Vehicle,VEH-012182,,MEDIUM,SYNTHETIC,,,true,Synthetic background typed relationship.,
REL-0941506,Person,PER-005978,LOCATED_AT,Location,LOC-008598,,MEDIUM,SYNTHETIC,,,true,Synthetic background typed relationship.,
REL-0941930,Person,PER-046192,LOCATED_AT,Location,LOC-007231,,MEDIUM,SYNTHETIC,,,true,Synthetic background typed relationship.,
REL-0941994,Person,PER-021285,LOCATED_AT,Location,LOC-006716,,MEDIUM,SYNTHETIC,,,true,Synthetic background typed relationship.,
REL-0942018,Person,PER-039849,OWNS,Vehicle,VEH-004374,,MEDIUM,SYNTHETIC,,,true,Synthetic background typed relationship.,
REL-0942157,Person,PER-032415,OWNS,Vehicle,VEH-013447,,MEDIUM,SYNTHETIC,,,true,Synthetic background typed relationship.,
REL-0942171,Person,PER-008350,USES,Phone,PH-003056,,MEDIUM,SYNTHETIC,,,true,Synthetic background typed relationship.,
REL-0942250,Person,PER-035308,OWNS,Account,ACC-029574,,MEDIUM,SYNTHETIC,,,true,Synthetic background typed relationship.,
REL-0942702,Person,PER-013183,OWNS,Vehicle,VEH-013012,,MEDIUM,SYNTHETIC,,,true,Synthetic background typed relationship.,
REL-0942864,Person,PER-035465,USES,Device,DEV-032570,,MEDIUM,SYNTHETIC,,,true,Synthetic background typed relationship.,
REL-0942875,Person,PER-021778,OWNS,Vehicle,VEH-010682,,MEDIUM,SYNTHETIC,,,true,Synthetic background typed relationship.,
REL-0942923,Person,PER-019374,OWNS,Vehicle,VEH-010139,,MEDIUM,SYNTHETIC,,,true,Synthetic background typed relationship.,
REL-0942933,Person,PER-022852,USES,Device,DEV-025053,,MEDIUM,SYNTHETIC,,,true,Synthetic background typed relationship.,
REL-0943224,Person,PER-003233,OWNS,Vehicle,VEH-003795,,MEDIUM,SYNTHETIC,,,true,Synthetic background typed relationship.,
REL-0943347,Person,PER-003647,OWNS,Vehicle,VEH-001720,,MEDIUM,SYNTHETIC,,,true,Synthetic background typed relationship.,
REL-0943416,Person,PER-004405,USES,Phone,PH-004060,,MEDIUM,SYNTHETIC,,,true,Synthetic background typed relationship.,
REL-0943459,Person,PER-010077,LOCATED_AT,Location,LOC-008712,,MEDIUM,SYNTHETIC,,,true,Synthetic background typed relationship.,
REL-0943523,Person,PER-018843,OWNS,Vehicle,VEH-001219,,MEDIUM,SYNTHETIC,,,true,Synthetic background typed relationship.,
REL-0943722,Person,PER-038109,OWNS,Account,ACC-024159,,MEDIUM,SYNTHETIC,,,true,Synthetic background typed relationship.,
REL-0944273,Person,PER-028283,USES,Device,DEV-031231,,MEDIUM,SYNTHETIC,,,true,Synthetic background typed relationship.,
REL-0944434,Person,PER-030510,LOCATED_AT,Location,LOC-003486,,MEDIUM,SYNTHETIC,,,true,Synthetic background typed relationship.,
REL-0944601,Person,PER-022047,OWNS,Vehicle,VEH-005465,,MEDIUM,SYNTHETIC,,,true,Synthetic background typed relationship.,
REL-0944608,Person,PER-029297,LOCATED_AT,Location,LOC-008679,,MEDIUM,SYNTHETIC,,,true,Synthetic background typed relationship.,
REL-0945092,Person,PER-037618,OWNS,Account,ACC-016012,,MEDIUM,SYNTHETIC,,,true,Synthetic background typed relationship.,
REL-0945545,Person,PER-009049,OWNS,Account,ACC-017567,,MEDIUM,SYNTHETIC,,,true,Synthetic background typed relationship.,
REL-0945755,Person,PER-028278,USES,Device,DEV-025780,,MEDIUM,SYNTHETIC,,,true,Synthetic background typed relationship.,
REL-0946184,Person,PER-039910,LOCATED_AT,Location,LOC-006012,,MEDIUM,SYNTHETIC,,,true,Synthetic background typed relationship.,
REL-0946232,Person,PER-018270,LOCATED_AT,Location,LOC-002481,,MEDIUM,SYNTHETIC,,,true,Synthetic background typed relationship.,
REL-0946308,Person,PER-022137,OWNS,Account,ACC-018595,,MEDIUM,SYNTHETIC,,,true,Synthetic background typed relationship.,
REL-0946919,Person,PER-015555,OWNS,Vehicle,VEH-009355,,MEDIUM,SYNTHETIC,,,true,Synthetic background typed relationship.,
REL-0947477,Person,PER-023957,WORKS_FOR,Organization,ORG-00201,,MEDIUM,SYNTHETIC,,,true,Synthetic background typed relationship.,
REL-0947685,Person,PER-031219,OWNS,Vehicle,VEH-013012,,MEDIUM,SYNTHETIC,,,true,Synthetic background typed relationship.,
REL-0947727,Person,PER-031676,OWNS,Vehicle,VEH-002304,,MEDIUM,SYNTHETIC,,,true,Synthetic background typed relationship.,
REL-0947851,Person,PER-020096,USES,Device,DEV-026682,,MEDIUM,SYNTHETIC,,,true,Synthetic background typed relationship.,
REL-0948197,Person,PER-029599,USES,Device,DEV-001020,,MEDIUM,SYNTHETIC,,,true,Synthetic background typed relationship.,
REL-0948648,Person,PER-044813,OWNS,Account,ACC-022857,,MEDIUM,SYNTHETIC,,,true,Synthetic background typed relationship.,
REL-0948693,Person,PER-035465,OWNS,Account,ACC-022857,,MEDIUM,SYNTHETIC,,,true,Synthetic background typed relationship.,
REL-0948728,Person,PER-007236,USES,Phone,PH-008998,,MEDIUM,SYNTHETIC,,,true,Synthetic background typed relationship.,
REL-0948750,Person,PER-035285,USES,Device,DEV-023209,,MEDIUM,SYNTHETIC,,,true,Synthetic background typed relationship.,
REL-0949267,Person,PER-031219,OWNS,Account,ACC-021696,,MEDIUM,SYNTHETIC,,,true,Synthetic background typed relationship.,
REL-0949505,Person,PER-042932,OWNS,Account,ACC-023707,,MEDIUM,SYNTHETIC,,,true,Synthetic background typed relationship.,
REL-0949890,Person,PER-044862,LOCATED_AT,Location,LOC-007773,,MEDIUM,SYNTHETIC,,,true,Synthetic background typed relationship.,
REL-0950083,Person,PER-007088,LOCATED_AT,Location,LOC-005394,,MEDIUM,SYNTHETIC,,,true,Synthetic background typed relationship.,
REL-0950228,Person,PER-005793,LOCATED_AT,Location,LOC-004699,,MEDIUM,SYNTHETIC,,,true,Synthetic background typed relationship.,
REL-0950570,Person,PER-011271,LOCATED_AT,Location,LOC-002251,,MEDIUM,SYNTHETIC,,,true,Synthetic background typed relationship.,
REL-0950714,Person,PER-028494,LOCATED_AT,Location,LOC-005394,,MEDIUM,SYNTHETIC,,,true,Synthetic background typed relationship.,
REL-0950784,Person,PER-037369,LOCATED_AT,Location,LOC-003069,,MEDIUM,SYNTHETIC,,,true,Synthetic background typed relationship.,
REL-0951014,Person,PER-037311,OWNS,Vehicle,VEH-005538,,MEDIUM,SYNTHETIC,,,true,Synthetic background typed relationship.,
REL-0951245,Person,PER-028450,LOCATED_AT,Location,LOC-008598,,MEDIUM,SYNTHETIC,,,true,Synthetic background typed relationship.,
REL-0951259,Person,PER-042981,USES,Phone,PH-015891,,MEDIUM,SYNTHETIC,,,true,Synthetic background typed relationship.,
REL-0951566,Person,PER-040744,LOCATED_AT,Location,LOC-001768,,MEDIUM,SYNTHETIC,,,true,Synthetic background typed relationship.,
REL-0951732,Person,PER-002304,WORKS_FOR,Organization,ORG-04914,,MEDIUM,SYNTHETIC,,,true,Synthetic background typed relationship.,
REL-0951943,Person,PER-028278,WORKS_FOR,Organization,ORG-00655,,MEDIUM,SYNTHETIC,,,true,Synthetic background typed relationship.,
REL-0951992,Person,PER-021869,USES,Phone,PH-027902,,MEDIUM,SYNTHETIC,,,true,Synthetic background typed relationship.,
REL-0952039,Person,PER-039943,LOCATED_AT,Location,LOC-000848,,MEDIUM,SYNTHETIC,,,true,Synthetic background typed relationship.,
REL-0952522,Person,PER-003233,LOCATED_AT,Location,LOC-006641,,MEDIUM,SYNTHETIC,,,true,Synthetic background typed relationship.,
REL-0952594,Person,PER-007998,LOCATED_AT,Location,LOC-009958,,MEDIUM,SYNTHETIC,,,true,Synthetic background typed relationship.,
REL-0952816,Person,PER-001140,USES,Phone,PH-009119,,MEDIUM,SYNTHETIC,,,true,Synthetic background typed relationship.,
REL-0952865,Person,PER-028498,WORKS_FOR,Organization,ORG-00720,,MEDIUM,SYNTHETIC,,,true,Synthetic background typed relationship.,
REL-0952938,Person,PER-020106,WORKS_FOR,Organization,ORG-02943,,MEDIUM,SYNTHETIC,,,true,Synthetic background typed relationship.,
REL-0952981,Person,PER-035295,OWNS,Vehicle,VEH-002304,,MEDIUM,SYNTHETIC,,,true,Synthetic background typed relationship.,
REL-0953022,Person,PER-045339,USES,Device,DEV-031193,,MEDIUM,SYNTHETIC,,,true,Synthetic background typed relationship.,
REL-0953300,Person,PER-049219,USES,Device,DEV-023618,,MEDIUM,SYNTHETIC,,,true,Synthetic background typed relationship.,
REL-0953552,Person,PER-024146,OWNS,Account,ACC-016837,,MEDIUM,SYNTHETIC,,,true,Synthetic background typed relationship.,
REL-0953649,Person,PER-009018,LOCATED_AT,Location,LOC-009499,,MEDIUM,SYNTHETIC,,,true,Synthetic background typed relationship.,
REL-0953669,Person,PER-012601,USES,Device,DEV-032258,,MEDIUM,SYNTHETIC,,,true,Synthetic background typed relationship.,
REL-0953905,Person,PER-002304,OWNS,Account,ACC-015999,,MEDIUM,SYNTHETIC,,,true,Synthetic background typed relationship.,
REL-0954071,Person,PER-007245,WORKS_FOR,Organization,ORG-01328,,MEDIUM,SYNTHETIC,,,true,Synthetic background typed relationship.,
REL-0954157,Person,PER-029286,OWNS,Account,ACC-002729,,MEDIUM,SYNTHETIC,,,true,Synthetic background typed relationship.,
REL-0954448,Person,PER-031676,OWNS,Vehicle,VEH-006463,,MEDIUM,SYNTHETIC,,,true,Synthetic background typed relationship.,
REL-0954710,Person,PER-043429,OWNS,Vehicle,VEH-001604,,MEDIUM,SYNTHETIC,,,true,Synthetic background typed relationship.,
REL-0955129,Person,PER-000619,LOCATED_AT,Location,LOC-009197,,MEDIUM,SYNTHETIC,,,true,Synthetic background typed relationship.,
REL-0955368,Person,PER-010131,WORKS_FOR,Organization,ORG-01358,,MEDIUM,SYNTHETIC,,,true,Synthetic background typed relationship.,
REL-0955739,Person,PER-040652,USES,Phone,PH-015891,,MEDIUM,SYNTHETIC,,,true,Synthetic background typed relationship.,
REL-0955798,Person,PER-023957,LOCATED_AT,Location,LOC-008896,,MEDIUM,SYNTHETIC,,,true,Synthetic background typed relationship.,
REL-0956014,Person,PER-027182,LOCATED_AT,Location,LOC-000848,,MEDIUM,SYNTHETIC,,,true,Synthetic background typed relationship.,
REL-0956185,Person,PER-028632,USES,Device,DEV-020518,,MEDIUM,SYNTHETIC,,,true,Synthetic background typed relationship.,
REL-0956478,Person,PER-041374,OWNS,Account,ACC-006766,,MEDIUM,SYNTHETIC,,,true,Synthetic background typed relationship.,
REL-0956493,Person,PER-012478,LOCATED_AT,Location,LOC-007711,,MEDIUM,SYNTHETIC,,,true,Synthetic background typed relationship.,
REL-0956501,Person,PER-044881,OWNS,Vehicle,VEH-008408,,MEDIUM,SYNTHETIC,,,true,Synthetic background typed relationship.,
REL-0957041,Person,PER-049763,LOCATED_AT,Location,LOC-003490,,MEDIUM,SYNTHETIC,,,true,Synthetic background typed relationship.,
REL-0957164,Person,PER-018633,LOCATED_AT,Location,LOC-002374,,MEDIUM,SYNTHETIC,,,true,Synthetic background typed relationship.,
REL-0957289,Person,PER-019099,USES,Phone,PH-008524,,MEDIUM,SYNTHETIC,,,true,Synthetic background typed relationship.,
REL-0957383,Person,PER-049394,USES,Phone,PH-004032,,MEDIUM,SYNTHETIC,,,true,Synthetic background typed relationship.,
REL-0957525,Person,PER-021089,LOCATED_AT,Location,LOC-005394,,MEDIUM,SYNTHETIC,,,true,Synthetic background typed relationship.,
REL-0957571,Person,PER-039637,LOCATED_AT,Location,LOC-001440,,MEDIUM,SYNTHETIC,,,true,Synthetic background typed relationship.,
REL-0957591,Person,PER-043329,LOCATED_AT,Location,LOC-009197,,MEDIUM,SYNTHETIC,,,true,Synthetic background typed relationship.,
REL-0957633,Person,PER-036909,OWNS,Vehicle,VEH-003394,,MEDIUM,SYNTHETIC,,,true,Synthetic background typed relationship.,
REL-0957980,Person,PER-018423,USES,Device,DEV-009934,,MEDIUM,SYNTHETIC,,,true,Synthetic background typed relationship.,
REL-0958726,Person,PER-023838,USES,Phone,PH-008856,,MEDIUM,SYNTHETIC,,,true,Synthetic background typed relationship.,
REL-0958857,Person,PER-021294,USES,Device,DEV-026218,,MEDIUM,SYNTHETIC,,,true,Synthetic background typed relationship.,
REL-0958910,Person,PER-022152,USES,Phone,PH-011524,,MEDIUM,SYNTHETIC,,,true,Synthetic background typed relationship.,
REL-0959325,Person,PER-033007,LOCATED_AT,Location,LOC-007773,,MEDIUM,SYNTHETIC,,,true,Synthetic background typed relationship.,
REL-0959679,Person,PER-030803,LOCATED_AT,Location,LOC-005358,,MEDIUM,SYNTHETIC,,,true,Synthetic background typed relationship.,
REL-0959940,Person,PER-008518,OWNS,Account,ACC-007700,,MEDIUM,SYNTHETIC,,,true,Synthetic background typed relationship.,
REL-0960683,Person,PER-034148,USES,Device,DEV-034639,,MEDIUM,SYNTHETIC,,,true,Synthetic background typed relationship.,
REL-0960708,Person,PER-035935,LOCATED_AT,Location,LOC-008712,,MEDIUM,SYNTHETIC,,,true,Synthetic background typed relationship.,
REL-0960863,Person,PER-031212,LOCATED_AT,Location,LOC-002251,,MEDIUM,SYNTHETIC,,,true,Synthetic background typed relationship.,
REL-0960867,Person,PER-031219,WORKS_FOR,Organization,ORG-03379,,MEDIUM,SYNTHETIC,,,true,Synthetic background typed relationship.,
REL-0960883,Person,PER-021869,WORKS_FOR,Organization,ORG-02354,,MEDIUM,SYNTHETIC,,,true,Synthetic background typed relationship.,
REL-0961077,Person,PER-044402,OWNS,Vehicle,VEH-007857,,MEDIUM,SYNTHETIC,,,true,Synthetic background typed relationship.,
REL-0961388,Person,PER-026729,LOCATED_AT,Location,LOC-001105,,MEDIUM,SYNTHETIC,,,true,Synthetic background typed relationship.,
REL-0961508,Person,PER-024207,USES,Device,DEV-012099,,MEDIUM,SYNTHETIC,,,true,Synthetic background typed relationship.,
REL-0961672,Person,PER-031212,USES,Phone,PH-009651,,MEDIUM,SYNTHETIC,,,true,Synthetic background typed relationship.,
REL-0961809,Person,PER-009628,USES,Device,DEV-006236,,MEDIUM,SYNTHETIC,,,true,Synthetic background typed relationship.,
REL-0961920,Person,PER-028175,OWNS,Vehicle,VEH-003958,,MEDIUM,SYNTHETIC,,,true,Synthetic background typed relationship.,
REL-0961949,Person,PER-010039,LOCATED_AT,Location,LOC-004983,,MEDIUM,SYNTHETIC,,,true,Synthetic background typed relationship.,
REL-0962066,Person,PER-013859,LOCATED_AT,Location,LOC-005474,,MEDIUM,SYNTHETIC,,,true,Synthetic background typed relationship.,
REL-0962151,Person,PER-016557,USES,Phone,PH-002498,,MEDIUM,SYNTHETIC,,,true,Synthetic background typed relationship.,
REL-0962376,Person,PER-010137,WORKS_FOR,Organization,ORG-02385,,MEDIUM,SYNTHETIC,,,true,Synthetic background typed relationship.,
REL-0962436,Person,PER-033076,USES,Device,DEV-030844,,MEDIUM,SYNTHETIC,,,true,Synthetic background typed relationship.,
REL-0962518,Person,PER-035465,OWNS,Account,ACC-028020,,MEDIUM,SYNTHETIC,,,true,Synthetic background typed relationship.,
REL-0962772,Person,PER-039974,LOCATED_AT,Location,LOC-003490,,MEDIUM,SYNTHETIC,,,true,Synthetic background typed relationship.,
REL-0962855,Person,PER-034836,LOCATED_AT,Location,LOC-002374,,MEDIUM,SYNTHETIC,,,true,Synthetic background typed relationship.,
REL-0962888,Person,PER-046012,LOCATED_AT,Location,LOC-009386,,MEDIUM,SYNTHETIC,,,true,Synthetic background typed relationship.,
REL-0962947,Person,PER-033100,LOCATED_AT,Location,LOC-003563,,MEDIUM,SYNTHETIC,,,true,Synthetic background typed relationship.,
REL-0963157,Person,PER-006443,LOCATED_AT,Location,LOC-002924,,MEDIUM,SYNTHETIC,,,true,Synthetic background typed relationship.,
REL-0963735,Person,PER-010131,OWNS,Account,ACC-026024,,MEDIUM,SYNTHETIC,,,true,Synthetic background typed relationship.,
REL-0963814,Person,PER-031219,WORKS_FOR,Organization,ORG-02104,,MEDIUM,SYNTHETIC,,,true,Synthetic background typed relationship.,
REL-0963899,Person,PER-048266,LOCATED_AT,Location,LOC-004703,,MEDIUM,SYNTHETIC,,,true,Synthetic background typed relationship.,
REL-0964287,Person,PER-014358,USES,Device,DEV-030846,,MEDIUM,SYNTHETIC,,,true,Synthetic background typed relationship.,
REL-0964315,Person,PER-019374,USES,Device,DEV-019309,,MEDIUM,SYNTHETIC,,,true,Synthetic background typed relationship.,
REL-0964439,Person,PER-037271,USES,Device,DEV-025780,,MEDIUM,SYNTHETIC,,,true,Synthetic background typed relationship.,
REL-0964559,Person,PER-025153,USES,Phone,PH-017380,,MEDIUM,SYNTHETIC,,,true,Synthetic background typed relationship.,
REL-0964902,Person,PER-000063,LOCATED_AT,Location,LOC-008679,,MEDIUM,SYNTHETIC,,,true,Synthetic background typed relationship.,
REL-0965247,Person,PER-044044,OWNS,Account,ACC-018803,,MEDIUM,SYNTHETIC,,,true,Synthetic background typed relationship.,
REL-0965346,Person,PER-030430,OWNS,Vehicle,VEH-003958,,MEDIUM,SYNTHETIC,,,true,Synthetic background typed relationship.,
REL-0965666,Person,PER-035220,USES,Phone,PH-011524,,MEDIUM,SYNTHETIC,,,true,Synthetic background typed relationship.,
REL-0965742,Person,PER-009628,OWNS,Vehicle,VEH-001430,,MEDIUM,SYNTHETIC,,,true,Synthetic background typed relationship.,
REL-0965949,Person,PER-018958,WORKS_FOR,Organization,ORG-00240,,MEDIUM,SYNTHETIC,,,true,Synthetic background typed relationship.,
REL-0966350,Person,PER-024744,OWNS,Account,ACC-029730,,MEDIUM,SYNTHETIC,,,true,Synthetic background typed relationship.,
REL-0966358,Person,PER-035274,LOCATED_AT,Location,LOC-004904,,MEDIUM,SYNTHETIC,,,true,Synthetic background typed relationship.,
REL-0966381,Person,PER-022852,USES,Device,DEV-028515,,MEDIUM,SYNTHETIC,,,true,Synthetic background typed relationship.,
REL-0966686,Person,PER-044656,LOCATED_AT,Location,LOC-009980,,MEDIUM,SYNTHETIC,,,true,Synthetic background typed relationship.,
REL-0966966,Person,PER-039603,USES,Device,DEV-020375,,MEDIUM,SYNTHETIC,,,true,Synthetic background typed relationship.,
REL-0967194,Person,PER-017239,OWNS,Account,ACC-026187,,MEDIUM,SYNTHETIC,,,true,Synthetic background typed relationship.,
REL-0967411,Person,PER-031219,WORKS_FOR,Organization,ORG-03525,,MEDIUM,SYNTHETIC,,,true,Synthetic background typed relationship.,
REL-0967665,Person,PER-028447,USES,Phone,PH-016818,,MEDIUM,SYNTHETIC,,,true,Synthetic background typed relationship.,
REL-0967851,Person,PER-002324,OWNS,Account,ACC-013901,,MEDIUM,SYNTHETIC,,,true,Synthetic background typed relationship.,
REL-0968026,Person,PER-016315,OWNS,Vehicle,VEH-005538,,MEDIUM,SYNTHETIC,,,true,Synthetic background typed relationship.,
REL-0968408,Person,PER-023787,LOCATED_AT,Location,LOC-003069,,MEDIUM,SYNTHETIC,,,true,Synthetic background typed relationship.,
REL-0968592,Person,PER-043303,USES,Phone,PH-029854,,MEDIUM,SYNTHETIC,,,true,Synthetic background typed relationship.,
REL-0968789,Person,PER-002943,OWNS,Account,ACC-026629,,MEDIUM,SYNTHETIC,,,true,Synthetic background typed relationship.,
REL-0968791,Person,PER-039729,LOCATED_AT,Location,LOC-005692,,MEDIUM,SYNTHETIC,,,true,Synthetic background typed relationship.,
REL-0969054,Person,PER-013168,USES,Device,DEV-001472,,MEDIUM,SYNTHETIC,,,true,Synthetic background typed relationship.,
REL-0969145,Person,PER-031144,OWNS,Vehicle,VEH-003235,,MEDIUM,SYNTHETIC,,,true,Synthetic background typed relationship.,
REL-0969369,Person,PER-007245,USES,Phone,PH-015765,,MEDIUM,SYNTHETIC,,,true,Synthetic background typed relationship.,
REL-0969412,Person,PER-004546,OWNS,Account,ACC-011578,,MEDIUM,SYNTHETIC,,,true,Synthetic background typed relationship.,
REL-0969437,Person,PER-017239,USES,Device,DEV-002788,,MEDIUM,SYNTHETIC,,,true,Synthetic background typed relationship.,
REL-0969583,Person,PER-028283,OWNS,Vehicle,VEH-001720,,MEDIUM,SYNTHETIC,,,true,Synthetic background typed relationship.,
REL-0969635,Person,PER-043939,USES,Phone,PH-004032,,MEDIUM,SYNTHETIC,,,true,Synthetic background typed relationship.,
REL-0970132,Person,PER-022852,LOCATED_AT,Location,LOC-000795,,MEDIUM,SYNTHETIC,,,true,Synthetic background typed relationship.,
REL-0970191,Person,PER-033331,USES,Device,DEV-010937,,MEDIUM,SYNTHETIC,,,true,Synthetic background typed relationship.,
REL-0970329,Person,PER-041007,LOCATED_AT,Location,LOC-000175,,MEDIUM,SYNTHETIC,,,true,Synthetic background typed relationship.,
REL-0970445,Person,PER-002324,WORKS_FOR,Organization,ORG-04600,,MEDIUM,SYNTHETIC,,,true,Synthetic background typed relationship.,
REL-0970465,Person,PER-036497,OWNS,Account,ACC-017782,,MEDIUM,SYNTHETIC,,,true,Synthetic background typed relationship.,
REL-0970552,Person,PER-003939,OWNS,Vehicle,VEH-006869,,MEDIUM,SYNTHETIC,,,true,Synthetic background typed relationship.,
REL-0970656,Person,PER-020096,USES,Phone,PH-018803,,MEDIUM,SYNTHETIC,,,true,Synthetic background typed relationship.,
REL-0970704,Person,PER-024841,OWNS,Vehicle,VEH-004310,,MEDIUM,SYNTHETIC,,,true,Synthetic background typed relationship.,
REL-0970750,Person,PER-005177,LOCATED_AT,Location,LOC-009386,,MEDIUM,SYNTHETIC,,,true,Synthetic background typed relationship.,
REL-0971362,Person,PER-027182,USES,Phone,PH-006958,,MEDIUM,SYNTHETIC,,,true,Synthetic background typed relationship.,
REL-0971569,Person,PER-018400,USES,Device,DEV-009934,,MEDIUM,SYNTHETIC,,,true,Synthetic background typed relationship.,
REL-0972125,Person,PER-031219,OWNS,Account,ACC-029901,,MEDIUM,SYNTHETIC,,,true,Synthetic background typed relationship.,
REL-0972474,Person,PER-006166,OWNS,Vehicle,VEH-005106,,MEDIUM,SYNTHETIC,,,true,Synthetic background typed relationship.,
REL-0972552,Person,PER-047086,OWNS,Vehicle,VEH-003950,,MEDIUM,SYNTHETIC,,,true,Synthetic background typed relationship.,
REL-0972711,Person,PER-044435,OWNS,Vehicle,VEH-000921,,MEDIUM,SYNTHETIC,,,true,Synthetic background typed relationship.,
REL-0972715,Person,PER-021365,LOCATED_AT,Location,LOC-001301,,MEDIUM,SYNTHETIC,,,true,Synthetic background typed relationship.,
REL-0972724,Person,PER-018739,OWNS,Account,ACC-013910,,MEDIUM,SYNTHETIC,,,true,Synthetic background typed relationship.,
REL-0972821,Person,PER-005477,OWNS,Vehicle,VEH-001720,,MEDIUM,SYNTHETIC,,,true,Synthetic background typed relationship.,
REL-0973708,Person,PER-028494,USES,Device,DEV-020518,,MEDIUM,SYNTHETIC,,,true,Synthetic background typed relationship.,
REL-0973716,Person,PER-017469,LOCATED_AT,Location,LOC-006867,,MEDIUM,SYNTHETIC,,,true,Synthetic background typed relationship.,
REL-0973772,Person,PER-008208,OWNS,Vehicle,VEH-002223,,MEDIUM,SYNTHETIC,,,true,Synthetic background typed relationship.,
REL-0974699,Person,PER-023167,USES,Phone,PH-019503,,MEDIUM,SYNTHETIC,,,true,Synthetic background typed relationship.,
REL-0974806,Person,PER-025071,OWNS,Account,ACC-010183,,MEDIUM,SYNTHETIC,,,true,Synthetic background typed relationship.,
REL-0975260,Person,PER-015444,LOCATED_AT,Location,LOC-004983,,MEDIUM,SYNTHETIC,,,true,Synthetic background typed relationship.,
REL-0975380,Person,PER-002324,LOCATED_AT,Location,LOC-006012,,MEDIUM,SYNTHETIC,,,true,Synthetic background typed relationship.,
REL-0975516,Person,PER-004311,USES,Device,DEV-004113,,MEDIUM,SYNTHETIC,,,true,Synthetic background typed relationship.,
REL-0975637,Person,PER-041110,USES,Phone,PH-024697,,MEDIUM,SYNTHETIC,,,true,Synthetic background typed relationship.,
REL-0975750,Person,PER-020672,USES,Phone,PH-019503,,MEDIUM,SYNTHETIC,,,true,Synthetic background typed relationship.,
REL-0976162,Person,PER-014119,USES,Device,DEV-007960,,MEDIUM,SYNTHETIC,,,true,Synthetic background typed relationship.,
REL-0976207,Person,PER-042581,LOCATED_AT,Location,LOC-001768,,MEDIUM,SYNTHETIC,,,true,Synthetic background typed relationship.,
REL-0976514,Person,PER-002872,LOCATED_AT,Location,LOC-009386,,MEDIUM,SYNTHETIC,,,true,Synthetic background typed relationship.,
REL-0976704,Person,PER-016421,LOCATED_AT,Location,LOC-001105,,MEDIUM,SYNTHETIC,,,true,Synthetic background typed relationship.,
REL-0977106,Person,PER-029521,OWNS,Vehicle,VEH-000295,,MEDIUM,SYNTHETIC,,,true,Synthetic background typed relationship.,
REL-0977607,Person,PER-044562,LOCATED_AT,Location,LOC-009427,,MEDIUM,SYNTHETIC,,,true,Synthetic background typed relationship.,
REL-0977632,Person,PER-007278,OWNS,Vehicle,VEH-010131,,MEDIUM,SYNTHETIC,,,true,Synthetic background typed relationship.,
REL-0977882,Person,PER-033190,USES,Phone,PH-014809,,MEDIUM,SYNTHETIC,,,true,Synthetic background typed relationship.,
REL-0978001,Person,PER-031219,USES,Device,DEV-026713,,MEDIUM,SYNTHETIC,,,true,Synthetic background typed relationship.,
REL-0978362,Person,PER-030058,LOCATED_AT,Location,LOC-001768,,MEDIUM,SYNTHETIC,,,true,Synthetic background typed relationship.,
REL-0978709,Person,PER-045251,LOCATED_AT,Location,LOC-006608,,MEDIUM,SYNTHETIC,,,true,Synthetic background typed relationship.,
REL-0978721,Person,PER-022857,OWNS,Account,ACC-002729,,MEDIUM,SYNTHETIC,,,true,Synthetic background typed relationship.,
REL-0978781,Person,PER-048460,USES,Phone,PH-029455,,MEDIUM,SYNTHETIC,,,true,Synthetic background typed relationship.,
REL-0979147,Person,PER-029532,USES,Device,DEV-030846,,MEDIUM,SYNTHETIC,,,true,Synthetic background typed relationship.,
REL-0979204,Person,PER-027467,OWNS,Vehicle,VEH-002223,,MEDIUM,SYNTHETIC,,,true,Synthetic background typed relationship.,
REL-0979305,Person,PER-031789,LOCATED_AT,Location,LOC-009427,,MEDIUM,SYNTHETIC,,,true,Synthetic background typed relationship.,
REL-0980303,Person,PER-014048,LOCATED_AT,Location,LOC-001352,,MEDIUM,SYNTHETIC,,,true,Synthetic background typed relationship.,
REL-0980365,Person,PER-042055,USES,Phone,PH-015891,,MEDIUM,SYNTHETIC,,,true,Synthetic background typed relationship.,
REL-0980748,Person,PER-044473,OWNS,Vehicle,VEH-014525,,MEDIUM,SYNTHETIC,,,true,Synthetic background typed relationship.,
REL-0981080,Person,PER-012217,LOCATED_AT,Location,LOC-009386,,MEDIUM,SYNTHETIC,,,true,Synthetic background typed relationship.,
REL-0981149,Person,PER-025919,OWNS,Vehicle,VEH-000456,,MEDIUM,SYNTHETIC,,,true,Synthetic background typed relationship.,
REL-0981315,Person,PER-027064,LOCATED_AT,Location,LOC-003490,,MEDIUM,SYNTHETIC,,,true,Synthetic background typed relationship.,
REL-0981424,Person,PER-010937,OWNS,Account,ACC-015410,,MEDIUM,SYNTHETIC,,,true,Synthetic background typed relationship.,
REL-0981456,Person,PER-047328,OWNS,Vehicle,VEH-002239,,MEDIUM,SYNTHETIC,,,true,Synthetic background typed relationship.,
REL-0981622,Person,PER-031281,OWNS,Vehicle,VEH-014525,,MEDIUM,SYNTHETIC,,,true,Synthetic background typed relationship.,
REL-0981830,Person,PER-002903,OWNS,Account,ACC-016012,,MEDIUM,SYNTHETIC,,,true,Synthetic background typed relationship.,
REL-0982258,Person,PER-037108,LOCATED_AT,Location,LOC-008948,,MEDIUM,SYNTHETIC,,,true,Synthetic background typed relationship.,
REL-0982390,Person,PER-039555,OWNS,Account,ACC-006207,,MEDIUM,SYNTHETIC,,,true,Synthetic background typed relationship.,
REL-0982426,Person,PER-022460,LOCATED_AT,Location,LOC-006641,,MEDIUM,SYNTHETIC,,,true,Synthetic background typed relationship.,
REL-0982613,Person,PER-028447,OWNS,Account,ACC-005115,,MEDIUM,SYNTHETIC,,,true,Synthetic background typed relationship.,
REL-0982769,Person,PER-047356,OWNS,Account,ACC-013910,,MEDIUM,SYNTHETIC,,,true,Synthetic background typed relationship.,
REL-0982792,Person,PER-001925,LOCATED_AT,Location,LOC-009386,,MEDIUM,SYNTHETIC,,,true,Synthetic background typed relationship.,
REL-0982798,Person,PER-023945,OWNS,Vehicle,VEH-011460,,MEDIUM,SYNTHETIC,,,true,Synthetic background typed relationship.,
REL-0983213,Person,PER-008136,OWNS,Vehicle,VEH-003233,,MEDIUM,SYNTHETIC,,,true,Synthetic background typed relationship.,
REL-0983422,Person,PER-006463,LOCATED_AT,Location,LOC-005763,,MEDIUM,SYNTHETIC,,,true,Synthetic background typed relationship.,
REL-0983549,Person,PER-023037,LOCATED_AT,Location,LOC-002382,,MEDIUM,SYNTHETIC,,,true,Synthetic background typed relationship.,
REL-0983618,Person,PER-023318,USES,Phone,PH-008524,,MEDIUM,SYNTHETIC,,,true,Synthetic background typed relationship.,
REL-0984321,Person,PER-038329,USES,Phone,PH-027974,,MEDIUM,SYNTHETIC,,,true,Synthetic background typed relationship.,
REL-0984395,Person,PER-033211,OWNS,Account,ACC-029574,,MEDIUM,SYNTHETIC,,,true,Synthetic background typed relationship.,
REL-0984790,Person,PER-018018,USES,Device,DEV-026601,,MEDIUM,SYNTHETIC,,,true,Synthetic background typed relationship.,
REL-0984829,Person,PER-007600,USES,Device,DEV-007737,,MEDIUM,SYNTHETIC,,,true,Synthetic background typed relationship.,
REL-0984833,Person,PER-047497,LOCATED_AT,Location,LOC-002481,,MEDIUM,SYNTHETIC,,,true,Synthetic background typed relationship.,
REL-0985146,Person,PER-027182,USES,Device,DEV-008849,,MEDIUM,SYNTHETIC,,,true,Synthetic background typed relationship.,
REL-0985281,Person,PER-021845,USES,Phone,PH-026682,,MEDIUM,SYNTHETIC,,,true,Synthetic background typed relationship.,
REL-0985547,Person,PER-019550,LOCATED_AT,Location,LOC-008948,,MEDIUM,SYNTHETIC,,,true,Synthetic background typed relationship.,
REL-0985696,Person,PER-031514,LOCATED_AT,Location,LOC-002481,,MEDIUM,SYNTHETIC,,,true,Synthetic background typed relationship.,
REL-0985729,Person,PER-048761,LOCATED_AT,Location,LOC-008598,,MEDIUM,SYNTHETIC,,,true,Synthetic background typed relationship.,
REL-0985856,Person,PER-024963,USES,Phone,PH-002321,,MEDIUM,SYNTHETIC,,,true,Synthetic background typed relationship.,
REL-0985905,Person,PER-029521,OWNS,Vehicle,VEH-000921,,MEDIUM,SYNTHETIC,,,true,Synthetic background typed relationship.,
REL-0985972,Person,PER-046117,OWNS,Account,ACC-007700,,MEDIUM,SYNTHETIC,,,true,Synthetic background typed relationship.,
REL-0985990,Person,PER-049026,LOCATED_AT,Location,LOC-004983,,MEDIUM,SYNTHETIC,,,true,Synthetic background typed relationship.,
REL-0986142,Person,PER-002137,LOCATED_AT,Location,LOC-007711,,MEDIUM,SYNTHETIC,,,true,Synthetic background typed relationship.,
REL-0986147,Person,PER-010470,LOCATED_AT,Location,LOC-008712,,MEDIUM,SYNTHETIC,,,true,Synthetic background typed relationship.,
REL-0986172,Person,PER-019356,OWNS,Account,ACC-017525,,MEDIUM,SYNTHETIC,,,true,Synthetic background typed relationship.,
REL-0986441,Person,PER-028733,USES,Phone,PH-000044,,MEDIUM,SYNTHETIC,,,true,Synthetic background typed relationship.,
REL-0986446,Person,PER-011461,LOCATED_AT,Location,LOC-001352,,MEDIUM,SYNTHETIC,,,true,Synthetic background typed relationship.,
REL-0986583,Person,PER-001951,USES,Device,DEV-019902,,MEDIUM,SYNTHETIC,,,true,Synthetic background typed relationship.,
REL-0986620,Person,PER-032618,LOCATED_AT,Location,LOC-003668,,MEDIUM,SYNTHETIC,,,true,Synthetic background typed relationship.,
REL-0986636,Person,PER-032091,OWNS,Vehicle,VEH-013450,,MEDIUM,SYNTHETIC,,,true,Synthetic background typed relationship.,
REL-0986648,Person,PER-048160,OWNS,Vehicle,VEH-000921,,MEDIUM,SYNTHETIC,,,true,Synthetic background typed relationship.,
REL-0986705,Person,PER-014132,OWNS,Vehicle,VEH-008957,,MEDIUM,SYNTHETIC,,,true,Synthetic background typed relationship.,
REL-0986764,Person,PER-014481,USES,Device,DEV-026601,,MEDIUM,SYNTHETIC,,,true,Synthetic background typed relationship.,
REL-0986777,Person,PER-007236,USES,Device,DEV-034697,,MEDIUM,SYNTHETIC,,,true,Synthetic background typed relationship.,
REL-0987031,Person,PER-029521,LOCATED_AT,Location,LOC-000732,,MEDIUM,SYNTHETIC,,,true,Synthetic background typed relationship.,
REL-0987475,Person,PER-048265,LOCATED_AT,Location,LOC-000287,,MEDIUM,SYNTHETIC,,,true,Synthetic background typed relationship.,
REL-0987526,Person,PER-009628,OWNS,Account,ACC-026768,,MEDIUM,SYNTHETIC,,,true,Synthetic background typed relationship.,
REL-0987570,Person,PER-022857,USES,Phone,PH-032887,,MEDIUM,SYNTHETIC,,,true,Synthetic background typed relationship.,
REL-0987651,Person,PER-017239,OWNS,Account,ACC-000324,,MEDIUM,SYNTHETIC,,,true,Synthetic background typed relationship.,
REL-0987731,Person,PER-012156,USES,Device,DEV-000373,,MEDIUM,SYNTHETIC,,,true,Synthetic background typed relationship.,
REL-0987819,Person,PER-001136,USES,Phone,PH-002163,,MEDIUM,SYNTHETIC,,,true,Synthetic background typed relationship.,
REL-0987929,Person,PER-009628,USES,Device,DEV-009430,,MEDIUM,SYNTHETIC,,,true,Synthetic background typed relationship.,
REL-0987940,Person,PER-043745,OWNS,Vehicle,VEH-007245,,MEDIUM,SYNTHETIC,,,true,Synthetic background typed relationship.,
REL-0987977,Person,PER-020266,OWNS,Account,ACC-006642,,MEDIUM,SYNTHETIC,,,true,Synthetic background typed relationship.,
REL-0988015,Person,PER-025259,LOCATED_AT,Location,LOC-008222,,MEDIUM,SYNTHETIC,,,true,Synthetic background typed relationship.,
REL-0988038,Person,PER-004283,OWNS,Account,ACC-003291,,MEDIUM,SYNTHETIC,,,true,Synthetic background typed relationship.,
REL-0988264,Person,PER-022857,WORKS_FOR,Organization,ORG-03349,,MEDIUM,SYNTHETIC,,,true,Synthetic background typed relationship.,
REL-0988440,Person,PER-043071,LOCATED_AT,Location,LOC-003691,,MEDIUM,SYNTHETIC,,,true,Synthetic background typed relationship.,
REL-0988458,Person,PER-017239,OWNS,Vehicle,VEH-005423,,MEDIUM,SYNTHETIC,,,true,Synthetic background typed relationship.,
REL-0988459,Person,PER-011828,OWNS,Vehicle,VEH-009628,,MEDIUM,SYNTHETIC,,,true,Synthetic background typed relationship.,
REL-0988485,Person,PER-049385,USES,Device,DEV-010937,,MEDIUM,SYNTHETIC,,,true,Synthetic background typed relationship.,
REL-0988958,Person,PER-002231,USES,Device,DEV-021143,,MEDIUM,SYNTHETIC,,,true,Synthetic background typed relationship.,
REL-0989189,Person,PER-000615,USES,Device,DEV-034332,,MEDIUM,SYNTHETIC,,,true,Synthetic background typed relationship.,
REL-0989192,Person,PER-020096,USES,Device,DEV-032258,,MEDIUM,SYNTHETIC,,,true,Synthetic background typed relationship.,
REL-0989412,Person,PER-022335,USES,Device,DEV-004113,,MEDIUM,SYNTHETIC,,,true,Synthetic background typed relationship.,
REL-0989577,Person,PER-028093,OWNS,Vehicle,VEH-012182,,MEDIUM,SYNTHETIC,,,true,Synthetic background typed relationship.,
REL-0989654,Person,PER-001651,USES,Device,DEV-001331,,MEDIUM,SYNTHETIC,,,true,Synthetic background typed relationship.,
REL-0989892,Person,PER-047460,LOCATED_AT,Location,LOC-006641,,MEDIUM,SYNTHETIC,,,true,Synthetic background typed relationship.,
REL-0989938,Person,PER-034504,LOCATED_AT,Location,LOC-009194,,MEDIUM,SYNTHETIC,,,true,Synthetic background typed relationship.,
REL-0989999,Person,PER-046755,USES,Phone,PH-001152,,MEDIUM,SYNTHETIC,,,true,Synthetic background typed relationship.,
REL-0990031,Person,PER-049687,LOCATED_AT,Location,LOC-004585,,MEDIUM,SYNTHETIC,,,true,Synthetic background typed relationship.,
REL-0990103,Person,PER-003233,USES,Phone,PH-003763,,MEDIUM,SYNTHETIC,,,true,Synthetic background typed relationship.,
REL-0990112,Person,PER-007236,LOCATED_AT,Location,LOC-009386,,MEDIUM,SYNTHETIC,,,true,Synthetic background typed relationship.,
REL-0991039,Person,PER-014626,LOCATED_AT,Location,LOC-000712,,MEDIUM,SYNTHETIC,,,true,Synthetic background typed relationship.,
REL-0991084,Person,PER-023817,LOCATED_AT,Location,LOC-008948,,MEDIUM,SYNTHETIC,,,true,Synthetic background typed relationship.,
REL-0991111,Person,PER-023957,USES,Phone,PH-008524,,MEDIUM,SYNTHETIC,,,true,Synthetic background typed relationship.,
REL-0991230,Person,PER-031716,USES,Device,DEV-026601,,MEDIUM,SYNTHETIC,,,true,Synthetic background typed relationship.,
REL-0991267,Person,PER-014459,OWNS,Vehicle,VEH-013450,,MEDIUM,SYNTHETIC,,,true,Synthetic background typed relationship.,
REL-0991358,Person,PER-028450,USES,Device,DEV-005949,,MEDIUM,SYNTHETIC,,,true,Synthetic background typed relationship.,
REL-0991418,Person,PER-003235,LOCATED_AT,Location,LOC-008948,,MEDIUM,SYNTHETIC,,,true,Synthetic background typed relationship.,
REL-0991600,Person,PER-041404,OWNS,Vehicle,VEH-003235,,MEDIUM,SYNTHETIC,,,true,Synthetic background typed relationship.,
REL-0991690,Person,PER-018543,OWNS,Account,ACC-000433,,MEDIUM,SYNTHETIC,,,true,Synthetic background typed relationship.,
REL-0991952,Person,PER-029521,USES,Phone,PH-017832,,MEDIUM,SYNTHETIC,,,true,Synthetic background typed relationship.,
REL-0992003,Person,PER-032863,OWNS,Vehicle,VEH-014521,,MEDIUM,SYNTHETIC,,,true,Synthetic background typed relationship.,
REL-0992258,Person,PER-007704,OWNS,Account,ACC-007708,,MEDIUM,SYNTHETIC,,,true,Synthetic background typed relationship.,
REL-0992335,Person,PER-023957,OWNS,Account,ACC-006436,,MEDIUM,SYNTHETIC,,,true,Synthetic background typed relationship.,
REL-0992362,Person,PER-021845,OWNS,Account,ACC-006766,,MEDIUM,SYNTHETIC,,,true,Synthetic background typed relationship.,
REL-0992516,Person,PER-018307,LOCATED_AT,Location,LOC-009197,,MEDIUM,SYNTHETIC,,,true,Synthetic background typed relationship.,
REL-0992767,Person,PER-007245,USES,Device,DEV-004434,,MEDIUM,SYNTHETIC,,,true,Synthetic background typed relationship.,
REL-0993136,Person,PER-020393,LOCATED_AT,Location,LOC-004296,,MEDIUM,SYNTHETIC,,,true,Synthetic background typed relationship.,
REL-0993588,Person,PER-034580,OWNS,Account,ACC-008434,,MEDIUM,SYNTHETIC,,,true,Synthetic background typed relationship.,
REL-0993596,Person,PER-029974,OWNS,Account,ACC-006363,,MEDIUM,SYNTHETIC,,,true,Synthetic background typed relationship.,
REL-0993794,Person,PER-028494,OWNS,Account,ACC-019814,,MEDIUM,SYNTHETIC,,,true,Synthetic background typed relationship.,
REL-0994036,Person,PER-021845,OWNS,Account,ACC-017572,,MEDIUM,SYNTHETIC,,,true,Synthetic background typed relationship.,
REL-0994068,Person,PER-002502,LOCATED_AT,Location,LOC-002251,,MEDIUM,SYNTHETIC,,,true,Synthetic background typed relationship.,
REL-0994350,Person,PER-005018,OWNS,Account,ACC-010183,,MEDIUM,SYNTHETIC,,,true,Synthetic background typed relationship.,
REL-0994440,Person,PER-013102,OWNS,Vehicle,VEH-005454,,MEDIUM,SYNTHETIC,,,true,Synthetic background typed relationship.,
REL-0994619,Person,PER-026862,LOCATED_AT,Location,LOC-009197,,MEDIUM,SYNTHETIC,,,true,Synthetic background typed relationship.,
REL-0994766,Person,PER-015791,OWNS,Account,ACC-028020,,MEDIUM,SYNTHETIC,,,true,Synthetic background typed relationship.,
REL-0995168,Person,PER-022552,USES,Device,DEV-001020,,MEDIUM,SYNTHETIC,,,true,Synthetic background typed relationship.,
REL-0995247,Person,PER-044401,OWNS,Vehicle,VEH-004375,,MEDIUM,SYNTHETIC,,,true,Synthetic background typed relationship.,
REL-0995546,Person,PER-018483,OWNS,Account,ACC-023572,,MEDIUM,SYNTHETIC,,,true,Synthetic background typed relationship.,
REL-0995680,Person,PER-005892,OWNS,Vehicle,VEH-011667,,MEDIUM,SYNTHETIC,,,true,Synthetic background typed relationship.,
REL-0995708,Person,PER-032798,USES,Phone,PH-020355,,MEDIUM,SYNTHETIC,,,true,Synthetic background typed relationship.,
REL-0996133,Person,PER-029918,OWNS,Vehicle,VEH-013283,,MEDIUM,SYNTHETIC,,,true,Synthetic background typed relationship.,
REL-0996302,Person,PER-016087,LOCATED_AT,Location,LOC-000795,,MEDIUM,SYNTHETIC,,,true,Synthetic background typed relationship.,
REL-0996487,Person,PER-011739,USES,Phone,PH-017894,,MEDIUM,SYNTHETIC,,,true,Synthetic background typed relationship.,
REL-0996910,Person,PER-023957,USES,Phone,PH-014150,,MEDIUM,SYNTHETIC,,,true,Synthetic background typed relationship.,
REL-0996951,Person,PER-047708,USES,Phone,PH-017816,,MEDIUM,SYNTHETIC,,,true,Synthetic background typed relationship.,
REL-0997012,Person,PER-031219,OWNS,Account,ACC-018803,,MEDIUM,SYNTHETIC,,,true,Synthetic background typed relationship.,
REL-0997163,Person,PER-007020,OWNS,Vehicle,VEH-002223,,MEDIUM,SYNTHETIC,,,true,Synthetic background typed relationship.,
REL-0997243,Person,PER-038286,OWNS,Vehicle,VEH-001212,,MEDIUM,SYNTHETIC,,,true,Synthetic background typed relationship.,
REL-0997405,Person,PER-021845,OWNS,Account,ACC-023572,,MEDIUM,SYNTHETIC,,,true,Synthetic background typed relationship.,
REL-0997632,Person,PER-012045,LOCATED_AT,Location,LOC-008712,,MEDIUM,SYNTHETIC,,,true,Synthetic background typed relationship.,
REL-0997788,Person,PER-018958,WORKS_FOR,Organization,ORG-00607,,MEDIUM,SYNTHETIC,,,true,Synthetic background typed relationship.,
REL-0997924,Person,PER-009381,LOCATED_AT,Location,LOC-006699,,MEDIUM,SYNTHETIC,,,true,Synthetic background typed relationship.,
REL-0998230,Person,PER-023922,OWNS,Account,ACC-013737,,MEDIUM,SYNTHETIC,,,true,Synthetic background typed relationship.,
REL-0998289,Person,PER-034226,USES,Phone,PH-001152,,MEDIUM,SYNTHETIC,,,true,Synthetic background typed relationship.,
REL-0998335,Person,PER-032620,LOCATED_AT,Location,LOC-000712,,MEDIUM,SYNTHETIC,,,true,Synthetic background typed relationship.,
REL-0998518,Person,PER-000520,USES,Phone,PH-007197,,MEDIUM,SYNTHETIC,,,true,Synthetic background typed relationship.,
REL-0998608,Person,PER-028450,LOCATED_AT,Location,LOC-009427,,MEDIUM,SYNTHETIC,,,true,Synthetic background typed relationship.,
REL-0999022,Person,PER-001090,USES,Phone,PH-017832,,MEDIUM,SYNTHETIC,,,true,Synthetic background typed relationship.,
REL-0999050,Person,PER-007236,OWNS,Vehicle,VEH-010854,,MEDIUM,SYNTHETIC,,,true,Synthetic background typed relationship.,
REL-0999061,Person,PER-002324,OWNS,Vehicle,VEH-012560,,MEDIUM,SYNTHETIC,,,true,Synthetic background typed relationship.,
REL-0999076,Person,PER-015962,OWNS,Account,ACC-017195,,MEDIUM,SYNTHETIC,,,true,Synthetic background typed relationship.,
REL-0999358,Person,PER-033275,USES,Device,DEV-006236,,MEDIUM,SYNTHETIC,,,true,Synthetic background typed relationship.,
REL-0999556,Person,PER-016568,OWNS,Vehicle,VEH-001350,,MEDIUM,SYNTHETIC,,,true,Synthetic background typed relationship.,
REL-0999588,Person,PER-023957,OWNS,Account,ACC-004080,,MEDIUM,SYNTHETIC,,,true,Synthetic background typed relationship.,
REL-0999632,Person,PER-023231,LOCATED_AT,Location,LOC-003563,,MEDIUM,SYNTHETIC,,,true,Synthetic background typed relationship.,
