case_id,case_title,investigation_type,status,opened_at,description,data_origin,source_dataset,source_record_reference,Synthetic_Flag,Source_Dataset,Generation_Batch_ID,Confidence_Level,Provenance_Mode,Audit_Reference
CASE-00001,Synthetic investigation 0001,financial,review,2025-07-25T16:10:47,Synthetic investigation case for TraceX analytical testing.,SYNTHETIC,,,true,,SCN-FIN-0001,Medium,synthetic-design,AUDIT-cases-CASE-00001
CASE-00002,Synthetic investigation 0002,communication,closed,2025-01-26T03:45:42,Synthetic investigation case for TraceX analytical testing.,SYNTHETIC,,,true,,SCN-COM-0002,Medium,synthetic-design,AUDIT-cases-CASE-00002
CASE-00003,Synthetic investigation 0003,cyber,open,2024-07-25T04:04:24,Synthetic investigation case for TraceX analytical testing.,SYNTHETIC,,,true,,SCN-CYBER-0003,Medium,synthetic-design,AUDIT-cases-CASE-00003
CASE-00004,Synthetic investigation 0004,physical,open,2024-02-15T16:02:27,Synthetic investigation case for TraceX analytical testing.,SYNTHETIC,,,true,,SCN-PHYS-0004,Medium,synthetic-design,AUDIT-cases-CASE-00004
CASE-00005,Synthetic investigation 0005,mixed,open,2025-03-19T14:57:23,Synthetic investigation case for TraceX analytical testing.,SYNTHETIC,,,true,,SCN-MIXED-0005,Medium,synthetic-design,AUDIT-cases-CASE-00005
CASE-00006,Synthetic investigation 0006,financial,open,2024-05-01T04:42:53,Synthetic investigation case for TraceX analytical testing.,SYNTHETIC,,,true,,SCN-FIN-0006,Medium,synthetic-design,AUDIT-cases-CASE-00006
CASE-00007,Synthetic investigation 0007,communication,review,2024-03-02T23:59:15,Synthetic investigation case for TraceX analytical testing.,SYNTHETIC,,,true,,SCN-COM-0007,Medium,synthetic-design,AUDIT-cases-CASE-00007
CASE-00008,Synthetic investigation 0008,cyber,closed,2025-03-18T01:47:33,Synthetic investigation case for TraceX analytical testing.,SYNTHETIC,,,true,,SCN-CYBER-0008,Medium,synthetic-design,AUDIT-cases-CASE-00008
CASE-00009,Synthetic investigation 0009,physical,closed,2024-03-11T16:13:06,Synthetic investigation case for TraceX analytical testing.,SYNTHETIC,,,true,,SCN-PHYS-0009,Medium,synthetic-design,AUDIT-cases-CASE-00009
CASE-00010,Synthetic investigation 0010,mixed,closed,2024-02-13T10:26:50,Synthetic investigation case for TraceX analytical testing.,SYNTHETIC,,,true,,SCN-MIXED-0010,Medium,synthetic-design,AUDIT-cases-CASE-00010
CASE-00011,Synthetic investigation 0011,financial,review,2025-08-05T09:08:03,Synthetic investigation case for TraceX analytical testing.,SYNTHETIC,,,true,,SCN-FIN-0011,Medium,synthetic-design,AUDIT-cases-CASE-00011
CASE-00012,Synthetic investigation 0012,communication,open,2024-04-11T06:36:37,Synthetic investigation case for TraceX analytical testing.,SYNTHETIC,,,true,,SCN-COM-0012,Medium,synthetic-design,AUDIT-cases-CASE-00012
CASE-00013,Synthetic investigation 0013,cyber,closed,2025-02-22T19:59:29,Synthetic investigation case for TraceX analytical testing.,SYNTHETIC,,,true,,SCN-CYBER-0013,Medium,synthetic-design,AUDIT-cases-CASE-00013
CASE-00014,Synthetic investigation 0014,physical,closed,2024-09-02T23:18:07,Synthetic investigation case for TraceX analytical testing.,SYNTHETIC,,,true,,SCN-PHYS-0014,Medium,synthetic-design,AUDIT-cases-CASE-00014
CASE-00015,Synthetic investigation 0015,mixed,open,2024-02-06T09:55:02,Synthetic investigation case for TraceX analytical testing.,SYNTHETIC,,,true,,SCN-MIXED-0015,Medium,synthetic-design,AUDIT-cases-CASE-00015
CASE-00016,Synthetic investigation 0016,financial,closed,2025-03-23T16:39:45,Synthetic investigation case for TraceX analytical testing.,SYNTHETIC,,,true,,SCN-FIN-0016,Medium,synthetic-design,AUDIT-cases-CASE-00016
CASE-00017,Synthetic investigation 0017,communication,review,2024-04-17T11:28:30,Synthetic investigation case for TraceX analytical testing.,SYNTHETIC,,,true,,SCN-COM-0017,Medium,synthetic-design,AUDIT-cases-CASE-00017
CASE-00018,Synthetic investigation 0018,cyber,open,2025-02-04T16:47:37,Synthetic investigation case for TraceX analytical testing.,SYNTHETIC,,,true,,SCN-CYBER-0018,Medium,synthetic-design,AUDIT-cases-CASE-00018
CASE-00019,Synthetic investigation 0019,physical,open,2025-05-14T13:58:07,Synthetic investigation case for TraceX analytical testing.,SYNTHETIC,,,true,,SCN-PHYS-0019,Medium,synthetic-design,AUDIT-cases-CASE-00019
CASE-00020,Synthetic investigation 0020,mixed,closed,2024-08-22T03:45:06,Synthetic investigation case for TraceX analytical testing.,SYNTHETIC,,,true,,SCN-MIXED-0020,Medium,synthetic-design,AUDIT-cases-CASE-00020
CASE-00021,Synthetic investigation 0021,financial,open,2025-08-01T00:21:36,Synthetic investigation case for TraceX analytical testing.,SYNTHETIC,,,true,,SCN-FIN-0021,Medium,synthetic-design,AUDIT-cases-CASE-00021
CASE-00022,Synthetic investigation 0022,communication,closed,2024-12-14T09:28:30,Synthetic investigation case for TraceX analytical testing.,SYNTHETIC,,,true,,SCN-COM-0022,Medium,synthetic-design,AUDIT-cases-CASE-00022
CASE-00023,Synthetic investigation 0023,cyber,review,2024-06-20T17:17:46,Synthetic investigation case for TraceX analytical testing.,SYNTHETIC,,,true,,SCN-CYBER-0023,Medium,synthetic-design,AUDIT-cases-CASE-00023
CASE-00024,Synthetic investigation 0024,physical,closed,2025-02-27T05:35:44,Synthetic investigation case for TraceX analytical testing.,SYNTHETIC,,,true,,SCN-PHYS-0024,Medium,synthetic-design,AUDIT-cases-CASE-00024
CASE-00025,Synthetic investigation 0025,mixed,open,2024-08-13T22:10:06,Synthetic investigation case for TraceX analytical testing.,SYNTHETIC,,,true,,SCN-MIXED-0025,Medium,synthetic-design,AUDIT-cases-CASE-00025
CASE-00026,Synthetic investigation 0026,financial,review,2024-10-26T15:16:22,Synthetic investigation case for TraceX analytical testing.,SYNTHETIC,,,true,,SCN-FIN-0026,Medium,synthetic-design,AUDIT-cases-CASE-00026
CASE-00027,Synthetic investigation 0027,communication,review,2025-04-19T05:30:40,Synthetic investigation case for TraceX analytical testing.,SYNTHETIC,,,true,,SCN-COM-0027,Medium,synthetic-design,AUDIT-cases-CASE-00027
CASE-00028,Synthetic investigation 0028,cyber,review,2024-06-03T21:58:16,Synthetic investigation case for TraceX analytical testing.,SYNTHETIC,,,true,,SCN-CYBER-0028,Medium,synthetic-design,AUDIT-cases-CASE-00028
CASE-00029,Synthetic investigation 0029,physical,closed,2024-09-03T19:38:55,Synthetic investigation case for TraceX analytical testing.,SYNTHETIC,,,true,,SCN-PHYS-0029,Medium,synthetic-design,AUDIT-cases-CASE-00029
CASE-00030,Synthetic investigation 0030,mixed,closed,2024-09-05T20:39:06,Synthetic investigation case for TraceX analytical testing.,SYNTHETIC,,,true,,SCN-MIXED-0030,Medium,synthetic-design,AUDIT-cases-CASE-00030
CASE-00031,Synthetic investigation 0031,financial,open,2024-08-12T08:44:37,Synthetic investigation case for TraceX analytical testing.,SYNTHETIC,,,true,,SCN-FIN-0031,Medium,synthetic-design,AUDIT-cases-CASE-00031
CASE-00032,Synthetic investigation 0032,communication,open,2024-10-22T00:45:30,Synthetic investigation case for TraceX analytical testing.,SYNTHETIC,,,true,,SCN-COM-0032,Medium,synthetic-design,AUDIT-cases-CASE-00032
CASE-00033,Synthetic investigation 0033,cyber,closed,2024-12-07T06:50:34,Synthetic investigation case for TraceX analytical testing.,SYNTHETIC,,,true,,SCN-CYBER-0033,Medium,synthetic-design,AUDIT-cases-CASE-00033
CASE-00034,Synthetic investigation 0034,physical,review,2025-01-05T22:28:14,Synthetic investigation case for TraceX analytical testing.,SYNTHETIC,,,true,,SCN-PHYS-0034,Medium,synthetic-design,AUDIT-cases-CASE-00034
CASE-00035,Synthetic investigation 0035,mixed,open,2024-01-13T19:18:19,Synthetic investigation case for TraceX analytical testing.,SYNTHETIC,,,true,,SCN-MIXED-0035,Medium,synthetic-design,AUDIT-cases-CASE-00035
CASE-00036,Synthetic investigation 0036,financial,closed,2025-03-26T20:02:47,Synthetic investigation case for TraceX analytical testing.,SYNTHETIC,,,true,,SCN-FIN-0036,Medium,synthetic-design,AUDIT-cases-CASE-00036
CASE-00037,Synthetic investigation 0037,communication,closed,2025-03-06T13:46:54,Synthetic investigation case for TraceX analytical testing.,SYNTHETIC,,,true,,SCN-COM-0037,Medium,synthetic-design,AUDIT-cases-CASE-00037
CASE-00038,Synthetic investigation 0038,cyber,review,2025-03-26T18:13:25,Synthetic investigation case for TraceX analytical testing.,SYNTHETIC,,,true,,SCN-CYBER-0038,Medium,synthetic-design,AUDIT-cases-CASE-00038
CASE-00039,Synthetic investigation 0039,physical,review,2025-01-24T02:33:01,Synthetic investigation case for TraceX analytical testing.,SYNTHETIC,,,true,,SCN-PHYS-0039,Medium,synthetic-design,AUDIT-cases-CASE-00039
CASE-00040,Synthetic investigation 0040,mixed,review,2025-05-20T23:34:38,Synthetic investigation case for TraceX analytical testing.,SYNTHETIC,,,true,,SCN-MIXED-0040,Medium,synthetic-design,AUDIT-cases-CASE-00040
CASE-00041,Synthetic investigation 0041,financial,review,2024-05-07T04:17:47,Synthetic investigation case for TraceX analytical testing.,SYNTHETIC,,,true,,SCN-FIN-0041,Medium,synthetic-design,AUDIT-cases-CASE-00041
CASE-00042,Synthetic investigation 0042,communication,closed,2024-05-21T03:14:13,Synthetic investigation case for TraceX analytical testing.,SYNTHETIC,,,true,,SCN-COM-0042,Medium,synthetic-design,AUDIT-cases-CASE-00042
CASE-00043,Synthetic investigation 0043,cyber,review,2024-03-03T12:28:58,Synthetic investigation case for TraceX analytical testing.,SYNTHETIC,,,true,,SCN-CYBER-0043,Medium,synthetic-design,AUDIT-cases-CASE-00043
CASE-00044,Synthetic investigation 0044,physical,open,2025-01-31T22:26:14,Synthetic investigation case for TraceX analytical testing.,SYNTHETIC,,,true,,SCN-PHYS-0044,Medium,synthetic-design,AUDIT-cases-CASE-00044
CASE-00045,Synthetic investigation 0045,mixed,review,2025-05-17T01:46:44,Synthetic investigation case for TraceX analytical testing.,SYNTHETIC,,,true,,SCN-MIXED-0045,Medium,synthetic-design,AUDIT-cases-CASE-00045
CASE-00046,Synthetic investigation 0046,financial,open,2024-05-15T07:52:05,Synthetic investigation case for TraceX analytical testing.,SYNTHETIC,,,true,,SCN-FIN-0046,Medium,synthetic-design,AUDIT-cases-CASE-00046
CASE-00047,Synthetic investigation 0047,communication,open,2024-12-04T03:08:42,Synthetic investigation case for TraceX analytical testing.,SYNTHETIC,,,true,,SCN-COM-0047,Medium,synthetic-design,AUDIT-cases-CASE-00047
CASE-00048,Synthetic investigation 0048,cyber,review,2025-04-27T21:18:38,Synthetic investigation case for TraceX analytical testing.,SYNTHETIC,,,true,,SCN-CYBER-0048,Medium,synthetic-design,AUDIT-cases-CASE-00048
CASE-00049,Synthetic investigation 0049,physical,open,2024-10-07T12:44:39,Synthetic investigation case for TraceX analytical testing.,SYNTHETIC,,,true,,SCN-PHYS-0049,Medium,synthetic-design,AUDIT-cases-CASE-00049
CASE-00050,Synthetic investigation 0050,mixed,open,2024-10-07T05:36:28,Synthetic investigation case for TraceX analytical testing.,SYNTHETIC,,,true,,SCN-MIXED-0050,Medium,synthetic-design,AUDIT-cases-CASE-00050
CASE-00051,Synthetic investigation 0051,financial,review,2024-06-16T22:48:17,Synthetic investigation case for TraceX analytical testing.,SYNTHETIC,,,true,,SCN-FIN-0051,Medium,synthetic-design,AUDIT-cases-CASE-00051
CASE-00052,Synthetic investigation 0052,communication,open,2024-02-26T20:14:24,Synthetic investigation case for TraceX analytical testing.,SYNTHETIC,,,true,,SCN-COM-0052,Medium,synthetic-design,AUDIT-cases-CASE-00052
CASE-00053,Synthetic investigation 0053,cyber,open,2025-05-07T16:58:16,Synthetic investigation case for TraceX analytical testing.,SYNTHETIC,,,true,,SCN-CYBER-0053,Medium,synthetic-design,AUDIT-cases-CASE-00053
CASE-00054,Synthetic investigation 0054,physical,closed,2025-05-19T15:20:46,Synthetic investigation case for TraceX analytical testing.,SYNTHETIC,,,true,,SCN-PHYS-0054,Medium,synthetic-design,AUDIT-cases-CASE-00054
CASE-00055,Synthetic investigation 0055,mixed,closed,2025-06-30T04:45:39,Synthetic investigation case for TraceX analytical testing.,SYNTHETIC,,,true,,SCN-MIXED-0055,Medium,synthetic-design,AUDIT-cases-CASE-00055
CASE-00056,Synthetic investigation 0056,financial,open,2024-05-16T11:15:40,Synthetic investigation case for TraceX analytical testing.,SYNTHETIC,,,true,,SCN-FIN-0056,Medium,synthetic-design,AUDIT-cases-CASE-00056
CASE-00057,Synthetic investigation 0057,communication,open,2024-10-28T16:42:10,Synthetic investigation case for TraceX analytical testing.,SYNTHETIC,,,true,,SCN-COM-0057,Medium,synthetic-design,AUDIT-cases-CASE-00057
CASE-00058,Synthetic investigation 0058,cyber,review,2024-10-30T10:23:45,Synthetic investigation case for TraceX analytical testing.,SYNTHETIC,,,true,,SCN-CYBER-0058,Medium,synthetic-design,AUDIT-cases-CASE-00058
CASE-00059,Synthetic investigation 0059,physical,review,2025-05-27T05:29:09,Synthetic investigation case for TraceX analytical testing.,SYNTHETIC,,,true,,SCN-PHYS-0059,Medium,synthetic-design,AUDIT-cases-CASE-00059
CASE-00060,Synthetic investigation 0060,mixed,closed,2024-11-12T03:36:44,Synthetic investigation case for TraceX analytical testing.,SYNTHETIC,,,true,,SCN-MIXED-0060,Medium,synthetic-design,AUDIT-cases-CASE-00060
CASE-00061,Synthetic investigation 0061,financial,open,2024-02-09T19:25:22,Synthetic investigation case for TraceX analytical testing.,SYNTHETIC,,,true,,SCN-FIN-0061,Medium,synthetic-design,AUDIT-cases-CASE-00061
CASE-00062,Synthetic investigation 0062,communication,closed,2024-05-26T20:44:49,Synthetic investigation case for TraceX analytical testing.,SYNTHETIC,,,true,,SCN-COM-0062,Medium,synthetic-design,AUDIT-cases-CASE-00062
CASE-00063,Synthetic investigation 0063,cyber,review,2025-02-20T01:21:56,Synthetic investigation case for TraceX analytical testing.,SYNTHETIC,,,true,,SCN-CYBER-0063,Medium,synthetic-design,AUDIT-cases-CASE-00063
CASE-00064,Synthetic investigation 0064,physical,review,2025-06-16T19:20:03,Synthetic investigation case for TraceX analytical testing.,SYNTHETIC,,,true,,SCN-PHYS-0064,Medium,synthetic-design,AUDIT-cases-CASE-00064
CASE-00065,Synthetic investigation 0065,mixed,closed,2025-04-07T10:36:29,Synthetic investigation case for TraceX analytical testing.,SYNTHETIC,,,true,,SCN-MIXED-0065,Medium,synthetic-design,AUDIT-cases-CASE-00065
CASE-00066,Synthetic investigation 0066,financial,review,2024-03-26T22:08:26,Synthetic investigation case for TraceX analytical testing.,SYNTHETIC,,,true,,SCN-FIN-0066,Medium,synthetic-design,AUDIT-cases-CASE-00066
CASE-00067,Synthetic investigation 0067,communication,review,2025-05-15T12:16:38,Synthetic investigation case for TraceX analytical testing.,SYNTHETIC,,,true,,SCN-COM-0067,Medium,synthetic-design,AUDIT-cases-CASE-00067
CASE-00068,Synthetic investigation 0068,cyber,review,2025-01-03T10:28:55,Synthetic investigation case for TraceX analytical testing.,SYNTHETIC,,,true,,SCN-CYBER-0068,Medium,synthetic-design,AUDIT-cases-CASE-00068
CASE-00069,Synthetic investigation 0069,physical,review,2024-07-30T20:11:35,Synthetic investigation case for TraceX analytical testing.,SYNTHETIC,,,true,,SCN-PHYS-0069,Medium,synthetic-design,AUDIT-cases-CASE-00069
CASE-00070,Synthetic investigation 0070,mixed,open,2024-03-12T14:28:19,Synthetic investigation case for TraceX analytical testing.,SYNTHETIC,,,true,,SCN-MIXED-0070,Medium,synthetic-design,AUDIT-cases-CASE-00070
CASE-00071,Synthetic investigation 0071,financial,closed,2025-03-14T19:29:25,Synthetic investigation case for TraceX analytical testing.,SYNTHETIC,,,true,,SCN-FIN-0071,Medium,synthetic-design,AUDIT-cases-CASE-00071
CASE-00072,Synthetic investigation 0072,communication,review,2024-12-18T12:59:34,Synthetic investigation case for TraceX analytical testing.,SYNTHETIC,,,true,,SCN-COM-0072,Medium,synthetic-design,AUDIT-cases-CASE-00072
CASE-00073,Synthetic investigation 0073,cyber,closed,2024-09-13T19:49:41,Synthetic investigation case for TraceX analytical testing.,SYNTHETIC,,,true,,SCN-CYBER-0073,Medium,synthetic-design,AUDIT-cases-CASE-00073
CASE-00074,Synthetic investigation 0074,physical,closed,2024-05-12T02:32:35,Synthetic investigation case for TraceX analytical testing.,SYNTHETIC,,,true,,SCN-PHYS-0074,Medium,synthetic-design,AUDIT-cases-CASE-00074
CASE-00075,Synthetic investigation 0075,mixed,closed,2025-04-19T23:00:55,Synthetic investigation case for TraceX analytical testing.,SYNTHETIC,,,true,,SCN-MIXED-0075,Medium,synthetic-design,AUDIT-cases-CASE-00075
CASE-00076,Synthetic investigation 0076,financial,closed,2024-10-22T07:44:01,Synthetic investigation case for TraceX analytical testing.,SYNTHETIC,,,true,,SCN-FIN-0076,Medium,synthetic-design,AUDIT-cases-CASE-00076
CASE-00077,Synthetic investigation 0077,communication,open,2024-03-06T23:13:40,Synthetic investigation case for TraceX analytical testing.,SYNTHETIC,,,true,,SCN-COM-0077,Medium,synthetic-design,AUDIT-cases-CASE-00077
CASE-00078,Synthetic investigation 0078,cyber,closed,2025-05-26T15:46:01,Synthetic investigation case for TraceX analytical testing.,SYNTHETIC,,,true,,SCN-CYBER-0078,Medium,synthetic-design,AUDIT-cases-CASE-00078
CASE-00079,Synthetic investigation 0079,physical,review,2024-05-21T12:51:14,Synthetic investigation case for TraceX analytical testing.,SYNTHETIC,,,true,,SCN-PHYS-0079,Medium,synthetic-design,AUDIT-cases-CASE-00079
CASE-00080,Synthetic investigation 0080,mixed,closed,2024-09-09T23:17:23,Synthetic investigation case for TraceX analytical testing.,SYNTHETIC,,,true,,SCN-MIXED-0080,Medium,synthetic-design,AUDIT-cases-CASE-00080
CASE-00081,Synthetic investigation 0081,financial,open,2024-06-17T11:21:30,Synthetic investigation case for TraceX analytical testing.,SYNTHETIC,,,true,,SCN-FIN-0081,Medium,synthetic-design,AUDIT-cases-CASE-00081
CASE-00082,Synthetic investigation 0082,communication,open,2024-01-16T01:11:31,Synthetic investigation case for TraceX analytical testing.,SYNTHETIC,,,true,,SCN-COM-0082,Medium,synthetic-design,AUDIT-cases-CASE-00082
CASE-00083,Synthetic investigation 0083,cyber,closed,2025-06-27T10:19:53,Synthetic investigation case for TraceX analytical testing.,SYNTHETIC,,,true,,SCN-CYBER-0083,Medium,synthetic-design,AUDIT-cases-CASE-00083
CASE-00084,Synthetic investigation 0084,physical,closed,2024-04-25T01:24:33,Synthetic investigation case for TraceX analytical testing.,SYNTHETIC,,,true,,SCN-PHYS-0084,Medium,synthetic-design,AUDIT-cases-CASE-00084
CASE-00085,Synthetic investigation 0085,mixed,open,2024-03-16T22:17:52,Synthetic investigation case for TraceX analytical testing.,SYNTHETIC,,,true,,SCN-MIXED-0085,Medium,synthetic-design,AUDIT-cases-CASE-00085
CASE-00086,Synthetic investigation 0086,financial,open,2025-02-24T14:00:50,Synthetic investigation case for TraceX analytical testing.,SYNTHETIC,,,true,,SCN-FIN-0086,Medium,synthetic-design,AUDIT-cases-CASE-00086
CASE-00087,Synthetic investigation 0087,communication,open,2024-10-16T05:23:33,Synthetic investigation case for TraceX analytical testing.,SYNTHETIC,,,true,,SCN-COM-0087,Medium,synthetic-design,AUDIT-cases-CASE-00087
CASE-00088,Synthetic investigation 0088,cyber,review,2025-05-12T23:59:05,Synthetic investigation case for TraceX analytical testing.,SYNTHETIC,,,true,,SCN-CYBER-0088,Medium,synthetic-design,AUDIT-cases-CASE-00088
CASE-00089,Synthetic investigation 0089,physical,closed,2024-06-15T08:40:59,Synthetic investigation case for TraceX analytical testing.,SYNTHETIC,,,true,,SCN-PHYS-0089,Medium,synthetic-design,AUDIT-cases-CASE-00089
CASE-00090,Synthetic investigation 0090,mixed,closed,2024-09-01T01:11:03,Synthetic investigation case for TraceX analytical testing.,SYNTHETIC,,,true,,SCN-MIXED-0090,Medium,synthetic-design,AUDIT-cases-CASE-00090
CASE-00091,Synthetic investigation 0091,financial,open,2025-06-06T14:03:36,Synthetic investigation case for TraceX analytical testing.,SYNTHETIC,,,true,,SCN-FIN-0091,Medium,synthetic-design,AUDIT-cases-CASE-00091
CASE-00092,Synthetic investigation 0092,communication,closed,2025-04-10T06:00:28,Synthetic investigation case for TraceX analytical testing.,SYNTHETIC,,,true,,SCN-COM-0092,Medium,synthetic-design,AUDIT-cases-CASE-00092
CASE-00093,Synthetic investigation 0093,cyber,open,2024-12-31T20:15:01,Synthetic investigation case for TraceX analytical testing.,SYNTHETIC,,,true,,SCN-CYBER-0093,Medium,synthetic-design,AUDIT-cases-CASE-00093
CASE-00094,Synthetic investigation 0094,physical,open,2024-10-19T10:40:55,Synthetic investigation case for TraceX analytical testing.,SYNTHETIC,,,true,,SCN-PHYS-0094,Medium,synthetic-design,AUDIT-cases-CASE-00094
CASE-00095,Synthetic investigation 0095,mixed,closed,2024-01-17T11:59:31,Synthetic investigation case for TraceX analytical testing.,SYNTHETIC,,,true,,SCN-MIXED-0095,Medium,synthetic-design,AUDIT-cases-CASE-00095
CASE-00096,Synthetic investigation 0096,financial,closed,2025-04-18T12:26:00,Synthetic investigation case for TraceX analytical testing.,SYNTHETIC,,,true,,SCN-FIN-0096,Medium,synthetic-design,AUDIT-cases-CASE-00096
CASE-00097,Synthetic investigation 0097,communication,review,2024-08-22T03:20:15,Synthetic investigation case for TraceX analytical testing.,SYNTHETIC,,,true,,SCN-COM-0097,Medium,synthetic-design,AUDIT-cases-CASE-00097
CASE-00098,Synthetic investigation 0098,cyber,closed,2025-07-14T21:52:40,Synthetic investigation case for TraceX analytical testing.,SYNTHETIC,,,true,,SCN-CYBER-0098,Medium,synthetic-design,AUDIT-cases-CASE-00098
CASE-00099,Synthetic investigation 0099,physical,closed,2024-06-24T22:22:12,Synthetic investigation case for TraceX analytical testing.,SYNTHETIC,,,true,,SCN-PHYS-0099,Medium,synthetic-design,AUDIT-cases-CASE-00099
CASE-00100,Synthetic investigation 0100,mixed,open,2024-12-11T18:00:50,Synthetic investigation case for TraceX analytical testing.,SYNTHETIC,,,true,,SCN-MIXED-0100,Medium,synthetic-design,AUDIT-cases-CASE-00100
CASE-00101,Synthetic investigation 0101,financial,review,2024-01-02T23:24:38,Synthetic investigation case for TraceX analytical testing.,SYNTHETIC,,,true,,SCN-FIN-0101,Medium,synthetic-design,AUDIT-cases-CASE-00101
CASE-00102,Synthetic investigation 0102,communication,closed,2025-06-27T01:51:45,Synthetic investigation case for TraceX analytical testing.,SYNTHETIC,,,true,,SCN-COM-0102,Medium,synthetic-design,AUDIT-cases-CASE-00102
CASE-00103,Synthetic investigation 0103,cyber,review,2024-09-03T20:03:40,Synthetic investigation case for TraceX analytical testing.,SYNTHETIC,,,true,,SCN-CYBER-0103,Medium,synthetic-design,AUDIT-cases-CASE-00103
CASE-00104,Synthetic investigation 0104,physical,open,2024-02-26T10:46:17,Synthetic investigation case for TraceX analytical testing.,SYNTHETIC,,,true,,SCN-PHYS-0104,Medium,synthetic-design,AUDIT-cases-CASE-00104
CASE-00105,Synthetic investigation 0105,mixed,closed,2025-04-04T12:40:29,Synthetic investigation case for TraceX analytical testing.,SYNTHETIC,,,true,,SCN-MIXED-0105,Medium,synthetic-design,AUDIT-cases-CASE-00105
CASE-00106,Synthetic investigation 0106,financial,open,2025-06-13T19:16:17,Synthetic investigation case for TraceX analytical testing.,SYNTHETIC,,,true,,SCN-FIN-0106,Medium,synthetic-design,AUDIT-cases-CASE-00106
CASE-00107,Synthetic investigation 0107,communication,review,2024-09-06T09:33:12,Synthetic investigation case for TraceX analytical testing.,SYNTHETIC,,,true,,SCN-COM-0107,Medium,synthetic-design,AUDIT-cases-CASE-00107
CASE-00108,Synthetic investigation 0108,cyber,open,2025-02-05T16:37:48,Synthetic investigation case for TraceX analytical testing.,SYNTHETIC,,,true,,SCN-CYBER-0108,Medium,synthetic-design,AUDIT-cases-CASE-00108
CASE-00109,Synthetic investigation 0109,physical,closed,2024-12-21T03:02:18,Synthetic investigation case for TraceX analytical testing.,SYNTHETIC,,,true,,SCN-PHYS-0109,Medium,synthetic-design,AUDIT-cases-CASE-00109
CASE-00110,Synthetic investigation 0110,mixed,review,2024-08-21T18:21:48,Synthetic investigation case for TraceX analytical testing.,SYNTHETIC,,,true,,SCN-MIXED-0110,Medium,synthetic-design,AUDIT-cases-CASE-00110
CASE-00111,Synthetic investigation 0111,financial,open,2024-06-11T02:22:36,Synthetic investigation case for TraceX analytical testing.,SYNTHETIC,,,true,,SCN-FIN-0111,Medium,synthetic-design,AUDIT-cases-CASE-00111
CASE-00112,Synthetic investigation 0112,communication,closed,2025-04-28T06:06:15,Synthetic investigation case for TraceX analytical testing.,SYNTHETIC,,,true,,SCN-COM-0112,Medium,synthetic-design,AUDIT-cases-CASE-00112
CASE-00113,Synthetic investigation 0113,cyber,review,2025-01-28T23:06:42,Synthetic investigation case for TraceX analytical testing.,SYNTHETIC,,,true,,SCN-CYBER-0113,Medium,synthetic-design,AUDIT-cases-CASE-00113
CASE-00114,Synthetic investigation 0114,physical,open,2025-05-03T06:43:54,Synthetic investigation case for TraceX analytical testing.,SYNTHETIC,,,true,,SCN-PHYS-0114,Medium,synthetic-design,AUDIT-cases-CASE-00114
CASE-00115,Synthetic investigation 0115,mixed,open,2025-05-17T07:46:51,Synthetic investigation case for TraceX analytical testing.,SYNTHETIC,,,true,,SCN-MIXED-0115,Medium,synthetic-design,AUDIT-cases-CASE-00115
CASE-00116,Synthetic investigation 0116,financial,closed,2025-03-08T09:05:08,Synthetic investigation case for TraceX analytical testing.,SYNTHETIC,,,true,,SCN-FIN-0116,Medium,synthetic-design,AUDIT-cases-CASE-00116
CASE-00117,Synthetic investigation 0117,communication,open,2025-05-07T09:21:36,Synthetic investigation case for TraceX analytical testing.,SYNTHETIC,,,true,,SCN-COM-0117,Medium,synthetic-design,AUDIT-cases-CASE-00117
CASE-00118,Synthetic investigation 0118,cyber,open,2025-03-07T18:29:36,Synthetic investigation case for TraceX analytical testing.,SYNTHETIC,,,true,,SCN-CYBER-0118,Medium,synthetic-design,AUDIT-cases-CASE-00118
CASE-00119,Synthetic investigation 0119,physical,open,2024-05-04T22:33:56,Synthetic investigation case for TraceX analytical testing.,SYNTHETIC,,,true,,SCN-PHYS-0119,Medium,synthetic-design,AUDIT-cases-CASE-00119
CASE-00120,Synthetic investigation 0120,mixed,closed,2024-12-01T22:53:35,Synthetic investigation case for TraceX analytical testing.,SYNTHETIC,,,true,,SCN-MIXED-0120,Medium,synthetic-design,AUDIT-cases-CASE-00120
CASE-00121,Synthetic investigation 0121,financial,closed,2025-06-12T23:42:54,Synthetic investigation case for TraceX analytical testing.,SYNTHETIC,,,true,,SCN-FIN-0121,Medium,synthetic-design,AUDIT-cases-CASE-00121
CASE-00122,Synthetic investigation 0122,communication,closed,2025-06-19T17:02:02,Synthetic investigation case for TraceX analytical testing.,SYNTHETIC,,,true,,SCN-COM-0122,Medium,synthetic-design,AUDIT-cases-CASE-00122
CASE-00123,Synthetic investigation 0123,cyber,review,2024-02-21T07:00:49,Synthetic investigation case for TraceX analytical testing.,SYNTHETIC,,,true,,SCN-CYBER-0123,Medium,synthetic-design,AUDIT-cases-CASE-00123
CASE-00124,Synthetic investigation 0124,physical,review,2025-04-27T02:25:54,Synthetic investigation case for TraceX analytical testing.,SYNTHETIC,,,true,,SCN-PHYS-0124,Medium,synthetic-design,AUDIT-cases-CASE-00124
CASE-00125,Synthetic investigation 0125,mixed,open,2024-02-18T14:49:39,Synthetic investigation case for TraceX analytical testing.,SYNTHETIC,,,true,,SCN-MIXED-0125,Medium,synthetic-design,AUDIT-cases-CASE-00125
CASE-00126,Synthetic investigation 0126,financial,closed,2024-06-22T09:14:28,Synthetic investigation case for TraceX analytical testing.,SYNTHETIC,,,true,,SCN-FIN-0126,Medium,synthetic-design,AUDIT-cases-CASE-00126
CASE-00127,Synthetic investigation 0127,communication,closed,2024-09-25T19:42:53,Synthetic investigation case for TraceX analytical testing.,SYNTHETIC,,,true,,SCN-COM-0127,Medium,synthetic-design,AUDIT-cases-CASE-00127
CASE-00128,Synthetic investigation 0128,cyber,closed,2024-03-15T03:51:34,Synthetic investigation case for TraceX analytical testing.,SYNTHETIC,,,true,,SCN-CYBER-0128,Medium,synthetic-design,AUDIT-cases-CASE-00128
CASE-00129,Synthetic investigation 0129,physical,open,2024-01-17T15:38:38,Synthetic investigation case for TraceX analytical testing.,SYNTHETIC,,,true,,SCN-PHYS-0129,Medium,synthetic-design,AUDIT-cases-CASE-00129
CASE-00130,Synthetic investigation 0130,mixed,closed,2025-03-07T22:55:18,Synthetic investigation case for TraceX analytical testing.,SYNTHETIC,,,true,,SCN-MIXED-0130,Medium,synthetic-design,AUDIT-cases-CASE-00130
CASE-00131,Synthetic investigation 0131,financial,review,2025-06-12T12:09:22,Synthetic investigation case for TraceX analytical testing.,SYNTHETIC,,,true,,SCN-FIN-0131,Medium,synthetic-design,AUDIT-cases-CASE-00131
CASE-00132,Synthetic investigation 0132,communication,closed,2025-07-21T14:58:52,Synthetic investigation case for TraceX analytical testing.,SYNTHETIC,,,true,,SCN-COM-0132,Medium,synthetic-design,AUDIT-cases-CASE-00132
CASE-00133,Synthetic investigation 0133,cyber,closed,2025-04-19T20:02:02,Synthetic investigation case for TraceX analytical testing.,SYNTHETIC,,,true,,SCN-CYBER-0133,Medium,synthetic-design,AUDIT-cases-CASE-00133
CASE-00134,Synthetic investigation 0134,physical,open,2025-03-22T05:08:50,Synthetic investigation case for TraceX analytical testing.,SYNTHETIC,,,true,,SCN-PHYS-0134,Medium,synthetic-design,AUDIT-cases-CASE-00134
CASE-00135,Synthetic investigation 0135,mixed,review,2024-05-05T06:07:54,Synthetic investigation case for TraceX analytical testing.,SYNTHETIC,,,true,,SCN-MIXED-0135,Medium,synthetic-design,AUDIT-cases-CASE-00135
CASE-00136,Synthetic investigation 0136,financial,review,2024-01-10T06:42:43,Synthetic investigation case for TraceX analytical testing.,SYNTHETIC,,,true,,SCN-FIN-0136,Medium,synthetic-design,AUDIT-cases-CASE-00136
CASE-00137,Synthetic investigation 0137,communication,open,2024-02-26T07:27:20,Synthetic investigation case for TraceX analytical testing.,SYNTHETIC,,,true,,SCN-COM-0137,Medium,synthetic-design,AUDIT-cases-CASE-00137
CASE-00138,Synthetic investigation 0138,cyber,review,2024-07-02T14:18:02,Synthetic investigation case for TraceX analytical testing.,SYNTHETIC,,,true,,SCN-CYBER-0138,Medium,synthetic-design,AUDIT-cases-CASE-00138
CASE-00139,Synthetic investigation 0139,physical,review,2024-01-13T08:14:06,Synthetic investigation case for TraceX analytical testing.,SYNTHETIC,,,true,,SCN-PHYS-0139,Medium,synthetic-design,AUDIT-cases-CASE-00139
CASE-00140,Synthetic investigation 0140,mixed,open,2024-04-29T15:32:57,Synthetic investigation case for TraceX analytical testing.,SYNTHETIC,,,true,,SCN-MIXED-0140,Medium,synthetic-design,AUDIT-cases-CASE-00140
CASE-00141,Synthetic investigation 0141,financial,closed,2024-01-14T16:41:19,Synthetic investigation case for TraceX analytical testing.,SYNTHETIC,,,true,,SCN-FIN-0141,Medium,synthetic-design,AUDIT-cases-CASE-00141
CASE-00142,Synthetic investigation 0142,communication,review,2024-08-24T19:07:58,Synthetic investigation case for TraceX analytical testing.,SYNTHETIC,,,true,,SCN-COM-0142,Medium,synthetic-design,AUDIT-cases-CASE-00142
CASE-00143,Synthetic investigation 0143,cyber,open,2025-07-07T00:40:32,Synthetic investigation case for TraceX analytical testing.,SYNTHETIC,,,true,,SCN-CYBER-0143,Medium,synthetic-design,AUDIT-cases-CASE-00143
CASE-00144,Synthetic investigation 0144,physical,open,2025-08-01T05:34:21,Synthetic investigation case for TraceX analytical testing.,SYNTHETIC,,,true,,SCN-PHYS-0144,Medium,synthetic-design,AUDIT-cases-CASE-00144
CASE-00145,Synthetic investigation 0145,mixed,review,2025-03-23T15:00:12,Synthetic investigation case for TraceX analytical testing.,SYNTHETIC,,,true,,SCN-MIXED-0145,Medium,synthetic-design,AUDIT-cases-CASE-00145
CASE-00146,Synthetic investigation 0146,financial,open,2025-04-19T12:36:34,Synthetic investigation case for TraceX analytical testing.,SYNTHETIC,,,true,,SCN-FIN-0146,Medium,synthetic-design,AUDIT-cases-CASE-00146
CASE-00147,Synthetic investigation 0147,communication,review,2024-05-28T10:01:56,Synthetic investigation case for TraceX analytical testing.,SYNTHETIC,,,true,,SCN-COM-0147,Medium,synthetic-design,AUDIT-cases-CASE-00147
CASE-00148,Synthetic investigation 0148,cyber,review,2024-02-06T14:12:19,Synthetic investigation case for TraceX analytical testing.,SYNTHETIC,,,true,,SCN-CYBER-0148,Medium,synthetic-design,AUDIT-cases-CASE-00148
CASE-00149,Synthetic investigation 0149,physical,closed,2024-07-17T07:06:11,Synthetic investigation case for TraceX analytical testing.,SYNTHETIC,,,true,,SCN-PHYS-0149,Medium,synthetic-design,AUDIT-cases-CASE-00149
CASE-00150,Synthetic investigation 0150,mixed,closed,2024-08-14T04:47:01,Synthetic investigation case for TraceX analytical testing.,SYNTHETIC,,,true,,SCN-MIXED-0150,Medium,synthetic-design,AUDIT-cases-CASE-00150
CASE-00151,Synthetic investigation 0151,financial,closed,2025-03-01T07:30:07,Synthetic investigation case for TraceX analytical testing.,SYNTHETIC,,,true,,SCN-FIN-0151,Medium,synthetic-design,AUDIT-cases-CASE-00151
CASE-00152,Synthetic investigation 0152,communication,closed,2024-05-06T03:36:01,Synthetic investigation case for TraceX analytical testing.,SYNTHETIC,,,true,,SCN-COM-0152,Medium,synthetic-design,AUDIT-cases-CASE-00152
CASE-00153,Synthetic investigation 0153,cyber,closed,2024-02-28T04:38:04,Synthetic investigation case for TraceX analytical testing.,SYNTHETIC,,,true,,SCN-CYBER-0153,Medium,synthetic-design,AUDIT-cases-CASE-00153
CASE-00154,Synthetic investigation 0154,physical,review,2024-10-12T00:17:01,Synthetic investigation case for TraceX analytical testing.,SYNTHETIC,,,true,,SCN-PHYS-0154,Medium,synthetic-design,AUDIT-cases-CASE-00154
CASE-00155,Synthetic investigation 0155,mixed,review,2025-04-28T09:56:08,Synthetic investigation case for TraceX analytical testing.,SYNTHETIC,,,true,,SCN-MIXED-0155,Medium,synthetic-design,AUDIT-cases-CASE-00155
CASE-00156,Synthetic investigation 0156,financial,open,2024-05-17T17:22:18,Synthetic investigation case for TraceX analytical testing.,SYNTHETIC,,,true,,SCN-FIN-0156,Medium,synthetic-design,AUDIT-cases-CASE-00156
CASE-00157,Synthetic investigation 0157,communication,open,2024-06-22T18:37:47,Synthetic investigation case for TraceX analytical testing.,SYNTHETIC,,,true,,SCN-COM-0157,Medium,synthetic-design,AUDIT-cases-CASE-00157
CASE-00158,Synthetic investigation 0158,cyber,open,2024-06-03T12:05:09,Synthetic investigation case for TraceX analytical testing.,SYNTHETIC,,,true,,SCN-CYBER-0158,Medium,synthetic-design,AUDIT-cases-CASE-00158
CASE-00159,Synthetic investigation 0159,physical,review,2025-07-18T08:13:48,Synthetic investigation case for TraceX analytical testing.,SYNTHETIC,,,true,,SCN-PHYS-0159,Medium,synthetic-design,AUDIT-cases-CASE-00159
CASE-00160,Synthetic investigation 0160,mixed,closed,2025-06-25T08:50:35,Synthetic investigation case for TraceX analytical testing.,SYNTHETIC,,,true,,SCN-MIXED-0160,Medium,synthetic-design,AUDIT-cases-CASE-00160
CASE-00161,Synthetic investigation 0161,financial,open,2025-07-12T20:55:40,Synthetic investigation case for TraceX analytical testing.,SYNTHETIC,,,true,,SCN-FIN-0161,Medium,synthetic-design,AUDIT-cases-CASE-00161
CASE-00162,Synthetic investigation 0162,communication,closed,2024-02-17T02:03:03,Synthetic investigation case for TraceX analytical testing.,SYNTHETIC,,,true,,SCN-COM-0162,Medium,synthetic-design,AUDIT-cases-CASE-00162
CASE-00163,Synthetic investigation 0163,cyber,review,2025-03-07T10:40:52,Synthetic investigation case for TraceX analytical testing.,SYNTHETIC,,,true,,SCN-CYBER-0163,Medium,synthetic-design,AUDIT-cases-CASE-00163
CASE-00164,Synthetic investigation 0164,physical,open,2025-02-13T23:34:29,Synthetic investigation case for TraceX analytical testing.,SYNTHETIC,,,true,,SCN-PHYS-0164,Medium,synthetic-design,AUDIT-cases-CASE-00164
CASE-00165,Synthetic investigation 0165,mixed,review,2024-12-26T18:19:17,Synthetic investigation case for TraceX analytical testing.,SYNTHETIC,,,true,,SCN-MIXED-0165,Medium,synthetic-design,AUDIT-cases-CASE-00165
CASE-00166,Synthetic investigation 0166,financial,closed,2024-06-06T23:12:24,Synthetic investigation case for TraceX analytical testing.,SYNTHETIC,,,true,,SCN-FIN-0166,Medium,synthetic-design,AUDIT-cases-CASE-00166
CASE-00167,Synthetic investigation 0167,communication,closed,2025-04-09T11:53:52,Synthetic investigation case for TraceX analytical testing.,SYNTHETIC,,,true,,SCN-COM-0167,Medium,synthetic-design,AUDIT-cases-CASE-00167
CASE-00168,Synthetic investigation 0168,cyber,open,2024-12-06T18:11:41,Synthetic investigation case for TraceX analytical testing.,SYNTHETIC,,,true,,SCN-CYBER-0168,Medium,synthetic-design,AUDIT-cases-CASE-00168
CASE-00169,Synthetic investigation 0169,physical,open,2025-05-05T07:15:21,Synthetic investigation case for TraceX analytical testing.,SYNTHETIC,,,true,,SCN-PHYS-0169,Medium,synthetic-design,AUDIT-cases-CASE-00169
CASE-00170,Synthetic investigation 0170,mixed,closed,2025-07-16T14:34:59,Synthetic investigation case for TraceX analytical testing.,SYNTHETIC,,,true,,SCN-MIXED-0170,Medium,synthetic-design,AUDIT-cases-CASE-00170
CASE-00171,Synthetic investigation 0171,financial,open,2024-11-06T13:09:41,Synthetic investigation case for TraceX analytical testing.,SYNTHETIC,,,true,,SCN-FIN-0171,Medium,synthetic-design,AUDIT-cases-CASE-00171
CASE-00172,Synthetic investigation 0172,communication,closed,2024-11-22T16:53:46,Synthetic investigation case for TraceX analytical testing.,SYNTHETIC,,,true,,SCN-COM-0172,Medium,synthetic-design,AUDIT-cases-CASE-00172
CASE-00173,Synthetic investigation 0173,cyber,closed,2024-11-03T17:43:10,Synthetic investigation case for TraceX analytical testing.,SYNTHETIC,,,true,,SCN-CYBER-0173,Medium,synthetic-design,AUDIT-cases-CASE-00173
CASE-00174,Synthetic investigation 0174,physical,open,2025-05-20T18:37:55,Synthetic investigation case for TraceX analytical testing.,SYNTHETIC,,,true,,SCN-PHYS-0174,Medium,synthetic-design,AUDIT-cases-CASE-00174
CASE-00175,Synthetic investigation 0175,mixed,closed,2024-12-21T14:42:38,Synthetic investigation case for TraceX analytical testing.,SYNTHETIC,,,true,,SCN-MIXED-0175,Medium,synthetic-design,AUDIT-cases-CASE-00175
CASE-00176,Synthetic investigation 0176,financial,review,2025-04-05T22:22:56,Synthetic investigation case for TraceX analytical testing.,SYNTHETIC,,,true,,SCN-FIN-0176,Medium,synthetic-design,AUDIT-cases-CASE-00176
CASE-00177,Synthetic investigation 0177,communication,review,2024-08-16T20:34:37,Synthetic investigation case for TraceX analytical testing.,SYNTHETIC,,,true,,SCN-COM-0177,Medium,synthetic-design,AUDIT-cases-CASE-00177
CASE-00178,Synthetic investigation 0178,cyber,review,2024-12-17T04:33:26,Synthetic investigation case for TraceX analytical testing.,SYNTHETIC,,,true,,SCN-CYBER-0178,Medium,synthetic-design,AUDIT-cases-CASE-00178
CASE-00179,Synthetic investigation 0179,physical,closed,2024-05-15T14:17:10,Synthetic investigation case for TraceX analytical testing.,SYNTHETIC,,,true,,SCN-PHYS-0179,Medium,synthetic-design,AUDIT-cases-CASE-00179
CASE-00180,Synthetic investigation 0180,mixed,closed,2024-12-29T23:48:31,Synthetic investigation case for TraceX analytical testing.,SYNTHETIC,,,true,,SCN-MIXED-0180,Medium,synthetic-design,AUDIT-cases-CASE-00180
CASE-00181,Synthetic investigation 0181,financial,review,2025-08-06T14:54:31,Synthetic investigation case for TraceX analytical testing.,SYNTHETIC,,,true,,SCN-FIN-0181,Medium,synthetic-design,AUDIT-cases-CASE-00181
CASE-00182,Synthetic investigation 0182,communication,review,2024-10-10T20:55:59,Synthetic investigation case for TraceX analytical testing.,SYNTHETIC,,,true,,SCN-COM-0182,Medium,synthetic-design,AUDIT-cases-CASE-00182
CASE-00183,Synthetic investigation 0183,cyber,closed,2024-03-12T04:21:29,Synthetic investigation case for TraceX analytical testing.,SYNTHETIC,,,true,,SCN-CYBER-0183,Medium,synthetic-design,AUDIT-cases-CASE-00183
CASE-00184,Synthetic investigation 0184,physical,closed,2025-03-29T09:09:51,Synthetic investigation case for TraceX analytical testing.,SYNTHETIC,,,true,,SCN-PHYS-0184,Medium,synthetic-design,AUDIT-cases-CASE-00184
CASE-00185,Synthetic investigation 0185,mixed,review,2024-12-17T22:52:50,Synthetic investigation case for TraceX analytical testing.,SYNTHETIC,,,true,,SCN-MIXED-0185,Medium,synthetic-design,AUDIT-cases-CASE-00185
CASE-00186,Synthetic investigation 0186,financial,review,2024-04-02T13:04:35,Synthetic investigation case for TraceX analytical testing.,SYNTHETIC,,,true,,SCN-FIN-0186,Medium,synthetic-design,AUDIT-cases-CASE-00186
CASE-00187,Synthetic investigation 0187,communication,closed,2025-08-03T04:54:23,Synthetic investigation case for TraceX analytical testing.,SYNTHETIC,,,true,,SCN-COM-0187,Medium,synthetic-design,AUDIT-cases-CASE-00187
CASE-00188,Synthetic investigation 0188,cyber,review,2024-12-05T23:27:37,Synthetic investigation case for TraceX analytical testing.,SYNTHETIC,,,true,,SCN-CYBER-0188,Medium,synthetic-design,AUDIT-cases-CASE-00188
CASE-00189,Synthetic investigation 0189,physical,open,2025-08-07T01:53:31,Synthetic investigation case for TraceX analytical testing.,SYNTHETIC,,,true,,SCN-PHYS-0189,Medium,synthetic-design,AUDIT-cases-CASE-00189
CASE-00190,Synthetic investigation 0190,mixed,closed,2024-12-14T03:07:03,Synthetic investigation case for TraceX analytical testing.,SYNTHETIC,,,true,,SCN-MIXED-0190,Medium,synthetic-design,AUDIT-cases-CASE-00190
CASE-00191,Synthetic investigation 0191,financial,open,2024-11-13T14:28:07,Synthetic investigation case for TraceX analytical testing.,SYNTHETIC,,,true,,SCN-FIN-0191,Medium,synthetic-design,AUDIT-cases-CASE-00191
CASE-00192,Synthetic investigation 0192,communication,review,2025-01-27T19:33:08,Synthetic investigation case for TraceX analytical testing.,SYNTHETIC,,,true,,SCN-COM-0192,Medium,synthetic-design,AUDIT-cases-CASE-00192
CASE-00193,Synthetic investigation 0193,cyber,closed,2025-06-07T02:10:28,Synthetic investigation case for TraceX analytical testing.,SYNTHETIC,,,true,,SCN-CYBER-0193,Medium,synthetic-design,AUDIT-cases-CASE-00193
CASE-00194,Synthetic investigation 0194,physical,review,2024-10-21T22:55:13,Synthetic investigation case for TraceX analytical testing.,SYNTHETIC,,,true,,SCN-PHYS-0194,Medium,synthetic-design,AUDIT-cases-CASE-00194
CASE-00195,Synthetic investigation 0195,mixed,review,2024-05-16T03:25:18,Synthetic investigation case for TraceX analytical testing.,SYNTHETIC,,,true,,SCN-MIXED-0195,Medium,synthetic-design,AUDIT-cases-CASE-00195
CASE-00196,Synthetic investigation 0196,financial,review,2024-12-25T19:54:57,Synthetic investigation case for TraceX analytical testing.,SYNTHETIC,,,true,,SCN-FIN-0196,Medium,synthetic-design,AUDIT-cases-CASE-00196
CASE-00197,Synthetic investigation 0197,communication,review,2024-12-05T14:20:53,Synthetic investigation case for TraceX analytical testing.,SYNTHETIC,,,true,,SCN-COM-0197,Medium,synthetic-design,AUDIT-cases-CASE-00197
CASE-00198,Synthetic investigation 0198,cyber,open,2025-06-27T03:16:50,Synthetic investigation case for TraceX analytical testing.,SYNTHETIC,,,true,,SCN-CYBER-0198,Medium,synthetic-design,AUDIT-cases-CASE-00198
CASE-00199,Synthetic investigation 0199,physical,review,2025-02-04T22:16:03,Synthetic investigation case for TraceX analytical testing.,SYNTHETIC,,,true,,SCN-PHYS-0199,Medium,synthetic-design,AUDIT-cases-CASE-00199
CASE-00200,Synthetic investigation 0200,mixed,review,2024-11-14T08:54:38,Synthetic investigation case for TraceX analytical testing.,SYNTHETIC,,,true,,SCN-MIXED-0200,Medium,synthetic-design,AUDIT-cases-CASE-00200
CASE-00201,Synthetic investigation 0201,financial,open,2025-04-13T11:27:05,Synthetic investigation case for TraceX analytical testing.,SYNTHETIC,,,true,,SCN-FIN-0201,Medium,synthetic-design,AUDIT-cases-CASE-00201
CASE-00202,Synthetic investigation 0202,communication,closed,2025-03-16T04:28:08,Synthetic investigation case for TraceX analytical testing.,SYNTHETIC,,,true,,SCN-COM-0202,Medium,synthetic-design,AUDIT-cases-CASE-00202
CASE-00203,Synthetic investigation 0203,cyber,closed,2025-07-13T10:00:57,Synthetic investigation case for TraceX analytical testing.,SYNTHETIC,,,true,,SCN-CYBER-0203,Medium,synthetic-design,AUDIT-cases-CASE-00203
CASE-00204,Synthetic investigation 0204,physical,review,2024-07-28T08:21:03,Synthetic investigation case for TraceX analytical testing.,SYNTHETIC,,,true,,SCN-PHYS-0204,Medium,synthetic-design,AUDIT-cases-CASE-00204
CASE-00205,Synthetic investigation 0205,mixed,open,2024-11-05T17:49:59,Synthetic investigation case for TraceX analytical testing.,SYNTHETIC,,,true,,SCN-MIXED-0205,Medium,synthetic-design,AUDIT-cases-CASE-00205
CASE-00206,Synthetic investigation 0206,financial,open,2024-07-07T13:37:46,Synthetic investigation case for TraceX analytical testing.,SYNTHETIC,,,true,,SCN-FIN-0206,Medium,synthetic-design,AUDIT-cases-CASE-00206
CASE-00207,Synthetic investigation 0207,communication,closed,2024-05-08T18:54:29,Synthetic investigation case for TraceX analytical testing.,SYNTHETIC,,,true,,SCN-COM-0207,Medium,synthetic-design,AUDIT-cases-CASE-00207
CASE-00208,Synthetic investigation 0208,cyber,closed,2025-01-12T07:18:27,Synthetic investigation case for TraceX analytical testing.,SYNTHETIC,,,true,,SCN-CYBER-0208,Medium,synthetic-design,AUDIT-cases-CASE-00208
CASE-00209,Synthetic investigation 0209,physical,closed,2024-08-19T06:02:54,Synthetic investigation case for TraceX analytical testing.,SYNTHETIC,,,true,,SCN-PHYS-0209,Medium,synthetic-design,AUDIT-cases-CASE-00209
CASE-00210,Synthetic investigation 0210,mixed,closed,2024-07-10T14:54:57,Synthetic investigation case for TraceX analytical testing.,SYNTHETIC,,,true,,SCN-MIXED-0210,Medium,synthetic-design,AUDIT-cases-CASE-00210
CASE-00211,Synthetic investigation 0211,financial,review,2024-08-04T14:06:29,Synthetic investigation case for TraceX analytical testing.,SYNTHETIC,,,true,,SCN-FIN-0211,Medium,synthetic-design,AUDIT-cases-CASE-00211
CASE-00212,Synthetic investigation 0212,communication,open,2025-01-26T01:35:20,Synthetic investigation case for TraceX analytical testing.,SYNTHETIC,,,true,,SCN-COM-0212,Medium,synthetic-design,AUDIT-cases-CASE-00212
CASE-00213,Synthetic investigation 0213,cyber,closed,2025-02-10T18:56:39,Synthetic investigation case for TraceX analytical testing.,SYNTHETIC,,,true,,SCN-CYBER-0213,Medium,synthetic-design,AUDIT-cases-CASE-00213
CASE-00214,Synthetic investigation 0214,physical,open,2024-08-07T02:48:03,Synthetic investigation case for TraceX analytical testing.,SYNTHETIC,,,true,,SCN-PHYS-0214,Medium,synthetic-design,AUDIT-cases-CASE-00214
CASE-00215,Synthetic investigation 0215,mixed,review,2025-05-18T07:07:33,Synthetic investigation case for TraceX analytical testing.,SYNTHETIC,,,true,,SCN-MIXED-0215,Medium,synthetic-design,AUDIT-cases-CASE-00215
CASE-00216,Synthetic investigation 0216,financial,review,2025-04-06T17:13:25,Synthetic investigation case for TraceX analytical testing.,SYNTHETIC,,,true,,SCN-FIN-0216,Medium,synthetic-design,AUDIT-cases-CASE-00216
CASE-00217,Synthetic investigation 0217,communication,open,2025-07-30T08:23:43,Synthetic investigation case for TraceX analytical testing.,SYNTHETIC,,,true,,SCN-COM-0217,Medium,synthetic-design,AUDIT-cases-CASE-00217
CASE-00218,Synthetic investigation 0218,cyber,review,2024-12-08T18:23:21,Synthetic investigation case for TraceX analytical testing.,SYNTHETIC,,,true,,SCN-CYBER-0218,Medium,synthetic-design,AUDIT-cases-CASE-00218
CASE-00219,Synthetic investigation 0219,physical,closed,2025-05-24T17:59:55,Synthetic investigation case for TraceX analytical testing.,SYNTHETIC,,,true,,SCN-PHYS-0219,Medium,synthetic-design,AUDIT-cases-CASE-00219
CASE-00220,Synthetic investigation 0220,mixed,open,2024-11-16T01:24:50,Synthetic investigation case for TraceX analytical testing.,SYNTHETIC,,,true,,SCN-MIXED-0220,Medium,synthetic-design,AUDIT-cases-CASE-00220
CASE-00221,Synthetic investigation 0221,financial,closed,2024-11-04T23:52:43,Synthetic investigation case for TraceX analytical testing.,SYNTHETIC,,,true,,SCN-FIN-0221,Medium,synthetic-design,AUDIT-cases-CASE-00221
CASE-00222,Synthetic investigation 0222,communication,closed,2025-03-02T23:44:14,Synthetic investigation case for TraceX analytical testing.,SYNTHETIC,,,true,,SCN-COM-0222,Medium,synthetic-design,AUDIT-cases-CASE-00222
CASE-00223,Synthetic investigation 0223,cyber,review,2024-09-03T13:49:21,Synthetic investigation case for TraceX analytical testing.,SYNTHETIC,,,true,,SCN-CYBER-0223,Medium,synthetic-design,AUDIT-cases-CASE-00223
CASE-00224,Synthetic investigation 0224,physical,open,2024-09-30T20:06:33,Synthetic investigation case for TraceX analytical testing.,SYNTHETIC,,,true,,SCN-PHYS-0224,Medium,synthetic-design,AUDIT-cases-CASE-00224
CASE-00225,Synthetic investigation 0225,mixed,review,2024-05-13T14:44:29,Synthetic investigation case for TraceX analytical testing.,SYNTHETIC,,,true,,SCN-MIXED-0225,Medium,synthetic-design,AUDIT-cases-CASE-00225
CASE-00226,Synthetic investigation 0226,financial,review,2024-07-05T12:06:45,Synthetic investigation case for TraceX analytical testing.,SYNTHETIC,,,true,,SCN-FIN-0226,Medium,synthetic-design,AUDIT-cases-CASE-00226
CASE-00227,Synthetic investigation 0227,communication,review,2024-01-19T01:52:41,Synthetic investigation case for TraceX analytical testing.,SYNTHETIC,,,true,,SCN-COM-0227,Medium,synthetic-design,AUDIT-cases-CASE-00227
CASE-00228,Synthetic investigation 0228,cyber,review,2025-05-04T00:58:05,Synthetic investigation case for TraceX analytical testing.,SYNTHETIC,,,true,,SCN-CYBER-0228,Medium,synthetic-design,AUDIT-cases-CASE-00228
CASE-00229,Synthetic investigation 0229,physical,closed,2024-03-13T13:42:38,Synthetic investigation case for TraceX analytical testing.,SYNTHETIC,,,true,,SCN-PHYS-0229,Medium,synthetic-design,AUDIT-cases-CASE-00229
CASE-00230,Synthetic investigation 0230,mixed,open,2025-03-15T04:56:58,Synthetic investigation case for TraceX analytical testing.,SYNTHETIC,,,true,,SCN-MIXED-0230,Medium,synthetic-design,AUDIT-cases-CASE-00230
CASE-00231,Synthetic investigation 0231,financial,closed,2025-07-22T02:46:58,Synthetic investigation case for TraceX analytical testing.,SYNTHETIC,,,true,,SCN-FIN-0231,Medium,synthetic-design,AUDIT-cases-CASE-00231
CASE-00232,Synthetic investigation 0232,communication,open,2024-04-26T16:35:13,Synthetic investigation case for TraceX analytical testing.,SYNTHETIC,,,true,,SCN-COM-0232,Medium,synthetic-design,AUDIT-cases-CASE-00232
CASE-00233,Synthetic investigation 0233,cyber,closed,2024-07-24T02:00:14,Synthetic investigation case for TraceX analytical testing.,SYNTHETIC,,,true,,SCN-CYBER-0233,Medium,synthetic-design,AUDIT-cases-CASE-00233
CASE-00234,Synthetic investigation 0234,physical,closed,2024-09-10T01:37:21,Synthetic investigation case for TraceX analytical testing.,SYNTHETIC,,,true,,SCN-PHYS-0234,Medium,synthetic-design,AUDIT-cases-CASE-00234
CASE-00235,Synthetic investigation 0235,mixed,review,2025-04-04T15:55:59,Synthetic investigation case for TraceX analytical testing.,SYNTHETIC,,,true,,SCN-MIXED-0235,Medium,synthetic-design,AUDIT-cases-CASE-00235
CASE-00236,Synthetic investigation 0236,financial,review,2024-12-29T09:51:31,Synthetic investigation case for TraceX analytical testing.,SYNTHETIC,,,true,,SCN-FIN-0236,Medium,synthetic-design,AUDIT-cases-CASE-00236
CASE-00237,Synthetic investigation 0237,communication,closed,2024-10-11T15:27:11,Synthetic investigation case for TraceX analytical testing.,SYNTHETIC,,,true,,SCN-COM-0237,Medium,synthetic-design,AUDIT-cases-CASE-00237
CASE-00238,Synthetic investigation 0238,cyber,review,2025-03-12T16:18:56,Synthetic investigation case for TraceX analytical testing.,SYNTHETIC,,,true,,SCN-CYBER-0238,Medium,synthetic-design,AUDIT-cases-CASE-00238
CASE-00239,Synthetic investigation 0239,physical,closed,2025-05-10T07:28:22,Synthetic investigation case for TraceX analytical testing.,SYNTHETIC,,,true,,SCN-PHYS-0239,Medium,synthetic-design,AUDIT-cases-CASE-00239
CASE-00240,Synthetic investigation 0240,mixed,review,2025-01-08T10:59:30,Synthetic investigation case for TraceX analytical testing.,SYNTHETIC,,,true,,SCN-MIXED-0240,Medium,synthetic-design,AUDIT-cases-CASE-00240
CASE-00241,Synthetic investigation 0241,financial,review,2025-03-01T20:04:40,Synthetic investigation case for TraceX analytical testing.,SYNTHETIC,,,true,,SCN-FIN-0241,Medium,synthetic-design,AUDIT-cases-CASE-00241
CASE-00242,Synthetic investigation 0242,communication,closed,2024-02-14T15:30:13,Synthetic investigation case for TraceX analytical testing.,SYNTHETIC,,,true,,SCN-COM-0242,Medium,synthetic-design,AUDIT-cases-CASE-00242
CASE-00243,Synthetic investigation 0243,cyber,open,2024-11-06T17:38:23,Synthetic investigation case for TraceX analytical testing.,SYNTHETIC,,,true,,SCN-CYBER-0243,Medium,synthetic-design,AUDIT-cases-CASE-00243
CASE-00244,Synthetic investigation 0244,physical,review,2024-05-24T02:44:00,Synthetic investigation case for TraceX analytical testing.,SYNTHETIC,,,true,,SCN-PHYS-0244,Medium,synthetic-design,AUDIT-cases-CASE-00244
CASE-00245,Synthetic investigation 0245,mixed,open,2025-02-06T19:35:44,Synthetic investigation case for TraceX analytical testing.,SYNTHETIC,,,true,,SCN-MIXED-0245,Medium,synthetic-design,AUDIT-cases-CASE-00245
CASE-00246,Synthetic investigation 0246,financial,closed,2025-04-10T09:10:46,Synthetic investigation case for TraceX analytical testing.,SYNTHETIC,,,true,,SCN-FIN-0246,Medium,synthetic-design,AUDIT-cases-CASE-00246
CASE-00247,Synthetic investigation 0247,communication,closed,2024-07-27T00:03:52,Synthetic investigation case for TraceX analytical testing.,SYNTHETIC,,,true,,SCN-COM-0247,Medium,synthetic-design,AUDIT-cases-CASE-00247
CASE-00248,Synthetic investigation 0248,cyber,review,2025-03-27T02:46:03,Synthetic investigation case for TraceX analytical testing.,SYNTHETIC,,,true,,SCN-CYBER-0248,Medium,synthetic-design,AUDIT-cases-CASE-00248
CASE-00249,Synthetic investigation 0249,physical,review,2024-04-23T01:39:00,Synthetic investigation case for TraceX analytical testing.,SYNTHETIC,,,true,,SCN-PHYS-0249,Medium,synthetic-design,AUDIT-cases-CASE-00249
CASE-00250,Synthetic investigation 0250,mixed,open,2025-02-14T05:12:55,Synthetic investigation case for TraceX analytical testing.,SYNTHETIC,,,true,,SCN-MIXED-0250,Medium,synthetic-design,AUDIT-cases-CASE-00250
CASE-00251,Synthetic investigation 0251,financial,review,2025-06-21T06:42:39,Synthetic investigation case for TraceX analytical testing.,SYNTHETIC,,,true,,SCN-FIN-0251,Medium,synthetic-design,AUDIT-cases-CASE-00251
CASE-00252,Synthetic investigation 0252,communication,closed,2024-08-12T06:25:55,Synthetic investigation case for TraceX analytical testing.,SYNTHETIC,,,true,,SCN-COM-0252,Medium,synthetic-design,AUDIT-cases-CASE-00252
CASE-00253,Synthetic investigation 0253,cyber,open,2025-06-30T00:42:59,Synthetic investigation case for TraceX analytical testing.,SYNTHETIC,,,true,,SCN-CYBER-0253,Medium,synthetic-design,AUDIT-cases-CASE-00253
CASE-00254,Synthetic investigation 0254,physical,review,2024-04-03T11:38:22,Synthetic investigation case for TraceX analytical testing.,SYNTHETIC,,,true,,SCN-PHYS-0254,Medium,synthetic-design,AUDIT-cases-CASE-00254
CASE-00255,Synthetic investigation 0255,mixed,closed,2024-05-04T16:21:16,Synthetic investigation case for TraceX analytical testing.,SYNTHETIC,,,true,,SCN-MIXED-0255,Medium,synthetic-design,AUDIT-cases-CASE-00255
CASE-00256,Synthetic investigation 0256,financial,closed,2025-08-06T08:40:09,Synthetic investigation case for TraceX analytical testing.,SYNTHETIC,,,true,,SCN-FIN-0256,Medium,synthetic-design,AUDIT-cases-CASE-00256
CASE-00257,Synthetic investigation 0257,communication,review,2025-06-29T14:35:49,Synthetic investigation case for TraceX analytical testing.,SYNTHETIC,,,true,,SCN-COM-0257,Medium,synthetic-design,AUDIT-cases-CASE-00257
CASE-00258,Synthetic investigation 0258,cyber,open,2025-06-24T14:40:05,Synthetic investigation case for TraceX analytical testing.,SYNTHETIC,,,true,,SCN-CYBER-0258,Medium,synthetic-design,AUDIT-cases-CASE-00258
CASE-00259,Synthetic investigation 0259,physical,review,2025-05-12T08:28:48,Synthetic investigation case for TraceX analytical testing.,SYNTHETIC,,,true,,SCN-PHYS-0259,Medium,synthetic-design,AUDIT-cases-CASE-00259
CASE-00260,Synthetic investigation 0260,mixed,open,2024-08-24T13:53:34,Synthetic investigation case for TraceX analytical testing.,SYNTHETIC,,,true,,SCN-MIXED-0260,Medium,synthetic-design,AUDIT-cases-CASE-00260
CASE-00261,Synthetic investigation 0261,financial,open,2024-01-14T02:07:19,Synthetic investigation case for TraceX analytical testing.,SYNTHETIC,,,true,,SCN-FIN-0261,Medium,synthetic-design,AUDIT-cases-CASE-00261
CASE-00262,Synthetic investigation 0262,communication,review,2024-08-18T05:35:29,Synthetic investigation case for TraceX analytical testing.,SYNTHETIC,,,true,,SCN-COM-0262,Medium,synthetic-design,AUDIT-cases-CASE-00262
CASE-00263,Synthetic investigation 0263,cyber,open,2024-12-12T01:28:34,Synthetic investigation case for TraceX analytical testing.,SYNTHETIC,,,true,,SCN-CYBER-0263,Medium,synthetic-design,AUDIT-cases-CASE-00263
CASE-00264,Synthetic investigation 0264,physical,review,2024-07-16T20:14:01,Synthetic investigation case for TraceX analytical testing.,SYNTHETIC,,,true,,SCN-PHYS-0264,Medium,synthetic-design,AUDIT-cases-CASE-00264
CASE-00265,Synthetic investigation 0265,mixed,closed,2024-12-22T21:36:02,Synthetic investigation case for TraceX analytical testing.,SYNTHETIC,,,true,,SCN-MIXED-0265,Medium,synthetic-design,AUDIT-cases-CASE-00265
CASE-00266,Synthetic investigation 0266,financial,closed,2024-08-08T05:52:11,Synthetic investigation case for TraceX analytical testing.,SYNTHETIC,,,true,,SCN-FIN-0266,Medium,synthetic-design,AUDIT-cases-CASE-00266
CASE-00267,Synthetic investigation 0267,communication,review,2024-06-28T21:12:15,Synthetic investigation case for TraceX analytical testing.,SYNTHETIC,,,true,,SCN-COM-0267,Medium,synthetic-design,AUDIT-cases-CASE-00267
CASE-00268,Synthetic investigation 0268,cyber,open,2025-03-23T01:07:16,Synthetic investigation case for TraceX analytical testing.,SYNTHETIC,,,true,,SCN-CYBER-0268,Medium,synthetic-design,AUDIT-cases-CASE-00268
CASE-00269,Synthetic investigation 0269,physical,review,2024-02-16T15:44:30,Synthetic investigation case for TraceX analytical testing.,SYNTHETIC,,,true,,SCN-PHYS-0269,Medium,synthetic-design,AUDIT-cases-CASE-00269
CASE-00270,Synthetic investigation 0270,mixed,closed,2024-03-18T18:45:33,Synthetic investigation case for TraceX analytical testing.,SYNTHETIC,,,true,,SCN-MIXED-0270,Medium,synthetic-design,AUDIT-cases-CASE-00270
CASE-00271,Synthetic investigation 0271,financial,open,2025-01-11T07:31:55,Synthetic investigation case for TraceX analytical testing.,SYNTHETIC,,,true,,SCN-FIN-0271,Medium,synthetic-design,AUDIT-cases-CASE-00271
CASE-00272,Synthetic investigation 0272,communication,open,2024-11-01T01:20:43,Synthetic investigation case for TraceX analytical testing.,SYNTHETIC,,,true,,SCN-COM-0272,Medium,synthetic-design,AUDIT-cases-CASE-00272
CASE-00273,Synthetic investigation 0273,cyber,closed,2024-07-19T20:33:18,Synthetic investigation case for TraceX analytical testing.,SYNTHETIC,,,true,,SCN-CYBER-0273,Medium,synthetic-design,AUDIT-cases-CASE-00273
CASE-00274,Synthetic investigation 0274,physical,review,2025-01-30T21:13:43,Synthetic investigation case for TraceX analytical testing.,SYNTHETIC,,,true,,SCN-PHYS-0274,Medium,synthetic-design,AUDIT-cases-CASE-00274
CASE-00275,Synthetic investigation 0275,mixed,closed,2025-07-02T17:10:47,Synthetic investigation case for TraceX analytical testing.,SYNTHETIC,,,true,,SCN-MIXED-0275,Medium,synthetic-design,AUDIT-cases-CASE-00275
CASE-00276,Synthetic investigation 0276,financial,closed,2025-04-07T19:07:10,Synthetic investigation case for TraceX analytical testing.,SYNTHETIC,,,true,,SCN-FIN-0276,Medium,synthetic-design,AUDIT-cases-CASE-00276
CASE-00277,Synthetic investigation 0277,communication,review,2024-09-22T22:36:45,Synthetic investigation case for TraceX analytical testing.,SYNTHETIC,,,true,,SCN-COM-0277,Medium,synthetic-design,AUDIT-cases-CASE-00277
CASE-00278,Synthetic investigation 0278,cyber,closed,2025-04-30T02:40:56,Synthetic investigation case for TraceX analytical testing.,SYNTHETIC,,,true,,SCN-CYBER-0278,Medium,synthetic-design,AUDIT-cases-CASE-00278
CASE-00279,Synthetic investigation 0279,physical,review,2024-10-13T03:56:41,Synthetic investigation case for TraceX analytical testing.,SYNTHETIC,,,true,,SCN-PHYS-0279,Medium,synthetic-design,AUDIT-cases-CASE-00279
CASE-00280,Synthetic investigation 0280,mixed,closed,2024-06-25T02:33:18,Synthetic investigation case for TraceX analytical testing.,SYNTHETIC,,,true,,SCN-MIXED-0280,Medium,synthetic-design,AUDIT-cases-CASE-00280
CASE-00281,Synthetic investigation 0281,financial,closed,2025-03-16T22:15:58,Synthetic investigation case for TraceX analytical testing.,SYNTHETIC,,,true,,SCN-FIN-0281,Medium,synthetic-design,AUDIT-cases-CASE-00281
CASE-00282,Synthetic investigation 0282,communication,review,2024-06-23T01:45:38,Synthetic investigation case for TraceX analytical testing.,SYNTHETIC,,,true,,SCN-COM-0282,Medium,synthetic-design,AUDIT-cases-CASE-00282
CASE-00283,Synthetic investigation 0283,cyber,review,2024-08-22T08:46:20,Synthetic investigation case for TraceX analytical testing.,SYNTHETIC,,,true,,SCN-CYBER-0283,Medium,synthetic-design,AUDIT-cases-CASE-00283
CASE-00284,Synthetic investigation 0284,physical,open,2024-03-29T08:00:14,Synthetic investigation case for TraceX analytical testing.,SYNTHETIC,,,true,,SCN-PHYS-0284,Medium,synthetic-design,AUDIT-cases-CASE-00284
CASE-00285,Synthetic investigation 0285,mixed,review,2024-10-21T05:11:19,Synthetic investigation case for TraceX analytical testing.,SYNTHETIC,,,true,,SCN-MIXED-0285,Medium,synthetic-design,AUDIT-cases-CASE-00285
CASE-00286,Synthetic investigation 0286,financial,review,2024-03-30T11:08:48,Synthetic investigation case for TraceX analytical testing.,SYNTHETIC,,,true,,SCN-FIN-0286,Medium,synthetic-design,AUDIT-cases-CASE-00286
CASE-00287,Synthetic investigation 0287,communication,review,2024-03-24T06:09:00,Synthetic investigation case for TraceX analytical testing.,SYNTHETIC,,,true,,SCN-COM-0287,Medium,synthetic-design,AUDIT-cases-CASE-00287
CASE-00288,Synthetic investigation 0288,cyber,review,2025-07-22T22:44:24,Synthetic investigation case for TraceX analytical testing.,SYNTHETIC,,,true,,SCN-CYBER-0288,Medium,synthetic-design,AUDIT-cases-CASE-00288
CASE-00289,Synthetic investigation 0289,physical,closed,2024-06-18T17:31:10,Synthetic investigation case for TraceX analytical testing.,SYNTHETIC,,,true,,SCN-PHYS-0289,Medium,synthetic-design,AUDIT-cases-CASE-00289
CASE-00290,Synthetic investigation 0290,mixed,open,2024-12-17T20:58:24,Synthetic investigation case for TraceX analytical testing.,SYNTHETIC,,,true,,SCN-MIXED-0290,Medium,synthetic-design,AUDIT-cases-CASE-00290
CASE-00291,Synthetic investigation 0291,financial,review,2025-06-30T02:41:58,Synthetic investigation case for TraceX analytical testing.,SYNTHETIC,,,true,,SCN-FIN-0291,Medium,synthetic-design,AUDIT-cases-CASE-00291
CASE-00292,Synthetic investigation 0292,communication,closed,2025-06-07T13:45:30,Synthetic investigation case for TraceX analytical testing.,SYNTHETIC,,,true,,SCN-COM-0292,Medium,synthetic-design,AUDIT-cases-CASE-00292
CASE-00293,Synthetic investigation 0293,cyber,open,2024-03-25T08:22:07,Synthetic investigation case for TraceX analytical testing.,SYNTHETIC,,,true,,SCN-CYBER-0293,Medium,synthetic-design,AUDIT-cases-CASE-00293
CASE-00294,Synthetic investigation 0294,physical,open,2024-01-30T21:27:07,Synthetic investigation case for TraceX analytical testing.,SYNTHETIC,,,true,,SCN-PHYS-0294,Medium,synthetic-design,AUDIT-cases-CASE-00294
CASE-00295,Synthetic investigation 0295,mixed,open,2024-01-08T09:42:41,Synthetic investigation case for TraceX analytical testing.,SYNTHETIC,,,true,,SCN-MIXED-0295,Medium,synthetic-design,AUDIT-cases-CASE-00295
CASE-00296,Synthetic investigation 0296,financial,review,2025-03-12T21:00:56,Synthetic investigation case for TraceX analytical testing.,SYNTHETIC,,,true,,SCN-FIN-0296,Medium,synthetic-design,AUDIT-cases-CASE-00296
CASE-00297,Synthetic investigation 0297,communication,closed,2024-04-08T05:21:44,Synthetic investigation case for TraceX analytical testing.,SYNTHETIC,,,true,,SCN-COM-0297,Medium,synthetic-design,AUDIT-cases-CASE-00297
CASE-00298,Synthetic investigation 0298,cyber,closed,2025-01-01T20:42:49,Synthetic investigation case for TraceX analytical testing.,SYNTHETIC,,,true,,SCN-CYBER-0298,Medium,synthetic-design,AUDIT-cases-CASE-00298
CASE-00299,Synthetic investigation 0299,physical,closed,2024-10-07T15:58:54,Synthetic investigation case for TraceX analytical testing.,SYNTHETIC,,,true,,SCN-PHYS-0299,Medium,synthetic-design,AUDIT-cases-CASE-00299
CASE-00300,Synthetic investigation 0300,mixed,closed,2025-02-01T03:47:42,Synthetic investigation case for TraceX analytical testing.,SYNTHETIC,,,true,,SCN-MIXED-0300,Medium,synthetic-design,AUDIT-cases-CASE-00300
CASE-00301,Synthetic investigation 0301,financial,closed,2024-03-29T12:24:32,Synthetic investigation case for TraceX analytical testing.,SYNTHETIC,,,true,,SCN-FIN-0301,Medium,synthetic-design,AUDIT-cases-CASE-00301
CASE-00302,Synthetic investigation 0302,communication,closed,2024-05-15T13:23:40,Synthetic investigation case for TraceX analytical testing.,SYNTHETIC,,,true,,SCN-COM-0302,Medium,synthetic-design,AUDIT-cases-CASE-00302
CASE-00303,Synthetic investigation 0303,cyber,open,2025-02-10T08:52:58,Synthetic investigation case for TraceX analytical testing.,SYNTHETIC,,,true,,SCN-CYBER-0303,Medium,synthetic-design,AUDIT-cases-CASE-00303
CASE-00304,Synthetic investigation 0304,physical,open,2024-03-28T00:53:52,Synthetic investigation case for TraceX analytical testing.,SYNTHETIC,,,true,,SCN-PHYS-0304,Medium,synthetic-design,AUDIT-cases-CASE-00304
CASE-00305,Synthetic investigation 0305,mixed,review,2024-01-21T17:34:22,Synthetic investigation case for TraceX analytical testing.,SYNTHETIC,,,true,,SCN-MIXED-0305,Medium,synthetic-design,AUDIT-cases-CASE-00305
CASE-00306,Synthetic investigation 0306,financial,closed,2025-07-08T20:32:58,Synthetic investigation case for TraceX analytical testing.,SYNTHETIC,,,true,,SCN-FIN-0306,Medium,synthetic-design,AUDIT-cases-CASE-00306
CASE-00307,Synthetic investigation 0307,communication,review,2025-04-10T21:36:55,Synthetic investigation case for TraceX analytical testing.,SYNTHETIC,,,true,,SCN-COM-0307,Medium,synthetic-design,AUDIT-cases-CASE-00307
CASE-00308,Synthetic investigation 0308,cyber,closed,2024-11-11T23:29:34,Synthetic investigation case for TraceX analytical testing.,SYNTHETIC,,,true,,SCN-CYBER-0308,Medium,synthetic-design,AUDIT-cases-CASE-00308
CASE-00309,Synthetic investigation 0309,physical,closed,2025-06-28T02:20:12,Synthetic investigation case for TraceX analytical testing.,SYNTHETIC,,,true,,SCN-PHYS-0309,Medium,synthetic-design,AUDIT-cases-CASE-00309
CASE-00310,Synthetic investigation 0310,mixed,review,2024-07-12T23:48:46,Synthetic investigation case for TraceX analytical testing.,SYNTHETIC,,,true,,SCN-MIXED-0310,Medium,synthetic-design,AUDIT-cases-CASE-00310
CASE-00311,Synthetic investigation 0311,financial,closed,2024-09-18T01:34:07,Synthetic investigation case for TraceX analytical testing.,SYNTHETIC,,,true,,SCN-FIN-0311,Medium,synthetic-design,AUDIT-cases-CASE-00311
CASE-00312,Synthetic investigation 0312,communication,review,2024-10-31T18:43:16,Synthetic investigation case for TraceX analytical testing.,SYNTHETIC,,,true,,SCN-COM-0312,Medium,synthetic-design,AUDIT-cases-CASE-00312
CASE-00313,Synthetic investigation 0313,cyber,review,2024-10-27T04:21:03,Synthetic investigation case for TraceX analytical testing.,SYNTHETIC,,,true,,SCN-CYBER-0313,Medium,synthetic-design,AUDIT-cases-CASE-00313
CASE-00314,Synthetic investigation 0314,physical,review,2025-01-01T14:36:55,Synthetic investigation case for TraceX analytical testing.,SYNTHETIC,,,true,,SCN-PHYS-0314,Medium,synthetic-design,AUDIT-cases-CASE-00314
CASE-00315,Synthetic investigation 0315,mixed,review,2024-11-28T10:08:58,Synthetic investigation case for TraceX analytical testing.,SYNTHETIC,,,true,,SCN-MIXED-0315,Medium,synthetic-design,AUDIT-cases-CASE-00315
CASE-00316,Synthetic investigation 0316,financial,closed,2024-02-15T10:39:59,Synthetic investigation case for TraceX analytical testing.,SYNTHETIC,,,true,,SCN-FIN-0316,Medium,synthetic-design,AUDIT-cases-CASE-00316
CASE-00317,Synthetic investigation 0317,communication,open,2024-01-07T11:13:57,Synthetic investigation case for TraceX analytical testing.,SYNTHETIC,,,true,,SCN-COM-0317,Medium,synthetic-design,AUDIT-cases-CASE-00317
CASE-00318,Synthetic investigation 0318,cyber,closed,2025-05-19T11:47:07,Synthetic investigation case for TraceX analytical testing.,SYNTHETIC,,,true,,SCN-CYBER-0318,Medium,synthetic-design,AUDIT-cases-CASE-00318
CASE-00319,Synthetic investigation 0319,physical,closed,2025-05-07T18:31:09,Synthetic investigation case for TraceX analytical testing.,SYNTHETIC,,,true,,SCN-PHYS-0319,Medium,synthetic-design,AUDIT-cases-CASE-00319
CASE-00320,Synthetic investigation 0320,mixed,open,2025-04-27T20:18:29,Synthetic investigation case for TraceX analytical testing.,SYNTHETIC,,,true,,SCN-MIXED-0320,Medium,synthetic-design,AUDIT-cases-CASE-00320
CASE-00321,Synthetic investigation 0321,financial,closed,2024-02-19T11:32:46,Synthetic investigation case for TraceX analytical testing.,SYNTHETIC,,,true,,SCN-FIN-0321,Medium,synthetic-design,AUDIT-cases-CASE-00321
CASE-00322,Synthetic investigation 0322,communication,open,2025-05-10T18:51:46,Synthetic investigation case for TraceX analytical testing.,SYNTHETIC,,,true,,SCN-COM-0322,Medium,synthetic-design,AUDIT-cases-CASE-00322
CASE-00323,Synthetic investigation 0323,cyber,closed,2025-01-10T08:06:56,Synthetic investigation case for TraceX analytical testing.,SYNTHETIC,,,true,,SCN-CYBER-0323,Medium,synthetic-design,AUDIT-cases-CASE-00323
CASE-00324,Synthetic investigation 0324,physical,closed,2024-06-08T21:43:07,Synthetic investigation case for TraceX analytical testing.,SYNTHETIC,,,true,,SCN-PHYS-0324,Medium,synthetic-design,AUDIT-cases-CASE-00324
CASE-00325,Synthetic investigation 0325,mixed,review,2025-05-27T05:14:13,Synthetic investigation case for TraceX analytical testing.,SYNTHETIC,,,true,,SCN-MIXED-0325,Medium,synthetic-design,AUDIT-cases-CASE-00325
CASE-00326,Synthetic investigation 0326,financial,review,2025-05-29T20:49:28,Synthetic investigation case for TraceX analytical testing.,SYNTHETIC,,,true,,SCN-FIN-0326,Medium,synthetic-design,AUDIT-cases-CASE-00326
CASE-00327,Synthetic investigation 0327,communication,closed,2025-01-12T16:20:43,Synthetic investigation case for TraceX analytical testing.,SYNTHETIC,,,true,,SCN-COM-0327,Medium,synthetic-design,AUDIT-cases-CASE-00327
CASE-00328,Synthetic investigation 0328,cyber,closed,2024-05-04T02:20:57,Synthetic investigation case for TraceX analytical testing.,SYNTHETIC,,,true,,SCN-CYBER-0328,Medium,synthetic-design,AUDIT-cases-CASE-00328
CASE-00329,Synthetic investigation 0329,physical,closed,2024-03-12T17:06:20,Synthetic investigation case for TraceX analytical testing.,SYNTHETIC,,,true,,SCN-PHYS-0329,Medium,synthetic-design,AUDIT-cases-CASE-00329
CASE-00330,Synthetic investigation 0330,mixed,review,2024-08-22T01:27:26,Synthetic investigation case for TraceX analytical testing.,SYNTHETIC,,,true,,SCN-MIXED-0330,Medium,synthetic-design,AUDIT-cases-CASE-00330
CASE-00331,Synthetic investigation 0331,financial,open,2024-12-02T19:14:52,Synthetic investigation case for TraceX analytical testing.,SYNTHETIC,,,true,,SCN-FIN-0331,Medium,synthetic-design,AUDIT-cases-CASE-00331
CASE-00332,Synthetic investigation 0332,communication,review,2025-07-16T20:01:26,Synthetic investigation case for TraceX analytical testing.,SYNTHETIC,,,true,,SCN-COM-0332,Medium,synthetic-design,AUDIT-cases-CASE-00332
CASE-00333,Synthetic investigation 0333,cyber,review,2025-05-14T08:32:21,Synthetic investigation case for TraceX analytical testing.,SYNTHETIC,,,true,,SCN-CYBER-0333,Medium,synthetic-design,AUDIT-cases-CASE-00333
CASE-00334,Synthetic investigation 0334,physical,review,2024-08-07T22:22:53,Synthetic investigation case for TraceX analytical testing.,SYNTHETIC,,,true,,SCN-PHYS-0334,Medium,synthetic-design,AUDIT-cases-CASE-00334
CASE-00335,Synthetic investigation 0335,mixed,open,2024-11-26T04:51:30,Synthetic investigation case for TraceX analytical testing.,SYNTHETIC,,,true,,SCN-MIXED-0335,Medium,synthetic-design,AUDIT-cases-CASE-00335
CASE-00336,Synthetic investigation 0336,financial,review,2025-07-01T03:10:38,Synthetic investigation case for TraceX analytical testing.,SYNTHETIC,,,true,,SCN-FIN-0336,Medium,synthetic-design,AUDIT-cases-CASE-00336
CASE-00337,Synthetic investigation 0337,communication,review,2025-06-14T20:23:31,Synthetic investigation case for TraceX analytical testing.,SYNTHETIC,,,true,,SCN-COM-0337,Medium,synthetic-design,AUDIT-cases-CASE-00337
CASE-00338,Synthetic investigation 0338,cyber,review,2025-01-30T15:16:41,Synthetic investigation case for TraceX analytical testing.,SYNTHETIC,,,true,,SCN-CYBER-0338,Medium,synthetic-design,AUDIT-cases-CASE-00338
CASE-00339,Synthetic investigation 0339,physical,closed,2024-03-18T13:43:47,Synthetic investigation case for TraceX analytical testing.,SYNTHETIC,,,true,,SCN-PHYS-0339,Medium,synthetic-design,AUDIT-cases-CASE-00339
CASE-00340,Synthetic investigation 0340,mixed,closed,2024-05-24T05:51:35,Synthetic investigation case for TraceX analytical testing.,SYNTHETIC,,,true,,SCN-MIXED-0340,Medium,synthetic-design,AUDIT-cases-CASE-00340
CASE-00341,Synthetic investigation 0341,financial,review,2025-07-20T11:02:22,Synthetic investigation case for TraceX analytical testing.,SYNTHETIC,,,true,,SCN-FIN-0341,Medium,synthetic-design,AUDIT-cases-CASE-00341
CASE-00342,Synthetic investigation 0342,communication,open,2024-09-05T20:49:13,Synthetic investigation case for TraceX analytical testing.,SYNTHETIC,,,true,,SCN-COM-0342,Medium,synthetic-design,AUDIT-cases-CASE-00342
CASE-00343,Synthetic investigation 0343,cyber,closed,2024-04-05T17:29:25,Synthetic investigation case for TraceX analytical testing.,SYNTHETIC,,,true,,SCN-CYBER-0343,Medium,synthetic-design,AUDIT-cases-CASE-00343
CASE-00344,Synthetic investigation 0344,physical,review,2024-11-14T10:58:44,Synthetic investigation case for TraceX analytical testing.,SYNTHETIC,,,true,,SCN-PHYS-0344,Medium,synthetic-design,AUDIT-cases-CASE-00344
CASE-00345,Synthetic investigation 0345,mixed,review,2025-06-11T20:46:31,Synthetic investigation case for TraceX analytical testing.,SYNTHETIC,,,true,,SCN-MIXED-0345,Medium,synthetic-design,AUDIT-cases-CASE-00345
CASE-00346,Synthetic investigation 0346,financial,open,2025-03-26T10:47:44,Synthetic investigation case for TraceX analytical testing.,SYNTHETIC,,,true,,SCN-FIN-0346,Medium,synthetic-design,AUDIT-cases-CASE-00346
CASE-00347,Synthetic investigation 0347,communication,review,2024-09-22T07:49:59,Synthetic investigation case for TraceX analytical testing.,SYNTHETIC,,,true,,SCN-COM-0347,Medium,synthetic-design,AUDIT-cases-CASE-00347
CASE-00348,Synthetic investigation 0348,cyber,open,2024-03-19T12:49:50,Synthetic investigation case for TraceX analytical testing.,SYNTHETIC,,,true,,SCN-CYBER-0348,Medium,synthetic-design,AUDIT-cases-CASE-00348
CASE-00349,Synthetic investigation 0349,physical,open,2025-06-04T13:38:00,Synthetic investigation case for TraceX analytical testing.,SYNTHETIC,,,true,,SCN-PHYS-0349,Medium,synthetic-design,AUDIT-cases-CASE-00349
CASE-00350,Synthetic investigation 0350,mixed,review,2025-03-25T08:37:06,Synthetic investigation case for TraceX analytical testing.,SYNTHETIC,,,true,,SCN-MIXED-0350,Medium,synthetic-design,AUDIT-cases-CASE-00350
CASE-00351,Synthetic investigation 0351,financial,open,2024-03-01T05:01:38,Synthetic investigation case for TraceX analytical testing.,SYNTHETIC,,,true,,SCN-FIN-0351,Medium,synthetic-design,AUDIT-cases-CASE-00351
CASE-00352,Synthetic investigation 0352,communication,open,2025-05-10T21:21:03,Synthetic investigation case for TraceX analytical testing.,SYNTHETIC,,,true,,SCN-COM-0352,Medium,synthetic-design,AUDIT-cases-CASE-00352
CASE-00353,Synthetic investigation 0353,cyber,closed,2025-07-13T21:26:45,Synthetic investigation case for TraceX analytical testing.,SYNTHETIC,,,true,,SCN-CYBER-0353,Medium,synthetic-design,AUDIT-cases-CASE-00353
CASE-00354,Synthetic investigation 0354,physical,closed,2024-02-02T09:06:29,Synthetic investigation case for TraceX analytical testing.,SYNTHETIC,,,true,,SCN-PHYS-0354,Medium,synthetic-design,AUDIT-cases-CASE-00354
CASE-00355,Synthetic investigation 0355,mixed,review,2025-07-24T23:41:20,Synthetic investigation case for TraceX analytical testing.,SYNTHETIC,,,true,,SCN-MIXED-0355,Medium,synthetic-design,AUDIT-cases-CASE-00355
CASE-00356,Synthetic investigation 0356,financial,open,2024-01-09T07:10:11,Synthetic investigation case for TraceX analytical testing.,SYNTHETIC,,,true,,SCN-FIN-0356,Medium,synthetic-design,AUDIT-cases-CASE-00356
CASE-00357,Synthetic investigation 0357,communication,closed,2024-09-18T23:25:00,Synthetic investigation case for TraceX analytical testing.,SYNTHETIC,,,true,,SCN-COM-0357,Medium,synthetic-design,AUDIT-cases-CASE-00357
CASE-00358,Synthetic investigation 0358,cyber,review,2025-05-05T09:44:16,Synthetic investigation case for TraceX analytical testing.,SYNTHETIC,,,true,,SCN-CYBER-0358,Medium,synthetic-design,AUDIT-cases-CASE-00358
CASE-00359,Synthetic investigation 0359,physical,open,2024-06-24T07:50:55,Synthetic investigation case for TraceX analytical testing.,SYNTHETIC,,,true,,SCN-PHYS-0359,Medium,synthetic-design,AUDIT-cases-CASE-00359
CASE-00360,Synthetic investigation 0360,mixed,open,2025-05-28T18:18:41,Synthetic investigation case for TraceX analytical testing.,SYNTHETIC,,,true,,SCN-MIXED-0360,Medium,synthetic-design,AUDIT-cases-CASE-00360
CASE-00361,Synthetic investigation 0361,financial,closed,2024-11-19T14:07:59,Synthetic investigation case for TraceX analytical testing.,SYNTHETIC,,,true,,SCN-FIN-0361,Medium,synthetic-design,AUDIT-cases-CASE-00361
CASE-00362,Synthetic investigation 0362,communication,open,2024-05-11T15:11:50,Synthetic investigation case for TraceX analytical testing.,SYNTHETIC,,,true,,SCN-COM-0362,Medium,synthetic-design,AUDIT-cases-CASE-00362
CASE-00363,Synthetic investigation 0363,cyber,closed,2024-04-13T21:36:54,Synthetic investigation case for TraceX analytical testing.,SYNTHETIC,,,true,,SCN-CYBER-0363,Medium,synthetic-design,AUDIT-cases-CASE-00363
CASE-00364,Synthetic investigation 0364,physical,open,2025-02-20T10:00:11,Synthetic investigation case for TraceX analytical testing.,SYNTHETIC,,,true,,SCN-PHYS-0364,Medium,synthetic-design,AUDIT-cases-CASE-00364
CASE-00365,Synthetic investigation 0365,mixed,review,2024-07-24T20:13:16,Synthetic investigation case for TraceX analytical testing.,SYNTHETIC,,,true,,SCN-MIXED-0365,Medium,synthetic-design,AUDIT-cases-CASE-00365
CASE-00366,Synthetic investigation 0366,financial,closed,2024-03-01T05:58:59,Synthetic investigation case for TraceX analytical testing.,SYNTHETIC,,,true,,SCN-FIN-0366,Medium,synthetic-design,AUDIT-cases-CASE-00366
CASE-00367,Synthetic investigation 0367,communication,review,2025-08-07T16:02:46,Synthetic investigation case for TraceX analytical testing.,SYNTHETIC,,,true,,SCN-COM-0367,Medium,synthetic-design,AUDIT-cases-CASE-00367
CASE-00368,Synthetic investigation 0368,cyber,closed,2024-04-20T13:41:37,Synthetic investigation case for TraceX analytical testing.,SYNTHETIC,,,true,,SCN-CYBER-0368,Medium,synthetic-design,AUDIT-cases-CASE-00368
CASE-00369,Synthetic investigation 0369,physical,closed,2025-02-15T17:32:10,Synthetic investigation case for TraceX analytical testing.,SYNTHETIC,,,true,,SCN-PHYS-0369,Medium,synthetic-design,AUDIT-cases-CASE-00369
CASE-00370,Synthetic investigation 0370,mixed,open,2024-12-28T19:04:27,Synthetic investigation case for TraceX analytical testing.,SYNTHETIC,,,true,,SCN-MIXED-0370,Medium,synthetic-design,AUDIT-cases-CASE-00370
CASE-00371,Synthetic investigation 0371,financial,review,2024-07-09T06:41:20,Synthetic investigation case for TraceX analytical testing.,SYNTHETIC,,,true,,SCN-FIN-0371,Medium,synthetic-design,AUDIT-cases-CASE-00371
CASE-00372,Synthetic investigation 0372,communication,open,2025-05-18T20:44:16,Synthetic investigation case for TraceX analytical testing.,SYNTHETIC,,,true,,SCN-COM-0372,Medium,synthetic-design,AUDIT-cases-CASE-00372
CASE-00373,Synthetic investigation 0373,cyber,open,2025-06-29T17:54:47,Synthetic investigation case for TraceX analytical testing.,SYNTHETIC,,,true,,SCN-CYBER-0373,Medium,synthetic-design,AUDIT-cases-CASE-00373
CASE-00374,Synthetic investigation 0374,physical,review,2025-01-06T04:34:59,Synthetic investigation case for TraceX analytical testing.,SYNTHETIC,,,true,,SCN-PHYS-0374,Medium,synthetic-design,AUDIT-cases-CASE-00374
CASE-00375,Synthetic investigation 0375,mixed,closed,2024-05-15T19:01:06,Synthetic investigation case for TraceX analytical testing.,SYNTHETIC,,,true,,SCN-MIXED-0375,Medium,synthetic-design,AUDIT-cases-CASE-00375
CASE-00376,Synthetic investigation 0376,financial,review,2024-08-20T05:27:17,Synthetic investigation case for TraceX analytical testing.,SYNTHETIC,,,true,,SCN-FIN-0376,Medium,synthetic-design,AUDIT-cases-CASE-00376
CASE-00377,Synthetic investigation 0377,communication,review,2025-05-21T10:19:14,Synthetic investigation case for TraceX analytical testing.,SYNTHETIC,,,true,,SCN-COM-0377,Medium,synthetic-design,AUDIT-cases-CASE-00377
CASE-00378,Synthetic investigation 0378,cyber,review,2025-02-17T18:41:29,Synthetic investigation case for TraceX analytical testing.,SYNTHETIC,,,true,,SCN-CYBER-0378,Medium,synthetic-design,AUDIT-cases-CASE-00378
CASE-00379,Synthetic investigation 0379,physical,review,2024-10-24T02:07:38,Synthetic investigation case for TraceX analytical testing.,SYNTHETIC,,,true,,SCN-PHYS-0379,Medium,synthetic-design,AUDIT-cases-CASE-00379
CASE-00380,Synthetic investigation 0380,mixed,closed,2024-06-29T15:36:44,Synthetic investigation case for TraceX analytical testing.,SYNTHETIC,,,true,,SCN-MIXED-0380,Medium,synthetic-design,AUDIT-cases-CASE-00380
CASE-00381,Synthetic investigation 0381,financial,open,2024-08-31T23:00:21,Synthetic investigation case for TraceX analytical testing.,SYNTHETIC,,,true,,SCN-FIN-0381,Medium,synthetic-design,AUDIT-cases-CASE-00381
CASE-00382,Synthetic investigation 0382,communication,closed,2024-08-13T12:19:03,Synthetic investigation case for TraceX analytical testing.,SYNTHETIC,,,true,,SCN-COM-0382,Medium,synthetic-design,AUDIT-cases-CASE-00382
CASE-00383,Synthetic investigation 0383,cyber,open,2024-10-16T04:16:00,Synthetic investigation case for TraceX analytical testing.,SYNTHETIC,,,true,,SCN-CYBER-0383,Medium,synthetic-design,AUDIT-cases-CASE-00383
CASE-00384,Synthetic investigation 0384,physical,review,2024-03-01T13:36:38,Synthetic investigation case for TraceX analytical testing.,SYNTHETIC,,,true,,SCN-PHYS-0384,Medium,synthetic-design,AUDIT-cases-CASE-00384
CASE-00385,Synthetic investigation 0385,mixed,review,2024-05-13T20:48:47,Synthetic investigation case for TraceX analytical testing.,SYNTHETIC,,,true,,SCN-MIXED-0385,Medium,synthetic-design,AUDIT-cases-CASE-00385
CASE-00386,Synthetic investigation 0386,financial,review,2024-03-27T04:52:40,Synthetic investigation case for TraceX analytical testing.,SYNTHETIC,,,true,,SCN-FIN-0386,Medium,synthetic-design,AUDIT-cases-CASE-00386
CASE-00387,Synthetic investigation 0387,communication,review,2024-06-19T06:36:27,Synthetic investigation case for TraceX analytical testing.,SYNTHETIC,,,true,,SCN-COM-0387,Medium,synthetic-design,AUDIT-cases-CASE-00387
CASE-00388,Synthetic investigation 0388,cyber,open,2024-09-05T15:35:41,Synthetic investigation case for TraceX analytical testing.,SYNTHETIC,,,true,,SCN-CYBER-0388,Medium,synthetic-design,AUDIT-cases-CASE-00388
CASE-00389,Synthetic investigation 0389,physical,open,2024-09-11T03:18:01,Synthetic investigation case for TraceX analytical testing.,SYNTHETIC,,,true,,SCN-PHYS-0389,Medium,synthetic-design,AUDIT-cases-CASE-00389
CASE-00390,Synthetic investigation 0390,mixed,open,2024-08-24T14:39:02,Synthetic investigation case for TraceX analytical testing.,SYNTHETIC,,,true,,SCN-MIXED-0390,Medium,synthetic-design,AUDIT-cases-CASE-00390
CASE-00391,Synthetic investigation 0391,financial,closed,2024-03-09T06:28:42,Synthetic investigation case for TraceX analytical testing.,SYNTHETIC,,,true,,SCN-FIN-0391,Medium,synthetic-design,AUDIT-cases-CASE-00391
CASE-00392,Synthetic investigation 0392,communication,closed,2025-02-26T05:08:24,Synthetic investigation case for TraceX analytical testing.,SYNTHETIC,,,true,,SCN-COM-0392,Medium,synthetic-design,AUDIT-cases-CASE-00392
CASE-00393,Synthetic investigation 0393,cyber,closed,2025-02-13T02:22:15,Synthetic investigation case for TraceX analytical testing.,SYNTHETIC,,,true,,SCN-CYBER-0393,Medium,synthetic-design,AUDIT-cases-CASE-00393
CASE-00394,Synthetic investigation 0394,physical,closed,2024-04-28T21:48:11,Synthetic investigation case for TraceX analytical testing.,SYNTHETIC,,,true,,SCN-PHYS-0394,Medium,synthetic-design,AUDIT-cases-CASE-00394
CASE-00395,Synthetic investigation 0395,mixed,closed,2025-06-05T02:58:55,Synthetic investigation case for TraceX analytical testing.,SYNTHETIC,,,true,,SCN-MIXED-0395,Medium,synthetic-design,AUDIT-cases-CASE-00395
CASE-00396,Synthetic investigation 0396,financial,open,2025-06-08T00:18:12,Synthetic investigation case for TraceX analytical testing.,SYNTHETIC,,,true,,SCN-FIN-0396,Medium,synthetic-design,AUDIT-cases-CASE-00396
CASE-00397,Synthetic investigation 0397,communication,open,2024-02-25T01:55:13,Synthetic investigation case for TraceX analytical testing.,SYNTHETIC,,,true,,SCN-COM-0397,Medium,synthetic-design,AUDIT-cases-CASE-00397
CASE-00398,Synthetic investigation 0398,cyber,open,2024-11-04T20:24:18,Synthetic investigation case for TraceX analytical testing.,SYNTHETIC,,,true,,SCN-CYBER-0398,Medium,synthetic-design,AUDIT-cases-CASE-00398
CASE-00399,Synthetic investigation 0399,physical,open,2024-06-03T08:42:53,Synthetic investigation case for TraceX analytical testing.,SYNTHETIC,,,true,,SCN-PHYS-0399,Medium,synthetic-design,AUDIT-cases-CASE-00399
CASE-00400,Synthetic investigation 0400,mixed,open,2024-07-26T05:11:33,Synthetic investigation case for TraceX analytical testing.,SYNTHETIC,,,true,,SCN-MIXED-0400,Medium,synthetic-design,AUDIT-cases-CASE-00400
CASE-00401,Synthetic investigation 0401,financial,review,2024-01-05T17:50:22,Synthetic investigation case for TraceX analytical testing.,SYNTHETIC,,,true,,SCN-FIN-0401,Medium,synthetic-design,AUDIT-cases-CASE-00401
CASE-00402,Synthetic investigation 0402,communication,review,2025-06-30T17:47:06,Synthetic investigation case for TraceX analytical testing.,SYNTHETIC,,,true,,SCN-COM-0402,Medium,synthetic-design,AUDIT-cases-CASE-00402
CASE-00403,Synthetic investigation 0403,cyber,review,2024-12-20T23:01:43,Synthetic investigation case for TraceX analytical testing.,SYNTHETIC,,,true,,SCN-CYBER-0403,Medium,synthetic-design,AUDIT-cases-CASE-00403
CASE-00404,Synthetic investigation 0404,physical,open,2025-01-12T05:53:01,Synthetic investigation case for TraceX analytical testing.,SYNTHETIC,,,true,,SCN-PHYS-0404,Medium,synthetic-design,AUDIT-cases-CASE-00404
CASE-00405,Synthetic investigation 0405,mixed,open,2024-09-03T23:26:46,Synthetic investigation case for TraceX analytical testing.,SYNTHETIC,,,true,,SCN-MIXED-0405,Medium,synthetic-design,AUDIT-cases-CASE-00405
CASE-00406,Synthetic investigation 0406,financial,open,2025-05-02T19:35:12,Synthetic investigation case for TraceX analytical testing.,SYNTHETIC,,,true,,SCN-FIN-0406,Medium,synthetic-design,AUDIT-cases-CASE-00406
CASE-00407,Synthetic investigation 0407,communication,closed,2025-05-27T12:41:12,Synthetic investigation case for TraceX analytical testing.,SYNTHETIC,,,true,,SCN-COM-0407,Medium,synthetic-design,AUDIT-cases-CASE-00407
CASE-00408,Synthetic investigation 0408,cyber,open,2024-03-24T16:03:41,Synthetic investigation case for TraceX analytical testing.,SYNTHETIC,,,true,,SCN-CYBER-0408,Medium,synthetic-design,AUDIT-cases-CASE-00408
CASE-00409,Synthetic investigation 0409,physical,closed,2025-07-04T10:03:04,Synthetic investigation case for TraceX analytical testing.,SYNTHETIC,,,true,,SCN-PHYS-0409,Medium,synthetic-design,AUDIT-cases-CASE-00409
CASE-00410,Synthetic investigation 0410,mixed,closed,2025-04-30T03:55:40,Synthetic investigation case for TraceX analytical testing.,SYNTHETIC,,,true,,SCN-MIXED-0410,Medium,synthetic-design,AUDIT-cases-CASE-00410
CASE-00411,Synthetic investigation 0411,financial,closed,2024-06-08T12:32:26,Synthetic investigation case for TraceX analytical testing.,SYNTHETIC,,,true,,SCN-FIN-0411,Medium,synthetic-design,AUDIT-cases-CASE-00411
CASE-00412,Synthetic investigation 0412,communication,open,2024-12-08T12:44:22,Synthetic investigation case for TraceX analytical testing.,SYNTHETIC,,,true,,SCN-COM-0412,Medium,synthetic-design,AUDIT-cases-CASE-00412
CASE-00413,Synthetic investigation 0413,cyber,open,2025-05-14T17:56:20,Synthetic investigation case for TraceX analytical testing.,SYNTHETIC,,,true,,SCN-CYBER-0413,Medium,synthetic-design,AUDIT-cases-CASE-00413
CASE-00414,Synthetic investigation 0414,physical,review,2025-06-23T05:14:54,Synthetic investigation case for TraceX analytical testing.,SYNTHETIC,,,true,,SCN-PHYS-0414,Medium,synthetic-design,AUDIT-cases-CASE-00414
CASE-00415,Synthetic investigation 0415,mixed,review,2024-05-24T02:31:14,Synthetic investigation case for TraceX analytical testing.,SYNTHETIC,,,true,,SCN-MIXED-0415,Medium,synthetic-design,AUDIT-cases-CASE-00415
CASE-00416,Synthetic investigation 0416,financial,closed,2025-06-07T00:56:55,Synthetic investigation case for TraceX analytical testing.,SYNTHETIC,,,true,,SCN-FIN-0416,Medium,synthetic-design,AUDIT-cases-CASE-00416
CASE-00417,Synthetic investigation 0417,communication,closed,2025-01-10T15:29:37,Synthetic investigation case for TraceX analytical testing.,SYNTHETIC,,,true,,SCN-COM-0417,Medium,synthetic-design,AUDIT-cases-CASE-00417
CASE-00418,Synthetic investigation 0418,cyber,closed,2024-04-15T12:16:53,Synthetic investigation case for TraceX analytical testing.,SYNTHETIC,,,true,,SCN-CYBER-0418,Medium,synthetic-design,AUDIT-cases-CASE-00418
CASE-00419,Synthetic investigation 0419,physical,review,2024-04-23T17:25:44,Synthetic investigation case for TraceX analytical testing.,SYNTHETIC,,,true,,SCN-PHYS-0419,Medium,synthetic-design,AUDIT-cases-CASE-00419
CASE-00420,Synthetic investigation 0420,mixed,review,2024-09-05T16:07:29,Synthetic investigation case for TraceX analytical testing.,SYNTHETIC,,,true,,SCN-MIXED-0420,Medium,synthetic-design,AUDIT-cases-CASE-00420
CASE-00421,Synthetic investigation 0421,financial,open,2024-01-28T03:08:47,Synthetic investigation case for TraceX analytical testing.,SYNTHETIC,,,true,,SCN-FIN-0421,Medium,synthetic-design,AUDIT-cases-CASE-00421
CASE-00422,Synthetic investigation 0422,communication,closed,2025-08-06T21:32:24,Synthetic investigation case for TraceX analytical testing.,SYNTHETIC,,,true,,SCN-COM-0422,Medium,synthetic-design,AUDIT-cases-CASE-00422
CASE-00423,Synthetic investigation 0423,cyber,open,2024-08-07T02:48:39,Synthetic investigation case for TraceX analytical testing.,SYNTHETIC,,,true,,SCN-CYBER-0423,Medium,synthetic-design,AUDIT-cases-CASE-00423
CASE-00424,Synthetic investigation 0424,physical,review,2024-06-12T10:57:44,Synthetic investigation case for TraceX analytical testing.,SYNTHETIC,,,true,,SCN-PHYS-0424,Medium,synthetic-design,AUDIT-cases-CASE-00424
CASE-00425,Synthetic investigation 0425,mixed,review,2024-12-24T14:25:49,Synthetic investigation case for TraceX analytical testing.,SYNTHETIC,,,true,,SCN-MIXED-0425,Medium,synthetic-design,AUDIT-cases-CASE-00425
CASE-00426,Synthetic investigation 0426,financial,closed,2024-05-11T03:57:44,Synthetic investigation case for TraceX analytical testing.,SYNTHETIC,,,true,,SCN-FIN-0426,Medium,synthetic-design,AUDIT-cases-CASE-00426
CASE-00427,Synthetic investigation 0427,communication,open,2025-01-30T11:24:39,Synthetic investigation case for TraceX analytical testing.,SYNTHETIC,,,true,,SCN-COM-0427,Medium,synthetic-design,AUDIT-cases-CASE-00427
CASE-00428,Synthetic investigation 0428,cyber,review,2025-02-05T13:53:20,Synthetic investigation case for TraceX analytical testing.,SYNTHETIC,,,true,,SCN-CYBER-0428,Medium,synthetic-design,AUDIT-cases-CASE-00428
CASE-00429,Synthetic investigation 0429,physical,closed,2024-07-05T00:18:50,Synthetic investigation case for TraceX analytical testing.,SYNTHETIC,,,true,,SCN-PHYS-0429,Medium,synthetic-design,AUDIT-cases-CASE-00429
CASE-00430,Synthetic investigation 0430,mixed,review,2024-07-28T05:05:52,Synthetic investigation case for TraceX analytical testing.,SYNTHETIC,,,true,,SCN-MIXED-0430,Medium,synthetic-design,AUDIT-cases-CASE-00430
CASE-00431,Synthetic investigation 0431,financial,closed,2024-09-08T15:35:35,Synthetic investigation case for TraceX analytical testing.,SYNTHETIC,,,true,,SCN-FIN-0431,Medium,synthetic-design,AUDIT-cases-CASE-00431
CASE-00432,Synthetic investigation 0432,communication,closed,2024-07-17T09:56:09,Synthetic investigation case for TraceX analytical testing.,SYNTHETIC,,,true,,SCN-COM-0432,Medium,synthetic-design,AUDIT-cases-CASE-00432
CASE-00433,Synthetic investigation 0433,cyber,closed,2024-09-22T13:39:29,Synthetic investigation case for TraceX analytical testing.,SYNTHETIC,,,true,,SCN-CYBER-0433,Medium,synthetic-design,AUDIT-cases-CASE-00433
CASE-00434,Synthetic investigation 0434,physical,open,2024-12-01T14:26:20,Synthetic investigation case for TraceX analytical testing.,SYNTHETIC,,,true,,SCN-PHYS-0434,Medium,synthetic-design,AUDIT-cases-CASE-00434
CASE-00435,Synthetic investigation 0435,mixed,open,2024-03-27T15:20:51,Synthetic investigation case for TraceX analytical testing.,SYNTHETIC,,,true,,SCN-MIXED-0435,Medium,synthetic-design,AUDIT-cases-CASE-00435
CASE-00436,Synthetic investigation 0436,financial,review,2024-05-09T01:31:03,Synthetic investigation case for TraceX analytical testing.,SYNTHETIC,,,true,,SCN-FIN-0436,Medium,synthetic-design,AUDIT-cases-CASE-00436
CASE-00437,Synthetic investigation 0437,communication,review,2025-01-22T09:22:36,Synthetic investigation case for TraceX analytical testing.,SYNTHETIC,,,true,,SCN-COM-0437,Medium,synthetic-design,AUDIT-cases-CASE-00437
CASE-00438,Synthetic investigation 0438,cyber,closed,2024-10-11T11:31:36,Synthetic investigation case for TraceX analytical testing.,SYNTHETIC,,,true,,SCN-CYBER-0438,Medium,synthetic-design,AUDIT-cases-CASE-00438
CASE-00439,Synthetic investigation 0439,physical,closed,2024-05-06T20:29:42,Synthetic investigation case for TraceX analytical testing.,SYNTHETIC,,,true,,SCN-PHYS-0439,Medium,synthetic-design,AUDIT-cases-CASE-00439
CASE-00440,Synthetic investigation 0440,mixed,closed,2024-01-02T02:12:07,Synthetic investigation case for TraceX analytical testing.,SYNTHETIC,,,true,,SCN-MIXED-0440,Medium,synthetic-design,AUDIT-cases-CASE-00440
CASE-00441,Synthetic investigation 0441,financial,review,2025-04-05T08:19:09,Synthetic investigation case for TraceX analytical testing.,SYNTHETIC,,,true,,SCN-FIN-0441,Medium,synthetic-design,AUDIT-cases-CASE-00441
CASE-00442,Synthetic investigation 0442,communication,review,2024-11-28T01:00:56,Synthetic investigation case for TraceX analytical testing.,SYNTHETIC,,,true,,SCN-COM-0442,Medium,synthetic-design,AUDIT-cases-CASE-00442
CASE-00443,Synthetic investigation 0443,cyber,open,2025-06-11T21:27:40,Synthetic investigation case for TraceX analytical testing.,SYNTHETIC,,,true,,SCN-CYBER-0443,Medium,synthetic-design,AUDIT-cases-CASE-00443
CASE-00444,Synthetic investigation 0444,physical,review,2025-02-24T10:23:47,Synthetic investigation case for TraceX analytical testing.,SYNTHETIC,,,true,,SCN-PHYS-0444,Medium,synthetic-design,AUDIT-cases-CASE-00444
CASE-00445,Synthetic investigation 0445,mixed,review,2024-04-02T00:44:44,Synthetic investigation case for TraceX analytical testing.,SYNTHETIC,,,true,,SCN-MIXED-0445,Medium,synthetic-design,AUDIT-cases-CASE-00445
CASE-00446,Synthetic investigation 0446,financial,closed,2024-07-01T20:52:47,Synthetic investigation case for TraceX analytical testing.,SYNTHETIC,,,true,,SCN-FIN-0446,Medium,synthetic-design,AUDIT-cases-CASE-00446
CASE-00447,Synthetic investigation 0447,communication,closed,2025-05-29T13:38:59,Synthetic investigation case for TraceX analytical testing.,SYNTHETIC,,,true,,SCN-COM-0447,Medium,synthetic-design,AUDIT-cases-CASE-00447
CASE-00448,Synthetic investigation 0448,cyber,closed,2025-07-18T13:54:29,Synthetic investigation case for TraceX analytical testing.,SYNTHETIC,,,true,,SCN-CYBER-0448,Medium,synthetic-design,AUDIT-cases-CASE-00448
CASE-00449,Synthetic investigation 0449,physical,open,2024-03-31T07:55:29,Synthetic investigation case for TraceX analytical testing.,SYNTHETIC,,,true,,SCN-PHYS-0449,Medium,synthetic-design,AUDIT-cases-CASE-00449
CASE-00450,Synthetic investigation 0450,mixed,closed,2024-01-25T02:38:29,Synthetic investigation case for TraceX analytical testing.,SYNTHETIC,,,true,,SCN-MIXED-0450,Medium,synthetic-design,AUDIT-cases-CASE-00450
CASE-00451,Synthetic investigation 0451,financial,review,2024-05-30T23:10:02,Synthetic investigation case for TraceX analytical testing.,SYNTHETIC,,,true,,SCN-FIN-0451,Medium,synthetic-design,AUDIT-cases-CASE-00451
CASE-00452,Synthetic investigation 0452,communication,review,2024-04-21T22:44:22,Synthetic investigation case for TraceX analytical testing.,SYNTHETIC,,,true,,SCN-COM-0452,Medium,synthetic-design,AUDIT-cases-CASE-00452
CASE-00453,Synthetic investigation 0453,cyber,review,2025-03-24T11:27:53,Synthetic investigation case for TraceX analytical testing.,SYNTHETIC,,,true,,SCN-CYBER-0453,Medium,synthetic-design,AUDIT-cases-CASE-00453
CASE-00454,Synthetic investigation 0454,physical,closed,2025-05-28T23:11:02,Synthetic investigation case for TraceX analytical testing.,SYNTHETIC,,,true,,SCN-PHYS-0454,Medium,synthetic-design,AUDIT-cases-CASE-00454
CASE-00455,Synthetic investigation 0455,mixed,open,2024-10-06T03:07:39,Synthetic investigation case for TraceX analytical testing.,SYNTHETIC,,,true,,SCN-MIXED-0455,Medium,synthetic-design,AUDIT-cases-CASE-00455
CASE-00456,Synthetic investigation 0456,financial,open,2024-05-30T03:35:27,Synthetic investigation case for TraceX analytical testing.,SYNTHETIC,,,true,,SCN-FIN-0456,Medium,synthetic-design,AUDIT-cases-CASE-00456
CASE-00457,Synthetic investigation 0457,communication,closed,2025-01-01T12:15:12,Synthetic investigation case for TraceX analytical testing.,SYNTHETIC,,,true,,SCN-COM-0457,Medium,synthetic-design,AUDIT-cases-CASE-00457
CASE-00458,Synthetic investigation 0458,cyber,review,2024-11-07T21:29:50,Synthetic investigation case for TraceX analytical testing.,SYNTHETIC,,,true,,SCN-CYBER-0458,Medium,synthetic-design,AUDIT-cases-CASE-00458
CASE-00459,Synthetic investigation 0459,physical,closed,2024-12-31T09:22:21,Synthetic investigation case for TraceX analytical testing.,SYNTHETIC,,,true,,SCN-PHYS-0459,Medium,synthetic-design,AUDIT-cases-CASE-00459
CASE-00460,Synthetic investigation 0460,mixed,closed,2025-05-17T05:23:39,Synthetic investigation case for TraceX analytical testing.,SYNTHETIC,,,true,,SCN-MIXED-0460,Medium,synthetic-design,AUDIT-cases-CASE-00460
CASE-00461,Synthetic investigation 0461,financial,closed,2024-09-21T01:39:43,Synthetic investigation case for TraceX analytical testing.,SYNTHETIC,,,true,,SCN-FIN-0461,Medium,synthetic-design,AUDIT-cases-CASE-00461
CASE-00462,Synthetic investigation 0462,communication,review,2024-07-24T20:35:59,Synthetic investigation case for TraceX analytical testing.,SYNTHETIC,,,true,,SCN-COM-0462,Medium,synthetic-design,AUDIT-cases-CASE-00462
CASE-00463,Synthetic investigation 0463,cyber,open,2025-07-26T15:35:30,Synthetic investigation case for TraceX analytical testing.,SYNTHETIC,,,true,,SCN-CYBER-0463,Medium,synthetic-design,AUDIT-cases-CASE-00463
CASE-00464,Synthetic investigation 0464,physical,review,2025-01-11T12:33:30,Synthetic investigation case for TraceX analytical testing.,SYNTHETIC,,,true,,SCN-PHYS-0464,Medium,synthetic-design,AUDIT-cases-CASE-00464
CASE-00465,Synthetic investigation 0465,mixed,closed,2025-04-25T02:06:34,Synthetic investigation case for TraceX analytical testing.,SYNTHETIC,,,true,,SCN-MIXED-0465,Medium,synthetic-design,AUDIT-cases-CASE-00465
CASE-00466,Synthetic investigation 0466,financial,closed,2024-05-22T09:00:58,Synthetic investigation case for TraceX analytical testing.,SYNTHETIC,,,true,,SCN-FIN-0466,Medium,synthetic-design,AUDIT-cases-CASE-00466
CASE-00467,Synthetic investigation 0467,communication,review,2024-02-27T23:45:08,Synthetic investigation case for TraceX analytical testing.,SYNTHETIC,,,true,,SCN-COM-0467,Medium,synthetic-design,AUDIT-cases-CASE-00467
CASE-00468,Synthetic investigation 0468,cyber,open,2024-10-05T06:17:58,Synthetic investigation case for TraceX analytical testing.,SYNTHETIC,,,true,,SCN-CYBER-0468,Medium,synthetic-design,AUDIT-cases-CASE-00468
CASE-00469,Synthetic investigation 0469,physical,closed,2024-06-12T21:16:38,Synthetic investigation case for TraceX analytical testing.,SYNTHETIC,,,true,,SCN-PHYS-0469,Medium,synthetic-design,AUDIT-cases-CASE-00469
CASE-00470,Synthetic investigation 0470,mixed,review,2024-12-02T21:23:08,Synthetic investigation case for TraceX analytical testing.,SYNTHETIC,,,true,,SCN-MIXED-0470,Medium,synthetic-design,AUDIT-cases-CASE-00470
CASE-00471,Synthetic investigation 0471,financial,closed,2025-07-20T03:53:55,Synthetic investigation case for TraceX analytical testing.,SYNTHETIC,,,true,,SCN-FIN-0471,Medium,synthetic-design,AUDIT-cases-CASE-00471
CASE-00472,Synthetic investigation 0472,communication,review,2025-04-24T22:32:15,Synthetic investigation case for TraceX analytical testing.,SYNTHETIC,,,true,,SCN-COM-0472,Medium,synthetic-design,AUDIT-cases-CASE-00472
CASE-00473,Synthetic investigation 0473,cyber,open,2024-04-26T10:58:02,Synthetic investigation case for TraceX analytical testing.,SYNTHETIC,,,true,,SCN-CYBER-0473,Medium,synthetic-design,AUDIT-cases-CASE-00473
CASE-00474,Synthetic investigation 0474,physical,review,2025-06-21T03:58:18,Synthetic investigation case for TraceX analytical testing.,SYNTHETIC,,,true,,SCN-PHYS-0474,Medium,synthetic-design,AUDIT-cases-CASE-00474
CASE-00475,Synthetic investigation 0475,mixed,review,2025-03-21T02:25:10,Synthetic investigation case for TraceX analytical testing.,SYNTHETIC,,,true,,SCN-MIXED-0475,Medium,synthetic-design,AUDIT-cases-CASE-00475
CASE-00476,Synthetic investigation 0476,financial,closed,2025-03-14T12:48:27,Synthetic investigation case for TraceX analytical testing.,SYNTHETIC,,,true,,SCN-FIN-0476,Medium,synthetic-design,AUDIT-cases-CASE-00476
CASE-00477,Synthetic investigation 0477,communication,review,2025-05-06T17:51:46,Synthetic investigation case for TraceX analytical testing.,SYNTHETIC,,,true,,SCN-COM-0477,Medium,synthetic-design,AUDIT-cases-CASE-00477
CASE-00478,Synthetic investigation 0478,cyber,open,2024-02-18T03:57:21,Synthetic investigation case for TraceX analytical testing.,SYNTHETIC,,,true,,SCN-CYBER-0478,Medium,synthetic-design,AUDIT-cases-CASE-00478
CASE-00479,Synthetic investigation 0479,physical,closed,2024-03-24T00:03:44,Synthetic investigation case for TraceX analytical testing.,SYNTHETIC,,,true,,SCN-PHYS-0479,Medium,synthetic-design,AUDIT-cases-CASE-00479
CASE-00480,Synthetic investigation 0480,mixed,open,2024-12-15T11:18:47,Synthetic investigation case for TraceX analytical testing.,SYNTHETIC,,,true,,SCN-MIXED-0480,Medium,synthetic-design,AUDIT-cases-CASE-00480
CASE-00481,Synthetic investigation 0481,financial,review,2025-03-26T04:19:21,Synthetic investigation case for TraceX analytical testing.,SYNTHETIC,,,true,,SCN-FIN-0481,Medium,synthetic-design,AUDIT-cases-CASE-00481
CASE-00482,Synthetic investigation 0482,communication,review,2024-12-15T10:49:46,Synthetic investigation case for TraceX analytical testing.,SYNTHETIC,,,true,,SCN-COM-0482,Medium,synthetic-design,AUDIT-cases-CASE-00482
CASE-00483,Synthetic investigation 0483,cyber,closed,2024-12-19T20:18:16,Synthetic investigation case for TraceX analytical testing.,SYNTHETIC,,,true,,SCN-CYBER-0483,Medium,synthetic-design,AUDIT-cases-CASE-00483
CASE-00484,Synthetic investigation 0484,physical,closed,2025-02-12T01:28:00,Synthetic investigation case for TraceX analytical testing.,SYNTHETIC,,,true,,SCN-PHYS-0484,Medium,synthetic-design,AUDIT-cases-CASE-00484
CASE-00485,Synthetic investigation 0485,mixed,closed,2024-07-10T19:55:51,Synthetic investigation case for TraceX analytical testing.,SYNTHETIC,,,true,,SCN-MIXED-0485,Medium,synthetic-design,AUDIT-cases-CASE-00485
CASE-00486,Synthetic investigation 0486,financial,review,2024-09-01T17:02:44,Synthetic investigation case for TraceX analytical testing.,SYNTHETIC,,,true,,SCN-FIN-0486,Medium,synthetic-design,AUDIT-cases-CASE-00486
CASE-00487,Synthetic investigation 0487,communication,open,2024-05-30T07:26:46,Synthetic investigation case for TraceX analytical testing.,SYNTHETIC,,,true,,SCN-COM-0487,Medium,synthetic-design,AUDIT-cases-CASE-00487
CASE-00488,Synthetic investigation 0488,cyber,review,2024-05-06T11:13:01,Synthetic investigation case for TraceX analytical testing.,SYNTHETIC,,,true,,SCN-CYBER-0488,Medium,synthetic-design,AUDIT-cases-CASE-00488
CASE-00489,Synthetic investigation 0489,physical,review,2024-02-23T11:00:33,Synthetic investigation case for TraceX analytical testing.,SYNTHETIC,,,true,,SCN-PHYS-0489,Medium,synthetic-design,AUDIT-cases-CASE-00489
CASE-00490,Synthetic investigation 0490,mixed,review,2024-09-12T13:34:43,Synthetic investigation case for TraceX analytical testing.,SYNTHETIC,,,true,,SCN-MIXED-0490,Medium,synthetic-design,AUDIT-cases-CASE-00490
CASE-00491,Synthetic investigation 0491,financial,closed,2024-02-18T23:01:15,Synthetic investigation case for TraceX analytical testing.,SYNTHETIC,,,true,,SCN-FIN-0491,Medium,synthetic-design,AUDIT-cases-CASE-00491
CASE-00492,Synthetic investigation 0492,communication,review,2024-08-18T10:38:52,Synthetic investigation case for TraceX analytical testing.,SYNTHETIC,,,true,,SCN-COM-0492,Medium,synthetic-design,AUDIT-cases-CASE-00492
CASE-00493,Synthetic investigation 0493,cyber,closed,2025-02-01T20:27:53,Synthetic investigation case for TraceX analytical testing.,SYNTHETIC,,,true,,SCN-CYBER-0493,Medium,synthetic-design,AUDIT-cases-CASE-00493
CASE-00494,Synthetic investigation 0494,physical,review,2024-12-04T18:46:53,Synthetic investigation case for TraceX analytical testing.,SYNTHETIC,,,true,,SCN-PHYS-0494,Medium,synthetic-design,AUDIT-cases-CASE-00494
CASE-00495,Synthetic investigation 0495,mixed,closed,2025-01-02T07:17:58,Synthetic investigation case for TraceX analytical testing.,SYNTHETIC,,,true,,SCN-MIXED-0495,Medium,synthetic-design,AUDIT-cases-CASE-00495
CASE-00496,Synthetic investigation 0496,financial,closed,2024-01-07T09:50:27,Synthetic investigation case for TraceX analytical testing.,SYNTHETIC,,,true,,SCN-FIN-0496,Medium,synthetic-design,AUDIT-cases-CASE-00496
CASE-00497,Synthetic investigation 0497,communication,closed,2024-09-25T14:13:09,Synthetic investigation case for TraceX analytical testing.,SYNTHETIC,,,true,,SCN-COM-0497,Medium,synthetic-design,AUDIT-cases-CASE-00497
CASE-00498,Synthetic investigation 0498,cyber,review,2024-12-22T19:11:34,Synthetic investigation case for TraceX analytical testing.,SYNTHETIC,,,true,,SCN-CYBER-0498,Medium,synthetic-design,AUDIT-cases-CASE-00498
CASE-00499,Synthetic investigation 0499,physical,open,2024-04-15T20:38:08,Synthetic investigation case for TraceX analytical testing.,SYNTHETIC,,,true,,SCN-PHYS-0499,Medium,synthetic-design,AUDIT-cases-CASE-00499
CASE-00500,Synthetic investigation 0500,mixed,review,2025-04-10T16:02:37,Synthetic investigation case for TraceX analytical testing.,SYNTHETIC,,,true,,SCN-MIXED-0500,Medium,synthetic-design,AUDIT-cases-CASE-00500
CASE-00501,Synthetic investigation 0501,financial,review,2024-11-22T21:27:48,Synthetic investigation case for TraceX analytical testing.,SYNTHETIC,,,true,,SCN-FIN-0501,Medium,synthetic-design,AUDIT-cases-CASE-00501
CASE-00502,Synthetic investigation 0502,communication,open,2025-04-24T01:44:40,Synthetic investigation case for TraceX analytical testing.,SYNTHETIC,,,true,,SCN-COM-0502,Medium,synthetic-design,AUDIT-cases-CASE-00502
CASE-00503,Synthetic investigation 0503,cyber,closed,2024-05-14T07:04:04,Synthetic investigation case for TraceX analytical testing.,SYNTHETIC,,,true,,SCN-CYBER-0503,Medium,synthetic-design,AUDIT-cases-CASE-00503
CASE-00504,Synthetic investigation 0504,physical,review,2025-04-04T21:05:05,Synthetic investigation case for TraceX analytical testing.,SYNTHETIC,,,true,,SCN-PHYS-0504,Medium,synthetic-design,AUDIT-cases-CASE-00504
CASE-00505,Synthetic investigation 0505,mixed,open,2025-05-30T14:32:56,Synthetic investigation case for TraceX analytical testing.,SYNTHETIC,,,true,,SCN-MIXED-0505,Medium,synthetic-design,AUDIT-cases-CASE-00505
CASE-00506,Synthetic investigation 0506,financial,review,2025-04-03T09:29:45,Synthetic investigation case for TraceX analytical testing.,SYNTHETIC,,,true,,SCN-FIN-0506,Medium,synthetic-design,AUDIT-cases-CASE-00506
CASE-00507,Synthetic investigation 0507,communication,closed,2025-05-18T19:43:48,Synthetic investigation case for TraceX analytical testing.,SYNTHETIC,,,true,,SCN-COM-0507,Medium,synthetic-design,AUDIT-cases-CASE-00507
CASE-00508,Synthetic investigation 0508,cyber,open,2025-05-27T01:34:18,Synthetic investigation case for TraceX analytical testing.,SYNTHETIC,,,true,,SCN-CYBER-0508,Medium,synthetic-design,AUDIT-cases-CASE-00508
CASE-00509,Synthetic investigation 0509,physical,open,2025-06-01T12:43:26,Synthetic investigation case for TraceX analytical testing.,SYNTHETIC,,,true,,SCN-PHYS-0509,Medium,synthetic-design,AUDIT-cases-CASE-00509
CASE-00510,Synthetic investigation 0510,mixed,closed,2024-02-27T05:50:53,Synthetic investigation case for TraceX analytical testing.,SYNTHETIC,,,true,,SCN-MIXED-0510,Medium,synthetic-design,AUDIT-cases-CASE-00510
CASE-00511,Synthetic investigation 0511,financial,closed,2024-04-30T21:38:43,Synthetic investigation case for TraceX analytical testing.,SYNTHETIC,,,true,,SCN-FIN-0511,Medium,synthetic-design,AUDIT-cases-CASE-00511
CASE-00512,Synthetic investigation 0512,communication,closed,2024-02-09T23:19:27,Synthetic investigation case for TraceX analytical testing.,SYNTHETIC,,,true,,SCN-COM-0512,Medium,synthetic-design,AUDIT-cases-CASE-00512
CASE-00513,Synthetic investigation 0513,cyber,review,2024-01-09T07:24:19,Synthetic investigation case for TraceX analytical testing.,SYNTHETIC,,,true,,SCN-CYBER-0513,Medium,synthetic-design,AUDIT-cases-CASE-00513
CASE-00514,Synthetic investigation 0514,physical,closed,2024-08-13T19:39:03,Synthetic investigation case for TraceX analytical testing.,SYNTHETIC,,,true,,SCN-PHYS-0514,Medium,synthetic-design,AUDIT-cases-CASE-00514
CASE-00515,Synthetic investigation 0515,mixed,review,2024-06-21T20:57:07,Synthetic investigation case for TraceX analytical testing.,SYNTHETIC,,,true,,SCN-MIXED-0515,Medium,synthetic-design,AUDIT-cases-CASE-00515
CASE-00516,Synthetic investigation 0516,financial,closed,2025-07-18T19:43:25,Synthetic investigation case for TraceX analytical testing.,SYNTHETIC,,,true,,SCN-FIN-0516,Medium,synthetic-design,AUDIT-cases-CASE-00516
CASE-00517,Synthetic investigation 0517,communication,review,2024-07-07T12:11:55,Synthetic investigation case for TraceX analytical testing.,SYNTHETIC,,,true,,SCN-COM-0517,Medium,synthetic-design,AUDIT-cases-CASE-00517
CASE-00518,Synthetic investigation 0518,cyber,review,2025-03-11T13:48:17,Synthetic investigation case for TraceX analytical testing.,SYNTHETIC,,,true,,SCN-CYBER-0518,Medium,synthetic-design,AUDIT-cases-CASE-00518
CASE-00519,Synthetic investigation 0519,physical,closed,2025-05-13T23:28:14,Synthetic investigation case for TraceX analytical testing.,SYNTHETIC,,,true,,SCN-PHYS-0519,Medium,synthetic-design,AUDIT-cases-CASE-00519
CASE-00520,Synthetic investigation 0520,mixed,open,2025-06-12T13:13:37,Synthetic investigation case for TraceX analytical testing.,SYNTHETIC,,,true,,SCN-MIXED-0520,Medium,synthetic-design,AUDIT-cases-CASE-00520
CASE-00521,Synthetic investigation 0521,financial,review,2024-01-07T16:44:43,Synthetic investigation case for TraceX analytical testing.,SYNTHETIC,,,true,,SCN-FIN-0521,Medium,synthetic-design,AUDIT-cases-CASE-00521
CASE-00522,Synthetic investigation 0522,communication,review,2025-03-11T13:16:52,Synthetic investigation case for TraceX analytical testing.,SYNTHETIC,,,true,,SCN-COM-0522,Medium,synthetic-design,AUDIT-cases-CASE-00522
CASE-00523,Synthetic investigation 0523,cyber,open,2024-02-01T01:00:28,Synthetic investigation case for TraceX analytical testing.,SYNTHETIC,,,true,,SCN-CYBER-0523,Medium,synthetic-design,AUDIT-cases-CASE-00523
CASE-00524,Synthetic investigation 0524,physical,open,2025-01-25T14:41:10,Synthetic investigation case for TraceX analytical testing.,SYNTHETIC,,,true,,SCN-PHYS-0524,Medium,synthetic-design,AUDIT-cases-CASE-00524
CASE-00525,Synthetic investigation 0525,mixed,review,2024-04-25T07:08:01,Synthetic investigation case for TraceX analytical testing.,SYNTHETIC,,,true,,SCN-MIXED-0525,Medium,synthetic-design,AUDIT-cases-CASE-00525
CASE-00526,Synthetic investigation 0526,financial,closed,2025-04-04T12:07:55,Synthetic investigation case for TraceX analytical testing.,SYNTHETIC,,,true,,SCN-FIN-0526,Medium,synthetic-design,AUDIT-cases-CASE-00526
CASE-00527,Synthetic investigation 0527,communication,review,2024-10-11T03:57:43,Synthetic investigation case for TraceX analytical testing.,SYNTHETIC,,,true,,SCN-COM-0527,Medium,synthetic-design,AUDIT-cases-CASE-00527
CASE-00528,Synthetic investigation 0528,cyber,closed,2024-10-01T19:39:16,Synthetic investigation case for TraceX analytical testing.,SYNTHETIC,,,true,,SCN-CYBER-0528,Medium,synthetic-design,AUDIT-cases-CASE-00528
CASE-00529,Synthetic investigation 0529,physical,open,2024-10-29T03:08:00,Synthetic investigation case for TraceX analytical testing.,SYNTHETIC,,,true,,SCN-PHYS-0529,Medium,synthetic-design,AUDIT-cases-CASE-00529
CASE-00530,Synthetic investigation 0530,mixed,review,2025-07-25T04:38:56,Synthetic investigation case for TraceX analytical testing.,SYNTHETIC,,,true,,SCN-MIXED-0530,Medium,synthetic-design,AUDIT-cases-CASE-00530
CASE-00531,Synthetic investigation 0531,financial,review,2024-07-27T10:31:07,Synthetic investigation case for TraceX analytical testing.,SYNTHETIC,,,true,,SCN-FIN-0531,Medium,synthetic-design,AUDIT-cases-CASE-00531
CASE-00532,Synthetic investigation 0532,communication,closed,2024-08-23T07:41:08,Synthetic investigation case for TraceX analytical testing.,SYNTHETIC,,,true,,SCN-COM-0532,Medium,synthetic-design,AUDIT-cases-CASE-00532
CASE-00533,Synthetic investigation 0533,cyber,closed,2024-03-29T10:06:17,Synthetic investigation case for TraceX analytical testing.,SYNTHETIC,,,true,,SCN-CYBER-0533,Medium,synthetic-design,AUDIT-cases-CASE-00533
CASE-00534,Synthetic investigation 0534,physical,review,2024-12-25T16:32:50,Synthetic investigation case for TraceX analytical testing.,SYNTHETIC,,,true,,SCN-PHYS-0534,Medium,synthetic-design,AUDIT-cases-CASE-00534
CASE-00535,Synthetic investigation 0535,mixed,open,2025-01-31T21:20:52,Synthetic investigation case for TraceX analytical testing.,SYNTHETIC,,,true,,SCN-MIXED-0535,Medium,synthetic-design,AUDIT-cases-CASE-00535
CASE-00536,Synthetic investigation 0536,financial,open,2025-01-24T02:55:06,Synthetic investigation case for TraceX analytical testing.,SYNTHETIC,,,true,,SCN-FIN-0536,Medium,synthetic-design,AUDIT-cases-CASE-00536
CASE-00537,Synthetic investigation 0537,communication,closed,2025-05-05T13:47:58,Synthetic investigation case for TraceX analytical testing.,SYNTHETIC,,,true,,SCN-COM-0537,Medium,synthetic-design,AUDIT-cases-CASE-00537
CASE-00538,Synthetic investigation 0538,cyber,review,2025-03-22T10:28:46,Synthetic investigation case for TraceX analytical testing.,SYNTHETIC,,,true,,SCN-CYBER-0538,Medium,synthetic-design,AUDIT-cases-CASE-00538
CASE-00539,Synthetic investigation 0539,physical,review,2024-09-07T03:15:51,Synthetic investigation case for TraceX analytical testing.,SYNTHETIC,,,true,,SCN-PHYS-0539,Medium,synthetic-design,AUDIT-cases-CASE-00539
CASE-00540,Synthetic investigation 0540,mixed,closed,2024-04-03T15:59:50,Synthetic investigation case for TraceX analytical testing.,SYNTHETIC,,,true,,SCN-MIXED-0540,Medium,synthetic-design,AUDIT-cases-CASE-00540
CASE-00541,Synthetic investigation 0541,financial,closed,2025-04-01T11:26:01,Synthetic investigation case for TraceX analytical testing.,SYNTHETIC,,,true,,SCN-FIN-0541,Medium,synthetic-design,AUDIT-cases-CASE-00541
CASE-00542,Synthetic investigation 0542,communication,review,2025-02-17T21:47:19,Synthetic investigation case for TraceX analytical testing.,SYNTHETIC,,,true,,SCN-COM-0542,Medium,synthetic-design,AUDIT-cases-CASE-00542
CASE-00543,Synthetic investigation 0543,cyber,open,2024-01-19T00:12:41,Synthetic investigation case for TraceX analytical testing.,SYNTHETIC,,,true,,SCN-CYBER-0543,Medium,synthetic-design,AUDIT-cases-CASE-00543
CASE-00544,Synthetic investigation 0544,physical,open,2025-08-02T05:06:30,Synthetic investigation case for TraceX analytical testing.,SYNTHETIC,,,true,,SCN-PHYS-0544,Medium,synthetic-design,AUDIT-cases-CASE-00544
CASE-00545,Synthetic investigation 0545,mixed,review,2025-02-08T17:50:00,Synthetic investigation case for TraceX analytical testing.,SYNTHETIC,,,true,,SCN-MIXED-0545,Medium,synthetic-design,AUDIT-cases-CASE-00545
CASE-00546,Synthetic investigation 0546,financial,review,2024-11-30T20:44:07,Synthetic investigation case for TraceX analytical testing.,SYNTHETIC,,,true,,SCN-FIN-0546,Medium,synthetic-design,AUDIT-cases-CASE-00546
CASE-00547,Synthetic investigation 0547,communication,closed,2024-11-25T21:11:52,Synthetic investigation case for TraceX analytical testing.,SYNTHETIC,,,true,,SCN-COM-0547,Medium,synthetic-design,AUDIT-cases-CASE-00547
CASE-00548,Synthetic investigation 0548,cyber,closed,2024-12-31T15:33:26,Synthetic investigation case for TraceX analytical testing.,SYNTHETIC,,,true,,SCN-CYBER-0548,Medium,synthetic-design,AUDIT-cases-CASE-00548
CASE-00549,Synthetic investigation 0549,physical,review,2025-06-08T15:29:45,Synthetic investigation case for TraceX analytical testing.,SYNTHETIC,,,true,,SCN-PHYS-0549,Medium,synthetic-design,AUDIT-cases-CASE-00549
CASE-00550,Synthetic investigation 0550,mixed,review,2024-07-18T00:12:48,Synthetic investigation case for TraceX analytical testing.,SYNTHETIC,,,true,,SCN-MIXED-0550,Medium,synthetic-design,AUDIT-cases-CASE-00550
CASE-00551,Synthetic investigation 0551,financial,closed,2024-02-03T13:04:11,Synthetic investigation case for TraceX analytical testing.,SYNTHETIC,,,true,,SCN-FIN-0551,Medium,synthetic-design,AUDIT-cases-CASE-00551
CASE-00552,Synthetic investigation 0552,communication,closed,2024-06-17T07:12:26,Synthetic investigation case for TraceX analytical testing.,SYNTHETIC,,,true,,SCN-COM-0552,Medium,synthetic-design,AUDIT-cases-CASE-00552
CASE-00553,Synthetic investigation 0553,cyber,review,2025-04-22T01:44:22,Synthetic investigation case for TraceX analytical testing.,SYNTHETIC,,,true,,SCN-CYBER-0553,Medium,synthetic-design,AUDIT-cases-CASE-00553
CASE-00554,Synthetic investigation 0554,physical,open,2024-08-02T12:13:02,Synthetic investigation case for TraceX analytical testing.,SYNTHETIC,,,true,,SCN-PHYS-0554,Medium,synthetic-design,AUDIT-cases-CASE-00554
CASE-00555,Synthetic investigation 0555,mixed,closed,2024-06-05T07:50:32,Synthetic investigation case for TraceX analytical testing.,SYNTHETIC,,,true,,SCN-MIXED-0555,Medium,synthetic-design,AUDIT-cases-CASE-00555
CASE-00556,Synthetic investigation 0556,financial,review,2025-01-05T07:12:01,Synthetic investigation case for TraceX analytical testing.,SYNTHETIC,,,true,,SCN-FIN-0556,Medium,synthetic-design,AUDIT-cases-CASE-00556
CASE-00557,Synthetic investigation 0557,communication,open,2025-06-12T08:27:21,Synthetic investigation case for TraceX analytical testing.,SYNTHETIC,,,true,,SCN-COM-0557,Medium,synthetic-design,AUDIT-cases-CASE-00557
CASE-00558,Synthetic investigation 0558,cyber,review,2025-02-07T17:31:58,Synthetic investigation case for TraceX analytical testing.,SYNTHETIC,,,true,,SCN-CYBER-0558,Medium,synthetic-design,AUDIT-cases-CASE-00558
CASE-00559,Synthetic investigation 0559,physical,closed,2024-10-27T17:42:32,Synthetic investigation case for TraceX analytical testing.,SYNTHETIC,,,true,,SCN-PHYS-0559,Medium,synthetic-design,AUDIT-cases-CASE-00559
CASE-00560,Synthetic investigation 0560,mixed,closed,2024-07-01T03:49:00,Synthetic investigation case for TraceX analytical testing.,SYNTHETIC,,,true,,SCN-MIXED-0560,Medium,synthetic-design,AUDIT-cases-CASE-00560
CASE-00561,Synthetic investigation 0561,financial,closed,2025-05-11T09:20:21,Synthetic investigation case for TraceX analytical testing.,SYNTHETIC,,,true,,SCN-FIN-0561,Medium,synthetic-design,AUDIT-cases-CASE-00561
CASE-00562,Synthetic investigation 0562,communication,review,2024-02-03T02:19:58,Synthetic investigation case for TraceX analytical testing.,SYNTHETIC,,,true,,SCN-COM-0562,Medium,synthetic-design,AUDIT-cases-CASE-00562
CASE-00563,Synthetic investigation 0563,cyber,review,2024-04-16T12:57:53,Synthetic investigation case for TraceX analytical testing.,SYNTHETIC,,,true,,SCN-CYBER-0563,Medium,synthetic-design,AUDIT-cases-CASE-00563
CASE-00564,Synthetic investigation 0564,physical,closed,2024-05-28T22:23:16,Synthetic investigation case for TraceX analytical testing.,SYNTHETIC,,,true,,SCN-PHYS-0564,Medium,synthetic-design,AUDIT-cases-CASE-00564
CASE-00565,Synthetic investigation 0565,mixed,open,2024-05-20T14:36:10,Synthetic investigation case for TraceX analytical testing.,SYNTHETIC,,,true,,SCN-MIXED-0565,Medium,synthetic-design,AUDIT-cases-CASE-00565
CASE-00566,Synthetic investigation 0566,financial,open,2024-04-17T10:04:31,Synthetic investigation case for TraceX analytical testing.,SYNTHETIC,,,true,,SCN-FIN-0566,Medium,synthetic-design,AUDIT-cases-CASE-00566
CASE-00567,Synthetic investigation 0567,communication,closed,2024-01-09T08:54:36,Synthetic investigation case for TraceX analytical testing.,SYNTHETIC,,,true,,SCN-COM-0567,Medium,synthetic-design,AUDIT-cases-CASE-00567
CASE-00568,Synthetic investigation 0568,cyber,closed,2025-05-25T19:39:12,Synthetic investigation case for TraceX analytical testing.,SYNTHETIC,,,true,,SCN-CYBER-0568,Medium,synthetic-design,AUDIT-cases-CASE-00568
CASE-00569,Synthetic investigation 0569,physical,open,2025-06-20T22:06:51,Synthetic investigation case for TraceX analytical testing.,SYNTHETIC,,,true,,SCN-PHYS-0569,Medium,synthetic-design,AUDIT-cases-CASE-00569
CASE-00570,Synthetic investigation 0570,mixed,review,2025-05-08T23:42:42,Synthetic investigation case for TraceX analytical testing.,SYNTHETIC,,,true,,SCN-MIXED-0570,Medium,synthetic-design,AUDIT-cases-CASE-00570
CASE-00571,Synthetic investigation 0571,financial,closed,2025-07-24T05:27:36,Synthetic investigation case for TraceX analytical testing.,SYNTHETIC,,,true,,SCN-FIN-0571,Medium,synthetic-design,AUDIT-cases-CASE-00571
CASE-00572,Synthetic investigation 0572,communication,review,2024-09-19T13:36:00,Synthetic investigation case for TraceX analytical testing.,SYNTHETIC,,,true,,SCN-COM-0572,Medium,synthetic-design,AUDIT-cases-CASE-00572
CASE-00573,Synthetic investigation 0573,cyber,review,2025-02-27T13:38:59,Synthetic investigation case for TraceX analytical testing.,SYNTHETIC,,,true,,SCN-CYBER-0573,Medium,synthetic-design,AUDIT-cases-CASE-00573
CASE-00574,Synthetic investigation 0574,physical,review,2025-08-06T19:35:59,Synthetic investigation case for TraceX analytical testing.,SYNTHETIC,,,true,,SCN-PHYS-0574,Medium,synthetic-design,AUDIT-cases-CASE-00574
CASE-00575,Synthetic investigation 0575,mixed,closed,2024-02-13T05:43:27,Synthetic investigation case for TraceX analytical testing.,SYNTHETIC,,,true,,SCN-MIXED-0575,Medium,synthetic-design,AUDIT-cases-CASE-00575
CASE-00576,Synthetic investigation 0576,financial,closed,2025-01-17T07:36:35,Synthetic investigation case for TraceX analytical testing.,SYNTHETIC,,,true,,SCN-FIN-0576,Medium,synthetic-design,AUDIT-cases-CASE-00576
CASE-00577,Synthetic investigation 0577,communication,open,2025-01-03T20:54:09,Synthetic investigation case for TraceX analytical testing.,SYNTHETIC,,,true,,SCN-COM-0577,Medium,synthetic-design,AUDIT-cases-CASE-00577
CASE-00578,Synthetic investigation 0578,cyber,review,2025-05-11T05:17:55,Synthetic investigation case for TraceX analytical testing.,SYNTHETIC,,,true,,SCN-CYBER-0578,Medium,synthetic-design,AUDIT-cases-CASE-00578
CASE-00579,Synthetic investigation 0579,physical,closed,2024-04-24T22:33:41,Synthetic investigation case for TraceX analytical testing.,SYNTHETIC,,,true,,SCN-PHYS-0579,Medium,synthetic-design,AUDIT-cases-CASE-00579
CASE-00580,Synthetic investigation 0580,mixed,closed,2024-08-22T06:12:44,Synthetic investigation case for TraceX analytical testing.,SYNTHETIC,,,true,,SCN-MIXED-0580,Medium,synthetic-design,AUDIT-cases-CASE-00580
CASE-00581,Synthetic investigation 0581,financial,closed,2024-08-30T12:49:33,Synthetic investigation case for TraceX analytical testing.,SYNTHETIC,,,true,,SCN-FIN-0581,Medium,synthetic-design,AUDIT-cases-CASE-00581
CASE-00582,Synthetic investigation 0582,communication,open,2025-02-24T09:55:01,Synthetic investigation case for TraceX analytical testing.,SYNTHETIC,,,true,,SCN-COM-0582,Medium,synthetic-design,AUDIT-cases-CASE-00582
CASE-00583,Synthetic investigation 0583,cyber,review,2024-08-21T08:39:38,Synthetic investigation case for TraceX analytical testing.,SYNTHETIC,,,true,,SCN-CYBER-0583,Medium,synthetic-design,AUDIT-cases-CASE-00583
CASE-00584,Synthetic investigation 0584,physical,open,2025-04-19T22:57:26,Synthetic investigation case for TraceX analytical testing.,SYNTHETIC,,,true,,SCN-PHYS-0584,Medium,synthetic-design,AUDIT-cases-CASE-00584
CASE-00585,Synthetic investigation 0585,mixed,open,2024-10-01T20:22:47,Synthetic investigation case for TraceX analytical testing.,SYNTHETIC,,,true,,SCN-MIXED-0585,Medium,synthetic-design,AUDIT-cases-CASE-00585
CASE-00586,Synthetic investigation 0586,financial,open,2025-03-11T18:58:27,Synthetic investigation case for TraceX analytical testing.,SYNTHETIC,,,true,,SCN-FIN-0586,Medium,synthetic-design,AUDIT-cases-CASE-00586
CASE-00587,Synthetic investigation 0587,communication,open,2024-02-18T17:22:51,Synthetic investigation case for TraceX analytical testing.,SYNTHETIC,,,true,,SCN-COM-0587,Medium,synthetic-design,AUDIT-cases-CASE-00587
CASE-00588,Synthetic investigation 0588,cyber,review,2024-09-07T13:52:44,Synthetic investigation case for TraceX analytical testing.,SYNTHETIC,,,true,,SCN-CYBER-0588,Medium,synthetic-design,AUDIT-cases-CASE-00588
CASE-00589,Synthetic investigation 0589,physical,review,2025-06-02T03:25:36,Synthetic investigation case for TraceX analytical testing.,SYNTHETIC,,,true,,SCN-PHYS-0589,Medium,synthetic-design,AUDIT-cases-CASE-00589
CASE-00590,Synthetic investigation 0590,mixed,closed,2024-05-20T12:02:57,Synthetic investigation case for TraceX analytical testing.,SYNTHETIC,,,true,,SCN-MIXED-0590,Medium,synthetic-design,AUDIT-cases-CASE-00590
CASE-00591,Synthetic investigation 0591,financial,open,2024-06-14T20:43:14,Synthetic investigation case for TraceX analytical testing.,SYNTHETIC,,,true,,SCN-FIN-0591,Medium,synthetic-design,AUDIT-cases-CASE-00591
CASE-00592,Synthetic investigation 0592,communication,closed,2024-07-06T21:20:15,Synthetic investigation case for TraceX analytical testing.,SYNTHETIC,,,true,,SCN-COM-0592,Medium,synthetic-design,AUDIT-cases-CASE-00592
CASE-00593,Synthetic investigation 0593,cyber,closed,2024-05-06T10:14:18,Synthetic investigation case for TraceX analytical testing.,SYNTHETIC,,,true,,SCN-CYBER-0593,Medium,synthetic-design,AUDIT-cases-CASE-00593
CASE-00594,Synthetic investigation 0594,physical,open,2024-03-14T21:13:01,Synthetic investigation case for TraceX analytical testing.,SYNTHETIC,,,true,,SCN-PHYS-0594,Medium,synthetic-design,AUDIT-cases-CASE-00594
CASE-00595,Synthetic investigation 0595,mixed,review,2025-03-13T04:13:31,Synthetic investigation case for TraceX analytical testing.,SYNTHETIC,,,true,,SCN-MIXED-0595,Medium,synthetic-design,AUDIT-cases-CASE-00595
CASE-00596,Synthetic investigation 0596,financial,closed,2024-09-01T17:20:28,Synthetic investigation case for TraceX analytical testing.,SYNTHETIC,,,true,,SCN-FIN-0596,Medium,synthetic-design,AUDIT-cases-CASE-00596
CASE-00597,Synthetic investigation 0597,communication,closed,2025-02-08T15:24:48,Synthetic investigation case for TraceX analytical testing.,SYNTHETIC,,,true,,SCN-COM-0597,Medium,synthetic-design,AUDIT-cases-CASE-00597
CASE-00598,Synthetic investigation 0598,cyber,review,2024-12-20T15:45:08,Synthetic investigation case for TraceX analytical testing.,SYNTHETIC,,,true,,SCN-CYBER-0598,Medium,synthetic-design,AUDIT-cases-CASE-00598
CASE-00599,Synthetic investigation 0599,physical,open,2024-04-07T18:33:42,Synthetic investigation case for TraceX analytical testing.,SYNTHETIC,,,true,,SCN-PHYS-0599,Medium,synthetic-design,AUDIT-cases-CASE-00599
CASE-00600,Synthetic investigation 0600,mixed,review,2025-05-07T22:01:12,Synthetic investigation case for TraceX analytical testing.,SYNTHETIC,,,true,,SCN-MIXED-0600,Medium,synthetic-design,AUDIT-cases-CASE-00600
CASE-00601,Synthetic investigation 0601,financial,review,2024-11-21T16:24:25,Synthetic investigation case for TraceX analytical testing.,SYNTHETIC,,,true,,SCN-FIN-0601,Medium,synthetic-design,AUDIT-cases-CASE-00601
CASE-00602,Synthetic investigation 0602,communication,open,2024-03-30T09:42:39,Synthetic investigation case for TraceX analytical testing.,SYNTHETIC,,,true,,SCN-COM-0602,Medium,synthetic-design,AUDIT-cases-CASE-00602
CASE-00603,Synthetic investigation 0603,cyber,review,2024-06-04T20:10:42,Synthetic investigation case for TraceX analytical testing.,SYNTHETIC,,,true,,SCN-CYBER-0603,Medium,synthetic-design,AUDIT-cases-CASE-00603
CASE-00604,Synthetic investigation 0604,physical,review,2024-08-31T12:52:54,Synthetic investigation case for TraceX analytical testing.,SYNTHETIC,,,true,,SCN-PHYS-0604,Medium,synthetic-design,AUDIT-cases-CASE-00604
CASE-00605,Synthetic investigation 0605,mixed,review,2025-01-07T02:20:23,Synthetic investigation case for TraceX analytical testing.,SYNTHETIC,,,true,,SCN-MIXED-0605,Medium,synthetic-design,AUDIT-cases-CASE-00605
CASE-00606,Synthetic investigation 0606,financial,review,2025-07-29T19:59:29,Synthetic investigation case for TraceX analytical testing.,SYNTHETIC,,,true,,SCN-FIN-0606,Medium,synthetic-design,AUDIT-cases-CASE-00606
CASE-00607,Synthetic investigation 0607,communication,closed,2025-06-06T10:11:05,Synthetic investigation case for TraceX analytical testing.,SYNTHETIC,,,true,,SCN-COM-0607,Medium,synthetic-design,AUDIT-cases-CASE-00607
CASE-00608,Synthetic investigation 0608,cyber,open,2024-12-30T05:28:14,Synthetic investigation case for TraceX analytical testing.,SYNTHETIC,,,true,,SCN-CYBER-0608,Medium,synthetic-design,AUDIT-cases-CASE-00608
CASE-00609,Synthetic investigation 0609,physical,open,2024-04-04T15:06:28,Synthetic investigation case for TraceX analytical testing.,SYNTHETIC,,,true,,SCN-PHYS-0609,Medium,synthetic-design,AUDIT-cases-CASE-00609
CASE-00610,Synthetic investigation 0610,mixed,open,2025-02-19T01:40:31,Synthetic investigation case for TraceX analytical testing.,SYNTHETIC,,,true,,SCN-MIXED-0610,Medium,synthetic-design,AUDIT-cases-CASE-00610
CASE-00611,Synthetic investigation 0611,financial,review,2025-01-13T08:14:33,Synthetic investigation case for TraceX analytical testing.,SYNTHETIC,,,true,,SCN-FIN-0611,Medium,synthetic-design,AUDIT-cases-CASE-00611
CASE-00612,Synthetic investigation 0612,communication,closed,2024-07-23T12:25:58,Synthetic investigation case for TraceX analytical testing.,SYNTHETIC,,,true,,SCN-COM-0612,Medium,synthetic-design,AUDIT-cases-CASE-00612
CASE-00613,Synthetic investigation 0613,cyber,review,2024-05-26T10:15:00,Synthetic investigation case for TraceX analytical testing.,SYNTHETIC,,,true,,SCN-CYBER-0613,Medium,synthetic-design,AUDIT-cases-CASE-00613
CASE-00614,Synthetic investigation 0614,physical,open,2025-05-15T01:01:22,Synthetic investigation case for TraceX analytical testing.,SYNTHETIC,,,true,,SCN-PHYS-0614,Medium,synthetic-design,AUDIT-cases-CASE-00614
CASE-00615,Synthetic investigation 0615,mixed,open,2024-10-14T05:24:10,Synthetic investigation case for TraceX analytical testing.,SYNTHETIC,,,true,,SCN-MIXED-0615,Medium,synthetic-design,AUDIT-cases-CASE-00615
CASE-00616,Synthetic investigation 0616,financial,closed,2024-01-16T09:19:35,Synthetic investigation case for TraceX analytical testing.,SYNTHETIC,,,true,,SCN-FIN-0616,Medium,synthetic-design,AUDIT-cases-CASE-00616
CASE-00617,Synthetic investigation 0617,communication,closed,2024-01-23T01:12:53,Synthetic investigation case for TraceX analytical testing.,SYNTHETIC,,,true,,SCN-COM-0617,Medium,synthetic-design,AUDIT-cases-CASE-00617
CASE-00618,Synthetic investigation 0618,cyber,open,2024-10-31T11:55:02,Synthetic investigation case for TraceX analytical testing.,SYNTHETIC,,,true,,SCN-CYBER-0618,Medium,synthetic-design,AUDIT-cases-CASE-00618
CASE-00619,Synthetic investigation 0619,physical,closed,2024-03-02T21:13:01,Synthetic investigation case for TraceX analytical testing.,SYNTHETIC,,,true,,SCN-PHYS-0619,Medium,synthetic-design,AUDIT-cases-CASE-00619
CASE-00620,Synthetic investigation 0620,mixed,review,2024-04-23T13:02:17,Synthetic investigation case for TraceX analytical testing.,SYNTHETIC,,,true,,SCN-MIXED-0620,Medium,synthetic-design,AUDIT-cases-CASE-00620
CASE-00621,Synthetic investigation 0621,financial,review,2025-05-09T21:04:58,Synthetic investigation case for TraceX analytical testing.,SYNTHETIC,,,true,,SCN-FIN-0621,Medium,synthetic-design,AUDIT-cases-CASE-00621
CASE-00622,Synthetic investigation 0622,communication,open,2024-06-07T15:24:22,Synthetic investigation case for TraceX analytical testing.,SYNTHETIC,,,true,,SCN-COM-0622,Medium,synthetic-design,AUDIT-cases-CASE-00622
CASE-00623,Synthetic investigation 0623,cyber,review,2025-07-09T21:35:10,Synthetic investigation case for TraceX analytical testing.,SYNTHETIC,,,true,,SCN-CYBER-0623,Medium,synthetic-design,AUDIT-cases-CASE-00623
CASE-00624,Synthetic investigation 0624,physical,closed,2024-10-29T21:28:50,Synthetic investigation case for TraceX analytical testing.,SYNTHETIC,,,true,,SCN-PHYS-0624,Medium,synthetic-design,AUDIT-cases-CASE-00624
CASE-00625,Synthetic investigation 0625,mixed,open,2024-12-13T18:33:35,Synthetic investigation case for TraceX analytical testing.,SYNTHETIC,,,true,,SCN-MIXED-0625,Medium,synthetic-design,AUDIT-cases-CASE-00625
CASE-00626,Synthetic investigation 0626,financial,open,2025-07-15T02:29:28,Synthetic investigation case for TraceX analytical testing.,SYNTHETIC,,,true,,SCN-FIN-0626,Medium,synthetic-design,AUDIT-cases-CASE-00626
CASE-00627,Synthetic investigation 0627,communication,closed,2024-03-01T19:12:09,Synthetic investigation case for TraceX analytical testing.,SYNTHETIC,,,true,,SCN-COM-0627,Medium,synthetic-design,AUDIT-cases-CASE-00627
CASE-00628,Synthetic investigation 0628,cyber,open,2024-11-30T04:31:17,Synthetic investigation case for TraceX analytical testing.,SYNTHETIC,,,true,,SCN-CYBER-0628,Medium,synthetic-design,AUDIT-cases-CASE-00628
CASE-00629,Synthetic investigation 0629,physical,open,2025-04-15T22:46:03,Synthetic investigation case for TraceX analytical testing.,SYNTHETIC,,,true,,SCN-PHYS-0629,Medium,synthetic-design,AUDIT-cases-CASE-00629
CASE-00630,Synthetic investigation 0630,mixed,closed,2024-10-08T19:21:55,Synthetic investigation case for TraceX analytical testing.,SYNTHETIC,,,true,,SCN-MIXED-0630,Medium,synthetic-design,AUDIT-cases-CASE-00630
CASE-00631,Synthetic investigation 0631,financial,closed,2024-04-07T14:25:29,Synthetic investigation case for TraceX analytical testing.,SYNTHETIC,,,true,,SCN-FIN-0631,Medium,synthetic-design,AUDIT-cases-CASE-00631
CASE-00632,Synthetic investigation 0632,communication,review,2025-05-21T05:20:29,Synthetic investigation case for TraceX analytical testing.,SYNTHETIC,,,true,,SCN-COM-0632,Medium,synthetic-design,AUDIT-cases-CASE-00632
CASE-00633,Synthetic investigation 0633,cyber,open,2024-11-06T17:22:51,Synthetic investigation case for TraceX analytical testing.,SYNTHETIC,,,true,,SCN-CYBER-0633,Medium,synthetic-design,AUDIT-cases-CASE-00633
CASE-00634,Synthetic investigation 0634,physical,review,2024-11-24T07:48:45,Synthetic investigation case for TraceX analytical testing.,SYNTHETIC,,,true,,SCN-PHYS-0634,Medium,synthetic-design,AUDIT-cases-CASE-00634
CASE-00635,Synthetic investigation 0635,mixed,review,2024-07-01T20:41:15,Synthetic investigation case for TraceX analytical testing.,SYNTHETIC,,,true,,SCN-MIXED-0635,Medium,synthetic-design,AUDIT-cases-CASE-00635
CASE-00636,Synthetic investigation 0636,financial,review,2024-02-05T18:36:06,Synthetic investigation case for TraceX analytical testing.,SYNTHETIC,,,true,,SCN-FIN-0636,Medium,synthetic-design,AUDIT-cases-CASE-00636
CASE-00637,Synthetic investigation 0637,communication,closed,2025-02-19T23:57:15,Synthetic investigation case for TraceX analytical testing.,SYNTHETIC,,,true,,SCN-COM-0637,Medium,synthetic-design,AUDIT-cases-CASE-00637
CASE-00638,Synthetic investigation 0638,cyber,review,2024-11-07T15:13:19,Synthetic investigation case for TraceX analytical testing.,SYNTHETIC,,,true,,SCN-CYBER-0638,Medium,synthetic-design,AUDIT-cases-CASE-00638
CASE-00639,Synthetic investigation 0639,physical,open,2025-01-20T16:42:37,Synthetic investigation case for TraceX analytical testing.,SYNTHETIC,,,true,,SCN-PHYS-0639,Medium,synthetic-design,AUDIT-cases-CASE-00639
CASE-00640,Synthetic investigation 0640,mixed,closed,2024-04-10T15:52:40,Synthetic investigation case for TraceX analytical testing.,SYNTHETIC,,,true,,SCN-MIXED-0640,Medium,synthetic-design,AUDIT-cases-CASE-00640
CASE-00641,Synthetic investigation 0641,financial,open,2024-12-15T02:12:11,Synthetic investigation case for TraceX analytical testing.,SYNTHETIC,,,true,,SCN-FIN-0641,Medium,synthetic-design,AUDIT-cases-CASE-00641
CASE-00642,Synthetic investigation 0642,communication,review,2024-07-30T19:03:26,Synthetic investigation case for TraceX analytical testing.,SYNTHETIC,,,true,,SCN-COM-0642,Medium,synthetic-design,AUDIT-cases-CASE-00642
CASE-00643,Synthetic investigation 0643,cyber,review,2025-02-17T01:49:21,Synthetic investigation case for TraceX analytical testing.,SYNTHETIC,,,true,,SCN-CYBER-0643,Medium,synthetic-design,AUDIT-cases-CASE-00643
CASE-00644,Synthetic investigation 0644,physical,closed,2024-05-28T22:17:38,Synthetic investigation case for TraceX analytical testing.,SYNTHETIC,,,true,,SCN-PHYS-0644,Medium,synthetic-design,AUDIT-cases-CASE-00644
CASE-00645,Synthetic investigation 0645,mixed,review,2024-07-16T11:45:39,Synthetic investigation case for TraceX analytical testing.,SYNTHETIC,,,true,,SCN-MIXED-0645,Medium,synthetic-design,AUDIT-cases-CASE-00645
CASE-00646,Synthetic investigation 0646,financial,open,2024-04-10T05:56:51,Synthetic investigation case for TraceX analytical testing.,SYNTHETIC,,,true,,SCN-FIN-0646,Medium,synthetic-design,AUDIT-cases-CASE-00646
CASE-00647,Synthetic investigation 0647,communication,closed,2024-03-25T11:19:57,Synthetic investigation case for TraceX analytical testing.,SYNTHETIC,,,true,,SCN-COM-0647,Medium,synthetic-design,AUDIT-cases-CASE-00647
CASE-00648,Synthetic investigation 0648,cyber,open,2024-09-25T01:16:59,Synthetic investigation case for TraceX analytical testing.,SYNTHETIC,,,true,,SCN-CYBER-0648,Medium,synthetic-design,AUDIT-cases-CASE-00648
CASE-00649,Synthetic investigation 0649,physical,closed,2024-05-26T18:18:15,Synthetic investigation case for TraceX analytical testing.,SYNTHETIC,,,true,,SCN-PHYS-0649,Medium,synthetic-design,AUDIT-cases-CASE-00649
CASE-00650,Synthetic investigation 0650,mixed,open,2025-05-25T21:37:12,Synthetic investigation case for TraceX analytical testing.,SYNTHETIC,,,true,,SCN-MIXED-0650,Medium,synthetic-design,AUDIT-cases-CASE-00650
CASE-00651,Synthetic investigation 0651,financial,review,2025-03-06T06:34:42,Synthetic investigation case for TraceX analytical testing.,SYNTHETIC,,,true,,SCN-FIN-0651,Medium,synthetic-design,AUDIT-cases-CASE-00651
CASE-00652,Synthetic investigation 0652,communication,closed,2024-01-05T13:39:39,Synthetic investigation case for TraceX analytical testing.,SYNTHETIC,,,true,,SCN-COM-0652,Medium,synthetic-design,AUDIT-cases-CASE-00652
CASE-00653,Synthetic investigation 0653,cyber,closed,2024-09-11T15:53:44,Synthetic investigation case for TraceX analytical testing.,SYNTHETIC,,,true,,SCN-CYBER-0653,Medium,synthetic-design,AUDIT-cases-CASE-00653
CASE-00654,Synthetic investigation 0654,physical,review,2025-03-14T03:24:03,Synthetic investigation case for TraceX analytical testing.,SYNTHETIC,,,true,,SCN-PHYS-0654,Medium,synthetic-design,AUDIT-cases-CASE-00654
CASE-00655,Synthetic investigation 0655,mixed,open,2024-03-12T13:38:25,Synthetic investigation case for TraceX analytical testing.,SYNTHETIC,,,true,,SCN-MIXED-0655,Medium,synthetic-design,AUDIT-cases-CASE-00655
CASE-00656,Synthetic investigation 0656,financial,review,2024-09-16T10:33:14,Synthetic investigation case for TraceX analytical testing.,SYNTHETIC,,,true,,SCN-FIN-0656,Medium,synthetic-design,AUDIT-cases-CASE-00656
CASE-00657,Synthetic investigation 0657,communication,review,2025-06-18T14:04:54,Synthetic investigation case for TraceX analytical testing.,SYNTHETIC,,,true,,SCN-COM-0657,Medium,synthetic-design,AUDIT-cases-CASE-00657
CASE-00658,Synthetic investigation 0658,cyber,review,2025-05-04T05:43:46,Synthetic investigation case for TraceX analytical testing.,SYNTHETIC,,,true,,SCN-CYBER-0658,Medium,synthetic-design,AUDIT-cases-CASE-00658
CASE-00659,Synthetic investigation 0659,physical,review,2024-04-25T12:39:42,Synthetic investigation case for TraceX analytical testing.,SYNTHETIC,,,true,,SCN-PHYS-0659,Medium,synthetic-design,AUDIT-cases-CASE-00659
CASE-00660,Synthetic investigation 0660,mixed,review,2024-05-22T10:47:08,Synthetic investigation case for TraceX analytical testing.,SYNTHETIC,,,true,,SCN-MIXED-0660,Medium,synthetic-design,AUDIT-cases-CASE-00660
CASE-00661,Synthetic investigation 0661,financial,review,2024-07-11T22:21:29,Synthetic investigation case for TraceX analytical testing.,SYNTHETIC,,,true,,SCN-FIN-0661,Medium,synthetic-design,AUDIT-cases-CASE-00661
CASE-00662,Synthetic investigation 0662,communication,closed,2024-08-10T19:48:54,Synthetic investigation case for TraceX analytical testing.,SYNTHETIC,,,true,,SCN-COM-0662,Medium,synthetic-design,AUDIT-cases-CASE-00662
CASE-00663,Synthetic investigation 0663,cyber,review,2024-07-03T13:56:55,Synthetic investigation case for TraceX analytical testing.,SYNTHETIC,,,true,,SCN-CYBER-0663,Medium,synthetic-design,AUDIT-cases-CASE-00663
CASE-00664,Synthetic investigation 0664,physical,open,2024-06-22T21:52:17,Synthetic investigation case for TraceX analytical testing.,SYNTHETIC,,,true,,SCN-PHYS-0664,Medium,synthetic-design,AUDIT-cases-CASE-00664
CASE-00665,Synthetic investigation 0665,mixed,closed,2024-09-23T05:40:38,Synthetic investigation case for TraceX analytical testing.,SYNTHETIC,,,true,,SCN-MIXED-0665,Medium,synthetic-design,AUDIT-cases-CASE-00665
CASE-00666,Synthetic investigation 0666,financial,review,2024-08-30T10:38:25,Synthetic investigation case for TraceX analytical testing.,SYNTHETIC,,,true,,SCN-FIN-0666,Medium,synthetic-design,AUDIT-cases-CASE-00666
CASE-00667,Synthetic investigation 0667,communication,open,2024-05-04T09:52:09,Synthetic investigation case for TraceX analytical testing.,SYNTHETIC,,,true,,SCN-COM-0667,Medium,synthetic-design,AUDIT-cases-CASE-00667
CASE-00668,Synthetic investigation 0668,cyber,open,2024-10-04T04:07:47,Synthetic investigation case for TraceX analytical testing.,SYNTHETIC,,,true,,SCN-CYBER-0668,Medium,synthetic-design,AUDIT-cases-CASE-00668
CASE-00669,Synthetic investigation 0669,physical,open,2025-04-06T20:21:18,Synthetic investigation case for TraceX analytical testing.,SYNTHETIC,,,true,,SCN-PHYS-0669,Medium,synthetic-design,AUDIT-cases-CASE-00669
CASE-00670,Synthetic investigation 0670,mixed,open,2025-04-17T21:21:07,Synthetic investigation case for TraceX analytical testing.,SYNTHETIC,,,true,,SCN-MIXED-0670,Medium,synthetic-design,AUDIT-cases-CASE-00670
CASE-00671,Synthetic investigation 0671,financial,closed,2024-10-13T14:12:04,Synthetic investigation case for TraceX analytical testing.,SYNTHETIC,,,true,,SCN-FIN-0671,Medium,synthetic-design,AUDIT-cases-CASE-00671
CASE-00672,Synthetic investigation 0672,communication,review,2024-06-19T12:15:06,Synthetic investigation case for TraceX analytical testing.,SYNTHETIC,,,true,,SCN-COM-0672,Medium,synthetic-design,AUDIT-cases-CASE-00672
CASE-00673,Synthetic investigation 0673,cyber,review,2024-08-08T22:21:48,Synthetic investigation case for TraceX analytical testing.,SYNTHETIC,,,true,,SCN-CYBER-0673,Medium,synthetic-design,AUDIT-cases-CASE-00673
CASE-00674,Synthetic investigation 0674,physical,review,2024-04-27T11:54:05,Synthetic investigation case for TraceX analytical testing.,SYNTHETIC,,,true,,SCN-PHYS-0674,Medium,synthetic-design,AUDIT-cases-CASE-00674
CASE-00675,Synthetic investigation 0675,mixed,open,2024-02-16T16:50:28,Synthetic investigation case for TraceX analytical testing.,SYNTHETIC,,,true,,SCN-MIXED-0675,Medium,synthetic-design,AUDIT-cases-CASE-00675
CASE-00676,Synthetic investigation 0676,financial,closed,2025-01-24T21:53:06,Synthetic investigation case for TraceX analytical testing.,SYNTHETIC,,,true,,SCN-FIN-0676,Medium,synthetic-design,AUDIT-cases-CASE-00676
CASE-00677,Synthetic investigation 0677,communication,review,2024-07-23T09:23:39,Synthetic investigation case for TraceX analytical testing.,SYNTHETIC,,,true,,SCN-COM-0677,Medium,synthetic-design,AUDIT-cases-CASE-00677
CASE-00678,Synthetic investigation 0678,cyber,closed,2025-01-07T08:03:02,Synthetic investigation case for TraceX analytical testing.,SYNTHETIC,,,true,,SCN-CYBER-0678,Medium,synthetic-design,AUDIT-cases-CASE-00678
CASE-00679,Synthetic investigation 0679,physical,open,2024-09-18T23:19:11,Synthetic investigation case for TraceX analytical testing.,SYNTHETIC,,,true,,SCN-PHYS-0679,Medium,synthetic-design,AUDIT-cases-CASE-00679
CASE-00680,Synthetic investigation 0680,mixed,closed,2024-06-26T10:56:53,Synthetic investigation case for TraceX analytical testing.,SYNTHETIC,,,true,,SCN-MIXED-0680,Medium,synthetic-design,AUDIT-cases-CASE-00680
CASE-00681,Synthetic investigation 0681,financial,review,2024-08-07T18:17:57,Synthetic investigation case for TraceX analytical testing.,SYNTHETIC,,,true,,SCN-FIN-0681,Medium,synthetic-design,AUDIT-cases-CASE-00681
CASE-00682,Synthetic investigation 0682,communication,closed,2024-10-21T09:44:07,Synthetic investigation case for TraceX analytical testing.,SYNTHETIC,,,true,,SCN-COM-0682,Medium,synthetic-design,AUDIT-cases-CASE-00682
CASE-00683,Synthetic investigation 0683,cyber,review,2024-10-23T09:50:58,Synthetic investigation case for TraceX analytical testing.,SYNTHETIC,,,true,,SCN-CYBER-0683,Medium,synthetic-design,AUDIT-cases-CASE-00683
CASE-00684,Synthetic investigation 0684,physical,closed,2025-02-13T08:46:06,Synthetic investigation case for TraceX analytical testing.,SYNTHETIC,,,true,,SCN-PHYS-0684,Medium,synthetic-design,AUDIT-cases-CASE-00684
CASE-00685,Synthetic investigation 0685,mixed,open,2025-03-04T13:46:49,Synthetic investigation case for TraceX analytical testing.,SYNTHETIC,,,true,,SCN-MIXED-0685,Medium,synthetic-design,AUDIT-cases-CASE-00685
CASE-00686,Synthetic investigation 0686,financial,open,2024-03-30T02:16:10,Synthetic investigation case for TraceX analytical testing.,SYNTHETIC,,,true,,SCN-FIN-0686,Medium,synthetic-design,AUDIT-cases-CASE-00686
CASE-00687,Synthetic investigation 0687,communication,closed,2024-10-07T12:34:19,Synthetic investigation case for TraceX analytical testing.,SYNTHETIC,,,true,,SCN-COM-0687,Medium,synthetic-design,AUDIT-cases-CASE-00687
CASE-00688,Synthetic investigation 0688,cyber,closed,2024-03-25T15:05:37,Synthetic investigation case for TraceX analytical testing.,SYNTHETIC,,,true,,SCN-CYBER-0688,Medium,synthetic-design,AUDIT-cases-CASE-00688
CASE-00689,Synthetic investigation 0689,physical,closed,2025-01-02T19:53:19,Synthetic investigation case for TraceX analytical testing.,SYNTHETIC,,,true,,SCN-PHYS-0689,Medium,synthetic-design,AUDIT-cases-CASE-00689
CASE-00690,Synthetic investigation 0690,mixed,closed,2024-05-28T20:37:02,Synthetic investigation case for TraceX analytical testing.,SYNTHETIC,,,true,,SCN-MIXED-0690,Medium,synthetic-design,AUDIT-cases-CASE-00690
CASE-00691,Synthetic investigation 0691,financial,open,2024-05-06T16:17:10,Synthetic investigation case for TraceX analytical testing.,SYNTHETIC,,,true,,SCN-FIN-0691,Medium,synthetic-design,AUDIT-cases-CASE-00691
CASE-00692,Synthetic investigation 0692,communication,review,2025-03-25T01:17:10,Synthetic investigation case for TraceX analytical testing.,SYNTHETIC,,,true,,SCN-COM-0692,Medium,synthetic-design,AUDIT-cases-CASE-00692
CASE-00693,Synthetic investigation 0693,cyber,closed,2024-05-19T22:25:37,Synthetic investigation case for TraceX analytical testing.,SYNTHETIC,,,true,,SCN-CYBER-0693,Medium,synthetic-design,AUDIT-cases-CASE-00693
CASE-00694,Synthetic investigation 0694,physical,open,2024-12-22T15:53:57,Synthetic investigation case for TraceX analytical testing.,SYNTHETIC,,,true,,SCN-PHYS-0694,Medium,synthetic-design,AUDIT-cases-CASE-00694
CASE-00695,Synthetic investigation 0695,mixed,review,2024-11-12T06:33:47,Synthetic investigation case for TraceX analytical testing.,SYNTHETIC,,,true,,SCN-MIXED-0695,Medium,synthetic-design,AUDIT-cases-CASE-00695
CASE-00696,Synthetic investigation 0696,financial,closed,2025-01-11T20:37:25,Synthetic investigation case for TraceX analytical testing.,SYNTHETIC,,,true,,SCN-FIN-0696,Medium,synthetic-design,AUDIT-cases-CASE-00696
CASE-00697,Synthetic investigation 0697,communication,closed,2024-06-17T05:43:24,Synthetic investigation case for TraceX analytical testing.,SYNTHETIC,,,true,,SCN-COM-0697,Medium,synthetic-design,AUDIT-cases-CASE-00697
CASE-00698,Synthetic investigation 0698,cyber,closed,2024-02-08T11:54:29,Synthetic investigation case for TraceX analytical testing.,SYNTHETIC,,,true,,SCN-CYBER-0698,Medium,synthetic-design,AUDIT-cases-CASE-00698
CASE-00699,Synthetic investigation 0699,physical,review,2025-03-22T16:12:57,Synthetic investigation case for TraceX analytical testing.,SYNTHETIC,,,true,,SCN-PHYS-0699,Medium,synthetic-design,AUDIT-cases-CASE-00699
CASE-00700,Synthetic investigation 0700,mixed,review,2024-12-31T14:27:12,Synthetic investigation case for TraceX analytical testing.,SYNTHETIC,,,true,,SCN-MIXED-0700,Medium,synthetic-design,AUDIT-cases-CASE-00700
CASE-00701,Synthetic investigation 0701,financial,review,2025-05-07T07:46:38,Synthetic investigation case for TraceX analytical testing.,SYNTHETIC,,,true,,SCN-FIN-0701,Medium,synthetic-design,AUDIT-cases-CASE-00701
CASE-00702,Synthetic investigation 0702,communication,open,2024-07-02T07:02:39,Synthetic investigation case for TraceX analytical testing.,SYNTHETIC,,,true,,SCN-COM-0702,Medium,synthetic-design,AUDIT-cases-CASE-00702
CASE-00703,Synthetic investigation 0703,cyber,open,2024-12-16T20:14:54,Synthetic investigation case for TraceX analytical testing.,SYNTHETIC,,,true,,SCN-CYBER-0703,Medium,synthetic-design,AUDIT-cases-CASE-00703
CASE-00704,Synthetic investigation 0704,physical,review,2025-03-12T16:48:41,Synthetic investigation case for TraceX analytical testing.,SYNTHETIC,,,true,,SCN-PHYS-0704,Medium,synthetic-design,AUDIT-cases-CASE-00704
CASE-00705,Synthetic investigation 0705,mixed,open,2025-05-27T11:26:38,Synthetic investigation case for TraceX analytical testing.,SYNTHETIC,,,true,,SCN-MIXED-0705,Medium,synthetic-design,AUDIT-cases-CASE-00705
CASE-00706,Synthetic investigation 0706,financial,closed,2024-03-05T08:40:52,Synthetic investigation case for TraceX analytical testing.,SYNTHETIC,,,true,,SCN-FIN-0706,Medium,synthetic-design,AUDIT-cases-CASE-00706
CASE-00707,Synthetic investigation 0707,communication,open,2024-08-25T22:27:06,Synthetic investigation case for TraceX analytical testing.,SYNTHETIC,,,true,,SCN-COM-0707,Medium,synthetic-design,AUDIT-cases-CASE-00707
CASE-00708,Synthetic investigation 0708,cyber,closed,2024-10-14T19:48:48,Synthetic investigation case for TraceX analytical testing.,SYNTHETIC,,,true,,SCN-CYBER-0708,Medium,synthetic-design,AUDIT-cases-CASE-00708
CASE-00709,Synthetic investigation 0709,physical,closed,2024-03-17T04:15:20,Synthetic investigation case for TraceX analytical testing.,SYNTHETIC,,,true,,SCN-PHYS-0709,Medium,synthetic-design,AUDIT-cases-CASE-00709
CASE-00710,Synthetic investigation 0710,mixed,review,2024-06-20T03:33:47,Synthetic investigation case for TraceX analytical testing.,SYNTHETIC,,,true,,SCN-MIXED-0710,Medium,synthetic-design,AUDIT-cases-CASE-00710
CASE-00711,Synthetic investigation 0711,financial,open,2024-12-20T00:35:37,Synthetic investigation case for TraceX analytical testing.,SYNTHETIC,,,true,,SCN-FIN-0711,Medium,synthetic-design,AUDIT-cases-CASE-00711
CASE-00712,Synthetic investigation 0712,communication,closed,2024-12-14T13:15:01,Synthetic investigation case for TraceX analytical testing.,SYNTHETIC,,,true,,SCN-COM-0712,Medium,synthetic-design,AUDIT-cases-CASE-00712
CASE-00713,Synthetic investigation 0713,cyber,open,2024-11-29T12:03:49,Synthetic investigation case for TraceX analytical testing.,SYNTHETIC,,,true,,SCN-CYBER-0713,Medium,synthetic-design,AUDIT-cases-CASE-00713
CASE-00714,Synthetic investigation 0714,physical,review,2024-11-28T03:53:37,Synthetic investigation case for TraceX analytical testing.,SYNTHETIC,,,true,,SCN-PHYS-0714,Medium,synthetic-design,AUDIT-cases-CASE-00714
CASE-00715,Synthetic investigation 0715,mixed,closed,2024-08-02T03:47:00,Synthetic investigation case for TraceX analytical testing.,SYNTHETIC,,,true,,SCN-MIXED-0715,Medium,synthetic-design,AUDIT-cases-CASE-00715
CASE-00716,Synthetic investigation 0716,financial,review,2024-02-03T05:47:25,Synthetic investigation case for TraceX analytical testing.,SYNTHETIC,,,true,,SCN-FIN-0716,Medium,synthetic-design,AUDIT-cases-CASE-00716
CASE-00717,Synthetic investigation 0717,communication,review,2025-04-04T08:04:57,Synthetic investigation case for TraceX analytical testing.,SYNTHETIC,,,true,,SCN-COM-0717,Medium,synthetic-design,AUDIT-cases-CASE-00717
CASE-00718,Synthetic investigation 0718,cyber,closed,2025-01-10T12:44:16,Synthetic investigation case for TraceX analytical testing.,SYNTHETIC,,,true,,SCN-CYBER-0718,Medium,synthetic-design,AUDIT-cases-CASE-00718
CASE-00719,Synthetic investigation 0719,physical,review,2024-06-23T15:54:14,Synthetic investigation case for TraceX analytical testing.,SYNTHETIC,,,true,,SCN-PHYS-0719,Medium,synthetic-design,AUDIT-cases-CASE-00719
CASE-00720,Synthetic investigation 0720,mixed,closed,2025-05-06T07:39:52,Synthetic investigation case for TraceX analytical testing.,SYNTHETIC,,,true,,SCN-MIXED-0720,Medium,synthetic-design,AUDIT-cases-CASE-00720
CASE-00721,Synthetic investigation 0721,financial,open,2025-07-08T03:52:44,Synthetic investigation case for TraceX analytical testing.,SYNTHETIC,,,true,,SCN-FIN-0721,Medium,synthetic-design,AUDIT-cases-CASE-00721
CASE-00722,Synthetic investigation 0722,communication,open,2024-05-15T05:10:10,Synthetic investigation case for TraceX analytical testing.,SYNTHETIC,,,true,,SCN-COM-0722,Medium,synthetic-design,AUDIT-cases-CASE-00722
CASE-00723,Synthetic investigation 0723,cyber,closed,2024-08-06T17:24:04,Synthetic investigation case for TraceX analytical testing.,SYNTHETIC,,,true,,SCN-CYBER-0723,Medium,synthetic-design,AUDIT-cases-CASE-00723
CASE-00724,Synthetic investigation 0724,physical,open,2025-04-06T16:53:33,Synthetic investigation case for TraceX analytical testing.,SYNTHETIC,,,true,,SCN-PHYS-0724,Medium,synthetic-design,AUDIT-cases-CASE-00724
CASE-00725,Synthetic investigation 0725,mixed,closed,2025-04-03T14:27:21,Synthetic investigation case for TraceX analytical testing.,SYNTHETIC,,,true,,SCN-MIXED-0725,Medium,synthetic-design,AUDIT-cases-CASE-00725
CASE-00726,Synthetic investigation 0726,financial,review,2024-05-26T14:09:27,Synthetic investigation case for TraceX analytical testing.,SYNTHETIC,,,true,,SCN-FIN-0726,Medium,synthetic-design,AUDIT-cases-CASE-00726
CASE-00727,Synthetic investigation 0727,communication,review,2024-05-04T12:44:08,Synthetic investigation case for TraceX analytical testing.,SYNTHETIC,,,true,,SCN-COM-0727,Medium,synthetic-design,AUDIT-cases-CASE-00727
CASE-00728,Synthetic investigation 0728,cyber,open,2024-03-10T12:34:14,Synthetic investigation case for TraceX analytical testing.,SYNTHETIC,,,true,,SCN-CYBER-0728,Medium,synthetic-design,AUDIT-cases-CASE-00728
CASE-00729,Synthetic investigation 0729,physical,review,2024-01-08T08:23:39,Synthetic investigation case for TraceX analytical testing.,SYNTHETIC,,,true,,SCN-PHYS-0729,Medium,synthetic-design,AUDIT-cases-CASE-00729
CASE-00730,Synthetic investigation 0730,mixed,review,2025-08-06T19:10:36,Synthetic investigation case for TraceX analytical testing.,SYNTHETIC,,,true,,SCN-MIXED-0730,Medium,synthetic-design,AUDIT-cases-CASE-00730
CASE-00731,Synthetic investigation 0731,financial,open,2025-01-08T18:12:47,Synthetic investigation case for TraceX analytical testing.,SYNTHETIC,,,true,,SCN-FIN-0731,Medium,synthetic-design,AUDIT-cases-CASE-00731
CASE-00732,Synthetic investigation 0732,communication,review,2024-08-29T08:00:54,Synthetic investigation case for TraceX analytical testing.,SYNTHETIC,,,true,,SCN-COM-0732,Medium,synthetic-design,AUDIT-cases-CASE-00732
CASE-00733,Synthetic investigation 0733,cyber,open,2025-07-01T04:58:49,Synthetic investigation case for TraceX analytical testing.,SYNTHETIC,,,true,,SCN-CYBER-0733,Medium,synthetic-design,AUDIT-cases-CASE-00733
CASE-00734,Synthetic investigation 0734,physical,open,2024-09-14T05:05:10,Synthetic investigation case for TraceX analytical testing.,SYNTHETIC,,,true,,SCN-PHYS-0734,Medium,synthetic-design,AUDIT-cases-CASE-00734
CASE-00735,Synthetic investigation 0735,mixed,closed,2024-01-12T04:26:48,Synthetic investigation case for TraceX analytical testing.,SYNTHETIC,,,true,,SCN-MIXED-0735,Medium,synthetic-design,AUDIT-cases-CASE-00735
CASE-00736,Synthetic investigation 0736,financial,open,2024-10-29T02:43:04,Synthetic investigation case for TraceX analytical testing.,SYNTHETIC,,,true,,SCN-FIN-0736,Medium,synthetic-design,AUDIT-cases-CASE-00736
CASE-00737,Synthetic investigation 0737,communication,closed,2025-02-17T20:57:38,Synthetic investigation case for TraceX analytical testing.,SYNTHETIC,,,true,,SCN-COM-0737,Medium,synthetic-design,AUDIT-cases-CASE-00737
CASE-00738,Synthetic investigation 0738,cyber,review,2024-06-17T14:10:44,Synthetic investigation case for TraceX analytical testing.,SYNTHETIC,,,true,,SCN-CYBER-0738,Medium,synthetic-design,AUDIT-cases-CASE-00738
CASE-00739,Synthetic investigation 0739,physical,closed,2024-03-29T12:19:26,Synthetic investigation case for TraceX analytical testing.,SYNTHETIC,,,true,,SCN-PHYS-0739,Medium,synthetic-design,AUDIT-cases-CASE-00739
CASE-00740,Synthetic investigation 0740,mixed,open,2025-08-07T05:01:53,Synthetic investigation case for TraceX analytical testing.,SYNTHETIC,,,true,,SCN-MIXED-0740,Medium,synthetic-design,AUDIT-cases-CASE-00740
CASE-00741,Synthetic investigation 0741,financial,open,2024-10-04T15:25:08,Synthetic investigation case for TraceX analytical testing.,SYNTHETIC,,,true,,SCN-FIN-0741,Medium,synthetic-design,AUDIT-cases-CASE-00741
CASE-00742,Synthetic investigation 0742,communication,open,2025-02-02T00:23:02,Synthetic investigation case for TraceX analytical testing.,SYNTHETIC,,,true,,SCN-COM-0742,Medium,synthetic-design,AUDIT-cases-CASE-00742
CASE-00743,Synthetic investigation 0743,cyber,open,2024-05-15T20:28:58,Synthetic investigation case for TraceX analytical testing.,SYNTHETIC,,,true,,SCN-CYBER-0743,Medium,synthetic-design,AUDIT-cases-CASE-00743
CASE-00744,Synthetic investigation 0744,physical,review,2024-03-09T01:38:20,Synthetic investigation case for TraceX analytical testing.,SYNTHETIC,,,true,,SCN-PHYS-0744,Medium,synthetic-design,AUDIT-cases-CASE-00744
CASE-00745,Synthetic investigation 0745,mixed,closed,2025-07-31T02:59:32,Synthetic investigation case for TraceX analytical testing.,SYNTHETIC,,,true,,SCN-MIXED-0745,Medium,synthetic-design,AUDIT-cases-CASE-00745
CASE-00746,Synthetic investigation 0746,financial,closed,2024-04-08T22:57:33,Synthetic investigation case for TraceX analytical testing.,SYNTHETIC,,,true,,SCN-FIN-0746,Medium,synthetic-design,AUDIT-cases-CASE-00746
CASE-00747,Synthetic investigation 0747,communication,review,2024-02-28T02:50:37,Synthetic investigation case for TraceX analytical testing.,SYNTHETIC,,,true,,SCN-COM-0747,Medium,synthetic-design,AUDIT-cases-CASE-00747
CASE-00748,Synthetic investigation 0748,cyber,closed,2025-03-16T07:07:58,Synthetic investigation case for TraceX analytical testing.,SYNTHETIC,,,true,,SCN-CYBER-0748,Medium,synthetic-design,AUDIT-cases-CASE-00748
CASE-00749,Synthetic investigation 0749,physical,open,2025-03-21T10:13:09,Synthetic investigation case for TraceX analytical testing.,SYNTHETIC,,,true,,SCN-PHYS-0749,Medium,synthetic-design,AUDIT-cases-CASE-00749
CASE-00750,Synthetic investigation 0750,mixed,closed,2024-04-05T09:29:55,Synthetic investigation case for TraceX analytical testing.,SYNTHETIC,,,true,,SCN-MIXED-0750,Medium,synthetic-design,AUDIT-cases-CASE-00750
CASE-00751,Synthetic investigation 0751,financial,open,2024-05-22T04:19:00,Synthetic investigation case for TraceX analytical testing.,SYNTHETIC,,,true,,SCN-FIN-0751,Medium,synthetic-design,AUDIT-cases-CASE-00751
CASE-00752,Synthetic investigation 0752,communication,review,2025-04-15T17:20:39,Synthetic investigation case for TraceX analytical testing.,SYNTHETIC,,,true,,SCN-COM-0752,Medium,synthetic-design,AUDIT-cases-CASE-00752
CASE-00753,Synthetic investigation 0753,cyber,closed,2024-05-12T15:15:19,Synthetic investigation case for TraceX analytical testing.,SYNTHETIC,,,true,,SCN-CYBER-0753,Medium,synthetic-design,AUDIT-cases-CASE-00753
CASE-00754,Synthetic investigation 0754,physical,review,2024-10-20T09:13:49,Synthetic investigation case for TraceX analytical testing.,SYNTHETIC,,,true,,SCN-PHYS-0754,Medium,synthetic-design,AUDIT-cases-CASE-00754
CASE-00755,Synthetic investigation 0755,mixed,review,2024-05-17T18:12:32,Synthetic investigation case for TraceX analytical testing.,SYNTHETIC,,,true,,SCN-MIXED-0755,Medium,synthetic-design,AUDIT-cases-CASE-00755
CASE-00756,Synthetic investigation 0756,financial,closed,2024-12-10T13:19:35,Synthetic investigation case for TraceX analytical testing.,SYNTHETIC,,,true,,SCN-FIN-0756,Medium,synthetic-design,AUDIT-cases-CASE-00756
CASE-00757,Synthetic investigation 0757,communication,review,2025-04-15T19:33:48,Synthetic investigation case for TraceX analytical testing.,SYNTHETIC,,,true,,SCN-COM-0757,Medium,synthetic-design,AUDIT-cases-CASE-00757
CASE-00758,Synthetic investigation 0758,cyber,closed,2024-03-03T13:30:00,Synthetic investigation case for TraceX analytical testing.,SYNTHETIC,,,true,,SCN-CYBER-0758,Medium,synthetic-design,AUDIT-cases-CASE-00758
CASE-00759,Synthetic investigation 0759,physical,closed,2024-12-02T06:28:14,Synthetic investigation case for TraceX analytical testing.,SYNTHETIC,,,true,,SCN-PHYS-0759,Medium,synthetic-design,AUDIT-cases-CASE-00759
CASE-00760,Synthetic investigation 0760,mixed,closed,2024-07-23T21:30:46,Synthetic investigation case for TraceX analytical testing.,SYNTHETIC,,,true,,SCN-MIXED-0760,Medium,synthetic-design,AUDIT-cases-CASE-00760
CASE-00761,Synthetic investigation 0761,financial,open,2024-10-11T00:44:44,Synthetic investigation case for TraceX analytical testing.,SYNTHETIC,,,true,,SCN-FIN-0761,Medium,synthetic-design,AUDIT-cases-CASE-00761
CASE-00762,Synthetic investigation 0762,communication,review,2025-04-26T07:48:59,Synthetic investigation case for TraceX analytical testing.,SYNTHETIC,,,true,,SCN-COM-0762,Medium,synthetic-design,AUDIT-cases-CASE-00762
CASE-00763,Synthetic investigation 0763,cyber,closed,2024-03-08T06:01:38,Synthetic investigation case for TraceX analytical testing.,SYNTHETIC,,,true,,SCN-CYBER-0763,Medium,synthetic-design,AUDIT-cases-CASE-00763
CASE-00764,Synthetic investigation 0764,physical,closed,2025-06-22T21:34:07,Synthetic investigation case for TraceX analytical testing.,SYNTHETIC,,,true,,SCN-PHYS-0764,Medium,synthetic-design,AUDIT-cases-CASE-00764
CASE-00765,Synthetic investigation 0765,mixed,closed,2025-01-24T08:11:43,Synthetic investigation case for TraceX analytical testing.,SYNTHETIC,,,true,,SCN-MIXED-0765,Medium,synthetic-design,AUDIT-cases-CASE-00765
CASE-00766,Synthetic investigation 0766,financial,review,2024-03-15T02:09:34,Synthetic investigation case for TraceX analytical testing.,SYNTHETIC,,,true,,SCN-FIN-0766,Medium,synthetic-design,AUDIT-cases-CASE-00766
CASE-00767,Synthetic investigation 0767,communication,review,2024-06-24T08:26:56,Synthetic investigation case for TraceX analytical testing.,SYNTHETIC,,,true,,SCN-COM-0767,Medium,synthetic-design,AUDIT-cases-CASE-00767
CASE-00768,Synthetic investigation 0768,cyber,open,2024-05-01T15:24:31,Synthetic investigation case for TraceX analytical testing.,SYNTHETIC,,,true,,SCN-CYBER-0768,Medium,synthetic-design,AUDIT-cases-CASE-00768
CASE-00769,Synthetic investigation 0769,physical,closed,2025-05-24T21:52:46,Synthetic investigation case for TraceX analytical testing.,SYNTHETIC,,,true,,SCN-PHYS-0769,Medium,synthetic-design,AUDIT-cases-CASE-00769
CASE-00770,Synthetic investigation 0770,mixed,open,2024-04-03T23:41:43,Synthetic investigation case for TraceX analytical testing.,SYNTHETIC,,,true,,SCN-MIXED-0770,Medium,synthetic-design,AUDIT-cases-CASE-00770
CASE-00771,Synthetic investigation 0771,financial,review,2024-11-22T13:16:43,Synthetic investigation case for TraceX analytical testing.,SYNTHETIC,,,true,,SCN-FIN-0771,Medium,synthetic-design,AUDIT-cases-CASE-00771
CASE-00772,Synthetic investigation 0772,communication,review,2024-11-14T00:03:55,Synthetic investigation case for TraceX analytical testing.,SYNTHETIC,,,true,,SCN-COM-0772,Medium,synthetic-design,AUDIT-cases-CASE-00772
CASE-00773,Synthetic investigation 0773,cyber,open,2024-05-02T12:04:00,Synthetic investigation case for TraceX analytical testing.,SYNTHETIC,,,true,,SCN-CYBER-0773,Medium,synthetic-design,AUDIT-cases-CASE-00773
CASE-00774,Synthetic investigation 0774,physical,open,2024-04-19T14:14:35,Synthetic investigation case for TraceX analytical testing.,SYNTHETIC,,,true,,SCN-PHYS-0774,Medium,synthetic-design,AUDIT-cases-CASE-00774
CASE-00775,Synthetic investigation 0775,mixed,open,2024-07-17T01:28:23,Synthetic investigation case for TraceX analytical testing.,SYNTHETIC,,,true,,SCN-MIXED-0775,Medium,synthetic-design,AUDIT-cases-CASE-00775
CASE-00776,Synthetic investigation 0776,financial,open,2024-12-16T08:28:25,Synthetic investigation case for TraceX analytical testing.,SYNTHETIC,,,true,,SCN-FIN-0776,Medium,synthetic-design,AUDIT-cases-CASE-00776
CASE-00777,Synthetic investigation 0777,communication,open,2025-04-26T18:08:52,Synthetic investigation case for TraceX analytical testing.,SYNTHETIC,,,true,,SCN-COM-0777,Medium,synthetic-design,AUDIT-cases-CASE-00777
CASE-00778,Synthetic investigation 0778,cyber,closed,2025-02-27T04:10:53,Synthetic investigation case for TraceX analytical testing.,SYNTHETIC,,,true,,SCN-CYBER-0778,Medium,synthetic-design,AUDIT-cases-CASE-00778
CASE-00779,Synthetic investigation 0779,physical,closed,2024-08-25T03:35:24,Synthetic investigation case for TraceX analytical testing.,SYNTHETIC,,,true,,SCN-PHYS-0779,Medium,synthetic-design,AUDIT-cases-CASE-00779
CASE-00780,Synthetic investigation 0780,mixed,open,2025-06-09T03:33:23,Synthetic investigation case for TraceX analytical testing.,SYNTHETIC,,,true,,SCN-MIXED-0780,Medium,synthetic-design,AUDIT-cases-CASE-00780
CASE-00781,Synthetic investigation 0781,financial,closed,2024-03-01T13:45:43,Synthetic investigation case for TraceX analytical testing.,SYNTHETIC,,,true,,SCN-FIN-0781,Medium,synthetic-design,AUDIT-cases-CASE-00781
CASE-00782,Synthetic investigation 0782,communication,review,2024-12-02T19:19:46,Synthetic investigation case for TraceX analytical testing.,SYNTHETIC,,,true,,SCN-COM-0782,Medium,synthetic-design,AUDIT-cases-CASE-00782
CASE-00783,Synthetic investigation 0783,cyber,closed,2024-11-11T00:56:33,Synthetic investigation case for TraceX analytical testing.,SYNTHETIC,,,true,,SCN-CYBER-0783,Medium,synthetic-design,AUDIT-cases-CASE-00783
CASE-00784,Synthetic investigation 0784,physical,open,2024-07-03T12:25:29,Synthetic investigation case for TraceX analytical testing.,SYNTHETIC,,,true,,SCN-PHYS-0784,Medium,synthetic-design,AUDIT-cases-CASE-00784
CASE-00785,Synthetic investigation 0785,mixed,open,2025-01-19T20:26:02,Synthetic investigation case for TraceX analytical testing.,SYNTHETIC,,,true,,SCN-MIXED-0785,Medium,synthetic-design,AUDIT-cases-CASE-00785
CASE-00786,Synthetic investigation 0786,financial,closed,2024-07-13T17:20:02,Synthetic investigation case for TraceX analytical testing.,SYNTHETIC,,,true,,SCN-FIN-0786,Medium,synthetic-design,AUDIT-cases-CASE-00786
CASE-00787,Synthetic investigation 0787,communication,review,2025-05-26T02:09:32,Synthetic investigation case for TraceX analytical testing.,SYNTHETIC,,,true,,SCN-COM-0787,Medium,synthetic-design,AUDIT-cases-CASE-00787
CASE-00788,Synthetic investigation 0788,cyber,open,2024-12-31T09:11:48,Synthetic investigation case for TraceX analytical testing.,SYNTHETIC,,,true,,SCN-CYBER-0788,Medium,synthetic-design,AUDIT-cases-CASE-00788
CASE-00789,Synthetic investigation 0789,physical,closed,2025-03-24T18:00:10,Synthetic investigation case for TraceX analytical testing.,SYNTHETIC,,,true,,SCN-PHYS-0789,Medium,synthetic-design,AUDIT-cases-CASE-00789
CASE-00790,Synthetic investigation 0790,mixed,open,2024-01-04T21:10:54,Synthetic investigation case for TraceX analytical testing.,SYNTHETIC,,,true,,SCN-MIXED-0790,Medium,synthetic-design,AUDIT-cases-CASE-00790
CASE-00791,Synthetic investigation 0791,financial,review,2025-06-03T00:53:10,Synthetic investigation case for TraceX analytical testing.,SYNTHETIC,,,true,,SCN-FIN-0791,Medium,synthetic-design,AUDIT-cases-CASE-00791
CASE-00792,Synthetic investigation 0792,communication,open,2025-01-04T23:09:26,Synthetic investigation case for TraceX analytical testing.,SYNTHETIC,,,true,,SCN-COM-0792,Medium,synthetic-design,AUDIT-cases-CASE-00792
CASE-00793,Synthetic investigation 0793,cyber,closed,2025-05-03T11:26:05,Synthetic investigation case for TraceX analytical testing.,SYNTHETIC,,,true,,SCN-CYBER-0793,Medium,synthetic-design,AUDIT-cases-CASE-00793
CASE-00794,Synthetic investigation 0794,physical,closed,2024-09-16T15:31:47,Synthetic investigation case for TraceX analytical testing.,SYNTHETIC,,,true,,SCN-PHYS-0794,Medium,synthetic-design,AUDIT-cases-CASE-00794
CASE-00795,Synthetic investigation 0795,mixed,review,2024-11-03T03:22:56,Synthetic investigation case for TraceX analytical testing.,SYNTHETIC,,,true,,SCN-MIXED-0795,Medium,synthetic-design,AUDIT-cases-CASE-00795
CASE-00796,Synthetic investigation 0796,financial,closed,2025-03-19T21:43:18,Synthetic investigation case for TraceX analytical testing.,SYNTHETIC,,,true,,SCN-FIN-0796,Medium,synthetic-design,AUDIT-cases-CASE-00796
CASE-00797,Synthetic investigation 0797,communication,open,2025-06-28T05:23:14,Synthetic investigation case for TraceX analytical testing.,SYNTHETIC,,,true,,SCN-COM-0797,Medium,synthetic-design,AUDIT-cases-CASE-00797
CASE-00798,Synthetic investigation 0798,cyber,closed,2024-04-22T07:10:40,Synthetic investigation case for TraceX analytical testing.,SYNTHETIC,,,true,,SCN-CYBER-0798,Medium,synthetic-design,AUDIT-cases-CASE-00798
CASE-00799,Synthetic investigation 0799,physical,review,2025-02-07T21:47:48,Synthetic investigation case for TraceX analytical testing.,SYNTHETIC,,,true,,SCN-PHYS-0799,Medium,synthetic-design,AUDIT-cases-CASE-00799
CASE-00800,Synthetic investigation 0800,mixed,review,2024-09-29T02:25:35,Synthetic investigation case for TraceX analytical testing.,SYNTHETIC,,,true,,SCN-MIXED-0800,Medium,synthetic-design,AUDIT-cases-CASE-00800
CASE-00801,Synthetic investigation 0801,financial,review,2025-06-15T21:35:34,Synthetic investigation case for TraceX analytical testing.,SYNTHETIC,,,true,,SCN-FIN-0801,Medium,synthetic-design,AUDIT-cases-CASE-00801
CASE-00802,Synthetic investigation 0802,communication,closed,2024-03-28T10:12:41,Synthetic investigation case for TraceX analytical testing.,SYNTHETIC,,,true,,SCN-COM-0802,Medium,synthetic-design,AUDIT-cases-CASE-00802
CASE-00803,Synthetic investigation 0803,cyber,open,2025-06-26T14:46:04,Synthetic investigation case for TraceX analytical testing.,SYNTHETIC,,,true,,SCN-CYBER-0803,Medium,synthetic-design,AUDIT-cases-CASE-00803
CASE-00804,Synthetic investigation 0804,physical,closed,2025-05-15T15:25:35,Synthetic investigation case for TraceX analytical testing.,SYNTHETIC,,,true,,SCN-PHYS-0804,Medium,synthetic-design,AUDIT-cases-CASE-00804
CASE-00805,Synthetic investigation 0805,mixed,closed,2024-06-13T00:25:42,Synthetic investigation case for TraceX analytical testing.,SYNTHETIC,,,true,,SCN-MIXED-0805,Medium,synthetic-design,AUDIT-cases-CASE-00805
CASE-00806,Synthetic investigation 0806,financial,open,2024-05-15T15:14:27,Synthetic investigation case for TraceX analytical testing.,SYNTHETIC,,,true,,SCN-FIN-0806,Medium,synthetic-design,AUDIT-cases-CASE-00806
CASE-00807,Synthetic investigation 0807,communication,closed,2024-12-10T07:15:20,Synthetic investigation case for TraceX analytical testing.,SYNTHETIC,,,true,,SCN-COM-0807,Medium,synthetic-design,AUDIT-cases-CASE-00807
CASE-00808,Synthetic investigation 0808,cyber,review,2025-02-12T21:49:52,Synthetic investigation case for TraceX analytical testing.,SYNTHETIC,,,true,,SCN-CYBER-0808,Medium,synthetic-design,AUDIT-cases-CASE-00808
CASE-00809,Synthetic investigation 0809,physical,review,2024-01-02T18:04:20,Synthetic investigation case for TraceX analytical testing.,SYNTHETIC,,,true,,SCN-PHYS-0809,Medium,synthetic-design,AUDIT-cases-CASE-00809
CASE-00810,Synthetic investigation 0810,mixed,open,2025-04-25T17:10:46,Synthetic investigation case for TraceX analytical testing.,SYNTHETIC,,,true,,SCN-MIXED-0810,Medium,synthetic-design,AUDIT-cases-CASE-00810
CASE-00811,Synthetic investigation 0811,financial,closed,2025-03-08T23:14:44,Synthetic investigation case for TraceX analytical testing.,SYNTHETIC,,,true,,SCN-FIN-0811,Medium,synthetic-design,AUDIT-cases-CASE-00811
CASE-00812,Synthetic investigation 0812,communication,closed,2024-02-12T08:57:05,Synthetic investigation case for TraceX analytical testing.,SYNTHETIC,,,true,,SCN-COM-0812,Medium,synthetic-design,AUDIT-cases-CASE-00812
CASE-00813,Synthetic investigation 0813,cyber,review,2024-09-01T03:48:37,Synthetic investigation case for TraceX analytical testing.,SYNTHETIC,,,true,,SCN-CYBER-0813,Medium,synthetic-design,AUDIT-cases-CASE-00813
CASE-00814,Synthetic investigation 0814,physical,closed,2025-05-23T02:27:01,Synthetic investigation case for TraceX analytical testing.,SYNTHETIC,,,true,,SCN-PHYS-0814,Medium,synthetic-design,AUDIT-cases-CASE-00814
CASE-00815,Synthetic investigation 0815,mixed,open,2024-12-31T03:11:04,Synthetic investigation case for TraceX analytical testing.,SYNTHETIC,,,true,,SCN-MIXED-0815,Medium,synthetic-design,AUDIT-cases-CASE-00815
CASE-00816,Synthetic investigation 0816,financial,open,2025-07-04T17:18:24,Synthetic investigation case for TraceX analytical testing.,SYNTHETIC,,,true,,SCN-FIN-0816,Medium,synthetic-design,AUDIT-cases-CASE-00816
CASE-00817,Synthetic investigation 0817,communication,open,2024-10-13T13:29:12,Synthetic investigation case for TraceX analytical testing.,SYNTHETIC,,,true,,SCN-COM-0817,Medium,synthetic-design,AUDIT-cases-CASE-00817
CASE-00818,Synthetic investigation 0818,cyber,review,2024-01-27T04:32:24,Synthetic investigation case for TraceX analytical testing.,SYNTHETIC,,,true,,SCN-CYBER-0818,Medium,synthetic-design,AUDIT-cases-CASE-00818
CASE-00819,Synthetic investigation 0819,physical,open,2025-07-19T03:53:46,Synthetic investigation case for TraceX analytical testing.,SYNTHETIC,,,true,,SCN-PHYS-0819,Medium,synthetic-design,AUDIT-cases-CASE-00819
CASE-00820,Synthetic investigation 0820,mixed,closed,2025-04-16T03:05:10,Synthetic investigation case for TraceX analytical testing.,SYNTHETIC,,,true,,SCN-MIXED-0820,Medium,synthetic-design,AUDIT-cases-CASE-00820
CASE-00821,Synthetic investigation 0821,financial,closed,2025-02-08T17:07:03,Synthetic investigation case for TraceX analytical testing.,SYNTHETIC,,,true,,SCN-FIN-0821,Medium,synthetic-design,AUDIT-cases-CASE-00821
CASE-00822,Synthetic investigation 0822,communication,closed,2024-01-31T14:41:33,Synthetic investigation case for TraceX analytical testing.,SYNTHETIC,,,true,,SCN-COM-0822,Medium,synthetic-design,AUDIT-cases-CASE-00822
CASE-00823,Synthetic investigation 0823,cyber,closed,2024-09-20T23:50:11,Synthetic investigation case for TraceX analytical testing.,SYNTHETIC,,,true,,SCN-CYBER-0823,Medium,synthetic-design,AUDIT-cases-CASE-00823
CASE-00824,Synthetic investigation 0824,physical,review,2025-06-01T08:49:34,Synthetic investigation case for TraceX analytical testing.,SYNTHETIC,,,true,,SCN-PHYS-0824,Medium,synthetic-design,AUDIT-cases-CASE-00824
CASE-00825,Synthetic investigation 0825,mixed,closed,2025-08-04T14:43:17,Synthetic investigation case for TraceX analytical testing.,SYNTHETIC,,,true,,SCN-MIXED-0825,Medium,synthetic-design,AUDIT-cases-CASE-00825
CASE-00826,Synthetic investigation 0826,financial,review,2024-12-12T19:48:10,Synthetic investigation case for TraceX analytical testing.,SYNTHETIC,,,true,,SCN-FIN-0826,Medium,synthetic-design,AUDIT-cases-CASE-00826
CASE-00827,Synthetic investigation 0827,communication,open,2024-11-07T17:12:14,Synthetic investigation case for TraceX analytical testing.,SYNTHETIC,,,true,,SCN-COM-0827,Medium,synthetic-design,AUDIT-cases-CASE-00827
CASE-00828,Synthetic investigation 0828,cyber,open,2024-11-08T12:03:02,Synthetic investigation case for TraceX analytical testing.,SYNTHETIC,,,true,,SCN-CYBER-0828,Medium,synthetic-design,AUDIT-cases-CASE-00828
CASE-00829,Synthetic investigation 0829,physical,review,2024-04-11T01:13:46,Synthetic investigation case for TraceX analytical testing.,SYNTHETIC,,,true,,SCN-PHYS-0829,Medium,synthetic-design,AUDIT-cases-CASE-00829
CASE-00830,Synthetic investigation 0830,mixed,closed,2024-09-08T04:12:54,Synthetic investigation case for TraceX analytical testing.,SYNTHETIC,,,true,,SCN-MIXED-0830,Medium,synthetic-design,AUDIT-cases-CASE-00830
CASE-00831,Synthetic investigation 0831,financial,review,2024-01-17T23:13:43,Synthetic investigation case for TraceX analytical testing.,SYNTHETIC,,,true,,SCN-FIN-0831,Medium,synthetic-design,AUDIT-cases-CASE-00831
CASE-00832,Synthetic investigation 0832,communication,closed,2025-07-08T00:27:39,Synthetic investigation case for TraceX analytical testing.,SYNTHETIC,,,true,,SCN-COM-0832,Medium,synthetic-design,AUDIT-cases-CASE-00832
CASE-00833,Synthetic investigation 0833,cyber,open,2024-06-17T05:13:18,Synthetic investigation case for TraceX analytical testing.,SYNTHETIC,,,true,,SCN-CYBER-0833,Medium,synthetic-design,AUDIT-cases-CASE-00833
CASE-00834,Synthetic investigation 0834,physical,open,2025-04-02T07:19:21,Synthetic investigation case for TraceX analytical testing.,SYNTHETIC,,,true,,SCN-PHYS-0834,Medium,synthetic-design,AUDIT-cases-CASE-00834
CASE-00835,Synthetic investigation 0835,mixed,open,2024-07-24T03:53:42,Synthetic investigation case for TraceX analytical testing.,SYNTHETIC,,,true,,SCN-MIXED-0835,Medium,synthetic-design,AUDIT-cases-CASE-00835
CASE-00836,Synthetic investigation 0836,financial,closed,2024-06-10T15:30:58,Synthetic investigation case for TraceX analytical testing.,SYNTHETIC,,,true,,SCN-FIN-0836,Medium,synthetic-design,AUDIT-cases-CASE-00836
CASE-00837,Synthetic investigation 0837,communication,open,2025-03-28T00:10:55,Synthetic investigation case for TraceX analytical testing.,SYNTHETIC,,,true,,SCN-COM-0837,Medium,synthetic-design,AUDIT-cases-CASE-00837
CASE-00838,Synthetic investigation 0838,cyber,closed,2024-01-30T06:29:48,Synthetic investigation case for TraceX analytical testing.,SYNTHETIC,,,true,,SCN-CYBER-0838,Medium,synthetic-design,AUDIT-cases-CASE-00838
CASE-00839,Synthetic investigation 0839,physical,review,2024-02-27T18:55:04,Synthetic investigation case for TraceX analytical testing.,SYNTHETIC,,,true,,SCN-PHYS-0839,Medium,synthetic-design,AUDIT-cases-CASE-00839
CASE-00840,Synthetic investigation 0840,mixed,open,2024-05-31T21:29:09,Synthetic investigation case for TraceX analytical testing.,SYNTHETIC,,,true,,SCN-MIXED-0840,Medium,synthetic-design,AUDIT-cases-CASE-00840
CASE-00841,Synthetic investigation 0841,financial,review,2025-04-30T17:54:42,Synthetic investigation case for TraceX analytical testing.,SYNTHETIC,,,true,,SCN-FIN-0841,Medium,synthetic-design,AUDIT-cases-CASE-00841
CASE-00842,Synthetic investigation 0842,communication,review,2025-06-21T00:20:14,Synthetic investigation case for TraceX analytical testing.,SYNTHETIC,,,true,,SCN-COM-0842,Medium,synthetic-design,AUDIT-cases-CASE-00842
CASE-00843,Synthetic investigation 0843,cyber,open,2025-02-14T07:16:59,Synthetic investigation case for TraceX analytical testing.,SYNTHETIC,,,true,,SCN-CYBER-0843,Medium,synthetic-design,AUDIT-cases-CASE-00843
CASE-00844,Synthetic investigation 0844,physical,closed,2025-01-03T12:15:45,Synthetic investigation case for TraceX analytical testing.,SYNTHETIC,,,true,,SCN-PHYS-0844,Medium,synthetic-design,AUDIT-cases-CASE-00844
CASE-00845,Synthetic investigation 0845,mixed,closed,2024-03-06T18:45:26,Synthetic investigation case for TraceX analytical testing.,SYNTHETIC,,,true,,SCN-MIXED-0845,Medium,synthetic-design,AUDIT-cases-CASE-00845
CASE-00846,Synthetic investigation 0846,financial,open,2025-04-16T02:01:18,Synthetic investigation case for TraceX analytical testing.,SYNTHETIC,,,true,,SCN-FIN-0846,Medium,synthetic-design,AUDIT-cases-CASE-00846
CASE-00847,Synthetic investigation 0847,communication,closed,2024-11-16T14:31:45,Synthetic investigation case for TraceX analytical testing.,SYNTHETIC,,,true,,SCN-COM-0847,Medium,synthetic-design,AUDIT-cases-CASE-00847
CASE-00848,Synthetic investigation 0848,cyber,closed,2025-06-17T05:53:42,Synthetic investigation case for TraceX analytical testing.,SYNTHETIC,,,true,,SCN-CYBER-0848,Medium,synthetic-design,AUDIT-cases-CASE-00848
CASE-00849,Synthetic investigation 0849,physical,review,2024-05-21T08:36:53,Synthetic investigation case for TraceX analytical testing.,SYNTHETIC,,,true,,SCN-PHYS-0849,Medium,synthetic-design,AUDIT-cases-CASE-00849
CASE-00850,Synthetic investigation 0850,mixed,closed,2024-11-25T08:56:26,Synthetic investigation case for TraceX analytical testing.,SYNTHETIC,,,true,,SCN-MIXED-0850,Medium,synthetic-design,AUDIT-cases-CASE-00850
CASE-00851,Synthetic investigation 0851,financial,open,2024-05-29T06:06:13,Synthetic investigation case for TraceX analytical testing.,SYNTHETIC,,,true,,SCN-FIN-0851,Medium,synthetic-design,AUDIT-cases-CASE-00851
CASE-00852,Synthetic investigation 0852,communication,open,2024-04-21T06:04:34,Synthetic investigation case for TraceX analytical testing.,SYNTHETIC,,,true,,SCN-COM-0852,Medium,synthetic-design,AUDIT-cases-CASE-00852
CASE-00853,Synthetic investigation 0853,cyber,closed,2025-01-08T13:48:13,Synthetic investigation case for TraceX analytical testing.,SYNTHETIC,,,true,,SCN-CYBER-0853,Medium,synthetic-design,AUDIT-cases-CASE-00853
CASE-00854,Synthetic investigation 0854,physical,open,2025-06-25T21:27:16,Synthetic investigation case for TraceX analytical testing.,SYNTHETIC,,,true,,SCN-PHYS-0854,Medium,synthetic-design,AUDIT-cases-CASE-00854
CASE-00855,Synthetic investigation 0855,mixed,closed,2024-09-18T05:00:25,Synthetic investigation case for TraceX analytical testing.,SYNTHETIC,,,true,,SCN-MIXED-0855,Medium,synthetic-design,AUDIT-cases-CASE-00855
CASE-00856,Synthetic investigation 0856,financial,review,2025-01-06T09:32:17,Synthetic investigation case for TraceX analytical testing.,SYNTHETIC,,,true,,SCN-FIN-0856,Medium,synthetic-design,AUDIT-cases-CASE-00856
CASE-00857,Synthetic investigation 0857,communication,open,2024-06-08T09:14:27,Synthetic investigation case for TraceX analytical testing.,SYNTHETIC,,,true,,SCN-COM-0857,Medium,synthetic-design,AUDIT-cases-CASE-00857
CASE-00858,Synthetic investigation 0858,cyber,open,2024-12-03T07:02:02,Synthetic investigation case for TraceX analytical testing.,SYNTHETIC,,,true,,SCN-CYBER-0858,Medium,synthetic-design,AUDIT-cases-CASE-00858
CASE-00859,Synthetic investigation 0859,physical,open,2024-11-04T12:55:04,Synthetic investigation case for TraceX analytical testing.,SYNTHETIC,,,true,,SCN-PHYS-0859,Medium,synthetic-design,AUDIT-cases-CASE-00859
CASE-00860,Synthetic investigation 0860,mixed,review,2024-01-01T20:17:51,Synthetic investigation case for TraceX analytical testing.,SYNTHETIC,,,true,,SCN-MIXED-0860,Medium,synthetic-design,AUDIT-cases-CASE-00860
CASE-00861,Synthetic investigation 0861,financial,open,2024-02-21T02:33:25,Synthetic investigation case for TraceX analytical testing.,SYNTHETIC,,,true,,SCN-FIN-0861,Medium,synthetic-design,AUDIT-cases-CASE-00861
CASE-00862,Synthetic investigation 0862,communication,open,2024-08-11T15:41:24,Synthetic investigation case for TraceX analytical testing.,SYNTHETIC,,,true,,SCN-COM-0862,Medium,synthetic-design,AUDIT-cases-CASE-00862
CASE-00863,Synthetic investigation 0863,cyber,closed,2025-06-28T18:28:11,Synthetic investigation case for TraceX analytical testing.,SYNTHETIC,,,true,,SCN-CYBER-0863,Medium,synthetic-design,AUDIT-cases-CASE-00863
CASE-00864,Synthetic investigation 0864,physical,review,2024-10-24T11:06:46,Synthetic investigation case for TraceX analytical testing.,SYNTHETIC,,,true,,SCN-PHYS-0864,Medium,synthetic-design,AUDIT-cases-CASE-00864
CASE-00865,Synthetic investigation 0865,mixed,review,2024-06-22T08:47:24,Synthetic investigation case for TraceX analytical testing.,SYNTHETIC,,,true,,SCN-MIXED-0865,Medium,synthetic-design,AUDIT-cases-CASE-00865
CASE-00866,Synthetic investigation 0866,financial,open,2025-01-17T07:24:49,Synthetic investigation case for TraceX analytical testing.,SYNTHETIC,,,true,,SCN-FIN-0866,Medium,synthetic-design,AUDIT-cases-CASE-00866
CASE-00867,Synthetic investigation 0867,communication,review,2024-05-10T22:56:26,Synthetic investigation case for TraceX analytical testing.,SYNTHETIC,,,true,,SCN-COM-0867,Medium,synthetic-design,AUDIT-cases-CASE-00867
CASE-00868,Synthetic investigation 0868,cyber,review,2024-01-09T20:19:44,Synthetic investigation case for TraceX analytical testing.,SYNTHETIC,,,true,,SCN-CYBER-0868,Medium,synthetic-design,AUDIT-cases-CASE-00868
CASE-00869,Synthetic investigation 0869,physical,review,2024-07-23T18:44:36,Synthetic investigation case for TraceX analytical testing.,SYNTHETIC,,,true,,SCN-PHYS-0869,Medium,synthetic-design,AUDIT-cases-CASE-00869
CASE-00870,Synthetic investigation 0870,mixed,open,2024-01-24T17:59:24,Synthetic investigation case for TraceX analytical testing.,SYNTHETIC,,,true,,SCN-MIXED-0870,Medium,synthetic-design,AUDIT-cases-CASE-00870
CASE-00871,Synthetic investigation 0871,financial,open,2024-12-01T18:46:18,Synthetic investigation case for TraceX analytical testing.,SYNTHETIC,,,true,,SCN-FIN-0871,Medium,synthetic-design,AUDIT-cases-CASE-00871
CASE-00872,Synthetic investigation 0872,communication,open,2025-01-05T00:16:08,Synthetic investigation case for TraceX analytical testing.,SYNTHETIC,,,true,,SCN-COM-0872,Medium,synthetic-design,AUDIT-cases-CASE-00872
CASE-00873,Synthetic investigation 0873,cyber,review,2025-05-28T17:03:22,Synthetic investigation case for TraceX analytical testing.,SYNTHETIC,,,true,,SCN-CYBER-0873,Medium,synthetic-design,AUDIT-cases-CASE-00873
CASE-00874,Synthetic investigation 0874,physical,open,2025-02-03T04:21:06,Synthetic investigation case for TraceX analytical testing.,SYNTHETIC,,,true,,SCN-PHYS-0874,Medium,synthetic-design,AUDIT-cases-CASE-00874
CASE-00875,Synthetic investigation 0875,mixed,closed,2024-02-19T00:42:05,Synthetic investigation case for TraceX analytical testing.,SYNTHETIC,,,true,,SCN-MIXED-0875,Medium,synthetic-design,AUDIT-cases-CASE-00875
CASE-00876,Synthetic investigation 0876,financial,closed,2024-07-01T06:00:10,Synthetic investigation case for TraceX analytical testing.,SYNTHETIC,,,true,,SCN-FIN-0876,Medium,synthetic-design,AUDIT-cases-CASE-00876
CASE-00877,Synthetic investigation 0877,communication,closed,2025-04-22T10:16:57,Synthetic investigation case for TraceX analytical testing.,SYNTHETIC,,,true,,SCN-COM-0877,Medium,synthetic-design,AUDIT-cases-CASE-00877
CASE-00878,Synthetic investigation 0878,cyber,review,2024-11-30T13:29:53,Synthetic investigation case for TraceX analytical testing.,SYNTHETIC,,,true,,SCN-CYBER-0878,Medium,synthetic-design,AUDIT-cases-CASE-00878
CASE-00879,Synthetic investigation 0879,physical,closed,2024-06-24T05:20:40,Synthetic investigation case for TraceX analytical testing.,SYNTHETIC,,,true,,SCN-PHYS-0879,Medium,synthetic-design,AUDIT-cases-CASE-00879
CASE-00880,Synthetic investigation 0880,mixed,closed,2024-01-01T09:05:24,Synthetic investigation case for TraceX analytical testing.,SYNTHETIC,,,true,,SCN-MIXED-0880,Medium,synthetic-design,AUDIT-cases-CASE-00880
CASE-00881,Synthetic investigation 0881,financial,closed,2025-06-13T06:17:27,Synthetic investigation case for TraceX analytical testing.,SYNTHETIC,,,true,,SCN-FIN-0881,Medium,synthetic-design,AUDIT-cases-CASE-00881
CASE-00882,Synthetic investigation 0882,communication,closed,2024-06-15T03:15:34,Synthetic investigation case for TraceX analytical testing.,SYNTHETIC,,,true,,SCN-COM-0882,Medium,synthetic-design,AUDIT-cases-CASE-00882
CASE-00883,Synthetic investigation 0883,cyber,closed,2024-08-22T09:35:51,Synthetic investigation case for TraceX analytical testing.,SYNTHETIC,,,true,,SCN-CYBER-0883,Medium,synthetic-design,AUDIT-cases-CASE-00883
CASE-00884,Synthetic investigation 0884,physical,closed,2024-12-28T23:47:49,Synthetic investigation case for TraceX analytical testing.,SYNTHETIC,,,true,,SCN-PHYS-0884,Medium,synthetic-design,AUDIT-cases-CASE-00884
CASE-00885,Synthetic investigation 0885,mixed,closed,2024-06-28T02:46:58,Synthetic investigation case for TraceX analytical testing.,SYNTHETIC,,,true,,SCN-MIXED-0885,Medium,synthetic-design,AUDIT-cases-CASE-00885
CASE-00886,Synthetic investigation 0886,financial,open,2024-12-10T23:32:31,Synthetic investigation case for TraceX analytical testing.,SYNTHETIC,,,true,,SCN-FIN-0886,Medium,synthetic-design,AUDIT-cases-CASE-00886
CASE-00887,Synthetic investigation 0887,communication,open,2024-09-14T23:21:20,Synthetic investigation case for TraceX analytical testing.,SYNTHETIC,,,true,,SCN-COM-0887,Medium,synthetic-design,AUDIT-cases-CASE-00887
CASE-00888,Synthetic investigation 0888,cyber,review,2024-03-01T08:45:29,Synthetic investigation case for TraceX analytical testing.,SYNTHETIC,,,true,,SCN-CYBER-0888,Medium,synthetic-design,AUDIT-cases-CASE-00888
CASE-00889,Synthetic investigation 0889,physical,review,2025-06-12T17:41:01,Synthetic investigation case for TraceX analytical testing.,SYNTHETIC,,,true,,SCN-PHYS-0889,Medium,synthetic-design,AUDIT-cases-CASE-00889
CASE-00890,Synthetic investigation 0890,mixed,closed,2024-10-26T08:59:35,Synthetic investigation case for TraceX analytical testing.,SYNTHETIC,,,true,,SCN-MIXED-0890,Medium,synthetic-design,AUDIT-cases-CASE-00890
CASE-00891,Synthetic investigation 0891,financial,review,2024-04-15T03:34:28,Synthetic investigation case for TraceX analytical testing.,SYNTHETIC,,,true,,SCN-FIN-0891,Medium,synthetic-design,AUDIT-cases-CASE-00891
CASE-00892,Synthetic investigation 0892,communication,open,2024-04-04T15:14:02,Synthetic investigation case for TraceX analytical testing.,SYNTHETIC,,,true,,SCN-COM-0892,Medium,synthetic-design,AUDIT-cases-CASE-00892
CASE-00893,Synthetic investigation 0893,cyber,open,2025-03-04T22:03:57,Synthetic investigation case for TraceX analytical testing.,SYNTHETIC,,,true,,SCN-CYBER-0893,Medium,synthetic-design,AUDIT-cases-CASE-00893
CASE-00894,Synthetic investigation 0894,physical,open,2025-08-07T02:06:22,Synthetic investigation case for TraceX analytical testing.,SYNTHETIC,,,true,,SCN-PHYS-0894,Medium,synthetic-design,AUDIT-cases-CASE-00894
CASE-00895,Synthetic investigation 0895,mixed,open,2025-05-14T04:09:35,Synthetic investigation case for TraceX analytical testing.,SYNTHETIC,,,true,,SCN-MIXED-0895,Medium,synthetic-design,AUDIT-cases-CASE-00895
CASE-00896,Synthetic investigation 0896,financial,open,2024-01-18T22:50:23,Synthetic investigation case for TraceX analytical testing.,SYNTHETIC,,,true,,SCN-FIN-0896,Medium,synthetic-design,AUDIT-cases-CASE-00896
CASE-00897,Synthetic investigation 0897,communication,open,2025-04-23T21:33:41,Synthetic investigation case for TraceX analytical testing.,SYNTHETIC,,,true,,SCN-COM-0897,Medium,synthetic-design,AUDIT-cases-CASE-00897
CASE-00898,Synthetic investigation 0898,cyber,review,2024-06-07T09:34:29,Synthetic investigation case for TraceX analytical testing.,SYNTHETIC,,,true,,SCN-CYBER-0898,Medium,synthetic-design,AUDIT-cases-CASE-00898
CASE-00899,Synthetic investigation 0899,physical,open,2024-10-19T00:51:32,Synthetic investigation case for TraceX analytical testing.,SYNTHETIC,,,true,,SCN-PHYS-0899,Medium,synthetic-design,AUDIT-cases-CASE-00899
CASE-00900,Synthetic investigation 0900,mixed,review,2024-03-26T11:14:04,Synthetic investigation case for TraceX analytical testing.,SYNTHETIC,,,true,,SCN-MIXED-0900,Medium,synthetic-design,AUDIT-cases-CASE-00900
CASE-00901,Synthetic investigation 0901,financial,open,2025-05-06T07:38:41,Synthetic investigation case for TraceX analytical testing.,SYNTHETIC,,,true,,SCN-FIN-0901,Medium,synthetic-design,AUDIT-cases-CASE-00901
CASE-00902,Synthetic investigation 0902,communication,open,2024-03-26T12:04:18,Synthetic investigation case for TraceX analytical testing.,SYNTHETIC,,,true,,SCN-COM-0902,Medium,synthetic-design,AUDIT-cases-CASE-00902
CASE-00903,Synthetic investigation 0903,cyber,review,2024-03-02T04:09:52,Synthetic investigation case for TraceX analytical testing.,SYNTHETIC,,,true,,SCN-CYBER-0903,Medium,synthetic-design,AUDIT-cases-CASE-00903
CASE-00904,Synthetic investigation 0904,physical,open,2024-08-05T10:03:42,Synthetic investigation case for TraceX analytical testing.,SYNTHETIC,,,true,,SCN-PHYS-0904,Medium,synthetic-design,AUDIT-cases-CASE-00904
CASE-00905,Synthetic investigation 0905,mixed,closed,2024-12-23T02:17:56,Synthetic investigation case for TraceX analytical testing.,SYNTHETIC,,,true,,SCN-MIXED-0905,Medium,synthetic-design,AUDIT-cases-CASE-00905
CASE-00906,Synthetic investigation 0906,financial,review,2025-01-20T20:03:22,Synthetic investigation case for TraceX analytical testing.,SYNTHETIC,,,true,,SCN-FIN-0906,Medium,synthetic-design,AUDIT-cases-CASE-00906
CASE-00907,Synthetic investigation 0907,communication,closed,2025-03-19T04:33:14,Synthetic investigation case for TraceX analytical testing.,SYNTHETIC,,,true,,SCN-COM-0907,Medium,synthetic-design,AUDIT-cases-CASE-00907
CASE-00908,Synthetic investigation 0908,cyber,open,2024-02-21T07:44:27,Synthetic investigation case for TraceX analytical testing.,SYNTHETIC,,,true,,SCN-CYBER-0908,Medium,synthetic-design,AUDIT-cases-CASE-00908
CASE-00909,Synthetic investigation 0909,physical,closed,2025-05-25T00:15:05,Synthetic investigation case for TraceX analytical testing.,SYNTHETIC,,,true,,SCN-PHYS-0909,Medium,synthetic-design,AUDIT-cases-CASE-00909
CASE-00910,Synthetic investigation 0910,mixed,open,2024-09-10T16:12:21,Synthetic investigation case for TraceX analytical testing.,SYNTHETIC,,,true,,SCN-MIXED-0910,Medium,synthetic-design,AUDIT-cases-CASE-00910
CASE-00911,Synthetic investigation 0911,financial,open,2025-03-27T21:28:53,Synthetic investigation case for TraceX analytical testing.,SYNTHETIC,,,true,,SCN-FIN-0911,Medium,synthetic-design,AUDIT-cases-CASE-00911
CASE-00912,Synthetic investigation 0912,communication,review,2025-04-26T15:09:23,Synthetic investigation case for TraceX analytical testing.,SYNTHETIC,,,true,,SCN-COM-0912,Medium,synthetic-design,AUDIT-cases-CASE-00912
CASE-00913,Synthetic investigation 0913,cyber,open,2025-06-20T17:42:08,Synthetic investigation case for TraceX analytical testing.,SYNTHETIC,,,true,,SCN-CYBER-0913,Medium,synthetic-design,AUDIT-cases-CASE-00913
CASE-00914,Synthetic investigation 0914,physical,open,2024-09-20T01:56:42,Synthetic investigation case for TraceX analytical testing.,SYNTHETIC,,,true,,SCN-PHYS-0914,Medium,synthetic-design,AUDIT-cases-CASE-00914
CASE-00915,Synthetic investigation 0915,mixed,open,2024-08-22T05:30:16,Synthetic investigation case for TraceX analytical testing.,SYNTHETIC,,,true,,SCN-MIXED-0915,Medium,synthetic-design,AUDIT-cases-CASE-00915
CASE-00916,Synthetic investigation 0916,financial,closed,2024-06-27T07:32:41,Synthetic investigation case for TraceX analytical testing.,SYNTHETIC,,,true,,SCN-FIN-0916,Medium,synthetic-design,AUDIT-cases-CASE-00916
CASE-00917,Synthetic investigation 0917,communication,review,2024-07-20T11:48:24,Synthetic investigation case for TraceX analytical testing.,SYNTHETIC,,,true,,SCN-COM-0917,Medium,synthetic-design,AUDIT-cases-CASE-00917
CASE-00918,Synthetic investigation 0918,cyber,open,2024-05-26T00:01:16,Synthetic investigation case for TraceX analytical testing.,SYNTHETIC,,,true,,SCN-CYBER-0918,Medium,synthetic-design,AUDIT-cases-CASE-00918
CASE-00919,Synthetic investigation 0919,physical,closed,2024-01-08T12:31:51,Synthetic investigation case for TraceX analytical testing.,SYNTHETIC,,,true,,SCN-PHYS-0919,Medium,synthetic-design,AUDIT-cases-CASE-00919
CASE-00920,Synthetic investigation 0920,mixed,closed,2024-05-05T14:05:44,Synthetic investigation case for TraceX analytical testing.,SYNTHETIC,,,true,,SCN-MIXED-0920,Medium,synthetic-design,AUDIT-cases-CASE-00920
CASE-00921,Synthetic investigation 0921,financial,open,2024-04-27T11:08:09,Synthetic investigation case for TraceX analytical testing.,SYNTHETIC,,,true,,SCN-FIN-0921,Medium,synthetic-design,AUDIT-cases-CASE-00921
CASE-00922,Synthetic investigation 0922,communication,review,2024-05-23T03:18:18,Synthetic investigation case for TraceX analytical testing.,SYNTHETIC,,,true,,SCN-COM-0922,Medium,synthetic-design,AUDIT-cases-CASE-00922
CASE-00923,Synthetic investigation 0923,cyber,review,2024-06-20T23:30:03,Synthetic investigation case for TraceX analytical testing.,SYNTHETIC,,,true,,SCN-CYBER-0923,Medium,synthetic-design,AUDIT-cases-CASE-00923
CASE-00924,Synthetic investigation 0924,physical,closed,2025-04-16T05:12:16,Synthetic investigation case for TraceX analytical testing.,SYNTHETIC,,,true,,SCN-PHYS-0924,Medium,synthetic-design,AUDIT-cases-CASE-00924
CASE-00925,Synthetic investigation 0925,mixed,closed,2024-08-08T18:28:32,Synthetic investigation case for TraceX analytical testing.,SYNTHETIC,,,true,,SCN-MIXED-0925,Medium,synthetic-design,AUDIT-cases-CASE-00925
CASE-00926,Synthetic investigation 0926,financial,open,2025-03-20T22:06:24,Synthetic investigation case for TraceX analytical testing.,SYNTHETIC,,,true,,SCN-FIN-0926,Medium,synthetic-design,AUDIT-cases-CASE-00926
CASE-00927,Synthetic investigation 0927,communication,open,2024-01-07T03:48:30,Synthetic investigation case for TraceX analytical testing.,SYNTHETIC,,,true,,SCN-COM-0927,Medium,synthetic-design,AUDIT-cases-CASE-00927
CASE-00928,Synthetic investigation 0928,cyber,closed,2024-09-06T17:57:10,Synthetic investigation case for TraceX analytical testing.,SYNTHETIC,,,true,,SCN-CYBER-0928,Medium,synthetic-design,AUDIT-cases-CASE-00928
CASE-00929,Synthetic investigation 0929,physical,closed,2025-06-24T02:51:25,Synthetic investigation case for TraceX analytical testing.,SYNTHETIC,,,true,,SCN-PHYS-0929,Medium,synthetic-design,AUDIT-cases-CASE-00929
CASE-00930,Synthetic investigation 0930,mixed,open,2025-07-10T12:25:48,Synthetic investigation case for TraceX analytical testing.,SYNTHETIC,,,true,,SCN-MIXED-0930,Medium,synthetic-design,AUDIT-cases-CASE-00930
CASE-00931,Synthetic investigation 0931,financial,open,2024-06-12T14:26:08,Synthetic investigation case for TraceX analytical testing.,SYNTHETIC,,,true,,SCN-FIN-0931,Medium,synthetic-design,AUDIT-cases-CASE-00931
CASE-00932,Synthetic investigation 0932,communication,open,2025-03-15T21:05:40,Synthetic investigation case for TraceX analytical testing.,SYNTHETIC,,,true,,SCN-COM-0932,Medium,synthetic-design,AUDIT-cases-CASE-00932
CASE-00933,Synthetic investigation 0933,cyber,review,2024-02-12T17:26:57,Synthetic investigation case for TraceX analytical testing.,SYNTHETIC,,,true,,SCN-CYBER-0933,Medium,synthetic-design,AUDIT-cases-CASE-00933
CASE-00934,Synthetic investigation 0934,physical,open,2024-10-29T08:09:14,Synthetic investigation case for TraceX analytical testing.,SYNTHETIC,,,true,,SCN-PHYS-0934,Medium,synthetic-design,AUDIT-cases-CASE-00934
CASE-00935,Synthetic investigation 0935,mixed,open,2024-03-16T21:44:11,Synthetic investigation case for TraceX analytical testing.,SYNTHETIC,,,true,,SCN-MIXED-0935,Medium,synthetic-design,AUDIT-cases-CASE-00935
CASE-00936,Synthetic investigation 0936,financial,open,2025-05-04T08:35:04,Synthetic investigation case for TraceX analytical testing.,SYNTHETIC,,,true,,SCN-FIN-0936,Medium,synthetic-design,AUDIT-cases-CASE-00936
CASE-00937,Synthetic investigation 0937,communication,closed,2024-01-15T16:59:04,Synthetic investigation case for TraceX analytical testing.,SYNTHETIC,,,true,,SCN-COM-0937,Medium,synthetic-design,AUDIT-cases-CASE-00937
CASE-00938,Synthetic investigation 0938,cyber,closed,2024-06-24T18:13:29,Synthetic investigation case for TraceX analytical testing.,SYNTHETIC,,,true,,SCN-CYBER-0938,Medium,synthetic-design,AUDIT-cases-CASE-00938
CASE-00939,Synthetic investigation 0939,physical,review,2024-05-28T18:00:36,Synthetic investigation case for TraceX analytical testing.,SYNTHETIC,,,true,,SCN-PHYS-0939,Medium,synthetic-design,AUDIT-cases-CASE-00939
CASE-00940,Synthetic investigation 0940,mixed,open,2025-07-11T10:37:44,Synthetic investigation case for TraceX analytical testing.,SYNTHETIC,,,true,,SCN-MIXED-0940,Medium,synthetic-design,AUDIT-cases-CASE-00940
CASE-00941,Synthetic investigation 0941,financial,review,2024-09-30T14:43:54,Synthetic investigation case for TraceX analytical testing.,SYNTHETIC,,,true,,SCN-FIN-0941,Medium,synthetic-design,AUDIT-cases-CASE-00941
CASE-00942,Synthetic investigation 0942,communication,review,2025-02-03T11:36:54,Synthetic investigation case for TraceX analytical testing.,SYNTHETIC,,,true,,SCN-COM-0942,Medium,synthetic-design,AUDIT-cases-CASE-00942
CASE-00943,Synthetic investigation 0943,cyber,open,2024-10-28T20:13:55,Synthetic investigation case for TraceX analytical testing.,SYNTHETIC,,,true,,SCN-CYBER-0943,Medium,synthetic-design,AUDIT-cases-CASE-00943
CASE-00944,Synthetic investigation 0944,physical,review,2024-06-26T21:56:32,Synthetic investigation case for TraceX analytical testing.,SYNTHETIC,,,true,,SCN-PHYS-0944,Medium,synthetic-design,AUDIT-cases-CASE-00944
CASE-00945,Synthetic investigation 0945,mixed,open,2024-07-23T05:06:55,Synthetic investigation case for TraceX analytical testing.,SYNTHETIC,,,true,,SCN-MIXED-0945,Medium,synthetic-design,AUDIT-cases-CASE-00945
CASE-00946,Synthetic investigation 0946,financial,review,2024-04-14T20:44:20,Synthetic investigation case for TraceX analytical testing.,SYNTHETIC,,,true,,SCN-FIN-0946,Medium,synthetic-design,AUDIT-cases-CASE-00946
CASE-00947,Synthetic investigation 0947,communication,open,2024-12-18T23:26:48,Synthetic investigation case for TraceX analytical testing.,SYNTHETIC,,,true,,SCN-COM-0947,Medium,synthetic-design,AUDIT-cases-CASE-00947
CASE-00948,Synthetic investigation 0948,cyber,closed,2024-09-04T22:26:47,Synthetic investigation case for TraceX analytical testing.,SYNTHETIC,,,true,,SCN-CYBER-0948,Medium,synthetic-design,AUDIT-cases-CASE-00948
CASE-00949,Synthetic investigation 0949,physical,review,2025-05-04T09:31:58,Synthetic investigation case for TraceX analytical testing.,SYNTHETIC,,,true,,SCN-PHYS-0949,Medium,synthetic-design,AUDIT-cases-CASE-00949
CASE-00950,Synthetic investigation 0950,mixed,open,2024-06-20T00:08:07,Synthetic investigation case for TraceX analytical testing.,SYNTHETIC,,,true,,SCN-MIXED-0950,Medium,synthetic-design,AUDIT-cases-CASE-00950
CASE-00951,Synthetic investigation 0951,financial,open,2025-07-10T02:33:06,Synthetic investigation case for TraceX analytical testing.,SYNTHETIC,,,true,,SCN-FIN-0951,Medium,synthetic-design,AUDIT-cases-CASE-00951
CASE-00952,Synthetic investigation 0952,communication,review,2024-11-14T20:35:00,Synthetic investigation case for TraceX analytical testing.,SYNTHETIC,,,true,,SCN-COM-0952,Medium,synthetic-design,AUDIT-cases-CASE-00952
CASE-00953,Synthetic investigation 0953,cyber,closed,2025-06-14T20:21:54,Synthetic investigation case for TraceX analytical testing.,SYNTHETIC,,,true,,SCN-CYBER-0953,Medium,synthetic-design,AUDIT-cases-CASE-00953
CASE-00954,Synthetic investigation 0954,physical,closed,2024-10-24T22:28:47,Synthetic investigation case for TraceX analytical testing.,SYNTHETIC,,,true,,SCN-PHYS-0954,Medium,synthetic-design,AUDIT-cases-CASE-00954
CASE-00955,Synthetic investigation 0955,mixed,closed,2025-06-14T04:32:57,Synthetic investigation case for TraceX analytical testing.,SYNTHETIC,,,true,,SCN-MIXED-0955,Medium,synthetic-design,AUDIT-cases-CASE-00955
CASE-00956,Synthetic investigation 0956,financial,open,2024-07-06T06:37:37,Synthetic investigation case for TraceX analytical testing.,SYNTHETIC,,,true,,SCN-FIN-0956,Medium,synthetic-design,AUDIT-cases-CASE-00956
CASE-00957,Synthetic investigation 0957,communication,open,2024-06-20T08:50:36,Synthetic investigation case for TraceX analytical testing.,SYNTHETIC,,,true,,SCN-COM-0957,Medium,synthetic-design,AUDIT-cases-CASE-00957
CASE-00958,Synthetic investigation 0958,cyber,closed,2024-11-10T17:07:32,Synthetic investigation case for TraceX analytical testing.,SYNTHETIC,,,true,,SCN-CYBER-0958,Medium,synthetic-design,AUDIT-cases-CASE-00958
CASE-00959,Synthetic investigation 0959,physical,review,2024-08-06T00:39:36,Synthetic investigation case for TraceX analytical testing.,SYNTHETIC,,,true,,SCN-PHYS-0959,Medium,synthetic-design,AUDIT-cases-CASE-00959
CASE-00960,Synthetic investigation 0960,mixed,review,2024-01-08T14:03:37,Synthetic investigation case for TraceX analytical testing.,SYNTHETIC,,,true,,SCN-MIXED-0960,Medium,synthetic-design,AUDIT-cases-CASE-00960
CASE-00961,Synthetic investigation 0961,financial,closed,2024-04-26T04:53:12,Synthetic investigation case for TraceX analytical testing.,SYNTHETIC,,,true,,SCN-FIN-0961,Medium,synthetic-design,AUDIT-cases-CASE-00961
CASE-00962,Synthetic investigation 0962,communication,closed,2024-06-07T05:06:19,Synthetic investigation case for TraceX analytical testing.,SYNTHETIC,,,true,,SCN-COM-0962,Medium,synthetic-design,AUDIT-cases-CASE-00962
CASE-00963,Synthetic investigation 0963,cyber,open,2024-05-24T16:38:42,Synthetic investigation case for TraceX analytical testing.,SYNTHETIC,,,true,,SCN-CYBER-0963,Medium,synthetic-design,AUDIT-cases-CASE-00963
CASE-00964,Synthetic investigation 0964,physical,closed,2024-09-24T11:43:58,Synthetic investigation case for TraceX analytical testing.,SYNTHETIC,,,true,,SCN-PHYS-0964,Medium,synthetic-design,AUDIT-cases-CASE-00964
CASE-00965,Synthetic investigation 0965,mixed,open,2024-02-06T01:45:26,Synthetic investigation case for TraceX analytical testing.,SYNTHETIC,,,true,,SCN-MIXED-0965,Medium,synthetic-design,AUDIT-cases-CASE-00965
CASE-00966,Synthetic investigation 0966,financial,open,2024-07-17T15:47:33,Synthetic investigation case for TraceX analytical testing.,SYNTHETIC,,,true,,SCN-FIN-0966,Medium,synthetic-design,AUDIT-cases-CASE-00966
CASE-00967,Synthetic investigation 0967,communication,open,2025-05-30T03:52:27,Synthetic investigation case for TraceX analytical testing.,SYNTHETIC,,,true,,SCN-COM-0967,Medium,synthetic-design,AUDIT-cases-CASE-00967
CASE-00968,Synthetic investigation 0968,cyber,closed,2024-10-27T17:40:44,Synthetic investigation case for TraceX analytical testing.,SYNTHETIC,,,true,,SCN-CYBER-0968,Medium,synthetic-design,AUDIT-cases-CASE-00968
CASE-00969,Synthetic investigation 0969,physical,open,2024-12-25T07:17:19,Synthetic investigation case for TraceX analytical testing.,SYNTHETIC,,,true,,SCN-PHYS-0969,Medium,synthetic-design,AUDIT-cases-CASE-00969
CASE-00970,Synthetic investigation 0970,mixed,closed,2024-01-14T10:20:10,Synthetic investigation case for TraceX analytical testing.,SYNTHETIC,,,true,,SCN-MIXED-0970,Medium,synthetic-design,AUDIT-cases-CASE-00970
CASE-00971,Synthetic investigation 0971,financial,closed,2024-09-30T18:39:01,Synthetic investigation case for TraceX analytical testing.,SYNTHETIC,,,true,,SCN-FIN-0971,Medium,synthetic-design,AUDIT-cases-CASE-00971
CASE-00972,Synthetic investigation 0972,communication,review,2024-05-17T12:37:54,Synthetic investigation case for TraceX analytical testing.,SYNTHETIC,,,true,,SCN-COM-0972,Medium,synthetic-design,AUDIT-cases-CASE-00972
CASE-00973,Synthetic investigation 0973,cyber,closed,2025-01-27T05:20:52,Synthetic investigation case for TraceX analytical testing.,SYNTHETIC,,,true,,SCN-CYBER-0973,Medium,synthetic-design,AUDIT-cases-CASE-00973
CASE-00974,Synthetic investigation 0974,physical,review,2024-04-25T01:18:29,Synthetic investigation case for TraceX analytical testing.,SYNTHETIC,,,true,,SCN-PHYS-0974,Medium,synthetic-design,AUDIT-cases-CASE-00974
CASE-00975,Synthetic investigation 0975,mixed,open,2024-12-31T09:36:26,Synthetic investigation case for TraceX analytical testing.,SYNTHETIC,,,true,,SCN-MIXED-0975,Medium,synthetic-design,AUDIT-cases-CASE-00975
CASE-00976,Synthetic investigation 0976,financial,open,2025-06-22T12:38:09,Synthetic investigation case for TraceX analytical testing.,SYNTHETIC,,,true,,SCN-FIN-0976,Medium,synthetic-design,AUDIT-cases-CASE-00976
CASE-00977,Synthetic investigation 0977,communication,review,2024-11-07T01:51:12,Synthetic investigation case for TraceX analytical testing.,SYNTHETIC,,,true,,SCN-COM-0977,Medium,synthetic-design,AUDIT-cases-CASE-00977
CASE-00978,Synthetic investigation 0978,cyber,review,2025-03-01T09:02:59,Synthetic investigation case for TraceX analytical testing.,SYNTHETIC,,,true,,SCN-CYBER-0978,Medium,synthetic-design,AUDIT-cases-CASE-00978
CASE-00979,Synthetic investigation 0979,physical,open,2025-02-22T14:30:06,Synthetic investigation case for TraceX analytical testing.,SYNTHETIC,,,true,,SCN-PHYS-0979,Medium,synthetic-design,AUDIT-cases-CASE-00979
CASE-00980,Synthetic investigation 0980,mixed,closed,2024-07-19T13:54:22,Synthetic investigation case for TraceX analytical testing.,SYNTHETIC,,,true,,SCN-MIXED-0980,Medium,synthetic-design,AUDIT-cases-CASE-00980
CASE-00981,Synthetic investigation 0981,financial,open,2025-02-17T01:52:29,Synthetic investigation case for TraceX analytical testing.,SYNTHETIC,,,true,,SCN-FIN-0981,Medium,synthetic-design,AUDIT-cases-CASE-00981
CASE-00982,Synthetic investigation 0982,communication,open,2024-07-08T02:08:48,Synthetic investigation case for TraceX analytical testing.,SYNTHETIC,,,true,,SCN-COM-0982,Medium,synthetic-design,AUDIT-cases-CASE-00982
CASE-00983,Synthetic investigation 0983,cyber,open,2024-06-17T17:26:25,Synthetic investigation case for TraceX analytical testing.,SYNTHETIC,,,true,,SCN-CYBER-0983,Medium,synthetic-design,AUDIT-cases-CASE-00983
CASE-00984,Synthetic investigation 0984,physical,closed,2024-11-25T07:55:36,Synthetic investigation case for TraceX analytical testing.,SYNTHETIC,,,true,,SCN-PHYS-0984,Medium,synthetic-design,AUDIT-cases-CASE-00984
CASE-00985,Synthetic investigation 0985,mixed,closed,2025-05-26T03:49:51,Synthetic investigation case for TraceX analytical testing.,SYNTHETIC,,,true,,SCN-MIXED-0985,Medium,synthetic-design,AUDIT-cases-CASE-00985
CASE-00986,Synthetic investigation 0986,financial,open,2025-02-10T05:40:01,Synthetic investigation case for TraceX analytical testing.,SYNTHETIC,,,true,,SCN-FIN-0986,Medium,synthetic-design,AUDIT-cases-CASE-00986
CASE-00987,Synthetic investigation 0987,communication,closed,2024-06-10T22:32:26,Synthetic investigation case for TraceX analytical testing.,SYNTHETIC,,,true,,SCN-COM-0987,Medium,synthetic-design,AUDIT-cases-CASE-00987
CASE-00988,Synthetic investigation 0988,cyber,open,2024-10-09T18:16:07,Synthetic investigation case for TraceX analytical testing.,SYNTHETIC,,,true,,SCN-CYBER-0988,Medium,synthetic-design,AUDIT-cases-CASE-00988
CASE-00989,Synthetic investigation 0989,physical,review,2024-01-26T21:32:35,Synthetic investigation case for TraceX analytical testing.,SYNTHETIC,,,true,,SCN-PHYS-0989,Medium,synthetic-design,AUDIT-cases-CASE-00989
CASE-00990,Synthetic investigation 0990,mixed,open,2024-10-23T00:45:48,Synthetic investigation case for TraceX analytical testing.,SYNTHETIC,,,true,,SCN-MIXED-0990,Medium,synthetic-design,AUDIT-cases-CASE-00990
CASE-00991,Synthetic investigation 0991,financial,review,2024-03-12T07:20:22,Synthetic investigation case for TraceX analytical testing.,SYNTHETIC,,,true,,SCN-FIN-0991,Medium,synthetic-design,AUDIT-cases-CASE-00991
CASE-00992,Synthetic investigation 0992,communication,review,2024-08-01T18:00:37,Synthetic investigation case for TraceX analytical testing.,SYNTHETIC,,,true,,SCN-COM-0992,Medium,synthetic-design,AUDIT-cases-CASE-00992
CASE-00993,Synthetic investigation 0993,cyber,closed,2025-07-20T16:48:05,Synthetic investigation case for TraceX analytical testing.,SYNTHETIC,,,true,,SCN-CYBER-0993,Medium,synthetic-design,AUDIT-cases-CASE-00993
CASE-00994,Synthetic investigation 0994,physical,open,2024-03-13T13:59:16,Synthetic investigation case for TraceX analytical testing.,SYNTHETIC,,,true,,SCN-PHYS-0994,Medium,synthetic-design,AUDIT-cases-CASE-00994
CASE-00995,Synthetic investigation 0995,mixed,closed,2024-06-30T02:00:54,Synthetic investigation case for TraceX analytical testing.,SYNTHETIC,,,true,,SCN-MIXED-0995,Medium,synthetic-design,AUDIT-cases-CASE-00995
CASE-00996,Synthetic investigation 0996,financial,closed,2025-03-24T01:20:07,Synthetic investigation case for TraceX analytical testing.,SYNTHETIC,,,true,,SCN-FIN-0996,Medium,synthetic-design,AUDIT-cases-CASE-00996
CASE-00997,Synthetic investigation 0997,communication,review,2024-01-04T23:48:56,Synthetic investigation case for TraceX analytical testing.,SYNTHETIC,,,true,,SCN-COM-0997,Medium,synthetic-design,AUDIT-cases-CASE-00997
CASE-00998,Synthetic investigation 0998,cyber,open,2025-02-04T22:18:58,Synthetic investigation case for TraceX analytical testing.,SYNTHETIC,,,true,,SCN-CYBER-0998,Medium,synthetic-design,AUDIT-cases-CASE-00998
CASE-00999,Synthetic investigation 0999,physical,open,2025-06-19T16:41:38,Synthetic investigation case for TraceX analytical testing.,SYNTHETIC,,,true,,SCN-PHYS-0999,Medium,synthetic-design,AUDIT-cases-CASE-00999
CASE-01000,Synthetic investigation 1000,mixed,open,2025-03-06T16:23:35,Synthetic investigation case for TraceX analytical testing.,SYNTHETIC,,,true,,SCN-MIXED-1000,Medium,synthetic-design,AUDIT-cases-CASE-01000
CASE-01001,Synthetic investigation 1001,financial,closed,2024-11-15T09:22:33,Synthetic investigation case for TraceX analytical testing.,SYNTHETIC,,,true,,SCN-FIN-1001,Medium,synthetic-design,AUDIT-cases-CASE-01001
CASE-01002,Synthetic investigation 1002,communication,closed,2024-12-04T06:22:51,Synthetic investigation case for TraceX analytical testing.,SYNTHETIC,,,true,,SCN-COM-1002,Medium,synthetic-design,AUDIT-cases-CASE-01002
CASE-01003,Synthetic investigation 1003,cyber,review,2024-09-29T03:46:47,Synthetic investigation case for TraceX analytical testing.,SYNTHETIC,,,true,,SCN-CYBER-1003,Medium,synthetic-design,AUDIT-cases-CASE-01003
CASE-01004,Synthetic investigation 1004,physical,review,2025-01-09T12:06:41,Synthetic investigation case for TraceX analytical testing.,SYNTHETIC,,,true,,SCN-PHYS-1004,Medium,synthetic-design,AUDIT-cases-CASE-01004
CASE-01005,Synthetic investigation 1005,mixed,open,2024-03-10T11:04:17,Synthetic investigation case for TraceX analytical testing.,SYNTHETIC,,,true,,SCN-MIXED-1005,Medium,synthetic-design,AUDIT-cases-CASE-01005
CASE-01006,Synthetic investigation 1006,financial,open,2024-04-16T11:38:54,Synthetic investigation case for TraceX analytical testing.,SYNTHETIC,,,true,,SCN-FIN-1006,Medium,synthetic-design,AUDIT-cases-CASE-01006
CASE-01007,Synthetic investigation 1007,communication,closed,2025-02-27T15:11:01,Synthetic investigation case for TraceX analytical testing.,SYNTHETIC,,,true,,SCN-COM-1007,Medium,synthetic-design,AUDIT-cases-CASE-01007
CASE-01008,Synthetic investigation 1008,cyber,open,2025-05-01T22:02:16,Synthetic investigation case for TraceX analytical testing.,SYNTHETIC,,,true,,SCN-CYBER-1008,Medium,synthetic-design,AUDIT-cases-CASE-01008
CASE-01009,Synthetic investigation 1009,physical,closed,2025-04-12T00:45:55,Synthetic investigation case for TraceX analytical testing.,SYNTHETIC,,,true,,SCN-PHYS-1009,Medium,synthetic-design,AUDIT-cases-CASE-01009
CASE-01010,Synthetic investigation 1010,mixed,review,2024-06-29T11:05:32,Synthetic investigation case for TraceX analytical testing.,SYNTHETIC,,,true,,SCN-MIXED-1010,Medium,synthetic-design,AUDIT-cases-CASE-01010
CASE-01011,Synthetic investigation 1011,financial,review,2024-08-01T11:20:28,Synthetic investigation case for TraceX analytical testing.,SYNTHETIC,,,true,,SCN-FIN-1011,Medium,synthetic-design,AUDIT-cases-CASE-01011
CASE-01012,Synthetic investigation 1012,communication,open,2024-03-23T05:41:52,Synthetic investigation case for TraceX analytical testing.,SYNTHETIC,,,true,,SCN-COM-1012,Medium,synthetic-design,AUDIT-cases-CASE-01012
CASE-01013,Synthetic investigation 1013,cyber,open,2024-06-02T14:27:00,Synthetic investigation case for TraceX analytical testing.,SYNTHETIC,,,true,,SCN-CYBER-1013,Medium,synthetic-design,AUDIT-cases-CASE-01013
CASE-01014,Synthetic investigation 1014,physical,closed,2024-02-22T17:16:25,Synthetic investigation case for TraceX analytical testing.,SYNTHETIC,,,true,,SCN-PHYS-1014,Medium,synthetic-design,AUDIT-cases-CASE-01014
CASE-01015,Synthetic investigation 1015,mixed,closed,2024-06-18T20:01:44,Synthetic investigation case for TraceX analytical testing.,SYNTHETIC,,,true,,SCN-MIXED-1015,Medium,synthetic-design,AUDIT-cases-CASE-01015
CASE-01016,Synthetic investigation 1016,financial,review,2025-07-24T01:10:14,Synthetic investigation case for TraceX analytical testing.,SYNTHETIC,,,true,,SCN-FIN-1016,Medium,synthetic-design,AUDIT-cases-CASE-01016
CASE-01017,Synthetic investigation 1017,communication,review,2024-09-22T16:20:10,Synthetic investigation case for TraceX analytical testing.,SYNTHETIC,,,true,,SCN-COM-1017,Medium,synthetic-design,AUDIT-cases-CASE-01017
CASE-01018,Synthetic investigation 1018,cyber,open,2025-01-09T14:22:07,Synthetic investigation case for TraceX analytical testing.,SYNTHETIC,,,true,,SCN-CYBER-1018,Medium,synthetic-design,AUDIT-cases-CASE-01018
CASE-01019,Synthetic investigation 1019,physical,open,2024-02-18T20:51:36,Synthetic investigation case for TraceX analytical testing.,SYNTHETIC,,,true,,SCN-PHYS-1019,Medium,synthetic-design,AUDIT-cases-CASE-01019
CASE-01020,Synthetic investigation 1020,mixed,open,2025-06-12T09:50:04,Synthetic investigation case for TraceX analytical testing.,SYNTHETIC,,,true,,SCN-MIXED-1020,Medium,synthetic-design,AUDIT-cases-CASE-01020
CASE-01021,Synthetic investigation 1021,financial,closed,2024-11-08T17:00:25,Synthetic investigation case for TraceX analytical testing.,SYNTHETIC,,,true,,SCN-FIN-1021,Medium,synthetic-design,AUDIT-cases-CASE-01021
CASE-01022,Synthetic investigation 1022,communication,review,2025-07-11T07:41:10,Synthetic investigation case for TraceX analytical testing.,SYNTHETIC,,,true,,SCN-COM-1022,Medium,synthetic-design,AUDIT-cases-CASE-01022
CASE-01023,Synthetic investigation 1023,cyber,open,2024-03-12T22:20:46,Synthetic investigation case for TraceX analytical testing.,SYNTHETIC,,,true,,SCN-CYBER-1023,Medium,synthetic-design,AUDIT-cases-CASE-01023
CASE-01024,Synthetic investigation 1024,physical,closed,2025-04-30T22:33:17,Synthetic investigation case for TraceX analytical testing.,SYNTHETIC,,,true,,SCN-PHYS-1024,Medium,synthetic-design,AUDIT-cases-CASE-01024
CASE-01025,Synthetic investigation 1025,mixed,open,2025-07-05T11:48:16,Synthetic investigation case for TraceX analytical testing.,SYNTHETIC,,,true,,SCN-MIXED-1025,Medium,synthetic-design,AUDIT-cases-CASE-01025
CASE-01026,Synthetic investigation 1026,financial,closed,2025-04-24T00:33:41,Synthetic investigation case for TraceX analytical testing.,SYNTHETIC,,,true,,SCN-FIN-1026,Medium,synthetic-design,AUDIT-cases-CASE-01026
CASE-01027,Synthetic investigation 1027,communication,closed,2025-04-01T18:34:33,Synthetic investigation case for TraceX analytical testing.,SYNTHETIC,,,true,,SCN-COM-1027,Medium,synthetic-design,AUDIT-cases-CASE-01027
CASE-01028,Synthetic investigation 1028,cyber,review,2024-03-02T20:49:23,Synthetic investigation case for TraceX analytical testing.,SYNTHETIC,,,true,,SCN-CYBER-1028,Medium,synthetic-design,AUDIT-cases-CASE-01028
CASE-01029,Synthetic investigation 1029,physical,review,2024-04-22T00:02:38,Synthetic investigation case for TraceX analytical testing.,SYNTHETIC,,,true,,SCN-PHYS-1029,Medium,synthetic-design,AUDIT-cases-CASE-01029
CASE-01030,Synthetic investigation 1030,mixed,closed,2024-07-09T22:15:09,Synthetic investigation case for TraceX analytical testing.,SYNTHETIC,,,true,,SCN-MIXED-1030,Medium,synthetic-design,AUDIT-cases-CASE-01030
CASE-01031,Synthetic investigation 1031,financial,review,2025-01-06T16:32:38,Synthetic investigation case for TraceX analytical testing.,SYNTHETIC,,,true,,SCN-FIN-1031,Medium,synthetic-design,AUDIT-cases-CASE-01031
CASE-01032,Synthetic investigation 1032,communication,open,2025-01-18T09:18:26,Synthetic investigation case for TraceX analytical testing.,SYNTHETIC,,,true,,SCN-COM-1032,Medium,synthetic-design,AUDIT-cases-CASE-01032
CASE-01033,Synthetic investigation 1033,cyber,review,2024-09-09T18:32:51,Synthetic investigation case for TraceX analytical testing.,SYNTHETIC,,,true,,SCN-CYBER-1033,Medium,synthetic-design,AUDIT-cases-CASE-01033
CASE-01034,Synthetic investigation 1034,physical,closed,2024-10-14T18:40:29,Synthetic investigation case for TraceX analytical testing.,SYNTHETIC,,,true,,SCN-PHYS-1034,Medium,synthetic-design,AUDIT-cases-CASE-01034
CASE-01035,Synthetic investigation 1035,mixed,open,2025-07-30T12:47:54,Synthetic investigation case for TraceX analytical testing.,SYNTHETIC,,,true,,SCN-MIXED-1035,Medium,synthetic-design,AUDIT-cases-CASE-01035
CASE-01036,Synthetic investigation 1036,financial,closed,2025-07-23T13:20:25,Synthetic investigation case for TraceX analytical testing.,SYNTHETIC,,,true,,SCN-FIN-1036,Medium,synthetic-design,AUDIT-cases-CASE-01036
CASE-01037,Synthetic investigation 1037,communication,review,2024-10-16T01:18:19,Synthetic investigation case for TraceX analytical testing.,SYNTHETIC,,,true,,SCN-COM-1037,Medium,synthetic-design,AUDIT-cases-CASE-01037
CASE-01038,Synthetic investigation 1038,cyber,open,2024-07-20T20:59:45,Synthetic investigation case for TraceX analytical testing.,SYNTHETIC,,,true,,SCN-CYBER-1038,Medium,synthetic-design,AUDIT-cases-CASE-01038
CASE-01039,Synthetic investigation 1039,physical,closed,2024-02-14T08:11:01,Synthetic investigation case for TraceX analytical testing.,SYNTHETIC,,,true,,SCN-PHYS-1039,Medium,synthetic-design,AUDIT-cases-CASE-01039
CASE-01040,Synthetic investigation 1040,mixed,review,2025-05-07T06:49:12,Synthetic investigation case for TraceX analytical testing.,SYNTHETIC,,,true,,SCN-MIXED-1040,Medium,synthetic-design,AUDIT-cases-CASE-01040
CASE-01041,Synthetic investigation 1041,financial,open,2024-09-04T17:41:29,Synthetic investigation case for TraceX analytical testing.,SYNTHETIC,,,true,,SCN-FIN-1041,Medium,synthetic-design,AUDIT-cases-CASE-01041
CASE-01042,Synthetic investigation 1042,communication,review,2024-01-19T23:20:36,Synthetic investigation case for TraceX analytical testing.,SYNTHETIC,,,true,,SCN-COM-1042,Medium,synthetic-design,AUDIT-cases-CASE-01042
CASE-01043,Synthetic investigation 1043,cyber,closed,2025-06-15T00:14:36,Synthetic investigation case for TraceX analytical testing.,SYNTHETIC,,,true,,SCN-CYBER-1043,Medium,synthetic-design,AUDIT-cases-CASE-01043
CASE-01044,Synthetic investigation 1044,physical,closed,2024-05-09T17:36:53,Synthetic investigation case for TraceX analytical testing.,SYNTHETIC,,,true,,SCN-PHYS-1044,Medium,synthetic-design,AUDIT-cases-CASE-01044
CASE-01045,Synthetic investigation 1045,mixed,open,2024-06-09T01:56:32,Synthetic investigation case for TraceX analytical testing.,SYNTHETIC,,,true,,SCN-MIXED-1045,Medium,synthetic-design,AUDIT-cases-CASE-01045
CASE-01046,Synthetic investigation 1046,financial,open,2024-08-05T18:30:16,Synthetic investigation case for TraceX analytical testing.,SYNTHETIC,,,true,,SCN-FIN-1046,Medium,synthetic-design,AUDIT-cases-CASE-01046
CASE-01047,Synthetic investigation 1047,communication,open,2025-04-04T13:00:51,Synthetic investigation case for TraceX analytical testing.,SYNTHETIC,,,true,,SCN-COM-1047,Medium,synthetic-design,AUDIT-cases-CASE-01047
CASE-01048,Synthetic investigation 1048,cyber,open,2024-10-30T15:02:26,Synthetic investigation case for TraceX analytical testing.,SYNTHETIC,,,true,,SCN-CYBER-1048,Medium,synthetic-design,AUDIT-cases-CASE-01048
CASE-01049,Synthetic investigation 1049,physical,closed,2024-12-09T13:50:39,Synthetic investigation case for TraceX analytical testing.,SYNTHETIC,,,true,,SCN-PHYS-1049,Medium,synthetic-design,AUDIT-cases-CASE-01049
CASE-01050,Synthetic investigation 1050,mixed,open,2024-01-20T10:57:59,Synthetic investigation case for TraceX analytical testing.,SYNTHETIC,,,true,,SCN-MIXED-1050,Medium,synthetic-design,AUDIT-cases-CASE-01050
CASE-01051,Synthetic investigation 1051,financial,review,2024-07-24T06:43:24,Synthetic investigation case for TraceX analytical testing.,SYNTHETIC,,,true,,SCN-FIN-1051,Medium,synthetic-design,AUDIT-cases-CASE-01051
CASE-01052,Synthetic investigation 1052,communication,review,2024-03-25T05:35:11,Synthetic investigation case for TraceX analytical testing.,SYNTHETIC,,,true,,SCN-COM-1052,Medium,synthetic-design,AUDIT-cases-CASE-01052
CASE-01053,Synthetic investigation 1053,cyber,open,2025-04-20T14:16:06,Synthetic investigation case for TraceX analytical testing.,SYNTHETIC,,,true,,SCN-CYBER-1053,Medium,synthetic-design,AUDIT-cases-CASE-01053
CASE-01054,Synthetic investigation 1054,physical,review,2024-09-15T16:14:59,Synthetic investigation case for TraceX analytical testing.,SYNTHETIC,,,true,,SCN-PHYS-1054,Medium,synthetic-design,AUDIT-cases-CASE-01054
CASE-01055,Synthetic investigation 1055,mixed,closed,2024-05-21T05:15:25,Synthetic investigation case for TraceX analytical testing.,SYNTHETIC,,,true,,SCN-MIXED-1055,Medium,synthetic-design,AUDIT-cases-CASE-01055
CASE-01056,Synthetic investigation 1056,financial,open,2025-05-09T23:52:00,Synthetic investigation case for TraceX analytical testing.,SYNTHETIC,,,true,,SCN-FIN-1056,Medium,synthetic-design,AUDIT-cases-CASE-01056
CASE-01057,Synthetic investigation 1057,communication,review,2025-05-09T13:29:52,Synthetic investigation case for TraceX analytical testing.,SYNTHETIC,,,true,,SCN-COM-1057,Medium,synthetic-design,AUDIT-cases-CASE-01057
CASE-01058,Synthetic investigation 1058,cyber,open,2024-04-02T03:45:47,Synthetic investigation case for TraceX analytical testing.,SYNTHETIC,,,true,,SCN-CYBER-1058,Medium,synthetic-design,AUDIT-cases-CASE-01058
CASE-01059,Synthetic investigation 1059,physical,open,2025-05-07T12:28:04,Synthetic investigation case for TraceX analytical testing.,SYNTHETIC,,,true,,SCN-PHYS-1059,Medium,synthetic-design,AUDIT-cases-CASE-01059
CASE-01060,Synthetic investigation 1060,mixed,review,2025-05-28T02:34:03,Synthetic investigation case for TraceX analytical testing.,SYNTHETIC,,,true,,SCN-MIXED-1060,Medium,synthetic-design,AUDIT-cases-CASE-01060
CASE-01061,Synthetic investigation 1061,financial,review,2025-03-23T17:15:15,Synthetic investigation case for TraceX analytical testing.,SYNTHETIC,,,true,,SCN-FIN-1061,Medium,synthetic-design,AUDIT-cases-CASE-01061
CASE-01062,Synthetic investigation 1062,communication,review,2025-04-23T14:21:44,Synthetic investigation case for TraceX analytical testing.,SYNTHETIC,,,true,,SCN-COM-1062,Medium,synthetic-design,AUDIT-cases-CASE-01062
CASE-01063,Synthetic investigation 1063,cyber,closed,2025-01-20T19:42:42,Synthetic investigation case for TraceX analytical testing.,SYNTHETIC,,,true,,SCN-CYBER-1063,Medium,synthetic-design,AUDIT-cases-CASE-01063
CASE-01064,Synthetic investigation 1064,physical,open,2024-08-15T14:18:47,Synthetic investigation case for TraceX analytical testing.,SYNTHETIC,,,true,,SCN-PHYS-1064,Medium,synthetic-design,AUDIT-cases-CASE-01064
CASE-01065,Synthetic investigation 1065,mixed,open,2024-11-07T06:35:02,Synthetic investigation case for TraceX analytical testing.,SYNTHETIC,,,true,,SCN-MIXED-1065,Medium,synthetic-design,AUDIT-cases-CASE-01065
CASE-01066,Synthetic investigation 1066,financial,review,2025-07-18T09:11:04,Synthetic investigation case for TraceX analytical testing.,SYNTHETIC,,,true,,SCN-FIN-1066,Medium,synthetic-design,AUDIT-cases-CASE-01066
CASE-01067,Synthetic investigation 1067,communication,review,2024-06-07T02:08:22,Synthetic investigation case for TraceX analytical testing.,SYNTHETIC,,,true,,SCN-COM-1067,Medium,synthetic-design,AUDIT-cases-CASE-01067
CASE-01068,Synthetic investigation 1068,cyber,open,2024-05-16T08:36:41,Synthetic investigation case for TraceX analytical testing.,SYNTHETIC,,,true,,SCN-CYBER-1068,Medium,synthetic-design,AUDIT-cases-CASE-01068
CASE-01069,Synthetic investigation 1069,physical,closed,2025-05-31T17:41:11,Synthetic investigation case for TraceX analytical testing.,SYNTHETIC,,,true,,SCN-PHYS-1069,Medium,synthetic-design,AUDIT-cases-CASE-01069
CASE-01070,Synthetic investigation 1070,mixed,review,2024-03-30T05:39:49,Synthetic investigation case for TraceX analytical testing.,SYNTHETIC,,,true,,SCN-MIXED-1070,Medium,synthetic-design,AUDIT-cases-CASE-01070
CASE-01071,Synthetic investigation 1071,financial,closed,2024-07-24T01:01:12,Synthetic investigation case for TraceX analytical testing.,SYNTHETIC,,,true,,SCN-FIN-1071,Medium,synthetic-design,AUDIT-cases-CASE-01071
CASE-01072,Synthetic investigation 1072,communication,closed,2025-07-15T20:49:11,Synthetic investigation case for TraceX analytical testing.,SYNTHETIC,,,true,,SCN-COM-1072,Medium,synthetic-design,AUDIT-cases-CASE-01072
CASE-01073,Synthetic investigation 1073,cyber,review,2024-09-22T05:30:49,Synthetic investigation case for TraceX analytical testing.,SYNTHETIC,,,true,,SCN-CYBER-1073,Medium,synthetic-design,AUDIT-cases-CASE-01073
CASE-01074,Synthetic investigation 1074,physical,open,2025-01-31T13:42:03,Synthetic investigation case for TraceX analytical testing.,SYNTHETIC,,,true,,SCN-PHYS-1074,Medium,synthetic-design,AUDIT-cases-CASE-01074
CASE-01075,Synthetic investigation 1075,mixed,open,2025-05-20T22:07:21,Synthetic investigation case for TraceX analytical testing.,SYNTHETIC,,,true,,SCN-MIXED-1075,Medium,synthetic-design,AUDIT-cases-CASE-01075
CASE-01076,Synthetic investigation 1076,financial,closed,2025-02-09T15:26:07,Synthetic investigation case for TraceX analytical testing.,SYNTHETIC,,,true,,SCN-FIN-1076,Medium,synthetic-design,AUDIT-cases-CASE-01076
CASE-01077,Synthetic investigation 1077,communication,review,2025-06-15T00:21:50,Synthetic investigation case for TraceX analytical testing.,SYNTHETIC,,,true,,SCN-COM-1077,Medium,synthetic-design,AUDIT-cases-CASE-01077
CASE-01078,Synthetic investigation 1078,cyber,review,2025-01-09T09:49:16,Synthetic investigation case for TraceX analytical testing.,SYNTHETIC,,,true,,SCN-CYBER-1078,Medium,synthetic-design,AUDIT-cases-CASE-01078
CASE-01079,Synthetic investigation 1079,physical,open,2024-07-22T04:51:27,Synthetic investigation case for TraceX analytical testing.,SYNTHETIC,,,true,,SCN-PHYS-1079,Medium,synthetic-design,AUDIT-cases-CASE-01079
CASE-01080,Synthetic investigation 1080,mixed,review,2024-09-09T11:30:05,Synthetic investigation case for TraceX analytical testing.,SYNTHETIC,,,true,,SCN-MIXED-1080,Medium,synthetic-design,AUDIT-cases-CASE-01080
CASE-01081,Synthetic investigation 1081,financial,closed,2025-03-27T12:47:34,Synthetic investigation case for TraceX analytical testing.,SYNTHETIC,,,true,,SCN-FIN-1081,Medium,synthetic-design,AUDIT-cases-CASE-01081
CASE-01082,Synthetic investigation 1082,communication,review,2024-01-31T07:46:47,Synthetic investigation case for TraceX analytical testing.,SYNTHETIC,,,true,,SCN-COM-1082,Medium,synthetic-design,AUDIT-cases-CASE-01082
CASE-01083,Synthetic investigation 1083,cyber,open,2024-07-10T19:20:01,Synthetic investigation case for TraceX analytical testing.,SYNTHETIC,,,true,,SCN-CYBER-1083,Medium,synthetic-design,AUDIT-cases-CASE-01083
CASE-01084,Synthetic investigation 1084,physical,open,2025-03-23T16:21:24,Synthetic investigation case for TraceX analytical testing.,SYNTHETIC,,,true,,SCN-PHYS-1084,Medium,synthetic-design,AUDIT-cases-CASE-01084
CASE-01085,Synthetic investigation 1085,mixed,open,2025-04-01T05:19:24,Synthetic investigation case for TraceX analytical testing.,SYNTHETIC,,,true,,SCN-MIXED-1085,Medium,synthetic-design,AUDIT-cases-CASE-01085
CASE-01086,Synthetic investigation 1086,financial,closed,2024-08-22T11:22:45,Synthetic investigation case for TraceX analytical testing.,SYNTHETIC,,,true,,SCN-FIN-1086,Medium,synthetic-design,AUDIT-cases-CASE-01086
CASE-01087,Synthetic investigation 1087,communication,review,2025-04-17T22:04:43,Synthetic investigation case for TraceX analytical testing.,SYNTHETIC,,,true,,SCN-COM-1087,Medium,synthetic-design,AUDIT-cases-CASE-01087
CASE-01088,Synthetic investigation 1088,cyber,closed,2024-04-04T23:06:48,Synthetic investigation case for TraceX analytical testing.,SYNTHETIC,,,true,,SCN-CYBER-1088,Medium,synthetic-design,AUDIT-cases-CASE-01088
CASE-01089,Synthetic investigation 1089,physical,open,2024-04-20T01:03:18,Synthetic investigation case for TraceX analytical testing.,SYNTHETIC,,,true,,SCN-PHYS-1089,Medium,synthetic-design,AUDIT-cases-CASE-01089
CASE-01090,Synthetic investigation 1090,mixed,open,2025-04-22T16:12:49,Synthetic investigation case for TraceX analytical testing.,SYNTHETIC,,,true,,SCN-MIXED-1090,Medium,synthetic-design,AUDIT-cases-CASE-01090
CASE-01091,Synthetic investigation 1091,financial,closed,2024-07-12T11:39:59,Synthetic investigation case for TraceX analytical testing.,SYNTHETIC,,,true,,SCN-FIN-1091,Medium,synthetic-design,AUDIT-cases-CASE-01091
CASE-01092,Synthetic investigation 1092,communication,closed,2025-07-06T03:08:28,Synthetic investigation case for TraceX analytical testing.,SYNTHETIC,,,true,,SCN-COM-1092,Medium,synthetic-design,AUDIT-cases-CASE-01092
CASE-01093,Synthetic investigation 1093,cyber,closed,2025-01-02T18:05:16,Synthetic investigation case for TraceX analytical testing.,SYNTHETIC,,,true,,SCN-CYBER-1093,Medium,synthetic-design,AUDIT-cases-CASE-01093
CASE-01094,Synthetic investigation 1094,physical,review,2024-05-22T10:54:04,Synthetic investigation case for TraceX analytical testing.,SYNTHETIC,,,true,,SCN-PHYS-1094,Medium,synthetic-design,AUDIT-cases-CASE-01094
CASE-01095,Synthetic investigation 1095,mixed,open,2024-06-26T07:23:48,Synthetic investigation case for TraceX analytical testing.,SYNTHETIC,,,true,,SCN-MIXED-1095,Medium,synthetic-design,AUDIT-cases-CASE-01095
CASE-01096,Synthetic investigation 1096,financial,review,2025-02-10T01:21:53,Synthetic investigation case for TraceX analytical testing.,SYNTHETIC,,,true,,SCN-FIN-1096,Medium,synthetic-design,AUDIT-cases-CASE-01096
CASE-01097,Synthetic investigation 1097,communication,open,2024-03-24T19:57:15,Synthetic investigation case for TraceX analytical testing.,SYNTHETIC,,,true,,SCN-COM-1097,Medium,synthetic-design,AUDIT-cases-CASE-01097
CASE-01098,Synthetic investigation 1098,cyber,open,2024-05-13T10:25:46,Synthetic investigation case for TraceX analytical testing.,SYNTHETIC,,,true,,SCN-CYBER-1098,Medium,synthetic-design,AUDIT-cases-CASE-01098
CASE-01099,Synthetic investigation 1099,physical,open,2024-12-28T09:15:31,Synthetic investigation case for TraceX analytical testing.,SYNTHETIC,,,true,,SCN-PHYS-1099,Medium,synthetic-design,AUDIT-cases-CASE-01099
CASE-01100,Synthetic investigation 1100,mixed,review,2024-06-07T22:27:49,Synthetic investigation case for TraceX analytical testing.,SYNTHETIC,,,true,,SCN-MIXED-1100,Medium,synthetic-design,AUDIT-cases-CASE-01100
CASE-01101,Synthetic investigation 1101,financial,closed,2024-01-22T06:23:43,Synthetic investigation case for TraceX analytical testing.,SYNTHETIC,,,true,,SCN-FIN-1101,Medium,synthetic-design,AUDIT-cases-CASE-01101
CASE-01102,Synthetic investigation 1102,communication,open,2025-02-15T19:31:16,Synthetic investigation case for TraceX analytical testing.,SYNTHETIC,,,true,,SCN-COM-1102,Medium,synthetic-design,AUDIT-cases-CASE-01102
CASE-01103,Synthetic investigation 1103,cyber,closed,2024-06-20T16:44:26,Synthetic investigation case for TraceX analytical testing.,SYNTHETIC,,,true,,SCN-CYBER-1103,Medium,synthetic-design,AUDIT-cases-CASE-01103
CASE-01104,Synthetic investigation 1104,physical,open,2024-07-19T07:29:49,Synthetic investigation case for TraceX analytical testing.,SYNTHETIC,,,true,,SCN-PHYS-1104,Medium,synthetic-design,AUDIT-cases-CASE-01104
CASE-01105,Synthetic investigation 1105,mixed,open,2025-02-23T18:25:22,Synthetic investigation case for TraceX analytical testing.,SYNTHETIC,,,true,,SCN-MIXED-1105,Medium,synthetic-design,AUDIT-cases-CASE-01105
CASE-01106,Synthetic investigation 1106,financial,open,2025-03-11T00:27:05,Synthetic investigation case for TraceX analytical testing.,SYNTHETIC,,,true,,SCN-FIN-1106,Medium,synthetic-design,AUDIT-cases-CASE-01106
CASE-01107,Synthetic investigation 1107,communication,closed,2024-11-08T13:16:26,Synthetic investigation case for TraceX analytical testing.,SYNTHETIC,,,true,,SCN-COM-1107,Medium,synthetic-design,AUDIT-cases-CASE-01107
CASE-01108,Synthetic investigation 1108,cyber,closed,2024-04-05T11:46:14,Synthetic investigation case for TraceX analytical testing.,SYNTHETIC,,,true,,SCN-CYBER-1108,Medium,synthetic-design,AUDIT-cases-CASE-01108
CASE-01109,Synthetic investigation 1109,physical,open,2025-06-16T05:11:20,Synthetic investigation case for TraceX analytical testing.,SYNTHETIC,,,true,,SCN-PHYS-1109,Medium,synthetic-design,AUDIT-cases-CASE-01109
CASE-01110,Synthetic investigation 1110,mixed,review,2024-01-07T18:43:38,Synthetic investigation case for TraceX analytical testing.,SYNTHETIC,,,true,,SCN-MIXED-1110,Medium,synthetic-design,AUDIT-cases-CASE-01110
CASE-01111,Synthetic investigation 1111,financial,open,2025-06-05T00:31:25,Synthetic investigation case for TraceX analytical testing.,SYNTHETIC,,,true,,SCN-FIN-1111,Medium,synthetic-design,AUDIT-cases-CASE-01111
CASE-01112,Synthetic investigation 1112,communication,closed,2024-05-26T10:51:41,Synthetic investigation case for TraceX analytical testing.,SYNTHETIC,,,true,,SCN-COM-1112,Medium,synthetic-design,AUDIT-cases-CASE-01112
CASE-01113,Synthetic investigation 1113,cyber,closed,2025-03-09T00:15:27,Synthetic investigation case for TraceX analytical testing.,SYNTHETIC,,,true,,SCN-CYBER-1113,Medium,synthetic-design,AUDIT-cases-CASE-01113
CASE-01114,Synthetic investigation 1114,physical,closed,2025-07-14T04:33:34,Synthetic investigation case for TraceX analytical testing.,SYNTHETIC,,,true,,SCN-PHYS-1114,Medium,synthetic-design,AUDIT-cases-CASE-01114
CASE-01115,Synthetic investigation 1115,mixed,closed,2025-07-21T14:45:55,Synthetic investigation case for TraceX analytical testing.,SYNTHETIC,,,true,,SCN-MIXED-1115,Medium,synthetic-design,AUDIT-cases-CASE-01115
CASE-01116,Synthetic investigation 1116,financial,open,2024-03-06T23:29:19,Synthetic investigation case for TraceX analytical testing.,SYNTHETIC,,,true,,SCN-FIN-1116,Medium,synthetic-design,AUDIT-cases-CASE-01116
CASE-01117,Synthetic investigation 1117,communication,review,2024-08-22T11:47:31,Synthetic investigation case for TraceX analytical testing.,SYNTHETIC,,,true,,SCN-COM-1117,Medium,synthetic-design,AUDIT-cases-CASE-01117
CASE-01118,Synthetic investigation 1118,cyber,open,2025-05-11T09:59:39,Synthetic investigation case for TraceX analytical testing.,SYNTHETIC,,,true,,SCN-CYBER-1118,Medium,synthetic-design,AUDIT-cases-CASE-01118
CASE-01119,Synthetic investigation 1119,physical,open,2025-05-10T22:31:59,Synthetic investigation case for TraceX analytical testing.,SYNTHETIC,,,true,,SCN-PHYS-1119,Medium,synthetic-design,AUDIT-cases-CASE-01119
CASE-01120,Synthetic investigation 1120,mixed,review,2024-09-20T09:30:46,Synthetic investigation case for TraceX analytical testing.,SYNTHETIC,,,true,,SCN-MIXED-1120,Medium,synthetic-design,AUDIT-cases-CASE-01120
CASE-01121,Synthetic investigation 1121,financial,closed,2024-04-11T18:24:32,Synthetic investigation case for TraceX analytical testing.,SYNTHETIC,,,true,,SCN-FIN-1121,Medium,synthetic-design,AUDIT-cases-CASE-01121
CASE-01122,Synthetic investigation 1122,communication,open,2025-01-20T07:13:31,Synthetic investigation case for TraceX analytical testing.,SYNTHETIC,,,true,,SCN-COM-1122,Medium,synthetic-design,AUDIT-cases-CASE-01122
CASE-01123,Synthetic investigation 1123,cyber,review,2024-02-28T20:02:58,Synthetic investigation case for TraceX analytical testing.,SYNTHETIC,,,true,,SCN-CYBER-1123,Medium,synthetic-design,AUDIT-cases-CASE-01123
CASE-01124,Synthetic investigation 1124,physical,open,2024-03-20T15:18:19,Synthetic investigation case for TraceX analytical testing.,SYNTHETIC,,,true,,SCN-PHYS-1124,Medium,synthetic-design,AUDIT-cases-CASE-01124
CASE-01125,Synthetic investigation 1125,mixed,closed,2024-04-17T16:49:28,Synthetic investigation case for TraceX analytical testing.,SYNTHETIC,,,true,,SCN-MIXED-1125,Medium,synthetic-design,AUDIT-cases-CASE-01125
CASE-01126,Synthetic investigation 1126,financial,closed,2025-05-22T14:42:40,Synthetic investigation case for TraceX analytical testing.,SYNTHETIC,,,true,,SCN-FIN-1126,Medium,synthetic-design,AUDIT-cases-CASE-01126
CASE-01127,Synthetic investigation 1127,communication,open,2024-06-20T09:51:04,Synthetic investigation case for TraceX analytical testing.,SYNTHETIC,,,true,,SCN-COM-1127,Medium,synthetic-design,AUDIT-cases-CASE-01127
CASE-01128,Synthetic investigation 1128,cyber,closed,2024-12-09T00:36:18,Synthetic investigation case for TraceX analytical testing.,SYNTHETIC,,,true,,SCN-CYBER-1128,Medium,synthetic-design,AUDIT-cases-CASE-01128
CASE-01129,Synthetic investigation 1129,physical,review,2024-10-15T16:36:55,Synthetic investigation case for TraceX analytical testing.,SYNTHETIC,,,true,,SCN-PHYS-1129,Medium,synthetic-design,AUDIT-cases-CASE-01129
CASE-01130,Synthetic investigation 1130,mixed,open,2024-10-02T02:27:13,Synthetic investigation case for TraceX analytical testing.,SYNTHETIC,,,true,,SCN-MIXED-1130,Medium,synthetic-design,AUDIT-cases-CASE-01130
CASE-01131,Synthetic investigation 1131,financial,review,2024-06-12T16:58:17,Synthetic investigation case for TraceX analytical testing.,SYNTHETIC,,,true,,SCN-FIN-1131,Medium,synthetic-design,AUDIT-cases-CASE-01131
CASE-01132,Synthetic investigation 1132,communication,open,2024-12-01T04:10:33,Synthetic investigation case for TraceX analytical testing.,SYNTHETIC,,,true,,SCN-COM-1132,Medium,synthetic-design,AUDIT-cases-CASE-01132
CASE-01133,Synthetic investigation 1133,cyber,closed,2024-12-27T11:31:34,Synthetic investigation case for TraceX analytical testing.,SYNTHETIC,,,true,,SCN-CYBER-1133,Medium,synthetic-design,AUDIT-cases-CASE-01133
CASE-01134,Synthetic investigation 1134,physical,open,2024-02-21T23:29:16,Synthetic investigation case for TraceX analytical testing.,SYNTHETIC,,,true,,SCN-PHYS-1134,Medium,synthetic-design,AUDIT-cases-CASE-01134
CASE-01135,Synthetic investigation 1135,mixed,closed,2025-04-20T18:25:19,Synthetic investigation case for TraceX analytical testing.,SYNTHETIC,,,true,,SCN-MIXED-1135,Medium,synthetic-design,AUDIT-cases-CASE-01135
CASE-01136,Synthetic investigation 1136,financial,review,2025-07-22T10:51:45,Synthetic investigation case for TraceX analytical testing.,SYNTHETIC,,,true,,SCN-FIN-1136,Medium,synthetic-design,AUDIT-cases-CASE-01136
CASE-01137,Synthetic investigation 1137,communication,closed,2025-01-31T00:27:37,Synthetic investigation case for TraceX analytical testing.,SYNTHETIC,,,true,,SCN-COM-1137,Medium,synthetic-design,AUDIT-cases-CASE-01137
CASE-01138,Synthetic investigation 1138,cyber,review,2025-06-25T05:53:18,Synthetic investigation case for TraceX analytical testing.,SYNTHETIC,,,true,,SCN-CYBER-1138,Medium,synthetic-design,AUDIT-cases-CASE-01138
CASE-01139,Synthetic investigation 1139,physical,closed,2024-05-20T18:00:40,Synthetic investigation case for TraceX analytical testing.,SYNTHETIC,,,true,,SCN-PHYS-1139,Medium,synthetic-design,AUDIT-cases-CASE-01139
CASE-01140,Synthetic investigation 1140,mixed,review,2024-08-29T08:56:49,Synthetic investigation case for TraceX analytical testing.,SYNTHETIC,,,true,,SCN-MIXED-1140,Medium,synthetic-design,AUDIT-cases-CASE-01140
CASE-01141,Synthetic investigation 1141,financial,open,2024-01-28T09:13:31,Synthetic investigation case for TraceX analytical testing.,SYNTHETIC,,,true,,SCN-FIN-1141,Medium,synthetic-design,AUDIT-cases-CASE-01141
CASE-01142,Synthetic investigation 1142,communication,review,2024-03-18T01:29:10,Synthetic investigation case for TraceX analytical testing.,SYNTHETIC,,,true,,SCN-COM-1142,Medium,synthetic-design,AUDIT-cases-CASE-01142
CASE-01143,Synthetic investigation 1143,cyber,review,2024-03-15T05:06:55,Synthetic investigation case for TraceX analytical testing.,SYNTHETIC,,,true,,SCN-CYBER-1143,Medium,synthetic-design,AUDIT-cases-CASE-01143
CASE-01144,Synthetic investigation 1144,physical,open,2024-12-04T10:14:13,Synthetic investigation case for TraceX analytical testing.,SYNTHETIC,,,true,,SCN-PHYS-1144,Medium,synthetic-design,AUDIT-cases-CASE-01144
CASE-01145,Synthetic investigation 1145,mixed,closed,2024-12-11T04:47:23,Synthetic investigation case for TraceX analytical testing.,SYNTHETIC,,,true,,SCN-MIXED-1145,Medium,synthetic-design,AUDIT-cases-CASE-01145
CASE-01146,Synthetic investigation 1146,financial,closed,2024-05-17T00:47:11,Synthetic investigation case for TraceX analytical testing.,SYNTHETIC,,,true,,SCN-FIN-1146,Medium,synthetic-design,AUDIT-cases-CASE-01146
CASE-01147,Synthetic investigation 1147,communication,review,2024-04-20T15:31:48,Synthetic investigation case for TraceX analytical testing.,SYNTHETIC,,,true,,SCN-COM-1147,Medium,synthetic-design,AUDIT-cases-CASE-01147
CASE-01148,Synthetic investigation 1148,cyber,open,2024-01-16T02:19:00,Synthetic investigation case for TraceX analytical testing.,SYNTHETIC,,,true,,SCN-CYBER-1148,Medium,synthetic-design,AUDIT-cases-CASE-01148
CASE-01149,Synthetic investigation 1149,physical,open,2025-02-13T01:05:21,Synthetic investigation case for TraceX analytical testing.,SYNTHETIC,,,true,,SCN-PHYS-1149,Medium,synthetic-design,AUDIT-cases-CASE-01149
CASE-01150,Synthetic investigation 1150,mixed,open,2025-07-09T00:44:50,Synthetic investigation case for TraceX analytical testing.,SYNTHETIC,,,true,,SCN-MIXED-1150,Medium,synthetic-design,AUDIT-cases-CASE-01150
CASE-01151,Synthetic investigation 1151,financial,review,2025-07-13T12:51:14,Synthetic investigation case for TraceX analytical testing.,SYNTHETIC,,,true,,SCN-FIN-1151,Medium,synthetic-design,AUDIT-cases-CASE-01151
CASE-01152,Synthetic investigation 1152,communication,review,2025-03-17T20:48:04,Synthetic investigation case for TraceX analytical testing.,SYNTHETIC,,,true,,SCN-COM-1152,Medium,synthetic-design,AUDIT-cases-CASE-01152
CASE-01153,Synthetic investigation 1153,cyber,closed,2024-04-21T08:27:00,Synthetic investigation case for TraceX analytical testing.,SYNTHETIC,,,true,,SCN-CYBER-1153,Medium,synthetic-design,AUDIT-cases-CASE-01153
CASE-01154,Synthetic investigation 1154,physical,open,2024-03-01T09:54:12,Synthetic investigation case for TraceX analytical testing.,SYNTHETIC,,,true,,SCN-PHYS-1154,Medium,synthetic-design,AUDIT-cases-CASE-01154
CASE-01155,Synthetic investigation 1155,mixed,open,2024-01-20T12:19:47,Synthetic investigation case for TraceX analytical testing.,SYNTHETIC,,,true,,SCN-MIXED-1155,Medium,synthetic-design,AUDIT-cases-CASE-01155
CASE-01156,Synthetic investigation 1156,financial,closed,2025-02-08T00:57:09,Synthetic investigation case for TraceX analytical testing.,SYNTHETIC,,,true,,SCN-FIN-1156,Medium,synthetic-design,AUDIT-cases-CASE-01156
CASE-01157,Synthetic investigation 1157,communication,closed,2025-07-21T18:25:17,Synthetic investigation case for TraceX analytical testing.,SYNTHETIC,,,true,,SCN-COM-1157,Medium,synthetic-design,AUDIT-cases-CASE-01157
CASE-01158,Synthetic investigation 1158,cyber,review,2025-06-26T00:57:20,Synthetic investigation case for TraceX analytical testing.,SYNTHETIC,,,true,,SCN-CYBER-1158,Medium,synthetic-design,AUDIT-cases-CASE-01158
CASE-01159,Synthetic investigation 1159,physical,open,2024-04-07T10:28:13,Synthetic investigation case for TraceX analytical testing.,SYNTHETIC,,,true,,SCN-PHYS-1159,Medium,synthetic-design,AUDIT-cases-CASE-01159
CASE-01160,Synthetic investigation 1160,mixed,open,2025-04-07T11:03:58,Synthetic investigation case for TraceX analytical testing.,SYNTHETIC,,,true,,SCN-MIXED-1160,Medium,synthetic-design,AUDIT-cases-CASE-01160
CASE-01161,Synthetic investigation 1161,financial,review,2024-10-07T16:41:26,Synthetic investigation case for TraceX analytical testing.,SYNTHETIC,,,true,,SCN-FIN-1161,Medium,synthetic-design,AUDIT-cases-CASE-01161
CASE-01162,Synthetic investigation 1162,communication,closed,2025-03-31T05:35:09,Synthetic investigation case for TraceX analytical testing.,SYNTHETIC,,,true,,SCN-COM-1162,Medium,synthetic-design,AUDIT-cases-CASE-01162
CASE-01163,Synthetic investigation 1163,cyber,review,2025-01-02T21:02:51,Synthetic investigation case for TraceX analytical testing.,SYNTHETIC,,,true,,SCN-CYBER-1163,Medium,synthetic-design,AUDIT-cases-CASE-01163
CASE-01164,Synthetic investigation 1164,physical,open,2025-02-01T23:38:45,Synthetic investigation case for TraceX analytical testing.,SYNTHETIC,,,true,,SCN-PHYS-1164,Medium,synthetic-design,AUDIT-cases-CASE-01164
CASE-01165,Synthetic investigation 1165,mixed,closed,2024-10-27T12:40:42,Synthetic investigation case for TraceX analytical testing.,SYNTHETIC,,,true,,SCN-MIXED-1165,Medium,synthetic-design,AUDIT-cases-CASE-01165
CASE-01166,Synthetic investigation 1166,financial,closed,2024-07-04T01:02:47,Synthetic investigation case for TraceX analytical testing.,SYNTHETIC,,,true,,SCN-FIN-1166,Medium,synthetic-design,AUDIT-cases-CASE-01166
CASE-01167,Synthetic investigation 1167,communication,review,2025-04-15T11:54:24,Synthetic investigation case for TraceX analytical testing.,SYNTHETIC,,,true,,SCN-COM-1167,Medium,synthetic-design,AUDIT-cases-CASE-01167
CASE-01168,Synthetic investigation 1168,cyber,open,2024-06-06T18:29:36,Synthetic investigation case for TraceX analytical testing.,SYNTHETIC,,,true,,SCN-CYBER-1168,Medium,synthetic-design,AUDIT-cases-CASE-01168
CASE-01169,Synthetic investigation 1169,physical,closed,2025-03-20T10:56:37,Synthetic investigation case for TraceX analytical testing.,SYNTHETIC,,,true,,SCN-PHYS-1169,Medium,synthetic-design,AUDIT-cases-CASE-01169
CASE-01170,Synthetic investigation 1170,mixed,open,2024-04-22T17:13:53,Synthetic investigation case for TraceX analytical testing.,SYNTHETIC,,,true,,SCN-MIXED-1170,Medium,synthetic-design,AUDIT-cases-CASE-01170
CASE-01171,Synthetic investigation 1171,financial,review,2024-05-10T05:05:57,Synthetic investigation case for TraceX analytical testing.,SYNTHETIC,,,true,,SCN-FIN-1171,Medium,synthetic-design,AUDIT-cases-CASE-01171
CASE-01172,Synthetic investigation 1172,communication,review,2025-01-17T15:44:09,Synthetic investigation case for TraceX analytical testing.,SYNTHETIC,,,true,,SCN-COM-1172,Medium,synthetic-design,AUDIT-cases-CASE-01172
CASE-01173,Synthetic investigation 1173,cyber,review,2024-05-31T03:04:09,Synthetic investigation case for TraceX analytical testing.,SYNTHETIC,,,true,,SCN-CYBER-1173,Medium,synthetic-design,AUDIT-cases-CASE-01173
CASE-01174,Synthetic investigation 1174,physical,review,2024-05-05T15:10:15,Synthetic investigation case for TraceX analytical testing.,SYNTHETIC,,,true,,SCN-PHYS-1174,Medium,synthetic-design,AUDIT-cases-CASE-01174
CASE-01175,Synthetic investigation 1175,mixed,closed,2025-06-04T17:09:03,Synthetic investigation case for TraceX analytical testing.,SYNTHETIC,,,true,,SCN-MIXED-1175,Medium,synthetic-design,AUDIT-cases-CASE-01175
CASE-01176,Synthetic investigation 1176,financial,closed,2024-11-17T19:23:06,Synthetic investigation case for TraceX analytical testing.,SYNTHETIC,,,true,,SCN-FIN-1176,Medium,synthetic-design,AUDIT-cases-CASE-01176
CASE-01177,Synthetic investigation 1177,communication,closed,2025-01-13T17:02:33,Synthetic investigation case for TraceX analytical testing.,SYNTHETIC,,,true,,SCN-COM-1177,Medium,synthetic-design,AUDIT-cases-CASE-01177
CASE-01178,Synthetic investigation 1178,cyber,review,2024-12-09T16:43:48,Synthetic investigation case for TraceX analytical testing.,SYNTHETIC,,,true,,SCN-CYBER-1178,Medium,synthetic-design,AUDIT-cases-CASE-01178
CASE-01179,Synthetic investigation 1179,physical,closed,2024-02-14T05:02:25,Synthetic investigation case for TraceX analytical testing.,SYNTHETIC,,,true,,SCN-PHYS-1179,Medium,synthetic-design,AUDIT-cases-CASE-01179
CASE-01180,Synthetic investigation 1180,mixed,review,2024-11-01T20:06:40,Synthetic investigation case for TraceX analytical testing.,SYNTHETIC,,,true,,SCN-MIXED-1180,Medium,synthetic-design,AUDIT-cases-CASE-01180
CASE-01181,Synthetic investigation 1181,financial,open,2024-09-17T14:48:46,Synthetic investigation case for TraceX analytical testing.,SYNTHETIC,,,true,,SCN-FIN-1181,Medium,synthetic-design,AUDIT-cases-CASE-01181
CASE-01182,Synthetic investigation 1182,communication,closed,2025-04-15T12:39:26,Synthetic investigation case for TraceX analytical testing.,SYNTHETIC,,,true,,SCN-COM-1182,Medium,synthetic-design,AUDIT-cases-CASE-01182
CASE-01183,Synthetic investigation 1183,cyber,review,2024-05-07T14:36:55,Synthetic investigation case for TraceX analytical testing.,SYNTHETIC,,,true,,SCN-CYBER-1183,Medium,synthetic-design,AUDIT-cases-CASE-01183
CASE-01184,Synthetic investigation 1184,physical,open,2025-02-13T01:55:09,Synthetic investigation case for TraceX analytical testing.,SYNTHETIC,,,true,,SCN-PHYS-1184,Medium,synthetic-design,AUDIT-cases-CASE-01184
CASE-01185,Synthetic investigation 1185,mixed,review,2024-10-12T21:21:56,Synthetic investigation case for TraceX analytical testing.,SYNTHETIC,,,true,,SCN-MIXED-1185,Medium,synthetic-design,AUDIT-cases-CASE-01185
CASE-01186,Synthetic investigation 1186,financial,open,2024-12-06T11:51:27,Synthetic investigation case for TraceX analytical testing.,SYNTHETIC,,,true,,SCN-FIN-1186,Medium,synthetic-design,AUDIT-cases-CASE-01186
CASE-01187,Synthetic investigation 1187,communication,closed,2024-03-09T09:33:33,Synthetic investigation case for TraceX analytical testing.,SYNTHETIC,,,true,,SCN-COM-1187,Medium,synthetic-design,AUDIT-cases-CASE-01187
CASE-01188,Synthetic investigation 1188,cyber,closed,2024-08-14T00:55:41,Synthetic investigation case for TraceX analytical testing.,SYNTHETIC,,,true,,SCN-CYBER-1188,Medium,synthetic-design,AUDIT-cases-CASE-01188
CASE-01189,Synthetic investigation 1189,physical,closed,2025-02-11T21:11:15,Synthetic investigation case for TraceX analytical testing.,SYNTHETIC,,,true,,SCN-PHYS-1189,Medium,synthetic-design,AUDIT-cases-CASE-01189
CASE-01190,Synthetic investigation 1190,mixed,open,2025-01-09T10:36:32,Synthetic investigation case for TraceX analytical testing.,SYNTHETIC,,,true,,SCN-MIXED-1190,Medium,synthetic-design,AUDIT-cases-CASE-01190
CASE-01191,Synthetic investigation 1191,financial,open,2024-06-28T23:49:10,Synthetic investigation case for TraceX analytical testing.,SYNTHETIC,,,true,,SCN-FIN-1191,Medium,synthetic-design,AUDIT-cases-CASE-01191
CASE-01192,Synthetic investigation 1192,communication,closed,2024-01-13T10:37:17,Synthetic investigation case for TraceX analytical testing.,SYNTHETIC,,,true,,SCN-COM-1192,Medium,synthetic-design,AUDIT-cases-CASE-01192
CASE-01193,Synthetic investigation 1193,cyber,closed,2024-04-28T19:47:58,Synthetic investigation case for TraceX analytical testing.,SYNTHETIC,,,true,,SCN-CYBER-1193,Medium,synthetic-design,AUDIT-cases-CASE-01193
CASE-01194,Synthetic investigation 1194,physical,open,2024-10-17T13:45:52,Synthetic investigation case for TraceX analytical testing.,SYNTHETIC,,,true,,SCN-PHYS-1194,Medium,synthetic-design,AUDIT-cases-CASE-01194
CASE-01195,Synthetic investigation 1195,mixed,closed,2024-07-05T09:32:44,Synthetic investigation case for TraceX analytical testing.,SYNTHETIC,,,true,,SCN-MIXED-1195,Medium,synthetic-design,AUDIT-cases-CASE-01195
CASE-01196,Synthetic investigation 1196,financial,closed,2025-04-26T16:41:17,Synthetic investigation case for TraceX analytical testing.,SYNTHETIC,,,true,,SCN-FIN-1196,Medium,synthetic-design,AUDIT-cases-CASE-01196
CASE-01197,Synthetic investigation 1197,communication,open,2024-03-06T10:46:58,Synthetic investigation case for TraceX analytical testing.,SYNTHETIC,,,true,,SCN-COM-1197,Medium,synthetic-design,AUDIT-cases-CASE-01197
CASE-01198,Synthetic investigation 1198,cyber,closed,2025-07-08T15:58:39,Synthetic investigation case for TraceX analytical testing.,SYNTHETIC,,,true,,SCN-CYBER-1198,Medium,synthetic-design,AUDIT-cases-CASE-01198
CASE-01199,Synthetic investigation 1199,physical,open,2024-05-08T19:56:42,Synthetic investigation case for TraceX analytical testing.,SYNTHETIC,,,true,,SCN-PHYS-1199,Medium,synthetic-design,AUDIT-cases-CASE-01199
CASE-01200,Synthetic investigation 1200,mixed,review,2024-01-03T00:21:24,Synthetic investigation case for TraceX analytical testing.,SYNTHETIC,,,true,,SCN-MIXED-1200,Medium,synthetic-design,AUDIT-cases-CASE-01200
CASE-01201,Synthetic investigation 1201,financial,open,2024-11-24T05:40:51,Synthetic investigation case for TraceX analytical testing.,SYNTHETIC,,,true,,SCN-FIN-1201,Medium,synthetic-design,AUDIT-cases-CASE-01201
CASE-01202,Synthetic investigation 1202,communication,open,2024-12-07T14:30:46,Synthetic investigation case for TraceX analytical testing.,SYNTHETIC,,,true,,SCN-COM-1202,Medium,synthetic-design,AUDIT-cases-CASE-01202
CASE-01203,Synthetic investigation 1203,cyber,open,2024-12-10T02:56:00,Synthetic investigation case for TraceX analytical testing.,SYNTHETIC,,,true,,SCN-CYBER-1203,Medium,synthetic-design,AUDIT-cases-CASE-01203
CASE-01204,Synthetic investigation 1204,physical,review,2025-01-20T14:11:34,Synthetic investigation case for TraceX analytical testing.,SYNTHETIC,,,true,,SCN-PHYS-1204,Medium,synthetic-design,AUDIT-cases-CASE-01204
CASE-01205,Synthetic investigation 1205,mixed,closed,2024-05-11T02:09:06,Synthetic investigation case for TraceX analytical testing.,SYNTHETIC,,,true,,SCN-MIXED-1205,Medium,synthetic-design,AUDIT-cases-CASE-01205
CASE-01206,Synthetic investigation 1206,financial,closed,2025-02-21T23:09:21,Synthetic investigation case for TraceX analytical testing.,SYNTHETIC,,,true,,SCN-FIN-1206,Medium,synthetic-design,AUDIT-cases-CASE-01206
CASE-01207,Synthetic investigation 1207,communication,closed,2024-11-09T18:09:12,Synthetic investigation case for TraceX analytical testing.,SYNTHETIC,,,true,,SCN-COM-1207,Medium,synthetic-design,AUDIT-cases-CASE-01207
CASE-01208,Synthetic investigation 1208,cyber,review,2024-03-09T11:04:11,Synthetic investigation case for TraceX analytical testing.,SYNTHETIC,,,true,,SCN-CYBER-1208,Medium,synthetic-design,AUDIT-cases-CASE-01208
CASE-01209,Synthetic investigation 1209,physical,open,2025-04-03T02:50:57,Synthetic investigation case for TraceX analytical testing.,SYNTHETIC,,,true,,SCN-PHYS-1209,Medium,synthetic-design,AUDIT-cases-CASE-01209
CASE-01210,Synthetic investigation 1210,mixed,open,2025-05-28T14:33:14,Synthetic investigation case for TraceX analytical testing.,SYNTHETIC,,,true,,SCN-MIXED-1210,Medium,synthetic-design,AUDIT-cases-CASE-01210
CASE-01211,Synthetic investigation 1211,financial,closed,2024-04-19T14:45:31,Synthetic investigation case for TraceX analytical testing.,SYNTHETIC,,,true,,SCN-FIN-1211,Medium,synthetic-design,AUDIT-cases-CASE-01211
CASE-01212,Synthetic investigation 1212,communication,closed,2024-07-03T05:42:06,Synthetic investigation case for TraceX analytical testing.,SYNTHETIC,,,true,,SCN-COM-1212,Medium,synthetic-design,AUDIT-cases-CASE-01212
CASE-01213,Synthetic investigation 1213,cyber,review,2025-04-29T18:57:56,Synthetic investigation case for TraceX analytical testing.,SYNTHETIC,,,true,,SCN-CYBER-1213,Medium,synthetic-design,AUDIT-cases-CASE-01213
CASE-01214,Synthetic investigation 1214,physical,open,2024-01-31T11:00:56,Synthetic investigation case for TraceX analytical testing.,SYNTHETIC,,,true,,SCN-PHYS-1214,Medium,synthetic-design,AUDIT-cases-CASE-01214
CASE-01215,Synthetic investigation 1215,mixed,open,2025-06-20T17:42:37,Synthetic investigation case for TraceX analytical testing.,SYNTHETIC,,,true,,SCN-MIXED-1215,Medium,synthetic-design,AUDIT-cases-CASE-01215
CASE-01216,Synthetic investigation 1216,financial,review,2024-03-08T01:50:02,Synthetic investigation case for TraceX analytical testing.,SYNTHETIC,,,true,,SCN-FIN-1216,Medium,synthetic-design,AUDIT-cases-CASE-01216
CASE-01217,Synthetic investigation 1217,communication,open,2025-04-13T02:17:57,Synthetic investigation case for TraceX analytical testing.,SYNTHETIC,,,true,,SCN-COM-1217,Medium,synthetic-design,AUDIT-cases-CASE-01217
CASE-01218,Synthetic investigation 1218,cyber,review,2025-05-23T07:22:47,Synthetic investigation case for TraceX analytical testing.,SYNTHETIC,,,true,,SCN-CYBER-1218,Medium,synthetic-design,AUDIT-cases-CASE-01218
CASE-01219,Synthetic investigation 1219,physical,closed,2024-03-06T14:38:36,Synthetic investigation case for TraceX analytical testing.,SYNTHETIC,,,true,,SCN-PHYS-1219,Medium,synthetic-design,AUDIT-cases-CASE-01219
CASE-01220,Synthetic investigation 1220,mixed,open,2024-10-05T17:37:57,Synthetic investigation case for TraceX analytical testing.,SYNTHETIC,,,true,,SCN-MIXED-1220,Medium,synthetic-design,AUDIT-cases-CASE-01220
CASE-01221,Synthetic investigation 1221,financial,review,2025-02-20T06:26:25,Synthetic investigation case for TraceX analytical testing.,SYNTHETIC,,,true,,SCN-FIN-1221,Medium,synthetic-design,AUDIT-cases-CASE-01221
CASE-01222,Synthetic investigation 1222,communication,review,2025-05-17T08:21:21,Synthetic investigation case for TraceX analytical testing.,SYNTHETIC,,,true,,SCN-COM-1222,Medium,synthetic-design,AUDIT-cases-CASE-01222
CASE-01223,Synthetic investigation 1223,cyber,closed,2025-03-13T23:00:13,Synthetic investigation case for TraceX analytical testing.,SYNTHETIC,,,true,,SCN-CYBER-1223,Medium,synthetic-design,AUDIT-cases-CASE-01223
CASE-01224,Synthetic investigation 1224,physical,review,2024-08-22T11:29:34,Synthetic investigation case for TraceX analytical testing.,SYNTHETIC,,,true,,SCN-PHYS-1224,Medium,synthetic-design,AUDIT-cases-CASE-01224
CASE-01225,Synthetic investigation 1225,mixed,closed,2024-12-15T18:25:39,Synthetic investigation case for TraceX analytical testing.,SYNTHETIC,,,true,,SCN-MIXED-1225,Medium,synthetic-design,AUDIT-cases-CASE-01225
CASE-01226,Synthetic investigation 1226,financial,review,2024-06-01T00:21:55,Synthetic investigation case for TraceX analytical testing.,SYNTHETIC,,,true,,SCN-FIN-1226,Medium,synthetic-design,AUDIT-cases-CASE-01226
CASE-01227,Synthetic investigation 1227,communication,open,2024-02-02T22:28:52,Synthetic investigation case for TraceX analytical testing.,SYNTHETIC,,,true,,SCN-COM-1227,Medium,synthetic-design,AUDIT-cases-CASE-01227
CASE-01228,Synthetic investigation 1228,cyber,closed,2025-04-02T10:08:10,Synthetic investigation case for TraceX analytical testing.,SYNTHETIC,,,true,,SCN-CYBER-1228,Medium,synthetic-design,AUDIT-cases-CASE-01228
CASE-01229,Synthetic investigation 1229,physical,open,2024-03-24T02:36:55,Synthetic investigation case for TraceX analytical testing.,SYNTHETIC,,,true,,SCN-PHYS-1229,Medium,synthetic-design,AUDIT-cases-CASE-01229
CASE-01230,Synthetic investigation 1230,mixed,closed,2024-10-17T07:15:44,Synthetic investigation case for TraceX analytical testing.,SYNTHETIC,,,true,,SCN-MIXED-1230,Medium,synthetic-design,AUDIT-cases-CASE-01230
CASE-01231,Synthetic investigation 1231,financial,closed,2024-08-02T18:03:58,Synthetic investigation case for TraceX analytical testing.,SYNTHETIC,,,true,,SCN-FIN-1231,Medium,synthetic-design,AUDIT-cases-CASE-01231
CASE-01232,Synthetic investigation 1232,communication,closed,2025-03-10T13:34:56,Synthetic investigation case for TraceX analytical testing.,SYNTHETIC,,,true,,SCN-COM-1232,Medium,synthetic-design,AUDIT-cases-CASE-01232
CASE-01233,Synthetic investigation 1233,cyber,open,2025-01-12T21:38:08,Synthetic investigation case for TraceX analytical testing.,SYNTHETIC,,,true,,SCN-CYBER-1233,Medium,synthetic-design,AUDIT-cases-CASE-01233
CASE-01234,Synthetic investigation 1234,physical,closed,2024-11-27T02:07:56,Synthetic investigation case for TraceX analytical testing.,SYNTHETIC,,,true,,SCN-PHYS-1234,Medium,synthetic-design,AUDIT-cases-CASE-01234
CASE-01235,Synthetic investigation 1235,mixed,open,2025-01-10T22:16:55,Synthetic investigation case for TraceX analytical testing.,SYNTHETIC,,,true,,SCN-MIXED-1235,Medium,synthetic-design,AUDIT-cases-CASE-01235
CASE-01236,Synthetic investigation 1236,financial,open,2025-06-28T15:29:09,Synthetic investigation case for TraceX analytical testing.,SYNTHETIC,,,true,,SCN-FIN-1236,Medium,synthetic-design,AUDIT-cases-CASE-01236
CASE-01237,Synthetic investigation 1237,communication,open,2024-04-11T08:02:34,Synthetic investigation case for TraceX analytical testing.,SYNTHETIC,,,true,,SCN-COM-1237,Medium,synthetic-design,AUDIT-cases-CASE-01237
CASE-01238,Synthetic investigation 1238,cyber,closed,2025-04-07T22:39:59,Synthetic investigation case for TraceX analytical testing.,SYNTHETIC,,,true,,SCN-CYBER-1238,Medium,synthetic-design,AUDIT-cases-CASE-01238
CASE-01239,Synthetic investigation 1239,physical,open,2024-03-23T11:31:12,Synthetic investigation case for TraceX analytical testing.,SYNTHETIC,,,true,,SCN-PHYS-1239,Medium,synthetic-design,AUDIT-cases-CASE-01239
CASE-01240,Synthetic investigation 1240,mixed,open,2024-07-24T20:39:25,Synthetic investigation case for TraceX analytical testing.,SYNTHETIC,,,true,,SCN-MIXED-1240,Medium,synthetic-design,AUDIT-cases-CASE-01240
CASE-01241,Synthetic investigation 1241,financial,review,2024-11-27T04:20:36,Synthetic investigation case for TraceX analytical testing.,SYNTHETIC,,,true,,SCN-FIN-1241,Medium,synthetic-design,AUDIT-cases-CASE-01241
CASE-01242,Synthetic investigation 1242,communication,open,2024-12-29T08:13:00,Synthetic investigation case for TraceX analytical testing.,SYNTHETIC,,,true,,SCN-COM-1242,Medium,synthetic-design,AUDIT-cases-CASE-01242
CASE-01243,Synthetic investigation 1243,cyber,closed,2024-04-05T13:57:04,Synthetic investigation case for TraceX analytical testing.,SYNTHETIC,,,true,,SCN-CYBER-1243,Medium,synthetic-design,AUDIT-cases-CASE-01243
CASE-01244,Synthetic investigation 1244,physical,review,2024-09-10T13:32:51,Synthetic investigation case for TraceX analytical testing.,SYNTHETIC,,,true,,SCN-PHYS-1244,Medium,synthetic-design,AUDIT-cases-CASE-01244
CASE-01245,Synthetic investigation 1245,mixed,closed,2025-02-20T17:39:12,Synthetic investigation case for TraceX analytical testing.,SYNTHETIC,,,true,,SCN-MIXED-1245,Medium,synthetic-design,AUDIT-cases-CASE-01245
CASE-01246,Synthetic investigation 1246,financial,closed,2025-07-27T00:23:48,Synthetic investigation case for TraceX analytical testing.,SYNTHETIC,,,true,,SCN-FIN-1246,Medium,synthetic-design,AUDIT-cases-CASE-01246
CASE-01247,Synthetic investigation 1247,communication,open,2024-08-10T06:30:32,Synthetic investigation case for TraceX analytical testing.,SYNTHETIC,,,true,,SCN-COM-1247,Medium,synthetic-design,AUDIT-cases-CASE-01247
CASE-01248,Synthetic investigation 1248,cyber,open,2024-12-23T23:14:57,Synthetic investigation case for TraceX analytical testing.,SYNTHETIC,,,true,,SCN-CYBER-1248,Medium,synthetic-design,AUDIT-cases-CASE-01248
CASE-01249,Synthetic investigation 1249,physical,closed,2025-03-25T14:37:39,Synthetic investigation case for TraceX analytical testing.,SYNTHETIC,,,true,,SCN-PHYS-1249,Medium,synthetic-design,AUDIT-cases-CASE-01249
CASE-01250,Synthetic investigation 1250,mixed,closed,2024-10-14T07:51:18,Synthetic investigation case for TraceX analytical testing.,SYNTHETIC,,,true,,SCN-MIXED-1250,Medium,synthetic-design,AUDIT-cases-CASE-01250
CASE-01251,Synthetic investigation 1251,financial,open,2025-03-17T06:05:30,Synthetic investigation case for TraceX analytical testing.,SYNTHETIC,,,true,,SCN-FIN-1251,Medium,synthetic-design,AUDIT-cases-CASE-01251
CASE-01252,Synthetic investigation 1252,communication,closed,2024-10-03T22:11:15,Synthetic investigation case for TraceX analytical testing.,SYNTHETIC,,,true,,SCN-COM-1252,Medium,synthetic-design,AUDIT-cases-CASE-01252
CASE-01253,Synthetic investigation 1253,cyber,review,2024-01-31T00:25:14,Synthetic investigation case for TraceX analytical testing.,SYNTHETIC,,,true,,SCN-CYBER-1253,Medium,synthetic-design,AUDIT-cases-CASE-01253
CASE-01254,Synthetic investigation 1254,physical,review,2024-08-24T18:45:36,Synthetic investigation case for TraceX analytical testing.,SYNTHETIC,,,true,,SCN-PHYS-1254,Medium,synthetic-design,AUDIT-cases-CASE-01254
CASE-01255,Synthetic investigation 1255,mixed,closed,2025-02-03T19:43:09,Synthetic investigation case for TraceX analytical testing.,SYNTHETIC,,,true,,SCN-MIXED-1255,Medium,synthetic-design,AUDIT-cases-CASE-01255
CASE-01256,Synthetic investigation 1256,financial,review,2025-05-30T12:41:56,Synthetic investigation case for TraceX analytical testing.,SYNTHETIC,,,true,,SCN-FIN-1256,Medium,synthetic-design,AUDIT-cases-CASE-01256
CASE-01257,Synthetic investigation 1257,communication,review,2024-10-17T12:24:10,Synthetic investigation case for TraceX analytical testing.,SYNTHETIC,,,true,,SCN-COM-1257,Medium,synthetic-design,AUDIT-cases-CASE-01257
CASE-01258,Synthetic investigation 1258,cyber,closed,2024-04-10T17:09:23,Synthetic investigation case for TraceX analytical testing.,SYNTHETIC,,,true,,SCN-CYBER-1258,Medium,synthetic-design,AUDIT-cases-CASE-01258
CASE-01259,Synthetic investigation 1259,physical,closed,2024-07-15T07:24:04,Synthetic investigation case for TraceX analytical testing.,SYNTHETIC,,,true,,SCN-PHYS-1259,Medium,synthetic-design,AUDIT-cases-CASE-01259
CASE-01260,Synthetic investigation 1260,mixed,review,2024-11-23T11:38:31,Synthetic investigation case for TraceX analytical testing.,SYNTHETIC,,,true,,SCN-MIXED-1260,Medium,synthetic-design,AUDIT-cases-CASE-01260
CASE-01261,Synthetic investigation 1261,financial,open,2024-01-01T20:38:31,Synthetic investigation case for TraceX analytical testing.,SYNTHETIC,,,true,,SCN-FIN-1261,Medium,synthetic-design,AUDIT-cases-CASE-01261
CASE-01262,Synthetic investigation 1262,communication,closed,2024-10-01T11:25:10,Synthetic investigation case for TraceX analytical testing.,SYNTHETIC,,,true,,SCN-COM-1262,Medium,synthetic-design,AUDIT-cases-CASE-01262
CASE-01263,Synthetic investigation 1263,cyber,review,2025-04-22T01:55:16,Synthetic investigation case for TraceX analytical testing.,SYNTHETIC,,,true,,SCN-CYBER-1263,Medium,synthetic-design,AUDIT-cases-CASE-01263
CASE-01264,Synthetic investigation 1264,physical,closed,2024-05-23T08:19:43,Synthetic investigation case for TraceX analytical testing.,SYNTHETIC,,,true,,SCN-PHYS-1264,Medium,synthetic-design,AUDIT-cases-CASE-01264
CASE-01265,Synthetic investigation 1265,mixed,review,2025-06-15T21:24:42,Synthetic investigation case for TraceX analytical testing.,SYNTHETIC,,,true,,SCN-MIXED-1265,Medium,synthetic-design,AUDIT-cases-CASE-01265
CASE-01266,Synthetic investigation 1266,financial,review,2024-07-12T04:55:36,Synthetic investigation case for TraceX analytical testing.,SYNTHETIC,,,true,,SCN-FIN-1266,Medium,synthetic-design,AUDIT-cases-CASE-01266
CASE-01267,Synthetic investigation 1267,communication,open,2024-01-25T10:17:12,Synthetic investigation case for TraceX analytical testing.,SYNTHETIC,,,true,,SCN-COM-1267,Medium,synthetic-design,AUDIT-cases-CASE-01267
CASE-01268,Synthetic investigation 1268,cyber,closed,2024-06-10T13:31:56,Synthetic investigation case for TraceX analytical testing.,SYNTHETIC,,,true,,SCN-CYBER-1268,Medium,synthetic-design,AUDIT-cases-CASE-01268
CASE-01269,Synthetic investigation 1269,physical,open,2025-01-09T11:47:47,Synthetic investigation case for TraceX analytical testing.,SYNTHETIC,,,true,,SCN-PHYS-1269,Medium,synthetic-design,AUDIT-cases-CASE-01269
CASE-01270,Synthetic investigation 1270,mixed,closed,2024-09-25T20:04:06,Synthetic investigation case for TraceX analytical testing.,SYNTHETIC,,,true,,SCN-MIXED-1270,Medium,synthetic-design,AUDIT-cases-CASE-01270
CASE-01271,Synthetic investigation 1271,financial,open,2024-06-28T08:25:41,Synthetic investigation case for TraceX analytical testing.,SYNTHETIC,,,true,,SCN-FIN-1271,Medium,synthetic-design,AUDIT-cases-CASE-01271
CASE-01272,Synthetic investigation 1272,communication,open,2025-03-11T18:39:19,Synthetic investigation case for TraceX analytical testing.,SYNTHETIC,,,true,,SCN-COM-1272,Medium,synthetic-design,AUDIT-cases-CASE-01272
CASE-01273,Synthetic investigation 1273,cyber,closed,2024-06-04T17:09:53,Synthetic investigation case for TraceX analytical testing.,SYNTHETIC,,,true,,SCN-CYBER-1273,Medium,synthetic-design,AUDIT-cases-CASE-01273
CASE-01274,Synthetic investigation 1274,physical,open,2024-02-23T01:08:54,Synthetic investigation case for TraceX analytical testing.,SYNTHETIC,,,true,,SCN-PHYS-1274,Medium,synthetic-design,AUDIT-cases-CASE-01274
CASE-01275,Synthetic investigation 1275,mixed,review,2024-03-03T04:12:09,Synthetic investigation case for TraceX analytical testing.,SYNTHETIC,,,true,,SCN-MIXED-1275,Medium,synthetic-design,AUDIT-cases-CASE-01275
CASE-01276,Synthetic investigation 1276,financial,open,2024-04-08T23:59:01,Synthetic investigation case for TraceX analytical testing.,SYNTHETIC,,,true,,SCN-FIN-1276,Medium,synthetic-design,AUDIT-cases-CASE-01276
CASE-01277,Synthetic investigation 1277,communication,open,2024-12-05T04:17:25,Synthetic investigation case for TraceX analytical testing.,SYNTHETIC,,,true,,SCN-COM-1277,Medium,synthetic-design,AUDIT-cases-CASE-01277
CASE-01278,Synthetic investigation 1278,cyber,open,2024-07-07T03:12:04,Synthetic investigation case for TraceX analytical testing.,SYNTHETIC,,,true,,SCN-CYBER-1278,Medium,synthetic-design,AUDIT-cases-CASE-01278
CASE-01279,Synthetic investigation 1279,physical,review,2025-03-24T20:07:23,Synthetic investigation case for TraceX analytical testing.,SYNTHETIC,,,true,,SCN-PHYS-1279,Medium,synthetic-design,AUDIT-cases-CASE-01279
CASE-01280,Synthetic investigation 1280,mixed,open,2024-01-19T21:01:28,Synthetic investigation case for TraceX analytical testing.,SYNTHETIC,,,true,,SCN-MIXED-1280,Medium,synthetic-design,AUDIT-cases-CASE-01280
CASE-01281,Synthetic investigation 1281,financial,closed,2024-02-20T07:57:22,Synthetic investigation case for TraceX analytical testing.,SYNTHETIC,,,true,,SCN-FIN-1281,Medium,synthetic-design,AUDIT-cases-CASE-01281
CASE-01282,Synthetic investigation 1282,communication,closed,2024-04-09T08:39:33,Synthetic investigation case for TraceX analytical testing.,SYNTHETIC,,,true,,SCN-COM-1282,Medium,synthetic-design,AUDIT-cases-CASE-01282
CASE-01283,Synthetic investigation 1283,cyber,review,2024-01-06T02:15:54,Synthetic investigation case for TraceX analytical testing.,SYNTHETIC,,,true,,SCN-CYBER-1283,Medium,synthetic-design,AUDIT-cases-CASE-01283
CASE-01284,Synthetic investigation 1284,physical,open,2025-01-01T07:39:23,Synthetic investigation case for TraceX analytical testing.,SYNTHETIC,,,true,,SCN-PHYS-1284,Medium,synthetic-design,AUDIT-cases-CASE-01284
CASE-01285,Synthetic investigation 1285,mixed,open,2025-06-05T17:12:02,Synthetic investigation case for TraceX analytical testing.,SYNTHETIC,,,true,,SCN-MIXED-1285,Medium,synthetic-design,AUDIT-cases-CASE-01285
CASE-01286,Synthetic investigation 1286,financial,open,2024-11-01T23:09:19,Synthetic investigation case for TraceX analytical testing.,SYNTHETIC,,,true,,SCN-FIN-1286,Medium,synthetic-design,AUDIT-cases-CASE-01286
CASE-01287,Synthetic investigation 1287,communication,review,2024-10-27T15:22:00,Synthetic investigation case for TraceX analytical testing.,SYNTHETIC,,,true,,SCN-COM-1287,Medium,synthetic-design,AUDIT-cases-CASE-01287
CASE-01288,Synthetic investigation 1288,cyber,review,2024-01-17T19:37:30,Synthetic investigation case for TraceX analytical testing.,SYNTHETIC,,,true,,SCN-CYBER-1288,Medium,synthetic-design,AUDIT-cases-CASE-01288
CASE-01289,Synthetic investigation 1289,physical,open,2024-05-22T09:50:04,Synthetic investigation case for TraceX analytical testing.,SYNTHETIC,,,true,,SCN-PHYS-1289,Medium,synthetic-design,AUDIT-cases-CASE-01289
CASE-01290,Synthetic investigation 1290,mixed,review,2024-10-13T00:22:02,Synthetic investigation case for TraceX analytical testing.,SYNTHETIC,,,true,,SCN-MIXED-1290,Medium,synthetic-design,AUDIT-cases-CASE-01290
CASE-01291,Synthetic investigation 1291,financial,open,2024-03-29T09:37:10,Synthetic investigation case for TraceX analytical testing.,SYNTHETIC,,,true,,SCN-FIN-1291,Medium,synthetic-design,AUDIT-cases-CASE-01291
CASE-01292,Synthetic investigation 1292,communication,review,2024-10-04T03:51:23,Synthetic investigation case for TraceX analytical testing.,SYNTHETIC,,,true,,SCN-COM-1292,Medium,synthetic-design,AUDIT-cases-CASE-01292
CASE-01293,Synthetic investigation 1293,cyber,review,2024-08-14T20:57:56,Synthetic investigation case for TraceX analytical testing.,SYNTHETIC,,,true,,SCN-CYBER-1293,Medium,synthetic-design,AUDIT-cases-CASE-01293
CASE-01294,Synthetic investigation 1294,physical,open,2025-03-12T08:56:32,Synthetic investigation case for TraceX analytical testing.,SYNTHETIC,,,true,,SCN-PHYS-1294,Medium,synthetic-design,AUDIT-cases-CASE-01294
CASE-01295,Synthetic investigation 1295,mixed,review,2025-04-06T01:53:16,Synthetic investigation case for TraceX analytical testing.,SYNTHETIC,,,true,,SCN-MIXED-1295,Medium,synthetic-design,AUDIT-cases-CASE-01295
CASE-01296,Synthetic investigation 1296,financial,review,2024-10-26T14:42:28,Synthetic investigation case for TraceX analytical testing.,SYNTHETIC,,,true,,SCN-FIN-1296,Medium,synthetic-design,AUDIT-cases-CASE-01296
CASE-01297,Synthetic investigation 1297,communication,review,2024-09-24T13:10:52,Synthetic investigation case for TraceX analytical testing.,SYNTHETIC,,,true,,SCN-COM-1297,Medium,synthetic-design,AUDIT-cases-CASE-01297
CASE-01298,Synthetic investigation 1298,cyber,closed,2024-07-09T15:32:35,Synthetic investigation case for TraceX analytical testing.,SYNTHETIC,,,true,,SCN-CYBER-1298,Medium,synthetic-design,AUDIT-cases-CASE-01298
CASE-01299,Synthetic investigation 1299,physical,review,2024-02-27T11:23:42,Synthetic investigation case for TraceX analytical testing.,SYNTHETIC,,,true,,SCN-PHYS-1299,Medium,synthetic-design,AUDIT-cases-CASE-01299
CASE-01300,Synthetic investigation 1300,mixed,open,2025-02-05T14:05:54,Synthetic investigation case for TraceX analytical testing.,SYNTHETIC,,,true,,SCN-MIXED-1300,Medium,synthetic-design,AUDIT-cases-CASE-01300
CASE-01301,Synthetic investigation 1301,financial,closed,2024-11-19T23:26:33,Synthetic investigation case for TraceX analytical testing.,SYNTHETIC,,,true,,SCN-FIN-1301,Medium,synthetic-design,AUDIT-cases-CASE-01301
CASE-01302,Synthetic investigation 1302,communication,review,2024-12-06T06:07:18,Synthetic investigation case for TraceX analytical testing.,SYNTHETIC,,,true,,SCN-COM-1302,Medium,synthetic-design,AUDIT-cases-CASE-01302
CASE-01303,Synthetic investigation 1303,cyber,closed,2024-04-09T16:07:23,Synthetic investigation case for TraceX analytical testing.,SYNTHETIC,,,true,,SCN-CYBER-1303,Medium,synthetic-design,AUDIT-cases-CASE-01303
CASE-01304,Synthetic investigation 1304,physical,review,2025-07-24T12:22:00,Synthetic investigation case for TraceX analytical testing.,SYNTHETIC,,,true,,SCN-PHYS-1304,Medium,synthetic-design,AUDIT-cases-CASE-01304
CASE-01305,Synthetic investigation 1305,mixed,closed,2024-02-06T14:55:38,Synthetic investigation case for TraceX analytical testing.,SYNTHETIC,,,true,,SCN-MIXED-1305,Medium,synthetic-design,AUDIT-cases-CASE-01305
CASE-01306,Synthetic investigation 1306,financial,open,2024-04-04T01:59:07,Synthetic investigation case for TraceX analytical testing.,SYNTHETIC,,,true,,SCN-FIN-1306,Medium,synthetic-design,AUDIT-cases-CASE-01306
CASE-01307,Synthetic investigation 1307,communication,closed,2025-07-26T08:41:07,Synthetic investigation case for TraceX analytical testing.,SYNTHETIC,,,true,,SCN-COM-1307,Medium,synthetic-design,AUDIT-cases-CASE-01307
CASE-01308,Synthetic investigation 1308,cyber,review,2024-09-19T18:18:06,Synthetic investigation case for TraceX analytical testing.,SYNTHETIC,,,true,,SCN-CYBER-1308,Medium,synthetic-design,AUDIT-cases-CASE-01308
CASE-01309,Synthetic investigation 1309,physical,review,2025-07-14T12:33:22,Synthetic investigation case for TraceX analytical testing.,SYNTHETIC,,,true,,SCN-PHYS-1309,Medium,synthetic-design,AUDIT-cases-CASE-01309
CASE-01310,Synthetic investigation 1310,mixed,review,2025-04-19T21:05:37,Synthetic investigation case for TraceX analytical testing.,SYNTHETIC,,,true,,SCN-MIXED-1310,Medium,synthetic-design,AUDIT-cases-CASE-01310
CASE-01311,Synthetic investigation 1311,financial,review,2025-01-23T08:15:07,Synthetic investigation case for TraceX analytical testing.,SYNTHETIC,,,true,,SCN-FIN-1311,Medium,synthetic-design,AUDIT-cases-CASE-01311
CASE-01312,Synthetic investigation 1312,communication,open,2025-03-01T16:16:17,Synthetic investigation case for TraceX analytical testing.,SYNTHETIC,,,true,,SCN-COM-1312,Medium,synthetic-design,AUDIT-cases-CASE-01312
CASE-01313,Synthetic investigation 1313,cyber,open,2025-05-26T04:29:15,Synthetic investigation case for TraceX analytical testing.,SYNTHETIC,,,true,,SCN-CYBER-1313,Medium,synthetic-design,AUDIT-cases-CASE-01313
CASE-01314,Synthetic investigation 1314,physical,open,2025-03-29T07:49:05,Synthetic investigation case for TraceX analytical testing.,SYNTHETIC,,,true,,SCN-PHYS-1314,Medium,synthetic-design,AUDIT-cases-CASE-01314
CASE-01315,Synthetic investigation 1315,mixed,review,2025-02-14T17:17:41,Synthetic investigation case for TraceX analytical testing.,SYNTHETIC,,,true,,SCN-MIXED-1315,Medium,synthetic-design,AUDIT-cases-CASE-01315
CASE-01316,Synthetic investigation 1316,financial,review,2025-01-28T16:09:28,Synthetic investigation case for TraceX analytical testing.,SYNTHETIC,,,true,,SCN-FIN-1316,Medium,synthetic-design,AUDIT-cases-CASE-01316
CASE-01317,Synthetic investigation 1317,communication,closed,2024-01-25T03:12:00,Synthetic investigation case for TraceX analytical testing.,SYNTHETIC,,,true,,SCN-COM-1317,Medium,synthetic-design,AUDIT-cases-CASE-01317
CASE-01318,Synthetic investigation 1318,cyber,review,2025-07-25T15:42:45,Synthetic investigation case for TraceX analytical testing.,SYNTHETIC,,,true,,SCN-CYBER-1318,Medium,synthetic-design,AUDIT-cases-CASE-01318
CASE-01319,Synthetic investigation 1319,physical,review,2025-07-02T05:45:35,Synthetic investigation case for TraceX analytical testing.,SYNTHETIC,,,true,,SCN-PHYS-1319,Medium,synthetic-design,AUDIT-cases-CASE-01319
CASE-01320,Synthetic investigation 1320,mixed,closed,2024-02-20T19:41:56,Synthetic investigation case for TraceX analytical testing.,SYNTHETIC,,,true,,SCN-MIXED-1320,Medium,synthetic-design,AUDIT-cases-CASE-01320
CASE-01321,Synthetic investigation 1321,financial,closed,2024-09-10T14:00:28,Synthetic investigation case for TraceX analytical testing.,SYNTHETIC,,,true,,SCN-FIN-1321,Medium,synthetic-design,AUDIT-cases-CASE-01321
CASE-01322,Synthetic investigation 1322,communication,review,2025-03-15T04:23:59,Synthetic investigation case for TraceX analytical testing.,SYNTHETIC,,,true,,SCN-COM-1322,Medium,synthetic-design,AUDIT-cases-CASE-01322
CASE-01323,Synthetic investigation 1323,cyber,review,2024-12-24T00:54:24,Synthetic investigation case for TraceX analytical testing.,SYNTHETIC,,,true,,SCN-CYBER-1323,Medium,synthetic-design,AUDIT-cases-CASE-01323
CASE-01324,Synthetic investigation 1324,physical,open,2024-05-11T08:29:21,Synthetic investigation case for TraceX analytical testing.,SYNTHETIC,,,true,,SCN-PHYS-1324,Medium,synthetic-design,AUDIT-cases-CASE-01324
CASE-01325,Synthetic investigation 1325,mixed,closed,2024-03-21T05:14:26,Synthetic investigation case for TraceX analytical testing.,SYNTHETIC,,,true,,SCN-MIXED-1325,Medium,synthetic-design,AUDIT-cases-CASE-01325
CASE-01326,Synthetic investigation 1326,financial,closed,2024-01-06T15:48:15,Synthetic investigation case for TraceX analytical testing.,SYNTHETIC,,,true,,SCN-FIN-1326,Medium,synthetic-design,AUDIT-cases-CASE-01326
CASE-01327,Synthetic investigation 1327,communication,open,2025-06-15T02:01:01,Synthetic investigation case for TraceX analytical testing.,SYNTHETIC,,,true,,SCN-COM-1327,Medium,synthetic-design,AUDIT-cases-CASE-01327
CASE-01328,Synthetic investigation 1328,cyber,open,2025-01-14T08:54:18,Synthetic investigation case for TraceX analytical testing.,SYNTHETIC,,,true,,SCN-CYBER-1328,Medium,synthetic-design,AUDIT-cases-CASE-01328
CASE-01329,Synthetic investigation 1329,physical,open,2025-02-11T18:47:00,Synthetic investigation case for TraceX analytical testing.,SYNTHETIC,,,true,,SCN-PHYS-1329,Medium,synthetic-design,AUDIT-cases-CASE-01329
CASE-01330,Synthetic investigation 1330,mixed,closed,2024-10-09T18:57:33,Synthetic investigation case for TraceX analytical testing.,SYNTHETIC,,,true,,SCN-MIXED-1330,Medium,synthetic-design,AUDIT-cases-CASE-01330
CASE-01331,Synthetic investigation 1331,financial,open,2024-11-28T19:38:16,Synthetic investigation case for TraceX analytical testing.,SYNTHETIC,,,true,,SCN-FIN-1331,Medium,synthetic-design,AUDIT-cases-CASE-01331
CASE-01332,Synthetic investigation 1332,communication,open,2024-01-26T22:44:23,Synthetic investigation case for TraceX analytical testing.,SYNTHETIC,,,true,,SCN-COM-1332,Medium,synthetic-design,AUDIT-cases-CASE-01332
CASE-01333,Synthetic investigation 1333,cyber,closed,2024-06-21T04:07:28,Synthetic investigation case for TraceX analytical testing.,SYNTHETIC,,,true,,SCN-CYBER-1333,Medium,synthetic-design,AUDIT-cases-CASE-01333
CASE-01334,Synthetic investigation 1334,physical,open,2024-05-16T07:45:53,Synthetic investigation case for TraceX analytical testing.,SYNTHETIC,,,true,,SCN-PHYS-1334,Medium,synthetic-design,AUDIT-cases-CASE-01334
CASE-01335,Synthetic investigation 1335,mixed,review,2025-07-25T23:12:11,Synthetic investigation case for TraceX analytical testing.,SYNTHETIC,,,true,,SCN-MIXED-1335,Medium,synthetic-design,AUDIT-cases-CASE-01335
CASE-01336,Synthetic investigation 1336,financial,closed,2024-12-08T02:55:45,Synthetic investigation case for TraceX analytical testing.,SYNTHETIC,,,true,,SCN-FIN-1336,Medium,synthetic-design,AUDIT-cases-CASE-01336
CASE-01337,Synthetic investigation 1337,communication,review,2025-04-04T15:42:42,Synthetic investigation case for TraceX analytical testing.,SYNTHETIC,,,true,,SCN-COM-1337,Medium,synthetic-design,AUDIT-cases-CASE-01337
CASE-01338,Synthetic investigation 1338,cyber,closed,2024-10-11T15:42:27,Synthetic investigation case for TraceX analytical testing.,SYNTHETIC,,,true,,SCN-CYBER-1338,Medium,synthetic-design,AUDIT-cases-CASE-01338
CASE-01339,Synthetic investigation 1339,physical,review,2024-05-15T08:34:45,Synthetic investigation case for TraceX analytical testing.,SYNTHETIC,,,true,,SCN-PHYS-1339,Medium,synthetic-design,AUDIT-cases-CASE-01339
CASE-01340,Synthetic investigation 1340,mixed,review,2024-10-22T18:29:05,Synthetic investigation case for TraceX analytical testing.,SYNTHETIC,,,true,,SCN-MIXED-1340,Medium,synthetic-design,AUDIT-cases-CASE-01340
CASE-01341,Synthetic investigation 1341,financial,closed,2025-03-27T20:01:18,Synthetic investigation case for TraceX analytical testing.,SYNTHETIC,,,true,,SCN-FIN-1341,Medium,synthetic-design,AUDIT-cases-CASE-01341
CASE-01342,Synthetic investigation 1342,communication,closed,2025-01-07T19:22:18,Synthetic investigation case for TraceX analytical testing.,SYNTHETIC,,,true,,SCN-COM-1342,Medium,synthetic-design,AUDIT-cases-CASE-01342
CASE-01343,Synthetic investigation 1343,cyber,review,2024-02-02T22:09:02,Synthetic investigation case for TraceX analytical testing.,SYNTHETIC,,,true,,SCN-CYBER-1343,Medium,synthetic-design,AUDIT-cases-CASE-01343
CASE-01344,Synthetic investigation 1344,physical,open,2025-03-12T12:44:17,Synthetic investigation case for TraceX analytical testing.,SYNTHETIC,,,true,,SCN-PHYS-1344,Medium,synthetic-design,AUDIT-cases-CASE-01344
CASE-01345,Synthetic investigation 1345,mixed,closed,2025-02-02T12:04:41,Synthetic investigation case for TraceX analytical testing.,SYNTHETIC,,,true,,SCN-MIXED-1345,Medium,synthetic-design,AUDIT-cases-CASE-01345
CASE-01346,Synthetic investigation 1346,financial,open,2024-05-05T02:12:03,Synthetic investigation case for TraceX analytical testing.,SYNTHETIC,,,true,,SCN-FIN-1346,Medium,synthetic-design,AUDIT-cases-CASE-01346
CASE-01347,Synthetic investigation 1347,communication,open,2025-06-02T22:51:03,Synthetic investigation case for TraceX analytical testing.,SYNTHETIC,,,true,,SCN-COM-1347,Medium,synthetic-design,AUDIT-cases-CASE-01347
CASE-01348,Synthetic investigation 1348,cyber,review,2024-05-07T09:00:48,Synthetic investigation case for TraceX analytical testing.,SYNTHETIC,,,true,,SCN-CYBER-1348,Medium,synthetic-design,AUDIT-cases-CASE-01348
CASE-01349,Synthetic investigation 1349,physical,open,2025-03-29T17:26:44,Synthetic investigation case for TraceX analytical testing.,SYNTHETIC,,,true,,SCN-PHYS-1349,Medium,synthetic-design,AUDIT-cases-CASE-01349
CASE-01350,Synthetic investigation 1350,mixed,open,2024-10-15T02:26:38,Synthetic investigation case for TraceX analytical testing.,SYNTHETIC,,,true,,SCN-MIXED-1350,Medium,synthetic-design,AUDIT-cases-CASE-01350
CASE-01351,Synthetic investigation 1351,financial,open,2024-05-26T14:59:55,Synthetic investigation case for TraceX analytical testing.,SYNTHETIC,,,true,,SCN-FIN-1351,Medium,synthetic-design,AUDIT-cases-CASE-01351
CASE-01352,Synthetic investigation 1352,communication,open,2025-06-28T03:09:59,Synthetic investigation case for TraceX analytical testing.,SYNTHETIC,,,true,,SCN-COM-1352,Medium,synthetic-design,AUDIT-cases-CASE-01352
CASE-01353,Synthetic investigation 1353,cyber,review,2025-05-26T19:44:54,Synthetic investigation case for TraceX analytical testing.,SYNTHETIC,,,true,,SCN-CYBER-1353,Medium,synthetic-design,AUDIT-cases-CASE-01353
CASE-01354,Synthetic investigation 1354,physical,review,2024-01-09T03:57:25,Synthetic investigation case for TraceX analytical testing.,SYNTHETIC,,,true,,SCN-PHYS-1354,Medium,synthetic-design,AUDIT-cases-CASE-01354
CASE-01355,Synthetic investigation 1355,mixed,review,2024-05-09T03:58:06,Synthetic investigation case for TraceX analytical testing.,SYNTHETIC,,,true,,SCN-MIXED-1355,Medium,synthetic-design,AUDIT-cases-CASE-01355
CASE-01356,Synthetic investigation 1356,financial,open,2025-06-16T16:14:46,Synthetic investigation case for TraceX analytical testing.,SYNTHETIC,,,true,,SCN-FIN-1356,Medium,synthetic-design,AUDIT-cases-CASE-01356
CASE-01357,Synthetic investigation 1357,communication,closed,2025-07-29T05:44:53,Synthetic investigation case for TraceX analytical testing.,SYNTHETIC,,,true,,SCN-COM-1357,Medium,synthetic-design,AUDIT-cases-CASE-01357
CASE-01358,Synthetic investigation 1358,cyber,closed,2024-02-15T06:42:14,Synthetic investigation case for TraceX analytical testing.,SYNTHETIC,,,true,,SCN-CYBER-1358,Medium,synthetic-design,AUDIT-cases-CASE-01358
CASE-01359,Synthetic investigation 1359,physical,review,2025-04-17T16:32:33,Synthetic investigation case for TraceX analytical testing.,SYNTHETIC,,,true,,SCN-PHYS-1359,Medium,synthetic-design,AUDIT-cases-CASE-01359
CASE-01360,Synthetic investigation 1360,mixed,review,2025-01-09T07:24:25,Synthetic investigation case for TraceX analytical testing.,SYNTHETIC,,,true,,SCN-MIXED-1360,Medium,synthetic-design,AUDIT-cases-CASE-01360
CASE-01361,Synthetic investigation 1361,financial,review,2024-08-27T07:00:44,Synthetic investigation case for TraceX analytical testing.,SYNTHETIC,,,true,,SCN-FIN-1361,Medium,synthetic-design,AUDIT-cases-CASE-01361
CASE-01362,Synthetic investigation 1362,communication,review,2025-05-12T02:23:34,Synthetic investigation case for TraceX analytical testing.,SYNTHETIC,,,true,,SCN-COM-1362,Medium,synthetic-design,AUDIT-cases-CASE-01362
CASE-01363,Synthetic investigation 1363,cyber,open,2025-05-04T10:43:53,Synthetic investigation case for TraceX analytical testing.,SYNTHETIC,,,true,,SCN-CYBER-1363,Medium,synthetic-design,AUDIT-cases-CASE-01363
CASE-01364,Synthetic investigation 1364,physical,closed,2024-11-30T10:02:45,Synthetic investigation case for TraceX analytical testing.,SYNTHETIC,,,true,,SCN-PHYS-1364,Medium,synthetic-design,AUDIT-cases-CASE-01364
CASE-01365,Synthetic investigation 1365,mixed,closed,2024-08-20T04:46:47,Synthetic investigation case for TraceX analytical testing.,SYNTHETIC,,,true,,SCN-MIXED-1365,Medium,synthetic-design,AUDIT-cases-CASE-01365
CASE-01366,Synthetic investigation 1366,financial,closed,2024-04-15T08:38:48,Synthetic investigation case for TraceX analytical testing.,SYNTHETIC,,,true,,SCN-FIN-1366,Medium,synthetic-design,AUDIT-cases-CASE-01366
CASE-01367,Synthetic investigation 1367,communication,closed,2025-05-23T06:49:52,Synthetic investigation case for TraceX analytical testing.,SYNTHETIC,,,true,,SCN-COM-1367,Medium,synthetic-design,AUDIT-cases-CASE-01367
CASE-01368,Synthetic investigation 1368,cyber,closed,2024-04-15T12:49:55,Synthetic investigation case for TraceX analytical testing.,SYNTHETIC,,,true,,SCN-CYBER-1368,Medium,synthetic-design,AUDIT-cases-CASE-01368
CASE-01369,Synthetic investigation 1369,physical,open,2024-06-13T09:43:33,Synthetic investigation case for TraceX analytical testing.,SYNTHETIC,,,true,,SCN-PHYS-1369,Medium,synthetic-design,AUDIT-cases-CASE-01369
CASE-01370,Synthetic investigation 1370,mixed,review,2024-01-21T22:10:33,Synthetic investigation case for TraceX analytical testing.,SYNTHETIC,,,true,,SCN-MIXED-1370,Medium,synthetic-design,AUDIT-cases-CASE-01370
CASE-01371,Synthetic investigation 1371,financial,open,2024-07-09T19:16:48,Synthetic investigation case for TraceX analytical testing.,SYNTHETIC,,,true,,SCN-FIN-1371,Medium,synthetic-design,AUDIT-cases-CASE-01371
CASE-01372,Synthetic investigation 1372,communication,open,2025-01-01T05:34:24,Synthetic investigation case for TraceX analytical testing.,SYNTHETIC,,,true,,SCN-COM-1372,Medium,synthetic-design,AUDIT-cases-CASE-01372
CASE-01373,Synthetic investigation 1373,cyber,review,2024-07-17T18:39:31,Synthetic investigation case for TraceX analytical testing.,SYNTHETIC,,,true,,SCN-CYBER-1373,Medium,synthetic-design,AUDIT-cases-CASE-01373
CASE-01374,Synthetic investigation 1374,physical,closed,2024-03-03T11:26:53,Synthetic investigation case for TraceX analytical testing.,SYNTHETIC,,,true,,SCN-PHYS-1374,Medium,synthetic-design,AUDIT-cases-CASE-01374
CASE-01375,Synthetic investigation 1375,mixed,review,2024-05-29T02:21:16,Synthetic investigation case for TraceX analytical testing.,SYNTHETIC,,,true,,SCN-MIXED-1375,Medium,synthetic-design,AUDIT-cases-CASE-01375
CASE-01376,Synthetic investigation 1376,financial,open,2024-04-12T04:28:36,Synthetic investigation case for TraceX analytical testing.,SYNTHETIC,,,true,,SCN-FIN-1376,Medium,synthetic-design,AUDIT-cases-CASE-01376
CASE-01377,Synthetic investigation 1377,communication,review,2024-07-26T12:37:11,Synthetic investigation case for TraceX analytical testing.,SYNTHETIC,,,true,,SCN-COM-1377,Medium,synthetic-design,AUDIT-cases-CASE-01377
CASE-01378,Synthetic investigation 1378,cyber,open,2025-03-13T06:16:11,Synthetic investigation case for TraceX analytical testing.,SYNTHETIC,,,true,,SCN-CYBER-1378,Medium,synthetic-design,AUDIT-cases-CASE-01378
CASE-01379,Synthetic investigation 1379,physical,closed,2025-01-13T12:11:36,Synthetic investigation case for TraceX analytical testing.,SYNTHETIC,,,true,,SCN-PHYS-1379,Medium,synthetic-design,AUDIT-cases-CASE-01379
CASE-01380,Synthetic investigation 1380,mixed,closed,2024-01-23T02:46:33,Synthetic investigation case for TraceX analytical testing.,SYNTHETIC,,,true,,SCN-MIXED-1380,Medium,synthetic-design,AUDIT-cases-CASE-01380
CASE-01381,Synthetic investigation 1381,financial,closed,2024-08-12T17:24:50,Synthetic investigation case for TraceX analytical testing.,SYNTHETIC,,,true,,SCN-FIN-1381,Medium,synthetic-design,AUDIT-cases-CASE-01381
CASE-01382,Synthetic investigation 1382,communication,closed,2024-03-10T02:13:05,Synthetic investigation case for TraceX analytical testing.,SYNTHETIC,,,true,,SCN-COM-1382,Medium,synthetic-design,AUDIT-cases-CASE-01382
CASE-01383,Synthetic investigation 1383,cyber,closed,2025-05-12T13:45:32,Synthetic investigation case for TraceX analytical testing.,SYNTHETIC,,,true,,SCN-CYBER-1383,Medium,synthetic-design,AUDIT-cases-CASE-01383
CASE-01384,Synthetic investigation 1384,physical,open,2024-10-05T20:10:36,Synthetic investigation case for TraceX analytical testing.,SYNTHETIC,,,true,,SCN-PHYS-1384,Medium,synthetic-design,AUDIT-cases-CASE-01384
CASE-01385,Synthetic investigation 1385,mixed,review,2024-04-30T21:17:27,Synthetic investigation case for TraceX analytical testing.,SYNTHETIC,,,true,,SCN-MIXED-1385,Medium,synthetic-design,AUDIT-cases-CASE-01385
CASE-01386,Synthetic investigation 1386,financial,open,2024-11-27T00:07:31,Synthetic investigation case for TraceX analytical testing.,SYNTHETIC,,,true,,SCN-FIN-1386,Medium,synthetic-design,AUDIT-cases-CASE-01386
CASE-01387,Synthetic investigation 1387,communication,closed,2025-07-15T04:23:41,Synthetic investigation case for TraceX analytical testing.,SYNTHETIC,,,true,,SCN-COM-1387,Medium,synthetic-design,AUDIT-cases-CASE-01387
CASE-01388,Synthetic investigation 1388,cyber,review,2024-07-02T11:51:32,Synthetic investigation case for TraceX analytical testing.,SYNTHETIC,,,true,,SCN-CYBER-1388,Medium,synthetic-design,AUDIT-cases-CASE-01388
CASE-01389,Synthetic investigation 1389,physical,open,2024-11-29T00:24:49,Synthetic investigation case for TraceX analytical testing.,SYNTHETIC,,,true,,SCN-PHYS-1389,Medium,synthetic-design,AUDIT-cases-CASE-01389
CASE-01390,Synthetic investigation 1390,mixed,closed,2025-01-24T17:38:07,Synthetic investigation case for TraceX analytical testing.,SYNTHETIC,,,true,,SCN-MIXED-1390,Medium,synthetic-design,AUDIT-cases-CASE-01390
CASE-01391,Synthetic investigation 1391,financial,closed,2025-07-02T16:09:02,Synthetic investigation case for TraceX analytical testing.,SYNTHETIC,,,true,,SCN-FIN-1391,Medium,synthetic-design,AUDIT-cases-CASE-01391
CASE-01392,Synthetic investigation 1392,communication,review,2025-04-05T19:51:23,Synthetic investigation case for TraceX analytical testing.,SYNTHETIC,,,true,,SCN-COM-1392,Medium,synthetic-design,AUDIT-cases-CASE-01392
CASE-01393,Synthetic investigation 1393,cyber,review,2024-09-26T04:29:35,Synthetic investigation case for TraceX analytical testing.,SYNTHETIC,,,true,,SCN-CYBER-1393,Medium,synthetic-design,AUDIT-cases-CASE-01393
CASE-01394,Synthetic investigation 1394,physical,open,2024-02-03T15:40:39,Synthetic investigation case for TraceX analytical testing.,SYNTHETIC,,,true,,SCN-PHYS-1394,Medium,synthetic-design,AUDIT-cases-CASE-01394
CASE-01395,Synthetic investigation 1395,mixed,closed,2025-05-29T06:20:23,Synthetic investigation case for TraceX analytical testing.,SYNTHETIC,,,true,,SCN-MIXED-1395,Medium,synthetic-design,AUDIT-cases-CASE-01395
CASE-01396,Synthetic investigation 1396,financial,review,2025-01-08T02:06:31,Synthetic investigation case for TraceX analytical testing.,SYNTHETIC,,,true,,SCN-FIN-1396,Medium,synthetic-design,AUDIT-cases-CASE-01396
CASE-01397,Synthetic investigation 1397,communication,open,2025-06-15T05:54:08,Synthetic investigation case for TraceX analytical testing.,SYNTHETIC,,,true,,SCN-COM-1397,Medium,synthetic-design,AUDIT-cases-CASE-01397
CASE-01398,Synthetic investigation 1398,cyber,review,2025-03-20T11:28:44,Synthetic investigation case for TraceX analytical testing.,SYNTHETIC,,,true,,SCN-CYBER-1398,Medium,synthetic-design,AUDIT-cases-CASE-01398
CASE-01399,Synthetic investigation 1399,physical,review,2024-04-22T05:39:33,Synthetic investigation case for TraceX analytical testing.,SYNTHETIC,,,true,,SCN-PHYS-1399,Medium,synthetic-design,AUDIT-cases-CASE-01399
CASE-01400,Synthetic investigation 1400,mixed,open,2025-05-26T19:38:21,Synthetic investigation case for TraceX analytical testing.,SYNTHETIC,,,true,,SCN-MIXED-1400,Medium,synthetic-design,AUDIT-cases-CASE-01400
CASE-01401,Synthetic investigation 1401,financial,closed,2025-07-02T19:26:58,Synthetic investigation case for TraceX analytical testing.,SYNTHETIC,,,true,,SCN-FIN-1401,Medium,synthetic-design,AUDIT-cases-CASE-01401
CASE-01402,Synthetic investigation 1402,communication,closed,2024-07-10T20:56:36,Synthetic investigation case for TraceX analytical testing.,SYNTHETIC,,,true,,SCN-COM-1402,Medium,synthetic-design,AUDIT-cases-CASE-01402
CASE-01403,Synthetic investigation 1403,cyber,open,2024-12-27T16:06:31,Synthetic investigation case for TraceX analytical testing.,SYNTHETIC,,,true,,SCN-CYBER-1403,Medium,synthetic-design,AUDIT-cases-CASE-01403
CASE-01404,Synthetic investigation 1404,physical,review,2024-12-12T19:13:34,Synthetic investigation case for TraceX analytical testing.,SYNTHETIC,,,true,,SCN-PHYS-1404,Medium,synthetic-design,AUDIT-cases-CASE-01404
CASE-01405,Synthetic investigation 1405,mixed,closed,2024-11-23T14:27:31,Synthetic investigation case for TraceX analytical testing.,SYNTHETIC,,,true,,SCN-MIXED-1405,Medium,synthetic-design,AUDIT-cases-CASE-01405
CASE-01406,Synthetic investigation 1406,financial,closed,2024-03-20T09:38:43,Synthetic investigation case for TraceX analytical testing.,SYNTHETIC,,,true,,SCN-FIN-1406,Medium,synthetic-design,AUDIT-cases-CASE-01406
CASE-01407,Synthetic investigation 1407,communication,open,2024-01-29T22:34:44,Synthetic investigation case for TraceX analytical testing.,SYNTHETIC,,,true,,SCN-COM-1407,Medium,synthetic-design,AUDIT-cases-CASE-01407
CASE-01408,Synthetic investigation 1408,cyber,review,2024-11-12T10:23:20,Synthetic investigation case for TraceX analytical testing.,SYNTHETIC,,,true,,SCN-CYBER-1408,Medium,synthetic-design,AUDIT-cases-CASE-01408
CASE-01409,Synthetic investigation 1409,physical,closed,2024-05-20T00:10:05,Synthetic investigation case for TraceX analytical testing.,SYNTHETIC,,,true,,SCN-PHYS-1409,Medium,synthetic-design,AUDIT-cases-CASE-01409
CASE-01410,Synthetic investigation 1410,mixed,open,2024-10-15T05:14:38,Synthetic investigation case for TraceX analytical testing.,SYNTHETIC,,,true,,SCN-MIXED-1410,Medium,synthetic-design,AUDIT-cases-CASE-01410
CASE-01411,Synthetic investigation 1411,financial,open,2024-04-25T22:52:26,Synthetic investigation case for TraceX analytical testing.,SYNTHETIC,,,true,,SCN-FIN-1411,Medium,synthetic-design,AUDIT-cases-CASE-01411
CASE-01412,Synthetic investigation 1412,communication,review,2025-06-29T23:13:07,Synthetic investigation case for TraceX analytical testing.,SYNTHETIC,,,true,,SCN-COM-1412,Medium,synthetic-design,AUDIT-cases-CASE-01412
CASE-01413,Synthetic investigation 1413,cyber,review,2024-05-19T08:46:31,Synthetic investigation case for TraceX analytical testing.,SYNTHETIC,,,true,,SCN-CYBER-1413,Medium,synthetic-design,AUDIT-cases-CASE-01413
CASE-01414,Synthetic investigation 1414,physical,open,2024-03-13T20:16:42,Synthetic investigation case for TraceX analytical testing.,SYNTHETIC,,,true,,SCN-PHYS-1414,Medium,synthetic-design,AUDIT-cases-CASE-01414
CASE-01415,Synthetic investigation 1415,mixed,open,2025-06-05T00:53:37,Synthetic investigation case for TraceX analytical testing.,SYNTHETIC,,,true,,SCN-MIXED-1415,Medium,synthetic-design,AUDIT-cases-CASE-01415
CASE-01416,Synthetic investigation 1416,financial,open,2025-07-27T06:32:18,Synthetic investigation case for TraceX analytical testing.,SYNTHETIC,,,true,,SCN-FIN-1416,Medium,synthetic-design,AUDIT-cases-CASE-01416
CASE-01417,Synthetic investigation 1417,communication,open,2024-05-05T18:37:50,Synthetic investigation case for TraceX analytical testing.,SYNTHETIC,,,true,,SCN-COM-1417,Medium,synthetic-design,AUDIT-cases-CASE-01417
CASE-01418,Synthetic investigation 1418,cyber,closed,2025-06-15T11:56:20,Synthetic investigation case for TraceX analytical testing.,SYNTHETIC,,,true,,SCN-CYBER-1418,Medium,synthetic-design,AUDIT-cases-CASE-01418
CASE-01419,Synthetic investigation 1419,physical,closed,2024-08-20T11:43:09,Synthetic investigation case for TraceX analytical testing.,SYNTHETIC,,,true,,SCN-PHYS-1419,Medium,synthetic-design,AUDIT-cases-CASE-01419
CASE-01420,Synthetic investigation 1420,mixed,closed,2024-05-11T16:18:36,Synthetic investigation case for TraceX analytical testing.,SYNTHETIC,,,true,,SCN-MIXED-1420,Medium,synthetic-design,AUDIT-cases-CASE-01420
CASE-01421,Synthetic investigation 1421,financial,closed,2024-09-13T16:44:05,Synthetic investigation case for TraceX analytical testing.,SYNTHETIC,,,true,,SCN-FIN-1421,Medium,synthetic-design,AUDIT-cases-CASE-01421
CASE-01422,Synthetic investigation 1422,communication,closed,2024-06-17T04:16:25,Synthetic investigation case for TraceX analytical testing.,SYNTHETIC,,,true,,SCN-COM-1422,Medium,synthetic-design,AUDIT-cases-CASE-01422
CASE-01423,Synthetic investigation 1423,cyber,closed,2024-12-14T11:07:53,Synthetic investigation case for TraceX analytical testing.,SYNTHETIC,,,true,,SCN-CYBER-1423,Medium,synthetic-design,AUDIT-cases-CASE-01423
CASE-01424,Synthetic investigation 1424,physical,closed,2024-05-18T21:55:16,Synthetic investigation case for TraceX analytical testing.,SYNTHETIC,,,true,,SCN-PHYS-1424,Medium,synthetic-design,AUDIT-cases-CASE-01424
CASE-01425,Synthetic investigation 1425,mixed,closed,2024-08-03T12:14:28,Synthetic investigation case for TraceX analytical testing.,SYNTHETIC,,,true,,SCN-MIXED-1425,Medium,synthetic-design,AUDIT-cases-CASE-01425
CASE-01426,Synthetic investigation 1426,financial,closed,2025-04-23T13:56:05,Synthetic investigation case for TraceX analytical testing.,SYNTHETIC,,,true,,SCN-FIN-1426,Medium,synthetic-design,AUDIT-cases-CASE-01426
CASE-01427,Synthetic investigation 1427,communication,review,2025-05-02T14:22:35,Synthetic investigation case for TraceX analytical testing.,SYNTHETIC,,,true,,SCN-COM-1427,Medium,synthetic-design,AUDIT-cases-CASE-01427
CASE-01428,Synthetic investigation 1428,cyber,review,2024-10-30T07:48:55,Synthetic investigation case for TraceX analytical testing.,SYNTHETIC,,,true,,SCN-CYBER-1428,Medium,synthetic-design,AUDIT-cases-CASE-01428
CASE-01429,Synthetic investigation 1429,physical,review,2024-08-14T20:36:59,Synthetic investigation case for TraceX analytical testing.,SYNTHETIC,,,true,,SCN-PHYS-1429,Medium,synthetic-design,AUDIT-cases-CASE-01429
CASE-01430,Synthetic investigation 1430,mixed,review,2024-10-04T03:54:17,Synthetic investigation case for TraceX analytical testing.,SYNTHETIC,,,true,,SCN-MIXED-1430,Medium,synthetic-design,AUDIT-cases-CASE-01430
CASE-01431,Synthetic investigation 1431,financial,review,2024-10-13T17:06:10,Synthetic investigation case for TraceX analytical testing.,SYNTHETIC,,,true,,SCN-FIN-1431,Medium,synthetic-design,AUDIT-cases-CASE-01431
CASE-01432,Synthetic investigation 1432,communication,open,2024-10-19T00:02:31,Synthetic investigation case for TraceX analytical testing.,SYNTHETIC,,,true,,SCN-COM-1432,Medium,synthetic-design,AUDIT-cases-CASE-01432
CASE-01433,Synthetic investigation 1433,cyber,open,2025-02-22T15:17:23,Synthetic investigation case for TraceX analytical testing.,SYNTHETIC,,,true,,SCN-CYBER-1433,Medium,synthetic-design,AUDIT-cases-CASE-01433
CASE-01434,Synthetic investigation 1434,physical,review,2024-06-04T05:58:24,Synthetic investigation case for TraceX analytical testing.,SYNTHETIC,,,true,,SCN-PHYS-1434,Medium,synthetic-design,AUDIT-cases-CASE-01434
CASE-01435,Synthetic investigation 1435,mixed,review,2025-04-13T07:09:15,Synthetic investigation case for TraceX analytical testing.,SYNTHETIC,,,true,,SCN-MIXED-1435,Medium,synthetic-design,AUDIT-cases-CASE-01435
CASE-01436,Synthetic investigation 1436,financial,open,2025-08-06T07:02:14,Synthetic investigation case for TraceX analytical testing.,SYNTHETIC,,,true,,SCN-FIN-1436,Medium,synthetic-design,AUDIT-cases-CASE-01436
CASE-01437,Synthetic investigation 1437,communication,closed,2024-02-12T10:35:08,Synthetic investigation case for TraceX analytical testing.,SYNTHETIC,,,true,,SCN-COM-1437,Medium,synthetic-design,AUDIT-cases-CASE-01437
CASE-01438,Synthetic investigation 1438,cyber,review,2024-04-18T15:36:57,Synthetic investigation case for TraceX analytical testing.,SYNTHETIC,,,true,,SCN-CYBER-1438,Medium,synthetic-design,AUDIT-cases-CASE-01438
CASE-01439,Synthetic investigation 1439,physical,closed,2025-02-05T16:44:27,Synthetic investigation case for TraceX analytical testing.,SYNTHETIC,,,true,,SCN-PHYS-1439,Medium,synthetic-design,AUDIT-cases-CASE-01439
CASE-01440,Synthetic investigation 1440,mixed,review,2024-04-02T10:33:19,Synthetic investigation case for TraceX analytical testing.,SYNTHETIC,,,true,,SCN-MIXED-1440,Medium,synthetic-design,AUDIT-cases-CASE-01440
CASE-01441,Synthetic investigation 1441,financial,closed,2024-01-12T03:05:15,Synthetic investigation case for TraceX analytical testing.,SYNTHETIC,,,true,,SCN-FIN-1441,Medium,synthetic-design,AUDIT-cases-CASE-01441
CASE-01442,Synthetic investigation 1442,communication,open,2025-05-06T23:43:33,Synthetic investigation case for TraceX analytical testing.,SYNTHETIC,,,true,,SCN-COM-1442,Medium,synthetic-design,AUDIT-cases-CASE-01442
CASE-01443,Synthetic investigation 1443,cyber,open,2025-03-08T21:13:55,Synthetic investigation case for TraceX analytical testing.,SYNTHETIC,,,true,,SCN-CYBER-1443,Medium,synthetic-design,AUDIT-cases-CASE-01443
CASE-01444,Synthetic investigation 1444,physical,open,2025-07-22T00:28:01,Synthetic investigation case for TraceX analytical testing.,SYNTHETIC,,,true,,SCN-PHYS-1444,Medium,synthetic-design,AUDIT-cases-CASE-01444
CASE-01445,Synthetic investigation 1445,mixed,closed,2025-07-23T23:39:20,Synthetic investigation case for TraceX analytical testing.,SYNTHETIC,,,true,,SCN-MIXED-1445,Medium,synthetic-design,AUDIT-cases-CASE-01445
CASE-01446,Synthetic investigation 1446,financial,open,2025-07-12T08:25:24,Synthetic investigation case for TraceX analytical testing.,SYNTHETIC,,,true,,SCN-FIN-1446,Medium,synthetic-design,AUDIT-cases-CASE-01446
CASE-01447,Synthetic investigation 1447,communication,open,2024-02-09T08:19:54,Synthetic investigation case for TraceX analytical testing.,SYNTHETIC,,,true,,SCN-COM-1447,Medium,synthetic-design,AUDIT-cases-CASE-01447
CASE-01448,Synthetic investigation 1448,cyber,review,2024-08-22T07:47:15,Synthetic investigation case for TraceX analytical testing.,SYNTHETIC,,,true,,SCN-CYBER-1448,Medium,synthetic-design,AUDIT-cases-CASE-01448
CASE-01449,Synthetic investigation 1449,physical,open,2024-12-30T12:57:24,Synthetic investigation case for TraceX analytical testing.,SYNTHETIC,,,true,,SCN-PHYS-1449,Medium,synthetic-design,AUDIT-cases-CASE-01449
CASE-01450,Synthetic investigation 1450,mixed,closed,2024-06-16T12:49:48,Synthetic investigation case for TraceX analytical testing.,SYNTHETIC,,,true,,SCN-MIXED-1450,Medium,synthetic-design,AUDIT-cases-CASE-01450
CASE-01451,Synthetic investigation 1451,financial,review,2024-08-28T16:05:21,Synthetic investigation case for TraceX analytical testing.,SYNTHETIC,,,true,,SCN-FIN-1451,Medium,synthetic-design,AUDIT-cases-CASE-01451
CASE-01452,Synthetic investigation 1452,communication,review,2024-02-25T17:00:58,Synthetic investigation case for TraceX analytical testing.,SYNTHETIC,,,true,,SCN-COM-1452,Medium,synthetic-design,AUDIT-cases-CASE-01452
CASE-01453,Synthetic investigation 1453,cyber,closed,2025-03-30T01:40:25,Synthetic investigation case for TraceX analytical testing.,SYNTHETIC,,,true,,SCN-CYBER-1453,Medium,synthetic-design,AUDIT-cases-CASE-01453
CASE-01454,Synthetic investigation 1454,physical,review,2024-11-30T15:18:12,Synthetic investigation case for TraceX analytical testing.,SYNTHETIC,,,true,,SCN-PHYS-1454,Medium,synthetic-design,AUDIT-cases-CASE-01454
CASE-01455,Synthetic investigation 1455,mixed,review,2024-02-17T08:29:53,Synthetic investigation case for TraceX analytical testing.,SYNTHETIC,,,true,,SCN-MIXED-1455,Medium,synthetic-design,AUDIT-cases-CASE-01455
CASE-01456,Synthetic investigation 1456,financial,review,2025-07-27T16:32:34,Synthetic investigation case for TraceX analytical testing.,SYNTHETIC,,,true,,SCN-FIN-1456,Medium,synthetic-design,AUDIT-cases-CASE-01456
CASE-01457,Synthetic investigation 1457,communication,open,2024-06-17T15:20:12,Synthetic investigation case for TraceX analytical testing.,SYNTHETIC,,,true,,SCN-COM-1457,Medium,synthetic-design,AUDIT-cases-CASE-01457
CASE-01458,Synthetic investigation 1458,cyber,closed,2024-12-12T12:05:13,Synthetic investigation case for TraceX analytical testing.,SYNTHETIC,,,true,,SCN-CYBER-1458,Medium,synthetic-design,AUDIT-cases-CASE-01458
CASE-01459,Synthetic investigation 1459,physical,review,2024-03-24T22:15:23,Synthetic investigation case for TraceX analytical testing.,SYNTHETIC,,,true,,SCN-PHYS-1459,Medium,synthetic-design,AUDIT-cases-CASE-01459
CASE-01460,Synthetic investigation 1460,mixed,closed,2024-11-30T05:30:39,Synthetic investigation case for TraceX analytical testing.,SYNTHETIC,,,true,,SCN-MIXED-1460,Medium,synthetic-design,AUDIT-cases-CASE-01460
CASE-01461,Synthetic investigation 1461,financial,closed,2024-06-26T09:54:37,Synthetic investigation case for TraceX analytical testing.,SYNTHETIC,,,true,,SCN-FIN-1461,Medium,synthetic-design,AUDIT-cases-CASE-01461
CASE-01462,Synthetic investigation 1462,communication,review,2024-05-24T03:01:50,Synthetic investigation case for TraceX analytical testing.,SYNTHETIC,,,true,,SCN-COM-1462,Medium,synthetic-design,AUDIT-cases-CASE-01462
CASE-01463,Synthetic investigation 1463,cyber,open,2025-04-20T18:46:52,Synthetic investigation case for TraceX analytical testing.,SYNTHETIC,,,true,,SCN-CYBER-1463,Medium,synthetic-design,AUDIT-cases-CASE-01463
CASE-01464,Synthetic investigation 1464,physical,closed,2024-08-28T07:32:49,Synthetic investigation case for TraceX analytical testing.,SYNTHETIC,,,true,,SCN-PHYS-1464,Medium,synthetic-design,AUDIT-cases-CASE-01464
CASE-01465,Synthetic investigation 1465,mixed,review,2025-01-06T05:04:00,Synthetic investigation case for TraceX analytical testing.,SYNTHETIC,,,true,,SCN-MIXED-1465,Medium,synthetic-design,AUDIT-cases-CASE-01465
CASE-01466,Synthetic investigation 1466,financial,closed,2024-06-17T06:56:42,Synthetic investigation case for TraceX analytical testing.,SYNTHETIC,,,true,,SCN-FIN-1466,Medium,synthetic-design,AUDIT-cases-CASE-01466
CASE-01467,Synthetic investigation 1467,communication,open,2024-08-05T04:24:24,Synthetic investigation case for TraceX analytical testing.,SYNTHETIC,,,true,,SCN-COM-1467,Medium,synthetic-design,AUDIT-cases-CASE-01467
CASE-01468,Synthetic investigation 1468,cyber,review,2024-08-28T16:15:56,Synthetic investigation case for TraceX analytical testing.,SYNTHETIC,,,true,,SCN-CYBER-1468,Medium,synthetic-design,AUDIT-cases-CASE-01468
CASE-01469,Synthetic investigation 1469,physical,open,2025-07-20T23:00:59,Synthetic investigation case for TraceX analytical testing.,SYNTHETIC,,,true,,SCN-PHYS-1469,Medium,synthetic-design,AUDIT-cases-CASE-01469
CASE-01470,Synthetic investigation 1470,mixed,open,2024-07-27T09:12:29,Synthetic investigation case for TraceX analytical testing.,SYNTHETIC,,,true,,SCN-MIXED-1470,Medium,synthetic-design,AUDIT-cases-CASE-01470
CASE-01471,Synthetic investigation 1471,financial,closed,2024-03-06T11:27:58,Synthetic investigation case for TraceX analytical testing.,SYNTHETIC,,,true,,SCN-FIN-1471,Medium,synthetic-design,AUDIT-cases-CASE-01471
CASE-01472,Synthetic investigation 1472,communication,review,2024-04-01T00:37:24,Synthetic investigation case for TraceX analytical testing.,SYNTHETIC,,,true,,SCN-COM-1472,Medium,synthetic-design,AUDIT-cases-CASE-01472
CASE-01473,Synthetic investigation 1473,cyber,open,2024-03-19T20:11:37,Synthetic investigation case for TraceX analytical testing.,SYNTHETIC,,,true,,SCN-CYBER-1473,Medium,synthetic-design,AUDIT-cases-CASE-01473
CASE-01474,Synthetic investigation 1474,physical,closed,2025-02-10T11:45:16,Synthetic investigation case for TraceX analytical testing.,SYNTHETIC,,,true,,SCN-PHYS-1474,Medium,synthetic-design,AUDIT-cases-CASE-01474
CASE-01475,Synthetic investigation 1475,mixed,review,2024-02-15T16:26:45,Synthetic investigation case for TraceX analytical testing.,SYNTHETIC,,,true,,SCN-MIXED-1475,Medium,synthetic-design,AUDIT-cases-CASE-01475
CASE-01476,Synthetic investigation 1476,financial,closed,2025-05-15T11:25:44,Synthetic investigation case for TraceX analytical testing.,SYNTHETIC,,,true,,SCN-FIN-1476,Medium,synthetic-design,AUDIT-cases-CASE-01476
CASE-01477,Synthetic investigation 1477,communication,open,2024-01-28T03:04:10,Synthetic investigation case for TraceX analytical testing.,SYNTHETIC,,,true,,SCN-COM-1477,Medium,synthetic-design,AUDIT-cases-CASE-01477
CASE-01478,Synthetic investigation 1478,cyber,open,2025-02-04T11:52:26,Synthetic investigation case for TraceX analytical testing.,SYNTHETIC,,,true,,SCN-CYBER-1478,Medium,synthetic-design,AUDIT-cases-CASE-01478
CASE-01479,Synthetic investigation 1479,physical,review,2025-06-27T05:59:38,Synthetic investigation case for TraceX analytical testing.,SYNTHETIC,,,true,,SCN-PHYS-1479,Medium,synthetic-design,AUDIT-cases-CASE-01479
CASE-01480,Synthetic investigation 1480,mixed,open,2025-03-14T18:05:49,Synthetic investigation case for TraceX analytical testing.,SYNTHETIC,,,true,,SCN-MIXED-1480,Medium,synthetic-design,AUDIT-cases-CASE-01480
CASE-01481,Synthetic investigation 1481,financial,review,2024-03-02T17:09:06,Synthetic investigation case for TraceX analytical testing.,SYNTHETIC,,,true,,SCN-FIN-1481,Medium,synthetic-design,AUDIT-cases-CASE-01481
CASE-01482,Synthetic investigation 1482,communication,closed,2024-01-27T18:32:22,Synthetic investigation case for TraceX analytical testing.,SYNTHETIC,,,true,,SCN-COM-1482,Medium,synthetic-design,AUDIT-cases-CASE-01482
CASE-01483,Synthetic investigation 1483,cyber,closed,2024-01-12T08:58:59,Synthetic investigation case for TraceX analytical testing.,SYNTHETIC,,,true,,SCN-CYBER-1483,Medium,synthetic-design,AUDIT-cases-CASE-01483
CASE-01484,Synthetic investigation 1484,physical,review,2024-01-28T08:11:12,Synthetic investigation case for TraceX analytical testing.,SYNTHETIC,,,true,,SCN-PHYS-1484,Medium,synthetic-design,AUDIT-cases-CASE-01484
CASE-01485,Synthetic investigation 1485,mixed,closed,2024-10-04T06:31:01,Synthetic investigation case for TraceX analytical testing.,SYNTHETIC,,,true,,SCN-MIXED-1485,Medium,synthetic-design,AUDIT-cases-CASE-01485
CASE-01486,Synthetic investigation 1486,financial,closed,2024-11-14T23:13:30,Synthetic investigation case for TraceX analytical testing.,SYNTHETIC,,,true,,SCN-FIN-1486,Medium,synthetic-design,AUDIT-cases-CASE-01486
CASE-01487,Synthetic investigation 1487,communication,review,2024-01-24T12:39:39,Synthetic investigation case for TraceX analytical testing.,SYNTHETIC,,,true,,SCN-COM-1487,Medium,synthetic-design,AUDIT-cases-CASE-01487
CASE-01488,Synthetic investigation 1488,cyber,open,2024-07-01T10:08:54,Synthetic investigation case for TraceX analytical testing.,SYNTHETIC,,,true,,SCN-CYBER-1488,Medium,synthetic-design,AUDIT-cases-CASE-01488
CASE-01489,Synthetic investigation 1489,physical,open,2024-04-04T04:04:12,Synthetic investigation case for TraceX analytical testing.,SYNTHETIC,,,true,,SCN-PHYS-1489,Medium,synthetic-design,AUDIT-cases-CASE-01489
CASE-01490,Synthetic investigation 1490,mixed,open,2025-04-06T07:46:52,Synthetic investigation case for TraceX analytical testing.,SYNTHETIC,,,true,,SCN-MIXED-1490,Medium,synthetic-design,AUDIT-cases-CASE-01490
CASE-01491,Synthetic investigation 1491,financial,review,2024-03-21T17:41:03,Synthetic investigation case for TraceX analytical testing.,SYNTHETIC,,,true,,SCN-FIN-1491,Medium,synthetic-design,AUDIT-cases-CASE-01491
CASE-01492,Synthetic investigation 1492,communication,closed,2024-08-22T04:08:06,Synthetic investigation case for TraceX analytical testing.,SYNTHETIC,,,true,,SCN-COM-1492,Medium,synthetic-design,AUDIT-cases-CASE-01492
CASE-01493,Synthetic investigation 1493,cyber,open,2024-02-21T17:04:21,Synthetic investigation case for TraceX analytical testing.,SYNTHETIC,,,true,,SCN-CYBER-1493,Medium,synthetic-design,AUDIT-cases-CASE-01493
CASE-01494,Synthetic investigation 1494,physical,review,2024-01-26T03:00:29,Synthetic investigation case for TraceX analytical testing.,SYNTHETIC,,,true,,SCN-PHYS-1494,Medium,synthetic-design,AUDIT-cases-CASE-01494
CASE-01495,Synthetic investigation 1495,mixed,closed,2024-04-23T11:16:51,Synthetic investigation case for TraceX analytical testing.,SYNTHETIC,,,true,,SCN-MIXED-1495,Medium,synthetic-design,AUDIT-cases-CASE-01495
CASE-01496,Synthetic investigation 1496,financial,review,2025-02-04T18:12:52,Synthetic investigation case for TraceX analytical testing.,SYNTHETIC,,,true,,SCN-FIN-1496,Medium,synthetic-design,AUDIT-cases-CASE-01496
CASE-01497,Synthetic investigation 1497,communication,open,2024-03-03T03:42:06,Synthetic investigation case for TraceX analytical testing.,SYNTHETIC,,,true,,SCN-COM-1497,Medium,synthetic-design,AUDIT-cases-CASE-01497
CASE-01498,Synthetic investigation 1498,cyber,review,2024-01-19T08:22:34,Synthetic investigation case for TraceX analytical testing.,SYNTHETIC,,,true,,SCN-CYBER-1498,Medium,synthetic-design,AUDIT-cases-CASE-01498
CASE-01499,Synthetic investigation 1499,physical,closed,2024-11-04T02:30:19,Synthetic investigation case for TraceX analytical testing.,SYNTHETIC,,,true,,SCN-PHYS-1499,Medium,synthetic-design,AUDIT-cases-CASE-01499
CASE-01500,Synthetic investigation 1500,mixed,closed,2024-09-18T18:51:18,Synthetic investigation case for TraceX analytical testing.,SYNTHETIC,,,true,,SCN-MIXED-1500,Medium,synthetic-design,AUDIT-cases-CASE-01500
CASE-01501,Synthetic investigation 1501,financial,open,2024-07-09T17:24:08,Synthetic investigation case for TraceX analytical testing.,SYNTHETIC,,,true,,SCN-FIN-1501,Medium,synthetic-design,AUDIT-cases-CASE-01501
CASE-01502,Synthetic investigation 1502,communication,open,2025-07-07T06:40:22,Synthetic investigation case for TraceX analytical testing.,SYNTHETIC,,,true,,SCN-COM-1502,Medium,synthetic-design,AUDIT-cases-CASE-01502
CASE-01503,Synthetic investigation 1503,cyber,open,2024-05-25T00:22:51,Synthetic investigation case for TraceX analytical testing.,SYNTHETIC,,,true,,SCN-CYBER-1503,Medium,synthetic-design,AUDIT-cases-CASE-01503
CASE-01504,Synthetic investigation 1504,physical,closed,2024-12-26T05:16:13,Synthetic investigation case for TraceX analytical testing.,SYNTHETIC,,,true,,SCN-PHYS-1504,Medium,synthetic-design,AUDIT-cases-CASE-01504
CASE-01505,Synthetic investigation 1505,mixed,open,2024-02-29T17:13:39,Synthetic investigation case for TraceX analytical testing.,SYNTHETIC,,,true,,SCN-MIXED-1505,Medium,synthetic-design,AUDIT-cases-CASE-01505
CASE-01506,Synthetic investigation 1506,financial,closed,2025-06-14T05:11:48,Synthetic investigation case for TraceX analytical testing.,SYNTHETIC,,,true,,SCN-FIN-1506,Medium,synthetic-design,AUDIT-cases-CASE-01506
CASE-01507,Synthetic investigation 1507,communication,closed,2025-06-24T07:25:31,Synthetic investigation case for TraceX analytical testing.,SYNTHETIC,,,true,,SCN-COM-1507,Medium,synthetic-design,AUDIT-cases-CASE-01507
CASE-01508,Synthetic investigation 1508,cyber,open,2024-07-18T02:53:05,Synthetic investigation case for TraceX analytical testing.,SYNTHETIC,,,true,,SCN-CYBER-1508,Medium,synthetic-design,AUDIT-cases-CASE-01508
CASE-01509,Synthetic investigation 1509,physical,closed,2024-04-01T13:03:31,Synthetic investigation case for TraceX analytical testing.,SYNTHETIC,,,true,,SCN-PHYS-1509,Medium,synthetic-design,AUDIT-cases-CASE-01509
CASE-01510,Synthetic investigation 1510,mixed,open,2025-06-07T11:22:55,Synthetic investigation case for TraceX analytical testing.,SYNTHETIC,,,true,,SCN-MIXED-1510,Medium,synthetic-design,AUDIT-cases-CASE-01510
CASE-01511,Synthetic investigation 1511,financial,open,2024-02-19T16:46:15,Synthetic investigation case for TraceX analytical testing.,SYNTHETIC,,,true,,SCN-FIN-1511,Medium,synthetic-design,AUDIT-cases-CASE-01511
CASE-01512,Synthetic investigation 1512,communication,open,2025-06-09T03:53:14,Synthetic investigation case for TraceX analytical testing.,SYNTHETIC,,,true,,SCN-COM-1512,Medium,synthetic-design,AUDIT-cases-CASE-01512
CASE-01513,Synthetic investigation 1513,cyber,review,2025-07-27T02:45:12,Synthetic investigation case for TraceX analytical testing.,SYNTHETIC,,,true,,SCN-CYBER-1513,Medium,synthetic-design,AUDIT-cases-CASE-01513
CASE-01514,Synthetic investigation 1514,physical,review,2024-04-09T15:45:53,Synthetic investigation case for TraceX analytical testing.,SYNTHETIC,,,true,,SCN-PHYS-1514,Medium,synthetic-design,AUDIT-cases-CASE-01514
CASE-01515,Synthetic investigation 1515,mixed,closed,2025-07-24T08:07:26,Synthetic investigation case for TraceX analytical testing.,SYNTHETIC,,,true,,SCN-MIXED-1515,Medium,synthetic-design,AUDIT-cases-CASE-01515
CASE-01516,Synthetic investigation 1516,financial,closed,2024-08-01T18:31:40,Synthetic investigation case for TraceX analytical testing.,SYNTHETIC,,,true,,SCN-FIN-1516,Medium,synthetic-design,AUDIT-cases-CASE-01516
CASE-01517,Synthetic investigation 1517,communication,closed,2024-04-08T08:59:19,Synthetic investigation case for TraceX analytical testing.,SYNTHETIC,,,true,,SCN-COM-1517,Medium,synthetic-design,AUDIT-cases-CASE-01517
CASE-01518,Synthetic investigation 1518,cyber,open,2025-04-20T20:12:57,Synthetic investigation case for TraceX analytical testing.,SYNTHETIC,,,true,,SCN-CYBER-1518,Medium,synthetic-design,AUDIT-cases-CASE-01518
CASE-01519,Synthetic investigation 1519,physical,closed,2024-04-16T13:11:38,Synthetic investigation case for TraceX analytical testing.,SYNTHETIC,,,true,,SCN-PHYS-1519,Medium,synthetic-design,AUDIT-cases-CASE-01519
CASE-01520,Synthetic investigation 1520,mixed,closed,2024-05-04T18:12:11,Synthetic investigation case for TraceX analytical testing.,SYNTHETIC,,,true,,SCN-MIXED-1520,Medium,synthetic-design,AUDIT-cases-CASE-01520
CASE-01521,Synthetic investigation 1521,financial,open,2025-04-12T05:53:55,Synthetic investigation case for TraceX analytical testing.,SYNTHETIC,,,true,,SCN-FIN-1521,Medium,synthetic-design,AUDIT-cases-CASE-01521
CASE-01522,Synthetic investigation 1522,communication,open,2025-07-28T14:32:42,Synthetic investigation case for TraceX analytical testing.,SYNTHETIC,,,true,,SCN-COM-1522,Medium,synthetic-design,AUDIT-cases-CASE-01522
CASE-01523,Synthetic investigation 1523,cyber,open,2024-07-09T02:20:32,Synthetic investigation case for TraceX analytical testing.,SYNTHETIC,,,true,,SCN-CYBER-1523,Medium,synthetic-design,AUDIT-cases-CASE-01523
CASE-01524,Synthetic investigation 1524,physical,review,2025-04-15T05:54:56,Synthetic investigation case for TraceX analytical testing.,SYNTHETIC,,,true,,SCN-PHYS-1524,Medium,synthetic-design,AUDIT-cases-CASE-01524
CASE-01525,Synthetic investigation 1525,mixed,review,2024-09-18T13:39:05,Synthetic investigation case for TraceX analytical testing.,SYNTHETIC,,,true,,SCN-MIXED-1525,Medium,synthetic-design,AUDIT-cases-CASE-01525
CASE-01526,Synthetic investigation 1526,financial,open,2025-03-29T10:18:39,Synthetic investigation case for TraceX analytical testing.,SYNTHETIC,,,true,,SCN-FIN-1526,Medium,synthetic-design,AUDIT-cases-CASE-01526
CASE-01527,Synthetic investigation 1527,communication,review,2025-07-26T08:37:49,Synthetic investigation case for TraceX analytical testing.,SYNTHETIC,,,true,,SCN-COM-1527,Medium,synthetic-design,AUDIT-cases-CASE-01527
CASE-01528,Synthetic investigation 1528,cyber,open,2025-03-20T15:06:28,Synthetic investigation case for TraceX analytical testing.,SYNTHETIC,,,true,,SCN-CYBER-1528,Medium,synthetic-design,AUDIT-cases-CASE-01528
CASE-01529,Synthetic investigation 1529,physical,closed,2024-08-06T03:02:24,Synthetic investigation case for TraceX analytical testing.,SYNTHETIC,,,true,,SCN-PHYS-1529,Medium,synthetic-design,AUDIT-cases-CASE-01529
CASE-01530,Synthetic investigation 1530,mixed,open,2024-12-07T04:50:41,Synthetic investigation case for TraceX analytical testing.,SYNTHETIC,,,true,,SCN-MIXED-1530,Medium,synthetic-design,AUDIT-cases-CASE-01530
CASE-01531,Synthetic investigation 1531,financial,closed,2025-06-23T05:19:31,Synthetic investigation case for TraceX analytical testing.,SYNTHETIC,,,true,,SCN-FIN-1531,Medium,synthetic-design,AUDIT-cases-CASE-01531
CASE-01532,Synthetic investigation 1532,communication,review,2024-05-30T14:56:34,Synthetic investigation case for TraceX analytical testing.,SYNTHETIC,,,true,,SCN-COM-1532,Medium,synthetic-design,AUDIT-cases-CASE-01532
CASE-01533,Synthetic investigation 1533,cyber,closed,2024-10-13T12:35:25,Synthetic investigation case for TraceX analytical testing.,SYNTHETIC,,,true,,SCN-CYBER-1533,Medium,synthetic-design,AUDIT-cases-CASE-01533
CASE-01534,Synthetic investigation 1534,physical,closed,2025-04-23T08:49:22,Synthetic investigation case for TraceX analytical testing.,SYNTHETIC,,,true,,SCN-PHYS-1534,Medium,synthetic-design,AUDIT-cases-CASE-01534
CASE-01535,Synthetic investigation 1535,mixed,closed,2024-03-28T07:30:40,Synthetic investigation case for TraceX analytical testing.,SYNTHETIC,,,true,,SCN-MIXED-1535,Medium,synthetic-design,AUDIT-cases-CASE-01535
CASE-01536,Synthetic investigation 1536,financial,open,2024-03-30T17:47:37,Synthetic investigation case for TraceX analytical testing.,SYNTHETIC,,,true,,SCN-FIN-1536,Medium,synthetic-design,AUDIT-cases-CASE-01536
CASE-01537,Synthetic investigation 1537,communication,open,2024-09-05T15:10:28,Synthetic investigation case for TraceX analytical testing.,SYNTHETIC,,,true,,SCN-COM-1537,Medium,synthetic-design,AUDIT-cases-CASE-01537
CASE-01538,Synthetic investigation 1538,cyber,closed,2024-08-01T16:41:47,Synthetic investigation case for TraceX analytical testing.,SYNTHETIC,,,true,,SCN-CYBER-1538,Medium,synthetic-design,AUDIT-cases-CASE-01538
CASE-01539,Synthetic investigation 1539,physical,open,2024-09-01T09:04:20,Synthetic investigation case for TraceX analytical testing.,SYNTHETIC,,,true,,SCN-PHYS-1539,Medium,synthetic-design,AUDIT-cases-CASE-01539
CASE-01540,Synthetic investigation 1540,mixed,closed,2024-01-03T16:34:08,Synthetic investigation case for TraceX analytical testing.,SYNTHETIC,,,true,,SCN-MIXED-1540,Medium,synthetic-design,AUDIT-cases-CASE-01540
CASE-01541,Synthetic investigation 1541,financial,open,2024-12-22T02:00:53,Synthetic investigation case for TraceX analytical testing.,SYNTHETIC,,,true,,SCN-FIN-1541,Medium,synthetic-design,AUDIT-cases-CASE-01541
CASE-01542,Synthetic investigation 1542,communication,review,2025-06-26T02:27:59,Synthetic investigation case for TraceX analytical testing.,SYNTHETIC,,,true,,SCN-COM-1542,Medium,synthetic-design,AUDIT-cases-CASE-01542
CASE-01543,Synthetic investigation 1543,cyber,closed,2025-01-22T00:00:07,Synthetic investigation case for TraceX analytical testing.,SYNTHETIC,,,true,,SCN-CYBER-1543,Medium,synthetic-design,AUDIT-cases-CASE-01543
CASE-01544,Synthetic investigation 1544,physical,open,2025-03-22T14:16:43,Synthetic investigation case for TraceX analytical testing.,SYNTHETIC,,,true,,SCN-PHYS-1544,Medium,synthetic-design,AUDIT-cases-CASE-01544
CASE-01545,Synthetic investigation 1545,mixed,open,2025-03-28T12:02:45,Synthetic investigation case for TraceX analytical testing.,SYNTHETIC,,,true,,SCN-MIXED-1545,Medium,synthetic-design,AUDIT-cases-CASE-01545
CASE-01546,Synthetic investigation 1546,financial,closed,2024-04-03T07:00:10,Synthetic investigation case for TraceX analytical testing.,SYNTHETIC,,,true,,SCN-FIN-1546,Medium,synthetic-design,AUDIT-cases-CASE-01546
CASE-01547,Synthetic investigation 1547,communication,open,2025-04-01T10:56:10,Synthetic investigation case for TraceX analytical testing.,SYNTHETIC,,,true,,SCN-COM-1547,Medium,synthetic-design,AUDIT-cases-CASE-01547
CASE-01548,Synthetic investigation 1548,cyber,closed,2025-03-24T19:35:57,Synthetic investigation case for TraceX analytical testing.,SYNTHETIC,,,true,,SCN-CYBER-1548,Medium,synthetic-design,AUDIT-cases-CASE-01548
CASE-01549,Synthetic investigation 1549,physical,review,2024-01-30T17:37:52,Synthetic investigation case for TraceX analytical testing.,SYNTHETIC,,,true,,SCN-PHYS-1549,Medium,synthetic-design,AUDIT-cases-CASE-01549
CASE-01550,Synthetic investigation 1550,mixed,open,2025-04-21T00:44:05,Synthetic investigation case for TraceX analytical testing.,SYNTHETIC,,,true,,SCN-MIXED-1550,Medium,synthetic-design,AUDIT-cases-CASE-01550
CASE-01551,Synthetic investigation 1551,financial,review,2024-04-05T13:58:24,Synthetic investigation case for TraceX analytical testing.,SYNTHETIC,,,true,,SCN-FIN-1551,Medium,synthetic-design,AUDIT-cases-CASE-01551
CASE-01552,Synthetic investigation 1552,communication,closed,2025-05-18T01:42:15,Synthetic investigation case for TraceX analytical testing.,SYNTHETIC,,,true,,SCN-COM-1552,Medium,synthetic-design,AUDIT-cases-CASE-01552
CASE-01553,Synthetic investigation 1553,cyber,open,2024-07-01T23:14:11,Synthetic investigation case for TraceX analytical testing.,SYNTHETIC,,,true,,SCN-CYBER-1553,Medium,synthetic-design,AUDIT-cases-CASE-01553
CASE-01554,Synthetic investigation 1554,physical,open,2025-07-10T21:24:01,Synthetic investigation case for TraceX analytical testing.,SYNTHETIC,,,true,,SCN-PHYS-1554,Medium,synthetic-design,AUDIT-cases-CASE-01554
CASE-01555,Synthetic investigation 1555,mixed,open,2024-09-26T13:42:03,Synthetic investigation case for TraceX analytical testing.,SYNTHETIC,,,true,,SCN-MIXED-1555,Medium,synthetic-design,AUDIT-cases-CASE-01555
CASE-01556,Synthetic investigation 1556,financial,closed,2024-01-30T14:00:04,Synthetic investigation case for TraceX analytical testing.,SYNTHETIC,,,true,,SCN-FIN-1556,Medium,synthetic-design,AUDIT-cases-CASE-01556
CASE-01557,Synthetic investigation 1557,communication,closed,2025-06-23T17:32:17,Synthetic investigation case for TraceX analytical testing.,SYNTHETIC,,,true,,SCN-COM-1557,Medium,synthetic-design,AUDIT-cases-CASE-01557
CASE-01558,Synthetic investigation 1558,cyber,closed,2024-08-13T05:35:17,Synthetic investigation case for TraceX analytical testing.,SYNTHETIC,,,true,,SCN-CYBER-1558,Medium,synthetic-design,AUDIT-cases-CASE-01558
CASE-01559,Synthetic investigation 1559,physical,review,2024-02-16T04:49:13,Synthetic investigation case for TraceX analytical testing.,SYNTHETIC,,,true,,SCN-PHYS-1559,Medium,synthetic-design,AUDIT-cases-CASE-01559
CASE-01560,Synthetic investigation 1560,mixed,review,2025-03-02T19:39:05,Synthetic investigation case for TraceX analytical testing.,SYNTHETIC,,,true,,SCN-MIXED-1560,Medium,synthetic-design,AUDIT-cases-CASE-01560
CASE-01561,Synthetic investigation 1561,financial,open,2025-02-26T15:03:28,Synthetic investigation case for TraceX analytical testing.,SYNTHETIC,,,true,,SCN-FIN-1561,Medium,synthetic-design,AUDIT-cases-CASE-01561
CASE-01562,Synthetic investigation 1562,communication,review,2025-01-06T17:15:38,Synthetic investigation case for TraceX analytical testing.,SYNTHETIC,,,true,,SCN-COM-1562,Medium,synthetic-design,AUDIT-cases-CASE-01562
CASE-01563,Synthetic investigation 1563,cyber,review,2024-07-29T23:12:27,Synthetic investigation case for TraceX analytical testing.,SYNTHETIC,,,true,,SCN-CYBER-1563,Medium,synthetic-design,AUDIT-cases-CASE-01563
CASE-01564,Synthetic investigation 1564,physical,closed,2024-10-04T18:10:17,Synthetic investigation case for TraceX analytical testing.,SYNTHETIC,,,true,,SCN-PHYS-1564,Medium,synthetic-design,AUDIT-cases-CASE-01564
CASE-01565,Synthetic investigation 1565,mixed,review,2024-04-18T12:24:27,Synthetic investigation case for TraceX analytical testing.,SYNTHETIC,,,true,,SCN-MIXED-1565,Medium,synthetic-design,AUDIT-cases-CASE-01565
CASE-01566,Synthetic investigation 1566,financial,review,2024-07-14T14:22:38,Synthetic investigation case for TraceX analytical testing.,SYNTHETIC,,,true,,SCN-FIN-1566,Medium,synthetic-design,AUDIT-cases-CASE-01566
CASE-01567,Synthetic investigation 1567,communication,review,2025-01-14T18:44:26,Synthetic investigation case for TraceX analytical testing.,SYNTHETIC,,,true,,SCN-COM-1567,Medium,synthetic-design,AUDIT-cases-CASE-01567
CASE-01568,Synthetic investigation 1568,cyber,closed,2025-04-30T17:21:11,Synthetic investigation case for TraceX analytical testing.,SYNTHETIC,,,true,,SCN-CYBER-1568,Medium,synthetic-design,AUDIT-cases-CASE-01568
CASE-01569,Synthetic investigation 1569,physical,closed,2025-03-30T18:51:44,Synthetic investigation case for TraceX analytical testing.,SYNTHETIC,,,true,,SCN-PHYS-1569,Medium,synthetic-design,AUDIT-cases-CASE-01569
CASE-01570,Synthetic investigation 1570,mixed,closed,2024-06-13T03:19:34,Synthetic investigation case for TraceX analytical testing.,SYNTHETIC,,,true,,SCN-MIXED-1570,Medium,synthetic-design,AUDIT-cases-CASE-01570
CASE-01571,Synthetic investigation 1571,financial,closed,2024-05-03T06:50:07,Synthetic investigation case for TraceX analytical testing.,SYNTHETIC,,,true,,SCN-FIN-1571,Medium,synthetic-design,AUDIT-cases-CASE-01571
CASE-01572,Synthetic investigation 1572,communication,open,2025-04-17T21:34:19,Synthetic investigation case for TraceX analytical testing.,SYNTHETIC,,,true,,SCN-COM-1572,Medium,synthetic-design,AUDIT-cases-CASE-01572
CASE-01573,Synthetic investigation 1573,cyber,review,2024-06-23T04:21:21,Synthetic investigation case for TraceX analytical testing.,SYNTHETIC,,,true,,SCN-CYBER-1573,Medium,synthetic-design,AUDIT-cases-CASE-01573
CASE-01574,Synthetic investigation 1574,physical,closed,2025-07-11T15:08:51,Synthetic investigation case for TraceX analytical testing.,SYNTHETIC,,,true,,SCN-PHYS-1574,Medium,synthetic-design,AUDIT-cases-CASE-01574
CASE-01575,Synthetic investigation 1575,mixed,open,2024-01-27T20:12:03,Synthetic investigation case for TraceX analytical testing.,SYNTHETIC,,,true,,SCN-MIXED-1575,Medium,synthetic-design,AUDIT-cases-CASE-01575
CASE-01576,Synthetic investigation 1576,financial,review,2025-07-23T16:32:31,Synthetic investigation case for TraceX analytical testing.,SYNTHETIC,,,true,,SCN-FIN-1576,Medium,synthetic-design,AUDIT-cases-CASE-01576
CASE-01577,Synthetic investigation 1577,communication,closed,2025-02-11T14:45:26,Synthetic investigation case for TraceX analytical testing.,SYNTHETIC,,,true,,SCN-COM-1577,Medium,synthetic-design,AUDIT-cases-CASE-01577
CASE-01578,Synthetic investigation 1578,cyber,open,2025-06-17T07:20:44,Synthetic investigation case for TraceX analytical testing.,SYNTHETIC,,,true,,SCN-CYBER-1578,Medium,synthetic-design,AUDIT-cases-CASE-01578
CASE-01579,Synthetic investigation 1579,physical,open,2025-06-12T15:47:40,Synthetic investigation case for TraceX analytical testing.,SYNTHETIC,,,true,,SCN-PHYS-1579,Medium,synthetic-design,AUDIT-cases-CASE-01579
CASE-01580,Synthetic investigation 1580,mixed,review,2025-05-31T13:55:42,Synthetic investigation case for TraceX analytical testing.,SYNTHETIC,,,true,,SCN-MIXED-1580,Medium,synthetic-design,AUDIT-cases-CASE-01580
CASE-01581,Synthetic investigation 1581,financial,review,2024-08-07T21:19:28,Synthetic investigation case for TraceX analytical testing.,SYNTHETIC,,,true,,SCN-FIN-1581,Medium,synthetic-design,AUDIT-cases-CASE-01581
CASE-01582,Synthetic investigation 1582,communication,closed,2024-02-27T22:28:21,Synthetic investigation case for TraceX analytical testing.,SYNTHETIC,,,true,,SCN-COM-1582,Medium,synthetic-design,AUDIT-cases-CASE-01582
CASE-01583,Synthetic investigation 1583,cyber,open,2025-05-07T12:20:54,Synthetic investigation case for TraceX analytical testing.,SYNTHETIC,,,true,,SCN-CYBER-1583,Medium,synthetic-design,AUDIT-cases-CASE-01583
CASE-01584,Synthetic investigation 1584,physical,closed,2024-08-24T18:19:57,Synthetic investigation case for TraceX analytical testing.,SYNTHETIC,,,true,,SCN-PHYS-1584,Medium,synthetic-design,AUDIT-cases-CASE-01584
CASE-01585,Synthetic investigation 1585,mixed,open,2024-03-26T09:26:40,Synthetic investigation case for TraceX analytical testing.,SYNTHETIC,,,true,,SCN-MIXED-1585,Medium,synthetic-design,AUDIT-cases-CASE-01585
CASE-01586,Synthetic investigation 1586,financial,closed,2024-01-29T10:59:37,Synthetic investigation case for TraceX analytical testing.,SYNTHETIC,,,true,,SCN-FIN-1586,Medium,synthetic-design,AUDIT-cases-CASE-01586
CASE-01587,Synthetic investigation 1587,communication,open,2024-12-27T12:49:43,Synthetic investigation case for TraceX analytical testing.,SYNTHETIC,,,true,,SCN-COM-1587,Medium,synthetic-design,AUDIT-cases-CASE-01587
CASE-01588,Synthetic investigation 1588,cyber,open,2025-07-25T09:52:51,Synthetic investigation case for TraceX analytical testing.,SYNTHETIC,,,true,,SCN-CYBER-1588,Medium,synthetic-design,AUDIT-cases-CASE-01588
CASE-01589,Synthetic investigation 1589,physical,review,2024-05-05T16:35:51,Synthetic investigation case for TraceX analytical testing.,SYNTHETIC,,,true,,SCN-PHYS-1589,Medium,synthetic-design,AUDIT-cases-CASE-01589
CASE-01590,Synthetic investigation 1590,mixed,closed,2024-10-31T10:01:24,Synthetic investigation case for TraceX analytical testing.,SYNTHETIC,,,true,,SCN-MIXED-1590,Medium,synthetic-design,AUDIT-cases-CASE-01590
CASE-01591,Synthetic investigation 1591,financial,open,2024-06-18T19:12:20,Synthetic investigation case for TraceX analytical testing.,SYNTHETIC,,,true,,SCN-FIN-1591,Medium,synthetic-design,AUDIT-cases-CASE-01591
CASE-01592,Synthetic investigation 1592,communication,open,2024-05-28T10:51:51,Synthetic investigation case for TraceX analytical testing.,SYNTHETIC,,,true,,SCN-COM-1592,Medium,synthetic-design,AUDIT-cases-CASE-01592
CASE-01593,Synthetic investigation 1593,cyber,review,2024-07-22T13:56:48,Synthetic investigation case for TraceX analytical testing.,SYNTHETIC,,,true,,SCN-CYBER-1593,Medium,synthetic-design,AUDIT-cases-CASE-01593
CASE-01594,Synthetic investigation 1594,physical,open,2024-02-04T07:03:08,Synthetic investigation case for TraceX analytical testing.,SYNTHETIC,,,true,,SCN-PHYS-1594,Medium,synthetic-design,AUDIT-cases-CASE-01594
CASE-01595,Synthetic investigation 1595,mixed,closed,2024-12-04T18:59:44,Synthetic investigation case for TraceX analytical testing.,SYNTHETIC,,,true,,SCN-MIXED-1595,Medium,synthetic-design,AUDIT-cases-CASE-01595
CASE-01596,Synthetic investigation 1596,financial,closed,2025-05-18T22:43:30,Synthetic investigation case for TraceX analytical testing.,SYNTHETIC,,,true,,SCN-FIN-1596,Medium,synthetic-design,AUDIT-cases-CASE-01596
CASE-01597,Synthetic investigation 1597,communication,closed,2024-08-04T01:04:38,Synthetic investigation case for TraceX analytical testing.,SYNTHETIC,,,true,,SCN-COM-1597,Medium,synthetic-design,AUDIT-cases-CASE-01597
CASE-01598,Synthetic investigation 1598,cyber,review,2024-08-09T23:05:49,Synthetic investigation case for TraceX analytical testing.,SYNTHETIC,,,true,,SCN-CYBER-1598,Medium,synthetic-design,AUDIT-cases-CASE-01598
CASE-01599,Synthetic investigation 1599,physical,open,2025-04-01T14:03:01,Synthetic investigation case for TraceX analytical testing.,SYNTHETIC,,,true,,SCN-PHYS-1599,Medium,synthetic-design,AUDIT-cases-CASE-01599
CASE-01600,Synthetic investigation 1600,mixed,open,2024-12-19T18:05:02,Synthetic investigation case for TraceX analytical testing.,SYNTHETIC,,,true,,SCN-MIXED-1600,Medium,synthetic-design,AUDIT-cases-CASE-01600
CASE-01601,Synthetic investigation 1601,financial,open,2025-05-25T08:29:11,Synthetic investigation case for TraceX analytical testing.,SYNTHETIC,,,true,,SCN-FIN-1601,Medium,synthetic-design,AUDIT-cases-CASE-01601
CASE-01602,Synthetic investigation 1602,communication,open,2025-05-10T21:06:31,Synthetic investigation case for TraceX analytical testing.,SYNTHETIC,,,true,,SCN-COM-1602,Medium,synthetic-design,AUDIT-cases-CASE-01602
CASE-01603,Synthetic investigation 1603,cyber,review,2025-03-08T16:53:37,Synthetic investigation case for TraceX analytical testing.,SYNTHETIC,,,true,,SCN-CYBER-1603,Medium,synthetic-design,AUDIT-cases-CASE-01603
CASE-01604,Synthetic investigation 1604,physical,review,2024-09-02T08:41:31,Synthetic investigation case for TraceX analytical testing.,SYNTHETIC,,,true,,SCN-PHYS-1604,Medium,synthetic-design,AUDIT-cases-CASE-01604
CASE-01605,Synthetic investigation 1605,mixed,closed,2024-01-17T02:11:14,Synthetic investigation case for TraceX analytical testing.,SYNTHETIC,,,true,,SCN-MIXED-1605,Medium,synthetic-design,AUDIT-cases-CASE-01605
CASE-01606,Synthetic investigation 1606,financial,open,2024-06-10T01:42:12,Synthetic investigation case for TraceX analytical testing.,SYNTHETIC,,,true,,SCN-FIN-1606,Medium,synthetic-design,AUDIT-cases-CASE-01606
CASE-01607,Synthetic investigation 1607,communication,closed,2025-02-14T15:55:17,Synthetic investigation case for TraceX analytical testing.,SYNTHETIC,,,true,,SCN-COM-1607,Medium,synthetic-design,AUDIT-cases-CASE-01607
CASE-01608,Synthetic investigation 1608,cyber,closed,2024-08-03T17:21:17,Synthetic investigation case for TraceX analytical testing.,SYNTHETIC,,,true,,SCN-CYBER-1608,Medium,synthetic-design,AUDIT-cases-CASE-01608
CASE-01609,Synthetic investigation 1609,physical,review,2025-03-18T23:44:13,Synthetic investigation case for TraceX analytical testing.,SYNTHETIC,,,true,,SCN-PHYS-1609,Medium,synthetic-design,AUDIT-cases-CASE-01609
CASE-01610,Synthetic investigation 1610,mixed,open,2024-08-01T00:53:36,Synthetic investigation case for TraceX analytical testing.,SYNTHETIC,,,true,,SCN-MIXED-1610,Medium,synthetic-design,AUDIT-cases-CASE-01610
CASE-01611,Synthetic investigation 1611,financial,open,2024-12-13T15:41:24,Synthetic investigation case for TraceX analytical testing.,SYNTHETIC,,,true,,SCN-FIN-1611,Medium,synthetic-design,AUDIT-cases-CASE-01611
CASE-01612,Synthetic investigation 1612,communication,review,2024-01-10T03:43:10,Synthetic investigation case for TraceX analytical testing.,SYNTHETIC,,,true,,SCN-COM-1612,Medium,synthetic-design,AUDIT-cases-CASE-01612
CASE-01613,Synthetic investigation 1613,cyber,closed,2024-06-12T00:26:51,Synthetic investigation case for TraceX analytical testing.,SYNTHETIC,,,true,,SCN-CYBER-1613,Medium,synthetic-design,AUDIT-cases-CASE-01613
CASE-01614,Synthetic investigation 1614,physical,review,2024-06-01T01:03:22,Synthetic investigation case for TraceX analytical testing.,SYNTHETIC,,,true,,SCN-PHYS-1614,Medium,synthetic-design,AUDIT-cases-CASE-01614
CASE-01615,Synthetic investigation 1615,mixed,open,2024-02-15T02:17:23,Synthetic investigation case for TraceX analytical testing.,SYNTHETIC,,,true,,SCN-MIXED-1615,Medium,synthetic-design,AUDIT-cases-CASE-01615
CASE-01616,Synthetic investigation 1616,financial,closed,2024-03-19T08:34:54,Synthetic investigation case for TraceX analytical testing.,SYNTHETIC,,,true,,SCN-FIN-1616,Medium,synthetic-design,AUDIT-cases-CASE-01616
CASE-01617,Synthetic investigation 1617,communication,closed,2024-12-31T00:33:00,Synthetic investigation case for TraceX analytical testing.,SYNTHETIC,,,true,,SCN-COM-1617,Medium,synthetic-design,AUDIT-cases-CASE-01617
CASE-01618,Synthetic investigation 1618,cyber,review,2025-03-26T17:52:05,Synthetic investigation case for TraceX analytical testing.,SYNTHETIC,,,true,,SCN-CYBER-1618,Medium,synthetic-design,AUDIT-cases-CASE-01618
CASE-01619,Synthetic investigation 1619,physical,closed,2024-01-17T20:23:47,Synthetic investigation case for TraceX analytical testing.,SYNTHETIC,,,true,,SCN-PHYS-1619,Medium,synthetic-design,AUDIT-cases-CASE-01619
CASE-01620,Synthetic investigation 1620,mixed,review,2024-08-30T18:16:05,Synthetic investigation case for TraceX analytical testing.,SYNTHETIC,,,true,,SCN-MIXED-1620,Medium,synthetic-design,AUDIT-cases-CASE-01620
CASE-01621,Synthetic investigation 1621,financial,review,2024-03-11T21:21:24,Synthetic investigation case for TraceX analytical testing.,SYNTHETIC,,,true,,SCN-FIN-1621,Medium,synthetic-design,AUDIT-cases-CASE-01621
CASE-01622,Synthetic investigation 1622,communication,open,2025-02-15T13:56:54,Synthetic investigation case for TraceX analytical testing.,SYNTHETIC,,,true,,SCN-COM-1622,Medium,synthetic-design,AUDIT-cases-CASE-01622
CASE-01623,Synthetic investigation 1623,cyber,closed,2024-06-27T05:13:14,Synthetic investigation case for TraceX analytical testing.,SYNTHETIC,,,true,,SCN-CYBER-1623,Medium,synthetic-design,AUDIT-cases-CASE-01623
CASE-01624,Synthetic investigation 1624,physical,review,2025-07-28T00:55:40,Synthetic investigation case for TraceX analytical testing.,SYNTHETIC,,,true,,SCN-PHYS-1624,Medium,synthetic-design,AUDIT-cases-CASE-01624
CASE-01625,Synthetic investigation 1625,mixed,review,2025-03-08T12:21:33,Synthetic investigation case for TraceX analytical testing.,SYNTHETIC,,,true,,SCN-MIXED-1625,Medium,synthetic-design,AUDIT-cases-CASE-01625
CASE-01626,Synthetic investigation 1626,financial,closed,2024-08-10T21:24:52,Synthetic investigation case for TraceX analytical testing.,SYNTHETIC,,,true,,SCN-FIN-1626,Medium,synthetic-design,AUDIT-cases-CASE-01626
CASE-01627,Synthetic investigation 1627,communication,open,2025-02-05T14:48:34,Synthetic investigation case for TraceX analytical testing.,SYNTHETIC,,,true,,SCN-COM-1627,Medium,synthetic-design,AUDIT-cases-CASE-01627
CASE-01628,Synthetic investigation 1628,cyber,review,2025-02-17T11:22:51,Synthetic investigation case for TraceX analytical testing.,SYNTHETIC,,,true,,SCN-CYBER-1628,Medium,synthetic-design,AUDIT-cases-CASE-01628
CASE-01629,Synthetic investigation 1629,physical,review,2024-08-08T02:19:31,Synthetic investigation case for TraceX analytical testing.,SYNTHETIC,,,true,,SCN-PHYS-1629,Medium,synthetic-design,AUDIT-cases-CASE-01629
CASE-01630,Synthetic investigation 1630,mixed,open,2024-05-17T11:12:41,Synthetic investigation case for TraceX analytical testing.,SYNTHETIC,,,true,,SCN-MIXED-1630,Medium,synthetic-design,AUDIT-cases-CASE-01630
CASE-01631,Synthetic investigation 1631,financial,closed,2024-08-14T10:41:26,Synthetic investigation case for TraceX analytical testing.,SYNTHETIC,,,true,,SCN-FIN-1631,Medium,synthetic-design,AUDIT-cases-CASE-01631
CASE-01632,Synthetic investigation 1632,communication,closed,2024-08-14T13:01:58,Synthetic investigation case for TraceX analytical testing.,SYNTHETIC,,,true,,SCN-COM-1632,Medium,synthetic-design,AUDIT-cases-CASE-01632
CASE-01633,Synthetic investigation 1633,cyber,closed,2024-08-30T05:04:37,Synthetic investigation case for TraceX analytical testing.,SYNTHETIC,,,true,,SCN-CYBER-1633,Medium,synthetic-design,AUDIT-cases-CASE-01633
CASE-01634,Synthetic investigation 1634,physical,review,2024-12-09T20:10:12,Synthetic investigation case for TraceX analytical testing.,SYNTHETIC,,,true,,SCN-PHYS-1634,Medium,synthetic-design,AUDIT-cases-CASE-01634
CASE-01635,Synthetic investigation 1635,mixed,review,2025-03-16T04:45:18,Synthetic investigation case for TraceX analytical testing.,SYNTHETIC,,,true,,SCN-MIXED-1635,Medium,synthetic-design,AUDIT-cases-CASE-01635
CASE-01636,Synthetic investigation 1636,financial,review,2024-03-21T05:03:59,Synthetic investigation case for TraceX analytical testing.,SYNTHETIC,,,true,,SCN-FIN-1636,Medium,synthetic-design,AUDIT-cases-CASE-01636
CASE-01637,Synthetic investigation 1637,communication,review,2025-07-19T22:30:11,Synthetic investigation case for TraceX analytical testing.,SYNTHETIC,,,true,,SCN-COM-1637,Medium,synthetic-design,AUDIT-cases-CASE-01637
CASE-01638,Synthetic investigation 1638,cyber,open,2025-02-13T18:41:55,Synthetic investigation case for TraceX analytical testing.,SYNTHETIC,,,true,,SCN-CYBER-1638,Medium,synthetic-design,AUDIT-cases-CASE-01638
CASE-01639,Synthetic investigation 1639,physical,open,2024-12-21T08:44:57,Synthetic investigation case for TraceX analytical testing.,SYNTHETIC,,,true,,SCN-PHYS-1639,Medium,synthetic-design,AUDIT-cases-CASE-01639
CASE-01640,Synthetic investigation 1640,mixed,closed,2024-04-03T20:37:31,Synthetic investigation case for TraceX analytical testing.,SYNTHETIC,,,true,,SCN-MIXED-1640,Medium,synthetic-design,AUDIT-cases-CASE-01640
CASE-01641,Synthetic investigation 1641,financial,closed,2025-04-03T14:06:58,Synthetic investigation case for TraceX analytical testing.,SYNTHETIC,,,true,,SCN-FIN-1641,Medium,synthetic-design,AUDIT-cases-CASE-01641
CASE-01642,Synthetic investigation 1642,communication,review,2024-03-27T20:45:09,Synthetic investigation case for TraceX analytical testing.,SYNTHETIC,,,true,,SCN-COM-1642,Medium,synthetic-design,AUDIT-cases-CASE-01642
CASE-01643,Synthetic investigation 1643,cyber,review,2024-05-01T01:29:39,Synthetic investigation case for TraceX analytical testing.,SYNTHETIC,,,true,,SCN-CYBER-1643,Medium,synthetic-design,AUDIT-cases-CASE-01643
CASE-01644,Synthetic investigation 1644,physical,review,2024-12-29T15:31:35,Synthetic investigation case for TraceX analytical testing.,SYNTHETIC,,,true,,SCN-PHYS-1644,Medium,synthetic-design,AUDIT-cases-CASE-01644
CASE-01645,Synthetic investigation 1645,mixed,closed,2024-04-01T02:59:47,Synthetic investigation case for TraceX analytical testing.,SYNTHETIC,,,true,,SCN-MIXED-1645,Medium,synthetic-design,AUDIT-cases-CASE-01645
CASE-01646,Synthetic investigation 1646,financial,open,2024-08-03T11:40:09,Synthetic investigation case for TraceX analytical testing.,SYNTHETIC,,,true,,SCN-FIN-1646,Medium,synthetic-design,AUDIT-cases-CASE-01646
CASE-01647,Synthetic investigation 1647,communication,open,2024-01-05T23:51:44,Synthetic investigation case for TraceX analytical testing.,SYNTHETIC,,,true,,SCN-COM-1647,Medium,synthetic-design,AUDIT-cases-CASE-01647
CASE-01648,Synthetic investigation 1648,cyber,review,2025-04-20T21:16:00,Synthetic investigation case for TraceX analytical testing.,SYNTHETIC,,,true,,SCN-CYBER-1648,Medium,synthetic-design,AUDIT-cases-CASE-01648
CASE-01649,Synthetic investigation 1649,physical,review,2025-01-01T21:06:51,Synthetic investigation case for TraceX analytical testing.,SYNTHETIC,,,true,,SCN-PHYS-1649,Medium,synthetic-design,AUDIT-cases-CASE-01649
CASE-01650,Synthetic investigation 1650,mixed,closed,2025-01-07T15:04:27,Synthetic investigation case for TraceX analytical testing.,SYNTHETIC,,,true,,SCN-MIXED-1650,Medium,synthetic-design,AUDIT-cases-CASE-01650
CASE-01651,Synthetic investigation 1651,financial,open,2024-02-09T22:37:56,Synthetic investigation case for TraceX analytical testing.,SYNTHETIC,,,true,,SCN-FIN-1651,Medium,synthetic-design,AUDIT-cases-CASE-01651
CASE-01652,Synthetic investigation 1652,communication,open,2024-04-04T04:00:32,Synthetic investigation case for TraceX analytical testing.,SYNTHETIC,,,true,,SCN-COM-1652,Medium,synthetic-design,AUDIT-cases-CASE-01652
CASE-01653,Synthetic investigation 1653,cyber,closed,2024-09-09T21:26:31,Synthetic investigation case for TraceX analytical testing.,SYNTHETIC,,,true,,SCN-CYBER-1653,Medium,synthetic-design,AUDIT-cases-CASE-01653
CASE-01654,Synthetic investigation 1654,physical,closed,2024-01-19T12:03:43,Synthetic investigation case for TraceX analytical testing.,SYNTHETIC,,,true,,SCN-PHYS-1654,Medium,synthetic-design,AUDIT-cases-CASE-01654
CASE-01655,Synthetic investigation 1655,mixed,open,2025-01-08T02:10:18,Synthetic investigation case for TraceX analytical testing.,SYNTHETIC,,,true,,SCN-MIXED-1655,Medium,synthetic-design,AUDIT-cases-CASE-01655
CASE-01656,Synthetic investigation 1656,financial,review,2024-06-17T02:26:42,Synthetic investigation case for TraceX analytical testing.,SYNTHETIC,,,true,,SCN-FIN-1656,Medium,synthetic-design,AUDIT-cases-CASE-01656
CASE-01657,Synthetic investigation 1657,communication,open,2025-03-02T14:09:29,Synthetic investigation case for TraceX analytical testing.,SYNTHETIC,,,true,,SCN-COM-1657,Medium,synthetic-design,AUDIT-cases-CASE-01657
CASE-01658,Synthetic investigation 1658,cyber,review,2024-12-22T02:16:03,Synthetic investigation case for TraceX analytical testing.,SYNTHETIC,,,true,,SCN-CYBER-1658,Medium,synthetic-design,AUDIT-cases-CASE-01658
CASE-01659,Synthetic investigation 1659,physical,open,2024-08-22T09:29:23,Synthetic investigation case for TraceX analytical testing.,SYNTHETIC,,,true,,SCN-PHYS-1659,Medium,synthetic-design,AUDIT-cases-CASE-01659
CASE-01660,Synthetic investigation 1660,mixed,closed,2024-10-07T23:38:32,Synthetic investigation case for TraceX analytical testing.,SYNTHETIC,,,true,,SCN-MIXED-1660,Medium,synthetic-design,AUDIT-cases-CASE-01660
CASE-01661,Synthetic investigation 1661,financial,review,2025-03-16T03:10:33,Synthetic investigation case for TraceX analytical testing.,SYNTHETIC,,,true,,SCN-FIN-1661,Medium,synthetic-design,AUDIT-cases-CASE-01661
CASE-01662,Synthetic investigation 1662,communication,open,2025-03-28T13:37:05,Synthetic investigation case for TraceX analytical testing.,SYNTHETIC,,,true,,SCN-COM-1662,Medium,synthetic-design,AUDIT-cases-CASE-01662
CASE-01663,Synthetic investigation 1663,cyber,closed,2025-03-02T22:50:07,Synthetic investigation case for TraceX analytical testing.,SYNTHETIC,,,true,,SCN-CYBER-1663,Medium,synthetic-design,AUDIT-cases-CASE-01663
CASE-01664,Synthetic investigation 1664,physical,open,2024-10-01T14:39:45,Synthetic investigation case for TraceX analytical testing.,SYNTHETIC,,,true,,SCN-PHYS-1664,Medium,synthetic-design,AUDIT-cases-CASE-01664
CASE-01665,Synthetic investigation 1665,mixed,closed,2024-05-29T17:39:01,Synthetic investigation case for TraceX analytical testing.,SYNTHETIC,,,true,,SCN-MIXED-1665,Medium,synthetic-design,AUDIT-cases-CASE-01665
CASE-01666,Synthetic investigation 1666,financial,closed,2024-08-05T16:38:40,Synthetic investigation case for TraceX analytical testing.,SYNTHETIC,,,true,,SCN-FIN-1666,Medium,synthetic-design,AUDIT-cases-CASE-01666
CASE-01667,Synthetic investigation 1667,communication,closed,2025-04-13T03:59:57,Synthetic investigation case for TraceX analytical testing.,SYNTHETIC,,,true,,SCN-COM-1667,Medium,synthetic-design,AUDIT-cases-CASE-01667
CASE-01668,Synthetic investigation 1668,cyber,review,2025-03-15T10:54:18,Synthetic investigation case for TraceX analytical testing.,SYNTHETIC,,,true,,SCN-CYBER-1668,Medium,synthetic-design,AUDIT-cases-CASE-01668
CASE-01669,Synthetic investigation 1669,physical,closed,2024-10-12T17:32:42,Synthetic investigation case for TraceX analytical testing.,SYNTHETIC,,,true,,SCN-PHYS-1669,Medium,synthetic-design,AUDIT-cases-CASE-01669
CASE-01670,Synthetic investigation 1670,mixed,closed,2025-05-20T07:20:47,Synthetic investigation case for TraceX analytical testing.,SYNTHETIC,,,true,,SCN-MIXED-1670,Medium,synthetic-design,AUDIT-cases-CASE-01670
CASE-01671,Synthetic investigation 1671,financial,review,2024-12-02T01:16:47,Synthetic investigation case for TraceX analytical testing.,SYNTHETIC,,,true,,SCN-FIN-1671,Medium,synthetic-design,AUDIT-cases-CASE-01671
CASE-01672,Synthetic investigation 1672,communication,closed,2025-07-26T21:01:04,Synthetic investigation case for TraceX analytical testing.,SYNTHETIC,,,true,,SCN-COM-1672,Medium,synthetic-design,AUDIT-cases-CASE-01672
CASE-01673,Synthetic investigation 1673,cyber,open,2024-08-30T11:18:10,Synthetic investigation case for TraceX analytical testing.,SYNTHETIC,,,true,,SCN-CYBER-1673,Medium,synthetic-design,AUDIT-cases-CASE-01673
CASE-01674,Synthetic investigation 1674,physical,closed,2024-02-19T10:52:21,Synthetic investigation case for TraceX analytical testing.,SYNTHETIC,,,true,,SCN-PHYS-1674,Medium,synthetic-design,AUDIT-cases-CASE-01674
CASE-01675,Synthetic investigation 1675,mixed,open,2025-06-26T01:22:20,Synthetic investigation case for TraceX analytical testing.,SYNTHETIC,,,true,,SCN-MIXED-1675,Medium,synthetic-design,AUDIT-cases-CASE-01675
CASE-01676,Synthetic investigation 1676,financial,review,2024-10-09T12:21:41,Synthetic investigation case for TraceX analytical testing.,SYNTHETIC,,,true,,SCN-FIN-1676,Medium,synthetic-design,AUDIT-cases-CASE-01676
CASE-01677,Synthetic investigation 1677,communication,review,2025-03-30T22:24:07,Synthetic investigation case for TraceX analytical testing.,SYNTHETIC,,,true,,SCN-COM-1677,Medium,synthetic-design,AUDIT-cases-CASE-01677
CASE-01678,Synthetic investigation 1678,cyber,review,2024-01-07T02:58:23,Synthetic investigation case for TraceX analytical testing.,SYNTHETIC,,,true,,SCN-CYBER-1678,Medium,synthetic-design,AUDIT-cases-CASE-01678
CASE-01679,Synthetic investigation 1679,physical,review,2024-07-14T21:40:25,Synthetic investigation case for TraceX analytical testing.,SYNTHETIC,,,true,,SCN-PHYS-1679,Medium,synthetic-design,AUDIT-cases-CASE-01679
CASE-01680,Synthetic investigation 1680,mixed,open,2024-01-17T10:56:43,Synthetic investigation case for TraceX analytical testing.,SYNTHETIC,,,true,,SCN-MIXED-1680,Medium,synthetic-design,AUDIT-cases-CASE-01680
CASE-01681,Synthetic investigation 1681,financial,review,2024-01-30T22:56:35,Synthetic investigation case for TraceX analytical testing.,SYNTHETIC,,,true,,SCN-FIN-1681,Medium,synthetic-design,AUDIT-cases-CASE-01681
CASE-01682,Synthetic investigation 1682,communication,open,2024-02-24T23:31:05,Synthetic investigation case for TraceX analytical testing.,SYNTHETIC,,,true,,SCN-COM-1682,Medium,synthetic-design,AUDIT-cases-CASE-01682
CASE-01683,Synthetic investigation 1683,cyber,review,2025-04-08T00:17:35,Synthetic investigation case for TraceX analytical testing.,SYNTHETIC,,,true,,SCN-CYBER-1683,Medium,synthetic-design,AUDIT-cases-CASE-01683
CASE-01684,Synthetic investigation 1684,physical,review,2025-04-26T22:38:45,Synthetic investigation case for TraceX analytical testing.,SYNTHETIC,,,true,,SCN-PHYS-1684,Medium,synthetic-design,AUDIT-cases-CASE-01684
CASE-01685,Synthetic investigation 1685,mixed,review,2024-11-26T09:25:35,Synthetic investigation case for TraceX analytical testing.,SYNTHETIC,,,true,,SCN-MIXED-1685,Medium,synthetic-design,AUDIT-cases-CASE-01685
CASE-01686,Synthetic investigation 1686,financial,review,2024-06-22T05:41:30,Synthetic investigation case for TraceX analytical testing.,SYNTHETIC,,,true,,SCN-FIN-1686,Medium,synthetic-design,AUDIT-cases-CASE-01686
CASE-01687,Synthetic investigation 1687,communication,review,2025-01-26T07:32:45,Synthetic investigation case for TraceX analytical testing.,SYNTHETIC,,,true,,SCN-COM-1687,Medium,synthetic-design,AUDIT-cases-CASE-01687
CASE-01688,Synthetic investigation 1688,cyber,review,2024-01-24T09:23:38,Synthetic investigation case for TraceX analytical testing.,SYNTHETIC,,,true,,SCN-CYBER-1688,Medium,synthetic-design,AUDIT-cases-CASE-01688
CASE-01689,Synthetic investigation 1689,physical,review,2025-07-20T14:37:43,Synthetic investigation case for TraceX analytical testing.,SYNTHETIC,,,true,,SCN-PHYS-1689,Medium,synthetic-design,AUDIT-cases-CASE-01689
CASE-01690,Synthetic investigation 1690,mixed,review,2024-11-22T14:41:01,Synthetic investigation case for TraceX analytical testing.,SYNTHETIC,,,true,,SCN-MIXED-1690,Medium,synthetic-design,AUDIT-cases-CASE-01690
CASE-01691,Synthetic investigation 1691,financial,closed,2024-03-19T13:37:58,Synthetic investigation case for TraceX analytical testing.,SYNTHETIC,,,true,,SCN-FIN-1691,Medium,synthetic-design,AUDIT-cases-CASE-01691
CASE-01692,Synthetic investigation 1692,communication,review,2025-02-14T04:46:15,Synthetic investigation case for TraceX analytical testing.,SYNTHETIC,,,true,,SCN-COM-1692,Medium,synthetic-design,AUDIT-cases-CASE-01692
CASE-01693,Synthetic investigation 1693,cyber,closed,2024-03-29T23:06:39,Synthetic investigation case for TraceX analytical testing.,SYNTHETIC,,,true,,SCN-CYBER-1693,Medium,synthetic-design,AUDIT-cases-CASE-01693
CASE-01694,Synthetic investigation 1694,physical,open,2025-03-09T05:21:32,Synthetic investigation case for TraceX analytical testing.,SYNTHETIC,,,true,,SCN-PHYS-1694,Medium,synthetic-design,AUDIT-cases-CASE-01694
CASE-01695,Synthetic investigation 1695,mixed,review,2025-03-10T09:17:34,Synthetic investigation case for TraceX analytical testing.,SYNTHETIC,,,true,,SCN-MIXED-1695,Medium,synthetic-design,AUDIT-cases-CASE-01695
CASE-01696,Synthetic investigation 1696,financial,closed,2024-10-26T11:29:19,Synthetic investigation case for TraceX analytical testing.,SYNTHETIC,,,true,,SCN-FIN-1696,Medium,synthetic-design,AUDIT-cases-CASE-01696
CASE-01697,Synthetic investigation 1697,communication,closed,2024-05-19T11:46:49,Synthetic investigation case for TraceX analytical testing.,SYNTHETIC,,,true,,SCN-COM-1697,Medium,synthetic-design,AUDIT-cases-CASE-01697
CASE-01698,Synthetic investigation 1698,cyber,open,2024-03-03T21:06:35,Synthetic investigation case for TraceX analytical testing.,SYNTHETIC,,,true,,SCN-CYBER-1698,Medium,synthetic-design,AUDIT-cases-CASE-01698
CASE-01699,Synthetic investigation 1699,physical,review,2024-08-21T19:13:26,Synthetic investigation case for TraceX analytical testing.,SYNTHETIC,,,true,,SCN-PHYS-1699,Medium,synthetic-design,AUDIT-cases-CASE-01699
CASE-01700,Synthetic investigation 1700,mixed,closed,2024-10-26T10:24:06,Synthetic investigation case for TraceX analytical testing.,SYNTHETIC,,,true,,SCN-MIXED-1700,Medium,synthetic-design,AUDIT-cases-CASE-01700
CASE-01701,Synthetic investigation 1701,financial,closed,2024-01-02T11:50:42,Synthetic investigation case for TraceX analytical testing.,SYNTHETIC,,,true,,SCN-FIN-1701,Medium,synthetic-design,AUDIT-cases-CASE-01701
CASE-01702,Synthetic investigation 1702,communication,open,2025-06-29T23:48:09,Synthetic investigation case for TraceX analytical testing.,SYNTHETIC,,,true,,SCN-COM-1702,Medium,synthetic-design,AUDIT-cases-CASE-01702
CASE-01703,Synthetic investigation 1703,cyber,review,2025-03-22T12:42:45,Synthetic investigation case for TraceX analytical testing.,SYNTHETIC,,,true,,SCN-CYBER-1703,Medium,synthetic-design,AUDIT-cases-CASE-01703
CASE-01704,Synthetic investigation 1704,physical,open,2024-05-01T00:16:50,Synthetic investigation case for TraceX analytical testing.,SYNTHETIC,,,true,,SCN-PHYS-1704,Medium,synthetic-design,AUDIT-cases-CASE-01704
CASE-01705,Synthetic investigation 1705,mixed,review,2025-04-30T19:59:55,Synthetic investigation case for TraceX analytical testing.,SYNTHETIC,,,true,,SCN-MIXED-1705,Medium,synthetic-design,AUDIT-cases-CASE-01705
CASE-01706,Synthetic investigation 1706,financial,closed,2024-10-04T20:30:44,Synthetic investigation case for TraceX analytical testing.,SYNTHETIC,,,true,,SCN-FIN-1706,Medium,synthetic-design,AUDIT-cases-CASE-01706
CASE-01707,Synthetic investigation 1707,communication,open,2024-10-24T03:18:35,Synthetic investigation case for TraceX analytical testing.,SYNTHETIC,,,true,,SCN-COM-1707,Medium,synthetic-design,AUDIT-cases-CASE-01707
CASE-01708,Synthetic investigation 1708,cyber,review,2024-05-15T12:17:48,Synthetic investigation case for TraceX analytical testing.,SYNTHETIC,,,true,,SCN-CYBER-1708,Medium,synthetic-design,AUDIT-cases-CASE-01708
CASE-01709,Synthetic investigation 1709,physical,review,2025-05-14T06:12:57,Synthetic investigation case for TraceX analytical testing.,SYNTHETIC,,,true,,SCN-PHYS-1709,Medium,synthetic-design,AUDIT-cases-CASE-01709
CASE-01710,Synthetic investigation 1710,mixed,closed,2024-06-24T06:58:59,Synthetic investigation case for TraceX analytical testing.,SYNTHETIC,,,true,,SCN-MIXED-1710,Medium,synthetic-design,AUDIT-cases-CASE-01710
CASE-01711,Synthetic investigation 1711,financial,open,2025-02-11T12:02:03,Synthetic investigation case for TraceX analytical testing.,SYNTHETIC,,,true,,SCN-FIN-1711,Medium,synthetic-design,AUDIT-cases-CASE-01711
CASE-01712,Synthetic investigation 1712,communication,review,2024-04-03T06:47:37,Synthetic investigation case for TraceX analytical testing.,SYNTHETIC,,,true,,SCN-COM-1712,Medium,synthetic-design,AUDIT-cases-CASE-01712
CASE-01713,Synthetic investigation 1713,cyber,open,2024-05-31T03:38:18,Synthetic investigation case for TraceX analytical testing.,SYNTHETIC,,,true,,SCN-CYBER-1713,Medium,synthetic-design,AUDIT-cases-CASE-01713
CASE-01714,Synthetic investigation 1714,physical,open,2025-08-04T06:01:04,Synthetic investigation case for TraceX analytical testing.,SYNTHETIC,,,true,,SCN-PHYS-1714,Medium,synthetic-design,AUDIT-cases-CASE-01714
CASE-01715,Synthetic investigation 1715,mixed,closed,2025-03-14T00:33:28,Synthetic investigation case for TraceX analytical testing.,SYNTHETIC,,,true,,SCN-MIXED-1715,Medium,synthetic-design,AUDIT-cases-CASE-01715
CASE-01716,Synthetic investigation 1716,financial,open,2025-03-29T10:13:22,Synthetic investigation case for TraceX analytical testing.,SYNTHETIC,,,true,,SCN-FIN-1716,Medium,synthetic-design,AUDIT-cases-CASE-01716
CASE-01717,Synthetic investigation 1717,communication,open,2024-10-26T19:43:33,Synthetic investigation case for TraceX analytical testing.,SYNTHETIC,,,true,,SCN-COM-1717,Medium,synthetic-design,AUDIT-cases-CASE-01717
CASE-01718,Synthetic investigation 1718,cyber,review,2024-11-21T08:12:57,Synthetic investigation case for TraceX analytical testing.,SYNTHETIC,,,true,,SCN-CYBER-1718,Medium,synthetic-design,AUDIT-cases-CASE-01718
CASE-01719,Synthetic investigation 1719,physical,open,2024-02-12T00:05:22,Synthetic investigation case for TraceX analytical testing.,SYNTHETIC,,,true,,SCN-PHYS-1719,Medium,synthetic-design,AUDIT-cases-CASE-01719
CASE-01720,Synthetic investigation 1720,mixed,review,2024-11-11T14:34:47,Synthetic investigation case for TraceX analytical testing.,SYNTHETIC,,,true,,SCN-MIXED-1720,Medium,synthetic-design,AUDIT-cases-CASE-01720
CASE-01721,Synthetic investigation 1721,financial,review,2024-11-16T20:50:37,Synthetic investigation case for TraceX analytical testing.,SYNTHETIC,,,true,,SCN-FIN-1721,Medium,synthetic-design,AUDIT-cases-CASE-01721
CASE-01722,Synthetic investigation 1722,communication,closed,2025-01-21T17:16:03,Synthetic investigation case for TraceX analytical testing.,SYNTHETIC,,,true,,SCN-COM-1722,Medium,synthetic-design,AUDIT-cases-CASE-01722
CASE-01723,Synthetic investigation 1723,cyber,review,2025-03-29T22:28:52,Synthetic investigation case for TraceX analytical testing.,SYNTHETIC,,,true,,SCN-CYBER-1723,Medium,synthetic-design,AUDIT-cases-CASE-01723
CASE-01724,Synthetic investigation 1724,physical,review,2024-07-15T09:09:36,Synthetic investigation case for TraceX analytical testing.,SYNTHETIC,,,true,,SCN-PHYS-1724,Medium,synthetic-design,AUDIT-cases-CASE-01724
CASE-01725,Synthetic investigation 1725,mixed,review,2024-12-14T18:13:53,Synthetic investigation case for TraceX analytical testing.,SYNTHETIC,,,true,,SCN-MIXED-1725,Medium,synthetic-design,AUDIT-cases-CASE-01725
CASE-01726,Synthetic investigation 1726,financial,closed,2025-06-16T01:24:00,Synthetic investigation case for TraceX analytical testing.,SYNTHETIC,,,true,,SCN-FIN-1726,Medium,synthetic-design,AUDIT-cases-CASE-01726
CASE-01727,Synthetic investigation 1727,communication,review,2024-02-18T05:57:07,Synthetic investigation case for TraceX analytical testing.,SYNTHETIC,,,true,,SCN-COM-1727,Medium,synthetic-design,AUDIT-cases-CASE-01727
CASE-01728,Synthetic investigation 1728,cyber,open,2024-04-23T12:49:10,Synthetic investigation case for TraceX analytical testing.,SYNTHETIC,,,true,,SCN-CYBER-1728,Medium,synthetic-design,AUDIT-cases-CASE-01728
CASE-01729,Synthetic investigation 1729,physical,open,2024-07-29T02:42:37,Synthetic investigation case for TraceX analytical testing.,SYNTHETIC,,,true,,SCN-PHYS-1729,Medium,synthetic-design,AUDIT-cases-CASE-01729
CASE-01730,Synthetic investigation 1730,mixed,review,2024-02-26T12:15:16,Synthetic investigation case for TraceX analytical testing.,SYNTHETIC,,,true,,SCN-MIXED-1730,Medium,synthetic-design,AUDIT-cases-CASE-01730
CASE-01731,Synthetic investigation 1731,financial,closed,2024-02-01T12:58:20,Synthetic investigation case for TraceX analytical testing.,SYNTHETIC,,,true,,SCN-FIN-1731,Medium,synthetic-design,AUDIT-cases-CASE-01731
CASE-01732,Synthetic investigation 1732,communication,open,2024-07-12T05:58:32,Synthetic investigation case for TraceX analytical testing.,SYNTHETIC,,,true,,SCN-COM-1732,Medium,synthetic-design,AUDIT-cases-CASE-01732
CASE-01733,Synthetic investigation 1733,cyber,review,2024-05-03T19:01:33,Synthetic investigation case for TraceX analytical testing.,SYNTHETIC,,,true,,SCN-CYBER-1733,Medium,synthetic-design,AUDIT-cases-CASE-01733
CASE-01734,Synthetic investigation 1734,physical,open,2024-08-16T13:02:32,Synthetic investigation case for TraceX analytical testing.,SYNTHETIC,,,true,,SCN-PHYS-1734,Medium,synthetic-design,AUDIT-cases-CASE-01734
CASE-01735,Synthetic investigation 1735,mixed,review,2025-05-13T02:07:08,Synthetic investigation case for TraceX analytical testing.,SYNTHETIC,,,true,,SCN-MIXED-1735,Medium,synthetic-design,AUDIT-cases-CASE-01735
CASE-01736,Synthetic investigation 1736,financial,closed,2024-03-13T03:16:17,Synthetic investigation case for TraceX analytical testing.,SYNTHETIC,,,true,,SCN-FIN-1736,Medium,synthetic-design,AUDIT-cases-CASE-01736
CASE-01737,Synthetic investigation 1737,communication,closed,2024-12-09T10:44:47,Synthetic investigation case for TraceX analytical testing.,SYNTHETIC,,,true,,SCN-COM-1737,Medium,synthetic-design,AUDIT-cases-CASE-01737
CASE-01738,Synthetic investigation 1738,cyber,closed,2025-04-21T01:11:28,Synthetic investigation case for TraceX analytical testing.,SYNTHETIC,,,true,,SCN-CYBER-1738,Medium,synthetic-design,AUDIT-cases-CASE-01738
CASE-01739,Synthetic investigation 1739,physical,closed,2024-08-25T10:49:31,Synthetic investigation case for TraceX analytical testing.,SYNTHETIC,,,true,,SCN-PHYS-1739,Medium,synthetic-design,AUDIT-cases-CASE-01739
CASE-01740,Synthetic investigation 1740,mixed,closed,2024-07-11T23:27:55,Synthetic investigation case for TraceX analytical testing.,SYNTHETIC,,,true,,SCN-MIXED-1740,Medium,synthetic-design,AUDIT-cases-CASE-01740
CASE-01741,Synthetic investigation 1741,financial,open,2024-12-30T11:00:00,Synthetic investigation case for TraceX analytical testing.,SYNTHETIC,,,true,,SCN-FIN-1741,Medium,synthetic-design,AUDIT-cases-CASE-01741
CASE-01742,Synthetic investigation 1742,communication,open,2025-05-26T07:54:07,Synthetic investigation case for TraceX analytical testing.,SYNTHETIC,,,true,,SCN-COM-1742,Medium,synthetic-design,AUDIT-cases-CASE-01742
CASE-01743,Synthetic investigation 1743,cyber,open,2025-05-15T14:36:06,Synthetic investigation case for TraceX analytical testing.,SYNTHETIC,,,true,,SCN-CYBER-1743,Medium,synthetic-design,AUDIT-cases-CASE-01743
CASE-01744,Synthetic investigation 1744,physical,review,2024-05-12T21:51:33,Synthetic investigation case for TraceX analytical testing.,SYNTHETIC,,,true,,SCN-PHYS-1744,Medium,synthetic-design,AUDIT-cases-CASE-01744
CASE-01745,Synthetic investigation 1745,mixed,closed,2025-08-02T09:22:18,Synthetic investigation case for TraceX analytical testing.,SYNTHETIC,,,true,,SCN-MIXED-1745,Medium,synthetic-design,AUDIT-cases-CASE-01745
CASE-01746,Synthetic investigation 1746,financial,review,2025-05-08T10:56:37,Synthetic investigation case for TraceX analytical testing.,SYNTHETIC,,,true,,SCN-FIN-1746,Medium,synthetic-design,AUDIT-cases-CASE-01746
CASE-01747,Synthetic investigation 1747,communication,open,2024-08-03T22:52:07,Synthetic investigation case for TraceX analytical testing.,SYNTHETIC,,,true,,SCN-COM-1747,Medium,synthetic-design,AUDIT-cases-CASE-01747
CASE-01748,Synthetic investigation 1748,cyber,review,2024-12-17T09:29:13,Synthetic investigation case for TraceX analytical testing.,SYNTHETIC,,,true,,SCN-CYBER-1748,Medium,synthetic-design,AUDIT-cases-CASE-01748
CASE-01749,Synthetic investigation 1749,physical,open,2024-07-17T21:32:03,Synthetic investigation case for TraceX analytical testing.,SYNTHETIC,,,true,,SCN-PHYS-1749,Medium,synthetic-design,AUDIT-cases-CASE-01749
CASE-01750,Synthetic investigation 1750,mixed,open,2024-10-21T05:33:16,Synthetic investigation case for TraceX analytical testing.,SYNTHETIC,,,true,,SCN-MIXED-1750,Medium,synthetic-design,AUDIT-cases-CASE-01750
CASE-01751,Synthetic investigation 1751,financial,closed,2024-02-13T00:08:44,Synthetic investigation case for TraceX analytical testing.,SYNTHETIC,,,true,,SCN-FIN-1751,Medium,synthetic-design,AUDIT-cases-CASE-01751
CASE-01752,Synthetic investigation 1752,communication,open,2025-04-09T11:12:05,Synthetic investigation case for TraceX analytical testing.,SYNTHETIC,,,true,,SCN-COM-1752,Medium,synthetic-design,AUDIT-cases-CASE-01752
CASE-01753,Synthetic investigation 1753,cyber,closed,2024-10-02T05:44:25,Synthetic investigation case for TraceX analytical testing.,SYNTHETIC,,,true,,SCN-CYBER-1753,Medium,synthetic-design,AUDIT-cases-CASE-01753
CASE-01754,Synthetic investigation 1754,physical,review,2024-05-28T06:39:10,Synthetic investigation case for TraceX analytical testing.,SYNTHETIC,,,true,,SCN-PHYS-1754,Medium,synthetic-design,AUDIT-cases-CASE-01754
CASE-01755,Synthetic investigation 1755,mixed,closed,2024-09-30T14:21:24,Synthetic investigation case for TraceX analytical testing.,SYNTHETIC,,,true,,SCN-MIXED-1755,Medium,synthetic-design,AUDIT-cases-CASE-01755
CASE-01756,Synthetic investigation 1756,financial,review,2025-04-29T20:35:52,Synthetic investigation case for TraceX analytical testing.,SYNTHETIC,,,true,,SCN-FIN-1756,Medium,synthetic-design,AUDIT-cases-CASE-01756
CASE-01757,Synthetic investigation 1757,communication,review,2024-06-23T16:21:47,Synthetic investigation case for TraceX analytical testing.,SYNTHETIC,,,true,,SCN-COM-1757,Medium,synthetic-design,AUDIT-cases-CASE-01757
CASE-01758,Synthetic investigation 1758,cyber,review,2024-01-27T16:46:18,Synthetic investigation case for TraceX analytical testing.,SYNTHETIC,,,true,,SCN-CYBER-1758,Medium,synthetic-design,AUDIT-cases-CASE-01758
CASE-01759,Synthetic investigation 1759,physical,review,2024-11-15T22:17:30,Synthetic investigation case for TraceX analytical testing.,SYNTHETIC,,,true,,SCN-PHYS-1759,Medium,synthetic-design,AUDIT-cases-CASE-01759
CASE-01760,Synthetic investigation 1760,mixed,review,2024-02-20T12:39:30,Synthetic investigation case for TraceX analytical testing.,SYNTHETIC,,,true,,SCN-MIXED-1760,Medium,synthetic-design,AUDIT-cases-CASE-01760
CASE-01761,Synthetic investigation 1761,financial,review,2025-01-27T05:15:59,Synthetic investigation case for TraceX analytical testing.,SYNTHETIC,,,true,,SCN-FIN-1761,Medium,synthetic-design,AUDIT-cases-CASE-01761
CASE-01762,Synthetic investigation 1762,communication,review,2025-04-04T18:31:28,Synthetic investigation case for TraceX analytical testing.,SYNTHETIC,,,true,,SCN-COM-1762,Medium,synthetic-design,AUDIT-cases-CASE-01762
CASE-01763,Synthetic investigation 1763,cyber,review,2025-04-28T22:45:08,Synthetic investigation case for TraceX analytical testing.,SYNTHETIC,,,true,,SCN-CYBER-1763,Medium,synthetic-design,AUDIT-cases-CASE-01763
CASE-01764,Synthetic investigation 1764,physical,closed,2024-10-21T13:09:26,Synthetic investigation case for TraceX analytical testing.,SYNTHETIC,,,true,,SCN-PHYS-1764,Medium,synthetic-design,AUDIT-cases-CASE-01764
CASE-01765,Synthetic investigation 1765,mixed,open,2024-12-24T11:18:05,Synthetic investigation case for TraceX analytical testing.,SYNTHETIC,,,true,,SCN-MIXED-1765,Medium,synthetic-design,AUDIT-cases-CASE-01765
CASE-01766,Synthetic investigation 1766,financial,closed,2024-08-24T07:20:51,Synthetic investigation case for TraceX analytical testing.,SYNTHETIC,,,true,,SCN-FIN-1766,Medium,synthetic-design,AUDIT-cases-CASE-01766
CASE-01767,Synthetic investigation 1767,communication,open,2025-01-09T07:16:38,Synthetic investigation case for TraceX analytical testing.,SYNTHETIC,,,true,,SCN-COM-1767,Medium,synthetic-design,AUDIT-cases-CASE-01767
CASE-01768,Synthetic investigation 1768,cyber,review,2024-04-14T10:47:36,Synthetic investigation case for TraceX analytical testing.,SYNTHETIC,,,true,,SCN-CYBER-1768,Medium,synthetic-design,AUDIT-cases-CASE-01768
CASE-01769,Synthetic investigation 1769,physical,closed,2024-04-30T00:09:02,Synthetic investigation case for TraceX analytical testing.,SYNTHETIC,,,true,,SCN-PHYS-1769,Medium,synthetic-design,AUDIT-cases-CASE-01769
CASE-01770,Synthetic investigation 1770,mixed,review,2025-01-13T03:26:34,Synthetic investigation case for TraceX analytical testing.,SYNTHETIC,,,true,,SCN-MIXED-1770,Medium,synthetic-design,AUDIT-cases-CASE-01770
CASE-01771,Synthetic investigation 1771,financial,open,2024-12-03T02:01:01,Synthetic investigation case for TraceX analytical testing.,SYNTHETIC,,,true,,SCN-FIN-1771,Medium,synthetic-design,AUDIT-cases-CASE-01771
CASE-01772,Synthetic investigation 1772,communication,review,2024-02-11T15:34:55,Synthetic investigation case for TraceX analytical testing.,SYNTHETIC,,,true,,SCN-COM-1772,Medium,synthetic-design,AUDIT-cases-CASE-01772
CASE-01773,Synthetic investigation 1773,cyber,review,2024-01-10T08:42:17,Synthetic investigation case for TraceX analytical testing.,SYNTHETIC,,,true,,SCN-CYBER-1773,Medium,synthetic-design,AUDIT-cases-CASE-01773
CASE-01774,Synthetic investigation 1774,physical,open,2024-07-28T21:03:33,Synthetic investigation case for TraceX analytical testing.,SYNTHETIC,,,true,,SCN-PHYS-1774,Medium,synthetic-design,AUDIT-cases-CASE-01774
CASE-01775,Synthetic investigation 1775,mixed,closed,2025-06-14T14:03:12,Synthetic investigation case for TraceX analytical testing.,SYNTHETIC,,,true,,SCN-MIXED-1775,Medium,synthetic-design,AUDIT-cases-CASE-01775
CASE-01776,Synthetic investigation 1776,financial,open,2024-09-15T05:04:05,Synthetic investigation case for TraceX analytical testing.,SYNTHETIC,,,true,,SCN-FIN-1776,Medium,synthetic-design,AUDIT-cases-CASE-01776
CASE-01777,Synthetic investigation 1777,communication,open,2024-01-09T06:25:07,Synthetic investigation case for TraceX analytical testing.,SYNTHETIC,,,true,,SCN-COM-1777,Medium,synthetic-design,AUDIT-cases-CASE-01777
CASE-01778,Synthetic investigation 1778,cyber,open,2025-07-19T20:03:15,Synthetic investigation case for TraceX analytical testing.,SYNTHETIC,,,true,,SCN-CYBER-1778,Medium,synthetic-design,AUDIT-cases-CASE-01778
CASE-01779,Synthetic investigation 1779,physical,closed,2025-01-15T06:28:33,Synthetic investigation case for TraceX analytical testing.,SYNTHETIC,,,true,,SCN-PHYS-1779,Medium,synthetic-design,AUDIT-cases-CASE-01779
CASE-01780,Synthetic investigation 1780,mixed,open,2024-07-04T16:31:57,Synthetic investigation case for TraceX analytical testing.,SYNTHETIC,,,true,,SCN-MIXED-1780,Medium,synthetic-design,AUDIT-cases-CASE-01780
CASE-01781,Synthetic investigation 1781,financial,open,2024-09-24T06:44:51,Synthetic investigation case for TraceX analytical testing.,SYNTHETIC,,,true,,SCN-FIN-1781,Medium,synthetic-design,AUDIT-cases-CASE-01781
CASE-01782,Synthetic investigation 1782,communication,closed,2025-05-15T00:49:36,Synthetic investigation case for TraceX analytical testing.,SYNTHETIC,,,true,,SCN-COM-1782,Medium,synthetic-design,AUDIT-cases-CASE-01782
CASE-01783,Synthetic investigation 1783,cyber,open,2025-03-24T13:40:32,Synthetic investigation case for TraceX analytical testing.,SYNTHETIC,,,true,,SCN-CYBER-1783,Medium,synthetic-design,AUDIT-cases-CASE-01783
CASE-01784,Synthetic investigation 1784,physical,closed,2024-05-19T19:07:24,Synthetic investigation case for TraceX analytical testing.,SYNTHETIC,,,true,,SCN-PHYS-1784,Medium,synthetic-design,AUDIT-cases-CASE-01784
CASE-01785,Synthetic investigation 1785,mixed,open,2024-07-08T11:06:00,Synthetic investigation case for TraceX analytical testing.,SYNTHETIC,,,true,,SCN-MIXED-1785,Medium,synthetic-design,AUDIT-cases-CASE-01785
CASE-01786,Synthetic investigation 1786,financial,review,2024-06-11T15:13:12,Synthetic investigation case for TraceX analytical testing.,SYNTHETIC,,,true,,SCN-FIN-1786,Medium,synthetic-design,AUDIT-cases-CASE-01786
CASE-01787,Synthetic investigation 1787,communication,review,2024-03-12T20:17:30,Synthetic investigation case for TraceX analytical testing.,SYNTHETIC,,,true,,SCN-COM-1787,Medium,synthetic-design,AUDIT-cases-CASE-01787
CASE-01788,Synthetic investigation 1788,cyber,open,2025-05-20T18:00:18,Synthetic investigation case for TraceX analytical testing.,SYNTHETIC,,,true,,SCN-CYBER-1788,Medium,synthetic-design,AUDIT-cases-CASE-01788
CASE-01789,Synthetic investigation 1789,physical,review,2024-04-18T21:58:01,Synthetic investigation case for TraceX analytical testing.,SYNTHETIC,,,true,,SCN-PHYS-1789,Medium,synthetic-design,AUDIT-cases-CASE-01789
CASE-01790,Synthetic investigation 1790,mixed,closed,2024-01-09T18:10:44,Synthetic investigation case for TraceX analytical testing.,SYNTHETIC,,,true,,SCN-MIXED-1790,Medium,synthetic-design,AUDIT-cases-CASE-01790
CASE-01791,Synthetic investigation 1791,financial,open,2025-06-23T08:42:08,Synthetic investigation case for TraceX analytical testing.,SYNTHETIC,,,true,,SCN-FIN-1791,Medium,synthetic-design,AUDIT-cases-CASE-01791
CASE-01792,Synthetic investigation 1792,communication,open,2025-03-24T19:14:35,Synthetic investigation case for TraceX analytical testing.,SYNTHETIC,,,true,,SCN-COM-1792,Medium,synthetic-design,AUDIT-cases-CASE-01792
CASE-01793,Synthetic investigation 1793,cyber,open,2025-03-15T15:08:38,Synthetic investigation case for TraceX analytical testing.,SYNTHETIC,,,true,,SCN-CYBER-1793,Medium,synthetic-design,AUDIT-cases-CASE-01793
CASE-01794,Synthetic investigation 1794,physical,open,2024-10-22T05:41:59,Synthetic investigation case for TraceX analytical testing.,SYNTHETIC,,,true,,SCN-PHYS-1794,Medium,synthetic-design,AUDIT-cases-CASE-01794
CASE-01795,Synthetic investigation 1795,mixed,review,2025-02-18T02:58:04,Synthetic investigation case for TraceX analytical testing.,SYNTHETIC,,,true,,SCN-MIXED-1795,Medium,synthetic-design,AUDIT-cases-CASE-01795
CASE-01796,Synthetic investigation 1796,financial,closed,2024-03-06T19:23:43,Synthetic investigation case for TraceX analytical testing.,SYNTHETIC,,,true,,SCN-FIN-1796,Medium,synthetic-design,AUDIT-cases-CASE-01796
CASE-01797,Synthetic investigation 1797,communication,open,2025-01-24T11:27:45,Synthetic investigation case for TraceX analytical testing.,SYNTHETIC,,,true,,SCN-COM-1797,Medium,synthetic-design,AUDIT-cases-CASE-01797
CASE-01798,Synthetic investigation 1798,cyber,review,2024-08-23T17:25:24,Synthetic investigation case for TraceX analytical testing.,SYNTHETIC,,,true,,SCN-CYBER-1798,Medium,synthetic-design,AUDIT-cases-CASE-01798
CASE-01799,Synthetic investigation 1799,physical,review,2025-02-21T10:27:34,Synthetic investigation case for TraceX analytical testing.,SYNTHETIC,,,true,,SCN-PHYS-1799,Medium,synthetic-design,AUDIT-cases-CASE-01799
CASE-01800,Synthetic investigation 1800,mixed,closed,2025-05-20T01:07:10,Synthetic investigation case for TraceX analytical testing.,SYNTHETIC,,,true,,SCN-MIXED-1800,Medium,synthetic-design,AUDIT-cases-CASE-01800
CASE-01801,Synthetic investigation 1801,financial,review,2024-12-07T12:37:13,Synthetic investigation case for TraceX analytical testing.,SYNTHETIC,,,true,,SCN-FIN-1801,Medium,synthetic-design,AUDIT-cases-CASE-01801
CASE-01802,Synthetic investigation 1802,communication,review,2024-12-23T23:50:12,Synthetic investigation case for TraceX analytical testing.,SYNTHETIC,,,true,,SCN-COM-1802,Medium,synthetic-design,AUDIT-cases-CASE-01802
CASE-01803,Synthetic investigation 1803,cyber,closed,2025-02-23T22:32:43,Synthetic investigation case for TraceX analytical testing.,SYNTHETIC,,,true,,SCN-CYBER-1803,Medium,synthetic-design,AUDIT-cases-CASE-01803
CASE-01804,Synthetic investigation 1804,physical,review,2024-03-22T00:47:42,Synthetic investigation case for TraceX analytical testing.,SYNTHETIC,,,true,,SCN-PHYS-1804,Medium,synthetic-design,AUDIT-cases-CASE-01804
CASE-01805,Synthetic investigation 1805,mixed,review,2024-07-19T21:13:06,Synthetic investigation case for TraceX analytical testing.,SYNTHETIC,,,true,,SCN-MIXED-1805,Medium,synthetic-design,AUDIT-cases-CASE-01805
CASE-01806,Synthetic investigation 1806,financial,review,2024-07-15T17:43:40,Synthetic investigation case for TraceX analytical testing.,SYNTHETIC,,,true,,SCN-FIN-1806,Medium,synthetic-design,AUDIT-cases-CASE-01806
CASE-01807,Synthetic investigation 1807,communication,review,2024-04-27T13:25:35,Synthetic investigation case for TraceX analytical testing.,SYNTHETIC,,,true,,SCN-COM-1807,Medium,synthetic-design,AUDIT-cases-CASE-01807
CASE-01808,Synthetic investigation 1808,cyber,open,2024-01-29T15:15:20,Synthetic investigation case for TraceX analytical testing.,SYNTHETIC,,,true,,SCN-CYBER-1808,Medium,synthetic-design,AUDIT-cases-CASE-01808
CASE-01809,Synthetic investigation 1809,physical,closed,2024-09-14T15:44:45,Synthetic investigation case for TraceX analytical testing.,SYNTHETIC,,,true,,SCN-PHYS-1809,Medium,synthetic-design,AUDIT-cases-CASE-01809
CASE-01810,Synthetic investigation 1810,mixed,closed,2024-08-26T20:39:31,Synthetic investigation case for TraceX analytical testing.,SYNTHETIC,,,true,,SCN-MIXED-1810,Medium,synthetic-design,AUDIT-cases-CASE-01810
CASE-01811,Synthetic investigation 1811,financial,review,2025-04-11T15:06:35,Synthetic investigation case for TraceX analytical testing.,SYNTHETIC,,,true,,SCN-FIN-1811,Medium,synthetic-design,AUDIT-cases-CASE-01811
CASE-01812,Synthetic investigation 1812,communication,review,2025-02-12T02:05:20,Synthetic investigation case for TraceX analytical testing.,SYNTHETIC,,,true,,SCN-COM-1812,Medium,synthetic-design,AUDIT-cases-CASE-01812
CASE-01813,Synthetic investigation 1813,cyber,review,2025-04-24T21:21:22,Synthetic investigation case for TraceX analytical testing.,SYNTHETIC,,,true,,SCN-CYBER-1813,Medium,synthetic-design,AUDIT-cases-CASE-01813
CASE-01814,Synthetic investigation 1814,physical,open,2024-03-23T18:13:50,Synthetic investigation case for TraceX analytical testing.,SYNTHETIC,,,true,,SCN-PHYS-1814,Medium,synthetic-design,AUDIT-cases-CASE-01814
CASE-01815,Synthetic investigation 1815,mixed,open,2024-11-03T23:28:12,Synthetic investigation case for TraceX analytical testing.,SYNTHETIC,,,true,,SCN-MIXED-1815,Medium,synthetic-design,AUDIT-cases-CASE-01815
CASE-01816,Synthetic investigation 1816,financial,closed,2024-10-23T09:11:29,Synthetic investigation case for TraceX analytical testing.,SYNTHETIC,,,true,,SCN-FIN-1816,Medium,synthetic-design,AUDIT-cases-CASE-01816
CASE-01817,Synthetic investigation 1817,communication,review,2024-08-07T19:37:00,Synthetic investigation case for TraceX analytical testing.,SYNTHETIC,,,true,,SCN-COM-1817,Medium,synthetic-design,AUDIT-cases-CASE-01817
CASE-01818,Synthetic investigation 1818,cyber,open,2025-01-18T02:27:03,Synthetic investigation case for TraceX analytical testing.,SYNTHETIC,,,true,,SCN-CYBER-1818,Medium,synthetic-design,AUDIT-cases-CASE-01818
CASE-01819,Synthetic investigation 1819,physical,review,2024-05-06T20:01:03,Synthetic investigation case for TraceX analytical testing.,SYNTHETIC,,,true,,SCN-PHYS-1819,Medium,synthetic-design,AUDIT-cases-CASE-01819
CASE-01820,Synthetic investigation 1820,mixed,review,2024-03-14T22:27:31,Synthetic investigation case for TraceX analytical testing.,SYNTHETIC,,,true,,SCN-MIXED-1820,Medium,synthetic-design,AUDIT-cases-CASE-01820
CASE-01821,Synthetic investigation 1821,financial,open,2024-08-02T19:36:30,Synthetic investigation case for TraceX analytical testing.,SYNTHETIC,,,true,,SCN-FIN-1821,Medium,synthetic-design,AUDIT-cases-CASE-01821
CASE-01822,Synthetic investigation 1822,communication,review,2024-05-27T10:19:57,Synthetic investigation case for TraceX analytical testing.,SYNTHETIC,,,true,,SCN-COM-1822,Medium,synthetic-design,AUDIT-cases-CASE-01822
CASE-01823,Synthetic investigation 1823,cyber,review,2025-06-04T18:31:08,Synthetic investigation case for TraceX analytical testing.,SYNTHETIC,,,true,,SCN-CYBER-1823,Medium,synthetic-design,AUDIT-cases-CASE-01823
CASE-01824,Synthetic investigation 1824,physical,open,2025-02-18T16:55:00,Synthetic investigation case for TraceX analytical testing.,SYNTHETIC,,,true,,SCN-PHYS-1824,Medium,synthetic-design,AUDIT-cases-CASE-01824
CASE-01825,Synthetic investigation 1825,mixed,open,2024-11-13T10:34:22,Synthetic investigation case for TraceX analytical testing.,SYNTHETIC,,,true,,SCN-MIXED-1825,Medium,synthetic-design,AUDIT-cases-CASE-01825
CASE-01826,Synthetic investigation 1826,financial,review,2024-10-25T22:55:50,Synthetic investigation case for TraceX analytical testing.,SYNTHETIC,,,true,,SCN-FIN-1826,Medium,synthetic-design,AUDIT-cases-CASE-01826
CASE-01827,Synthetic investigation 1827,communication,review,2024-10-11T18:56:18,Synthetic investigation case for TraceX analytical testing.,SYNTHETIC,,,true,,SCN-COM-1827,Medium,synthetic-design,AUDIT-cases-CASE-01827
CASE-01828,Synthetic investigation 1828,cyber,review,2024-07-31T13:38:08,Synthetic investigation case for TraceX analytical testing.,SYNTHETIC,,,true,,SCN-CYBER-1828,Medium,synthetic-design,AUDIT-cases-CASE-01828
CASE-01829,Synthetic investigation 1829,physical,review,2025-07-17T08:38:53,Synthetic investigation case for TraceX analytical testing.,SYNTHETIC,,,true,,SCN-PHYS-1829,Medium,synthetic-design,AUDIT-cases-CASE-01829
CASE-01830,Synthetic investigation 1830,mixed,closed,2025-06-26T03:08:47,Synthetic investigation case for TraceX analytical testing.,SYNTHETIC,,,true,,SCN-MIXED-1830,Medium,synthetic-design,AUDIT-cases-CASE-01830
CASE-01831,Synthetic investigation 1831,financial,closed,2024-08-09T14:34:38,Synthetic investigation case for TraceX analytical testing.,SYNTHETIC,,,true,,SCN-FIN-1831,Medium,synthetic-design,AUDIT-cases-CASE-01831
CASE-01832,Synthetic investigation 1832,communication,open,2024-03-05T18:25:16,Synthetic investigation case for TraceX analytical testing.,SYNTHETIC,,,true,,SCN-COM-1832,Medium,synthetic-design,AUDIT-cases-CASE-01832
CASE-01833,Synthetic investigation 1833,cyber,review,2025-05-30T22:07:04,Synthetic investigation case for TraceX analytical testing.,SYNTHETIC,,,true,,SCN-CYBER-1833,Medium,synthetic-design,AUDIT-cases-CASE-01833
CASE-01834,Synthetic investigation 1834,physical,review,2025-03-12T07:52:30,Synthetic investigation case for TraceX analytical testing.,SYNTHETIC,,,true,,SCN-PHYS-1834,Medium,synthetic-design,AUDIT-cases-CASE-01834
CASE-01835,Synthetic investigation 1835,mixed,open,2024-03-08T05:27:08,Synthetic investigation case for TraceX analytical testing.,SYNTHETIC,,,true,,SCN-MIXED-1835,Medium,synthetic-design,AUDIT-cases-CASE-01835
CASE-01836,Synthetic investigation 1836,financial,closed,2024-08-29T13:52:11,Synthetic investigation case for TraceX analytical testing.,SYNTHETIC,,,true,,SCN-FIN-1836,Medium,synthetic-design,AUDIT-cases-CASE-01836
CASE-01837,Synthetic investigation 1837,communication,review,2024-12-06T17:14:38,Synthetic investigation case for TraceX analytical testing.,SYNTHETIC,,,true,,SCN-COM-1837,Medium,synthetic-design,AUDIT-cases-CASE-01837
CASE-01838,Synthetic investigation 1838,cyber,review,2025-05-15T08:05:11,Synthetic investigation case for TraceX analytical testing.,SYNTHETIC,,,true,,SCN-CYBER-1838,Medium,synthetic-design,AUDIT-cases-CASE-01838
CASE-01839,Synthetic investigation 1839,physical,closed,2024-10-10T13:36:38,Synthetic investigation case for TraceX analytical testing.,SYNTHETIC,,,true,,SCN-PHYS-1839,Medium,synthetic-design,AUDIT-cases-CASE-01839
CASE-01840,Synthetic investigation 1840,mixed,open,2024-04-06T12:02:12,Synthetic investigation case for TraceX analytical testing.,SYNTHETIC,,,true,,SCN-MIXED-1840,Medium,synthetic-design,AUDIT-cases-CASE-01840
CASE-01841,Synthetic investigation 1841,financial,open,2024-11-08T12:24:07,Synthetic investigation case for TraceX analytical testing.,SYNTHETIC,,,true,,SCN-FIN-1841,Medium,synthetic-design,AUDIT-cases-CASE-01841
CASE-01842,Synthetic investigation 1842,communication,open,2024-08-12T20:49:58,Synthetic investigation case for TraceX analytical testing.,SYNTHETIC,,,true,,SCN-COM-1842,Medium,synthetic-design,AUDIT-cases-CASE-01842
CASE-01843,Synthetic investigation 1843,cyber,review,2024-02-27T14:36:22,Synthetic investigation case for TraceX analytical testing.,SYNTHETIC,,,true,,SCN-CYBER-1843,Medium,synthetic-design,AUDIT-cases-CASE-01843
CASE-01844,Synthetic investigation 1844,physical,open,2024-02-24T09:24:25,Synthetic investigation case for TraceX analytical testing.,SYNTHETIC,,,true,,SCN-PHYS-1844,Medium,synthetic-design,AUDIT-cases-CASE-01844
CASE-01845,Synthetic investigation 1845,mixed,open,2024-05-05T06:07:08,Synthetic investigation case for TraceX analytical testing.,SYNTHETIC,,,true,,SCN-MIXED-1845,Medium,synthetic-design,AUDIT-cases-CASE-01845
CASE-01846,Synthetic investigation 1846,financial,closed,2024-04-17T03:27:40,Synthetic investigation case for TraceX analytical testing.,SYNTHETIC,,,true,,SCN-FIN-1846,Medium,synthetic-design,AUDIT-cases-CASE-01846
CASE-01847,Synthetic investigation 1847,communication,closed,2024-07-01T10:55:45,Synthetic investigation case for TraceX analytical testing.,SYNTHETIC,,,true,,SCN-COM-1847,Medium,synthetic-design,AUDIT-cases-CASE-01847
CASE-01848,Synthetic investigation 1848,cyber,closed,2025-05-18T03:55:08,Synthetic investigation case for TraceX analytical testing.,SYNTHETIC,,,true,,SCN-CYBER-1848,Medium,synthetic-design,AUDIT-cases-CASE-01848
CASE-01849,Synthetic investigation 1849,physical,open,2025-07-29T16:46:27,Synthetic investigation case for TraceX analytical testing.,SYNTHETIC,,,true,,SCN-PHYS-1849,Medium,synthetic-design,AUDIT-cases-CASE-01849
CASE-01850,Synthetic investigation 1850,mixed,open,2024-12-02T18:26:37,Synthetic investigation case for TraceX analytical testing.,SYNTHETIC,,,true,,SCN-MIXED-1850,Medium,synthetic-design,AUDIT-cases-CASE-01850
CASE-01851,Synthetic investigation 1851,financial,open,2025-07-14T12:41:04,Synthetic investigation case for TraceX analytical testing.,SYNTHETIC,,,true,,SCN-FIN-1851,Medium,synthetic-design,AUDIT-cases-CASE-01851
CASE-01852,Synthetic investigation 1852,communication,open,2024-01-13T10:45:33,Synthetic investigation case for TraceX analytical testing.,SYNTHETIC,,,true,,SCN-COM-1852,Medium,synthetic-design,AUDIT-cases-CASE-01852
CASE-01853,Synthetic investigation 1853,cyber,review,2025-01-18T08:07:45,Synthetic investigation case for TraceX analytical testing.,SYNTHETIC,,,true,,SCN-CYBER-1853,Medium,synthetic-design,AUDIT-cases-CASE-01853
CASE-01854,Synthetic investigation 1854,physical,open,2024-02-18T01:19:45,Synthetic investigation case for TraceX analytical testing.,SYNTHETIC,,,true,,SCN-PHYS-1854,Medium,synthetic-design,AUDIT-cases-CASE-01854
CASE-01855,Synthetic investigation 1855,mixed,open,2025-02-27T06:41:22,Synthetic investigation case for TraceX analytical testing.,SYNTHETIC,,,true,,SCN-MIXED-1855,Medium,synthetic-design,AUDIT-cases-CASE-01855
CASE-01856,Synthetic investigation 1856,financial,closed,2024-01-31T19:42:06,Synthetic investigation case for TraceX analytical testing.,SYNTHETIC,,,true,,SCN-FIN-1856,Medium,synthetic-design,AUDIT-cases-CASE-01856
CASE-01857,Synthetic investigation 1857,communication,review,2024-08-11T16:25:00,Synthetic investigation case for TraceX analytical testing.,SYNTHETIC,,,true,,SCN-COM-1857,Medium,synthetic-design,AUDIT-cases-CASE-01857
CASE-01858,Synthetic investigation 1858,cyber,closed,2025-04-14T08:54:18,Synthetic investigation case for TraceX analytical testing.,SYNTHETIC,,,true,,SCN-CYBER-1858,Medium,synthetic-design,AUDIT-cases-CASE-01858
CASE-01859,Synthetic investigation 1859,physical,closed,2024-09-27T04:21:36,Synthetic investigation case for TraceX analytical testing.,SYNTHETIC,,,true,,SCN-PHYS-1859,Medium,synthetic-design,AUDIT-cases-CASE-01859
CASE-01860,Synthetic investigation 1860,mixed,review,2024-03-21T12:45:13,Synthetic investigation case for TraceX analytical testing.,SYNTHETIC,,,true,,SCN-MIXED-1860,Medium,synthetic-design,AUDIT-cases-CASE-01860
CASE-01861,Synthetic investigation 1861,financial,closed,2025-02-21T17:43:13,Synthetic investigation case for TraceX analytical testing.,SYNTHETIC,,,true,,SCN-FIN-1861,Medium,synthetic-design,AUDIT-cases-CASE-01861
CASE-01862,Synthetic investigation 1862,communication,closed,2025-07-22T21:53:52,Synthetic investigation case for TraceX analytical testing.,SYNTHETIC,,,true,,SCN-COM-1862,Medium,synthetic-design,AUDIT-cases-CASE-01862
CASE-01863,Synthetic investigation 1863,cyber,review,2025-03-27T14:54:39,Synthetic investigation case for TraceX analytical testing.,SYNTHETIC,,,true,,SCN-CYBER-1863,Medium,synthetic-design,AUDIT-cases-CASE-01863
CASE-01864,Synthetic investigation 1864,physical,open,2025-01-11T19:19:43,Synthetic investigation case for TraceX analytical testing.,SYNTHETIC,,,true,,SCN-PHYS-1864,Medium,synthetic-design,AUDIT-cases-CASE-01864
CASE-01865,Synthetic investigation 1865,mixed,open,2025-04-25T15:44:19,Synthetic investigation case for TraceX analytical testing.,SYNTHETIC,,,true,,SCN-MIXED-1865,Medium,synthetic-design,AUDIT-cases-CASE-01865
CASE-01866,Synthetic investigation 1866,financial,review,2024-02-20T01:35:17,Synthetic investigation case for TraceX analytical testing.,SYNTHETIC,,,true,,SCN-FIN-1866,Medium,synthetic-design,AUDIT-cases-CASE-01866
CASE-01867,Synthetic investigation 1867,communication,open,2024-09-24T06:16:12,Synthetic investigation case for TraceX analytical testing.,SYNTHETIC,,,true,,SCN-COM-1867,Medium,synthetic-design,AUDIT-cases-CASE-01867
CASE-01868,Synthetic investigation 1868,cyber,open,2024-12-19T12:56:59,Synthetic investigation case for TraceX analytical testing.,SYNTHETIC,,,true,,SCN-CYBER-1868,Medium,synthetic-design,AUDIT-cases-CASE-01868
CASE-01869,Synthetic investigation 1869,physical,closed,2025-06-27T03:37:08,Synthetic investigation case for TraceX analytical testing.,SYNTHETIC,,,true,,SCN-PHYS-1869,Medium,synthetic-design,AUDIT-cases-CASE-01869
CASE-01870,Synthetic investigation 1870,mixed,open,2025-05-25T13:12:03,Synthetic investigation case for TraceX analytical testing.,SYNTHETIC,,,true,,SCN-MIXED-1870,Medium,synthetic-design,AUDIT-cases-CASE-01870
CASE-01871,Synthetic investigation 1871,financial,open,2025-07-28T22:06:44,Synthetic investigation case for TraceX analytical testing.,SYNTHETIC,,,true,,SCN-FIN-1871,Medium,synthetic-design,AUDIT-cases-CASE-01871
CASE-01872,Synthetic investigation 1872,communication,review,2025-07-31T19:08:47,Synthetic investigation case for TraceX analytical testing.,SYNTHETIC,,,true,,SCN-COM-1872,Medium,synthetic-design,AUDIT-cases-CASE-01872
CASE-01873,Synthetic investigation 1873,cyber,open,2025-04-10T13:47:57,Synthetic investigation case for TraceX analytical testing.,SYNTHETIC,,,true,,SCN-CYBER-1873,Medium,synthetic-design,AUDIT-cases-CASE-01873
CASE-01874,Synthetic investigation 1874,physical,closed,2024-04-19T01:45:27,Synthetic investigation case for TraceX analytical testing.,SYNTHETIC,,,true,,SCN-PHYS-1874,Medium,synthetic-design,AUDIT-cases-CASE-01874
CASE-01875,Synthetic investigation 1875,mixed,closed,2025-07-11T17:15:37,Synthetic investigation case for TraceX analytical testing.,SYNTHETIC,,,true,,SCN-MIXED-1875,Medium,synthetic-design,AUDIT-cases-CASE-01875
CASE-01876,Synthetic investigation 1876,financial,closed,2024-07-23T23:24:59,Synthetic investigation case for TraceX analytical testing.,SYNTHETIC,,,true,,SCN-FIN-1876,Medium,synthetic-design,AUDIT-cases-CASE-01876
CASE-01877,Synthetic investigation 1877,communication,review,2025-04-14T08:18:18,Synthetic investigation case for TraceX analytical testing.,SYNTHETIC,,,true,,SCN-COM-1877,Medium,synthetic-design,AUDIT-cases-CASE-01877
CASE-01878,Synthetic investigation 1878,cyber,closed,2024-03-21T23:56:31,Synthetic investigation case for TraceX analytical testing.,SYNTHETIC,,,true,,SCN-CYBER-1878,Medium,synthetic-design,AUDIT-cases-CASE-01878
CASE-01879,Synthetic investigation 1879,physical,closed,2024-05-25T20:53:50,Synthetic investigation case for TraceX analytical testing.,SYNTHETIC,,,true,,SCN-PHYS-1879,Medium,synthetic-design,AUDIT-cases-CASE-01879
CASE-01880,Synthetic investigation 1880,mixed,open,2024-01-03T18:21:34,Synthetic investigation case for TraceX analytical testing.,SYNTHETIC,,,true,,SCN-MIXED-1880,Medium,synthetic-design,AUDIT-cases-CASE-01880
CASE-01881,Synthetic investigation 1881,financial,open,2024-12-16T02:36:02,Synthetic investigation case for TraceX analytical testing.,SYNTHETIC,,,true,,SCN-FIN-1881,Medium,synthetic-design,AUDIT-cases-CASE-01881
CASE-01882,Synthetic investigation 1882,communication,open,2024-03-02T12:30:04,Synthetic investigation case for TraceX analytical testing.,SYNTHETIC,,,true,,SCN-COM-1882,Medium,synthetic-design,AUDIT-cases-CASE-01882
CASE-01883,Synthetic investigation 1883,cyber,closed,2025-03-26T10:38:36,Synthetic investigation case for TraceX analytical testing.,SYNTHETIC,,,true,,SCN-CYBER-1883,Medium,synthetic-design,AUDIT-cases-CASE-01883
CASE-01884,Synthetic investigation 1884,physical,closed,2024-08-19T00:16:05,Synthetic investigation case for TraceX analytical testing.,SYNTHETIC,,,true,,SCN-PHYS-1884,Medium,synthetic-design,AUDIT-cases-CASE-01884
CASE-01885,Synthetic investigation 1885,mixed,closed,2024-08-26T19:45:47,Synthetic investigation case for TraceX analytical testing.,SYNTHETIC,,,true,,SCN-MIXED-1885,Medium,synthetic-design,AUDIT-cases-CASE-01885
CASE-01886,Synthetic investigation 1886,financial,review,2024-02-28T08:28:16,Synthetic investigation case for TraceX analytical testing.,SYNTHETIC,,,true,,SCN-FIN-1886,Medium,synthetic-design,AUDIT-cases-CASE-01886
CASE-01887,Synthetic investigation 1887,communication,review,2025-02-03T20:03:02,Synthetic investigation case for TraceX analytical testing.,SYNTHETIC,,,true,,SCN-COM-1887,Medium,synthetic-design,AUDIT-cases-CASE-01887
CASE-01888,Synthetic investigation 1888,cyber,review,2025-02-24T13:30:07,Synthetic investigation case for TraceX analytical testing.,SYNTHETIC,,,true,,SCN-CYBER-1888,Medium,synthetic-design,AUDIT-cases-CASE-01888
CASE-01889,Synthetic investigation 1889,physical,open,2025-06-08T22:25:11,Synthetic investigation case for TraceX analytical testing.,SYNTHETIC,,,true,,SCN-PHYS-1889,Medium,synthetic-design,AUDIT-cases-CASE-01889
CASE-01890,Synthetic investigation 1890,mixed,review,2025-02-10T02:36:35,Synthetic investigation case for TraceX analytical testing.,SYNTHETIC,,,true,,SCN-MIXED-1890,Medium,synthetic-design,AUDIT-cases-CASE-01890
CASE-01891,Synthetic investigation 1891,financial,review,2025-03-18T02:09:56,Synthetic investigation case for TraceX analytical testing.,SYNTHETIC,,,true,,SCN-FIN-1891,Medium,synthetic-design,AUDIT-cases-CASE-01891
CASE-01892,Synthetic investigation 1892,communication,closed,2025-04-28T05:07:58,Synthetic investigation case for TraceX analytical testing.,SYNTHETIC,,,true,,SCN-COM-1892,Medium,synthetic-design,AUDIT-cases-CASE-01892
CASE-01893,Synthetic investigation 1893,cyber,review,2024-01-16T21:57:06,Synthetic investigation case for TraceX analytical testing.,SYNTHETIC,,,true,,SCN-CYBER-1893,Medium,synthetic-design,AUDIT-cases-CASE-01893
CASE-01894,Synthetic investigation 1894,physical,closed,2024-04-24T17:20:47,Synthetic investigation case for TraceX analytical testing.,SYNTHETIC,,,true,,SCN-PHYS-1894,Medium,synthetic-design,AUDIT-cases-CASE-01894
CASE-01895,Synthetic investigation 1895,mixed,review,2025-06-13T07:18:54,Synthetic investigation case for TraceX analytical testing.,SYNTHETIC,,,true,,SCN-MIXED-1895,Medium,synthetic-design,AUDIT-cases-CASE-01895
CASE-01896,Synthetic investigation 1896,financial,closed,2025-07-11T04:39:52,Synthetic investigation case for TraceX analytical testing.,SYNTHETIC,,,true,,SCN-FIN-1896,Medium,synthetic-design,AUDIT-cases-CASE-01896
CASE-01897,Synthetic investigation 1897,communication,open,2024-02-05T11:16:53,Synthetic investigation case for TraceX analytical testing.,SYNTHETIC,,,true,,SCN-COM-1897,Medium,synthetic-design,AUDIT-cases-CASE-01897
CASE-01898,Synthetic investigation 1898,cyber,closed,2024-07-20T18:00:19,Synthetic investigation case for TraceX analytical testing.,SYNTHETIC,,,true,,SCN-CYBER-1898,Medium,synthetic-design,AUDIT-cases-CASE-01898
CASE-01899,Synthetic investigation 1899,physical,review,2025-02-25T17:08:26,Synthetic investigation case for TraceX analytical testing.,SYNTHETIC,,,true,,SCN-PHYS-1899,Medium,synthetic-design,AUDIT-cases-CASE-01899
CASE-01900,Synthetic investigation 1900,mixed,closed,2024-03-09T09:39:46,Synthetic investigation case for TraceX analytical testing.,SYNTHETIC,,,true,,SCN-MIXED-1900,Medium,synthetic-design,AUDIT-cases-CASE-01900
CASE-01901,Synthetic investigation 1901,financial,open,2024-07-27T10:21:20,Synthetic investigation case for TraceX analytical testing.,SYNTHETIC,,,true,,SCN-FIN-1901,Medium,synthetic-design,AUDIT-cases-CASE-01901
CASE-01902,Synthetic investigation 1902,communication,open,2025-03-30T19:57:15,Synthetic investigation case for TraceX analytical testing.,SYNTHETIC,,,true,,SCN-COM-1902,Medium,synthetic-design,AUDIT-cases-CASE-01902
CASE-01903,Synthetic investigation 1903,cyber,closed,2024-03-23T00:04:09,Synthetic investigation case for TraceX analytical testing.,SYNTHETIC,,,true,,SCN-CYBER-1903,Medium,synthetic-design,AUDIT-cases-CASE-01903
CASE-01904,Synthetic investigation 1904,physical,review,2024-09-24T08:43:04,Synthetic investigation case for TraceX analytical testing.,SYNTHETIC,,,true,,SCN-PHYS-1904,Medium,synthetic-design,AUDIT-cases-CASE-01904
CASE-01905,Synthetic investigation 1905,mixed,closed,2025-07-17T06:53:19,Synthetic investigation case for TraceX analytical testing.,SYNTHETIC,,,true,,SCN-MIXED-1905,Medium,synthetic-design,AUDIT-cases-CASE-01905
CASE-01906,Synthetic investigation 1906,financial,review,2024-04-05T00:37:32,Synthetic investigation case for TraceX analytical testing.,SYNTHETIC,,,true,,SCN-FIN-1906,Medium,synthetic-design,AUDIT-cases-CASE-01906
CASE-01907,Synthetic investigation 1907,communication,closed,2024-09-23T13:11:15,Synthetic investigation case for TraceX analytical testing.,SYNTHETIC,,,true,,SCN-COM-1907,Medium,synthetic-design,AUDIT-cases-CASE-01907
CASE-01908,Synthetic investigation 1908,cyber,review,2025-04-12T04:07:48,Synthetic investigation case for TraceX analytical testing.,SYNTHETIC,,,true,,SCN-CYBER-1908,Medium,synthetic-design,AUDIT-cases-CASE-01908
CASE-01909,Synthetic investigation 1909,physical,open,2025-04-09T00:17:09,Synthetic investigation case for TraceX analytical testing.,SYNTHETIC,,,true,,SCN-PHYS-1909,Medium,synthetic-design,AUDIT-cases-CASE-01909
CASE-01910,Synthetic investigation 1910,mixed,open,2024-05-27T06:33:11,Synthetic investigation case for TraceX analytical testing.,SYNTHETIC,,,true,,SCN-MIXED-1910,Medium,synthetic-design,AUDIT-cases-CASE-01910
CASE-01911,Synthetic investigation 1911,financial,open,2024-01-09T03:10:52,Synthetic investigation case for TraceX analytical testing.,SYNTHETIC,,,true,,SCN-FIN-1911,Medium,synthetic-design,AUDIT-cases-CASE-01911
CASE-01912,Synthetic investigation 1912,communication,open,2024-08-26T10:36:17,Synthetic investigation case for TraceX analytical testing.,SYNTHETIC,,,true,,SCN-COM-1912,Medium,synthetic-design,AUDIT-cases-CASE-01912
CASE-01913,Synthetic investigation 1913,cyber,open,2025-05-31T05:07:25,Synthetic investigation case for TraceX analytical testing.,SYNTHETIC,,,true,,SCN-CYBER-1913,Medium,synthetic-design,AUDIT-cases-CASE-01913
CASE-01914,Synthetic investigation 1914,physical,review,2024-09-26T11:54:37,Synthetic investigation case for TraceX analytical testing.,SYNTHETIC,,,true,,SCN-PHYS-1914,Medium,synthetic-design,AUDIT-cases-CASE-01914
CASE-01915,Synthetic investigation 1915,mixed,open,2024-10-22T22:12:46,Synthetic investigation case for TraceX analytical testing.,SYNTHETIC,,,true,,SCN-MIXED-1915,Medium,synthetic-design,AUDIT-cases-CASE-01915
CASE-01916,Synthetic investigation 1916,financial,closed,2024-05-02T16:27:22,Synthetic investigation case for TraceX analytical testing.,SYNTHETIC,,,true,,SCN-FIN-1916,Medium,synthetic-design,AUDIT-cases-CASE-01916
CASE-01917,Synthetic investigation 1917,communication,review,2025-04-07T12:02:01,Synthetic investigation case for TraceX analytical testing.,SYNTHETIC,,,true,,SCN-COM-1917,Medium,synthetic-design,AUDIT-cases-CASE-01917
CASE-01918,Synthetic investigation 1918,cyber,closed,2024-11-07T05:49:30,Synthetic investigation case for TraceX analytical testing.,SYNTHETIC,,,true,,SCN-CYBER-1918,Medium,synthetic-design,AUDIT-cases-CASE-01918
CASE-01919,Synthetic investigation 1919,physical,open,2024-08-05T11:13:19,Synthetic investigation case for TraceX analytical testing.,SYNTHETIC,,,true,,SCN-PHYS-1919,Medium,synthetic-design,AUDIT-cases-CASE-01919
CASE-01920,Synthetic investigation 1920,mixed,review,2025-06-20T04:56:50,Synthetic investigation case for TraceX analytical testing.,SYNTHETIC,,,true,,SCN-MIXED-1920,Medium,synthetic-design,AUDIT-cases-CASE-01920
CASE-01921,Synthetic investigation 1921,financial,review,2024-06-08T02:47:13,Synthetic investigation case for TraceX analytical testing.,SYNTHETIC,,,true,,SCN-FIN-1921,Medium,synthetic-design,AUDIT-cases-CASE-01921
CASE-01922,Synthetic investigation 1922,communication,open,2024-12-12T22:57:09,Synthetic investigation case for TraceX analytical testing.,SYNTHETIC,,,true,,SCN-COM-1922,Medium,synthetic-design,AUDIT-cases-CASE-01922
CASE-01923,Synthetic investigation 1923,cyber,closed,2024-11-12T11:29:39,Synthetic investigation case for TraceX analytical testing.,SYNTHETIC,,,true,,SCN-CYBER-1923,Medium,synthetic-design,AUDIT-cases-CASE-01923
CASE-01924,Synthetic investigation 1924,physical,open,2025-06-01T11:44:41,Synthetic investigation case for TraceX analytical testing.,SYNTHETIC,,,true,,SCN-PHYS-1924,Medium,synthetic-design,AUDIT-cases-CASE-01924
CASE-01925,Synthetic investigation 1925,mixed,review,2024-02-01T19:37:17,Synthetic investigation case for TraceX analytical testing.,SYNTHETIC,,,true,,SCN-MIXED-1925,Medium,synthetic-design,AUDIT-cases-CASE-01925
CASE-01926,Synthetic investigation 1926,financial,review,2024-04-21T19:48:46,Synthetic investigation case for TraceX analytical testing.,SYNTHETIC,,,true,,SCN-FIN-1926,Medium,synthetic-design,AUDIT-cases-CASE-01926
CASE-01927,Synthetic investigation 1927,communication,review,2025-03-06T19:54:27,Synthetic investigation case for TraceX analytical testing.,SYNTHETIC,,,true,,SCN-COM-1927,Medium,synthetic-design,AUDIT-cases-CASE-01927
CASE-01928,Synthetic investigation 1928,cyber,open,2025-05-20T04:02:51,Synthetic investigation case for TraceX analytical testing.,SYNTHETIC,,,true,,SCN-CYBER-1928,Medium,synthetic-design,AUDIT-cases-CASE-01928
CASE-01929,Synthetic investigation 1929,physical,open,2024-10-10T00:45:02,Synthetic investigation case for TraceX analytical testing.,SYNTHETIC,,,true,,SCN-PHYS-1929,Medium,synthetic-design,AUDIT-cases-CASE-01929
CASE-01930,Synthetic investigation 1930,mixed,open,2024-08-03T22:08:19,Synthetic investigation case for TraceX analytical testing.,SYNTHETIC,,,true,,SCN-MIXED-1930,Medium,synthetic-design,AUDIT-cases-CASE-01930
CASE-01931,Synthetic investigation 1931,financial,closed,2024-05-20T21:09:40,Synthetic investigation case for TraceX analytical testing.,SYNTHETIC,,,true,,SCN-FIN-1931,Medium,synthetic-design,AUDIT-cases-CASE-01931
CASE-01932,Synthetic investigation 1932,communication,closed,2024-11-22T07:49:29,Synthetic investigation case for TraceX analytical testing.,SYNTHETIC,,,true,,SCN-COM-1932,Medium,synthetic-design,AUDIT-cases-CASE-01932
CASE-01933,Synthetic investigation 1933,cyber,closed,2024-08-24T19:06:53,Synthetic investigation case for TraceX analytical testing.,SYNTHETIC,,,true,,SCN-CYBER-1933,Medium,synthetic-design,AUDIT-cases-CASE-01933
CASE-01934,Synthetic investigation 1934,physical,review,2025-02-16T00:00:33,Synthetic investigation case for TraceX analytical testing.,SYNTHETIC,,,true,,SCN-PHYS-1934,Medium,synthetic-design,AUDIT-cases-CASE-01934
CASE-01935,Synthetic investigation 1935,mixed,open,2025-05-02T07:04:50,Synthetic investigation case for TraceX analytical testing.,SYNTHETIC,,,true,,SCN-MIXED-1935,Medium,synthetic-design,AUDIT-cases-CASE-01935
CASE-01936,Synthetic investigation 1936,financial,open,2024-02-18T03:57:47,Synthetic investigation case for TraceX analytical testing.,SYNTHETIC,,,true,,SCN-FIN-1936,Medium,synthetic-design,AUDIT-cases-CASE-01936
CASE-01937,Synthetic investigation 1937,communication,open,2024-05-17T04:19:38,Synthetic investigation case for TraceX analytical testing.,SYNTHETIC,,,true,,SCN-COM-1937,Medium,synthetic-design,AUDIT-cases-CASE-01937
CASE-01938,Synthetic investigation 1938,cyber,review,2024-08-10T14:14:46,Synthetic investigation case for TraceX analytical testing.,SYNTHETIC,,,true,,SCN-CYBER-1938,Medium,synthetic-design,AUDIT-cases-CASE-01938
CASE-01939,Synthetic investigation 1939,physical,open,2024-03-09T07:51:27,Synthetic investigation case for TraceX analytical testing.,SYNTHETIC,,,true,,SCN-PHYS-1939,Medium,synthetic-design,AUDIT-cases-CASE-01939
CASE-01940,Synthetic investigation 1940,mixed,review,2024-09-04T21:37:28,Synthetic investigation case for TraceX analytical testing.,SYNTHETIC,,,true,,SCN-MIXED-1940,Medium,synthetic-design,AUDIT-cases-CASE-01940
CASE-01941,Synthetic investigation 1941,financial,open,2024-02-06T15:59:41,Synthetic investigation case for TraceX analytical testing.,SYNTHETIC,,,true,,SCN-FIN-1941,Medium,synthetic-design,AUDIT-cases-CASE-01941
CASE-01942,Synthetic investigation 1942,communication,closed,2025-07-19T20:14:59,Synthetic investigation case for TraceX analytical testing.,SYNTHETIC,,,true,,SCN-COM-1942,Medium,synthetic-design,AUDIT-cases-CASE-01942
CASE-01943,Synthetic investigation 1943,cyber,closed,2025-06-02T15:36:51,Synthetic investigation case for TraceX analytical testing.,SYNTHETIC,,,true,,SCN-CYBER-1943,Medium,synthetic-design,AUDIT-cases-CASE-01943
CASE-01944,Synthetic investigation 1944,physical,open,2024-12-29T07:44:09,Synthetic investigation case for TraceX analytical testing.,SYNTHETIC,,,true,,SCN-PHYS-1944,Medium,synthetic-design,AUDIT-cases-CASE-01944
CASE-01945,Synthetic investigation 1945,mixed,open,2025-01-31T19:11:29,Synthetic investigation case for TraceX analytical testing.,SYNTHETIC,,,true,,SCN-MIXED-1945,Medium,synthetic-design,AUDIT-cases-CASE-01945
CASE-01946,Synthetic investigation 1946,financial,review,2024-05-16T10:01:51,Synthetic investigation case for TraceX analytical testing.,SYNTHETIC,,,true,,SCN-FIN-1946,Medium,synthetic-design,AUDIT-cases-CASE-01946
CASE-01947,Synthetic investigation 1947,communication,closed,2024-11-14T00:34:08,Synthetic investigation case for TraceX analytical testing.,SYNTHETIC,,,true,,SCN-COM-1947,Medium,synthetic-design,AUDIT-cases-CASE-01947
CASE-01948,Synthetic investigation 1948,cyber,review,2024-01-18T12:29:52,Synthetic investigation case for TraceX analytical testing.,SYNTHETIC,,,true,,SCN-CYBER-1948,Medium,synthetic-design,AUDIT-cases-CASE-01948
CASE-01949,Synthetic investigation 1949,physical,review,2024-05-03T18:48:11,Synthetic investigation case for TraceX analytical testing.,SYNTHETIC,,,true,,SCN-PHYS-1949,Medium,synthetic-design,AUDIT-cases-CASE-01949
CASE-01950,Synthetic investigation 1950,mixed,closed,2024-11-23T09:47:35,Synthetic investigation case for TraceX analytical testing.,SYNTHETIC,,,true,,SCN-MIXED-1950,Medium,synthetic-design,AUDIT-cases-CASE-01950
CASE-01951,Synthetic investigation 1951,financial,review,2025-06-23T15:36:18,Synthetic investigation case for TraceX analytical testing.,SYNTHETIC,,,true,,SCN-FIN-1951,Medium,synthetic-design,AUDIT-cases-CASE-01951
CASE-01952,Synthetic investigation 1952,communication,closed,2024-12-19T13:45:38,Synthetic investigation case for TraceX analytical testing.,SYNTHETIC,,,true,,SCN-COM-1952,Medium,synthetic-design,AUDIT-cases-CASE-01952
CASE-01953,Synthetic investigation 1953,cyber,review,2025-06-12T16:18:42,Synthetic investigation case for TraceX analytical testing.,SYNTHETIC,,,true,,SCN-CYBER-1953,Medium,synthetic-design,AUDIT-cases-CASE-01953
CASE-01954,Synthetic investigation 1954,physical,closed,2024-12-18T06:07:06,Synthetic investigation case for TraceX analytical testing.,SYNTHETIC,,,true,,SCN-PHYS-1954,Medium,synthetic-design,AUDIT-cases-CASE-01954
CASE-01955,Synthetic investigation 1955,mixed,open,2024-07-16T17:07:01,Synthetic investigation case for TraceX analytical testing.,SYNTHETIC,,,true,,SCN-MIXED-1955,Medium,synthetic-design,AUDIT-cases-CASE-01955
CASE-01956,Synthetic investigation 1956,financial,closed,2024-02-28T12:46:13,Synthetic investigation case for TraceX analytical testing.,SYNTHETIC,,,true,,SCN-FIN-1956,Medium,synthetic-design,AUDIT-cases-CASE-01956
CASE-01957,Synthetic investigation 1957,communication,review,2024-10-14T21:10:31,Synthetic investigation case for TraceX analytical testing.,SYNTHETIC,,,true,,SCN-COM-1957,Medium,synthetic-design,AUDIT-cases-CASE-01957
CASE-01958,Synthetic investigation 1958,cyber,open,2024-02-06T02:57:15,Synthetic investigation case for TraceX analytical testing.,SYNTHETIC,,,true,,SCN-CYBER-1958,Medium,synthetic-design,AUDIT-cases-CASE-01958
CASE-01959,Synthetic investigation 1959,physical,open,2024-01-15T23:00:43,Synthetic investigation case for TraceX analytical testing.,SYNTHETIC,,,true,,SCN-PHYS-1959,Medium,synthetic-design,AUDIT-cases-CASE-01959
CASE-01960,Synthetic investigation 1960,mixed,open,2024-12-14T10:51:11,Synthetic investigation case for TraceX analytical testing.,SYNTHETIC,,,true,,SCN-MIXED-1960,Medium,synthetic-design,AUDIT-cases-CASE-01960
CASE-01961,Synthetic investigation 1961,financial,closed,2024-11-24T15:03:53,Synthetic investigation case for TraceX analytical testing.,SYNTHETIC,,,true,,SCN-FIN-1961,Medium,synthetic-design,AUDIT-cases-CASE-01961
CASE-01962,Synthetic investigation 1962,communication,open,2024-10-09T00:54:56,Synthetic investigation case for TraceX analytical testing.,SYNTHETIC,,,true,,SCN-COM-1962,Medium,synthetic-design,AUDIT-cases-CASE-01962
CASE-01963,Synthetic investigation 1963,cyber,review,2024-12-31T11:58:00,Synthetic investigation case for TraceX analytical testing.,SYNTHETIC,,,true,,SCN-CYBER-1963,Medium,synthetic-design,AUDIT-cases-CASE-01963
CASE-01964,Synthetic investigation 1964,physical,review,2025-02-22T06:47:28,Synthetic investigation case for TraceX analytical testing.,SYNTHETIC,,,true,,SCN-PHYS-1964,Medium,synthetic-design,AUDIT-cases-CASE-01964
CASE-01965,Synthetic investigation 1965,mixed,review,2024-04-23T04:36:47,Synthetic investigation case for TraceX analytical testing.,SYNTHETIC,,,true,,SCN-MIXED-1965,Medium,synthetic-design,AUDIT-cases-CASE-01965
CASE-01966,Synthetic investigation 1966,financial,review,2025-06-27T16:50:43,Synthetic investigation case for TraceX analytical testing.,SYNTHETIC,,,true,,SCN-FIN-1966,Medium,synthetic-design,AUDIT-cases-CASE-01966
CASE-01967,Synthetic investigation 1967,communication,review,2024-06-04T12:46:12,Synthetic investigation case for TraceX analytical testing.,SYNTHETIC,,,true,,SCN-COM-1967,Medium,synthetic-design,AUDIT-cases-CASE-01967
CASE-01968,Synthetic investigation 1968,cyber,review,2024-09-29T06:40:03,Synthetic investigation case for TraceX analytical testing.,SYNTHETIC,,,true,,SCN-CYBER-1968,Medium,synthetic-design,AUDIT-cases-CASE-01968
CASE-01969,Synthetic investigation 1969,physical,open,2025-06-02T06:53:22,Synthetic investigation case for TraceX analytical testing.,SYNTHETIC,,,true,,SCN-PHYS-1969,Medium,synthetic-design,AUDIT-cases-CASE-01969
CASE-01970,Synthetic investigation 1970,mixed,closed,2024-12-06T23:14:13,Synthetic investigation case for TraceX analytical testing.,SYNTHETIC,,,true,,SCN-MIXED-1970,Medium,synthetic-design,AUDIT-cases-CASE-01970
CASE-01971,Synthetic investigation 1971,financial,closed,2024-03-13T02:33:40,Synthetic investigation case for TraceX analytical testing.,SYNTHETIC,,,true,,SCN-FIN-1971,Medium,synthetic-design,AUDIT-cases-CASE-01971
CASE-01972,Synthetic investigation 1972,communication,review,2024-12-21T04:50:16,Synthetic investigation case for TraceX analytical testing.,SYNTHETIC,,,true,,SCN-COM-1972,Medium,synthetic-design,AUDIT-cases-CASE-01972
CASE-01973,Synthetic investigation 1973,cyber,review,2025-02-07T12:06:58,Synthetic investigation case for TraceX analytical testing.,SYNTHETIC,,,true,,SCN-CYBER-1973,Medium,synthetic-design,AUDIT-cases-CASE-01973
CASE-01974,Synthetic investigation 1974,physical,review,2024-11-07T13:44:13,Synthetic investigation case for TraceX analytical testing.,SYNTHETIC,,,true,,SCN-PHYS-1974,Medium,synthetic-design,AUDIT-cases-CASE-01974
CASE-01975,Synthetic investigation 1975,mixed,open,2024-06-15T02:12:02,Synthetic investigation case for TraceX analytical testing.,SYNTHETIC,,,true,,SCN-MIXED-1975,Medium,synthetic-design,AUDIT-cases-CASE-01975
CASE-01976,Synthetic investigation 1976,financial,review,2024-01-03T06:13:24,Synthetic investigation case for TraceX analytical testing.,SYNTHETIC,,,true,,SCN-FIN-1976,Medium,synthetic-design,AUDIT-cases-CASE-01976
CASE-01977,Synthetic investigation 1977,communication,closed,2025-05-10T19:22:08,Synthetic investigation case for TraceX analytical testing.,SYNTHETIC,,,true,,SCN-COM-1977,Medium,synthetic-design,AUDIT-cases-CASE-01977
CASE-01978,Synthetic investigation 1978,cyber,open,2024-01-20T11:50:15,Synthetic investigation case for TraceX analytical testing.,SYNTHETIC,,,true,,SCN-CYBER-1978,Medium,synthetic-design,AUDIT-cases-CASE-01978
CASE-01979,Synthetic investigation 1979,physical,open,2025-05-16T06:17:41,Synthetic investigation case for TraceX analytical testing.,SYNTHETIC,,,true,,SCN-PHYS-1979,Medium,synthetic-design,AUDIT-cases-CASE-01979
CASE-01980,Synthetic investigation 1980,mixed,open,2024-09-01T00:38:44,Synthetic investigation case for TraceX analytical testing.,SYNTHETIC,,,true,,SCN-MIXED-1980,Medium,synthetic-design,AUDIT-cases-CASE-01980
CASE-01981,Synthetic investigation 1981,financial,review,2025-06-28T23:33:22,Synthetic investigation case for TraceX analytical testing.,SYNTHETIC,,,true,,SCN-FIN-1981,Medium,synthetic-design,AUDIT-cases-CASE-01981
CASE-01982,Synthetic investigation 1982,communication,review,2024-11-05T12:22:47,Synthetic investigation case for TraceX analytical testing.,SYNTHETIC,,,true,,SCN-COM-1982,Medium,synthetic-design,AUDIT-cases-CASE-01982
CASE-01983,Synthetic investigation 1983,cyber,open,2024-04-21T16:28:32,Synthetic investigation case for TraceX analytical testing.,SYNTHETIC,,,true,,SCN-CYBER-1983,Medium,synthetic-design,AUDIT-cases-CASE-01983
CASE-01984,Synthetic investigation 1984,physical,closed,2024-01-24T12:06:36,Synthetic investigation case for TraceX analytical testing.,SYNTHETIC,,,true,,SCN-PHYS-1984,Medium,synthetic-design,AUDIT-cases-CASE-01984
CASE-01985,Synthetic investigation 1985,mixed,open,2025-02-14T06:29:39,Synthetic investigation case for TraceX analytical testing.,SYNTHETIC,,,true,,SCN-MIXED-1985,Medium,synthetic-design,AUDIT-cases-CASE-01985
CASE-01986,Synthetic investigation 1986,financial,open,2024-11-08T20:54:11,Synthetic investigation case for TraceX analytical testing.,SYNTHETIC,,,true,,SCN-FIN-1986,Medium,synthetic-design,AUDIT-cases-CASE-01986
CASE-01987,Synthetic investigation 1987,communication,closed,2024-10-13T21:26:15,Synthetic investigation case for TraceX analytical testing.,SYNTHETIC,,,true,,SCN-COM-1987,Medium,synthetic-design,AUDIT-cases-CASE-01987
CASE-01988,Synthetic investigation 1988,cyber,review,2024-10-24T20:54:19,Synthetic investigation case for TraceX analytical testing.,SYNTHETIC,,,true,,SCN-CYBER-1988,Medium,synthetic-design,AUDIT-cases-CASE-01988
CASE-01989,Synthetic investigation 1989,physical,closed,2024-05-27T06:47:34,Synthetic investigation case for TraceX analytical testing.,SYNTHETIC,,,true,,SCN-PHYS-1989,Medium,synthetic-design,AUDIT-cases-CASE-01989
CASE-01990,Synthetic investigation 1990,mixed,review,2025-04-15T22:13:31,Synthetic investigation case for TraceX analytical testing.,SYNTHETIC,,,true,,SCN-MIXED-1990,Medium,synthetic-design,AUDIT-cases-CASE-01990
CASE-01991,Synthetic investigation 1991,financial,open,2024-02-21T18:28:23,Synthetic investigation case for TraceX analytical testing.,SYNTHETIC,,,true,,SCN-FIN-1991,Medium,synthetic-design,AUDIT-cases-CASE-01991
CASE-01992,Synthetic investigation 1992,communication,closed,2024-01-11T18:43:28,Synthetic investigation case for TraceX analytical testing.,SYNTHETIC,,,true,,SCN-COM-1992,Medium,synthetic-design,AUDIT-cases-CASE-01992
CASE-01993,Synthetic investigation 1993,cyber,open,2024-02-06T00:40:44,Synthetic investigation case for TraceX analytical testing.,SYNTHETIC,,,true,,SCN-CYBER-1993,Medium,synthetic-design,AUDIT-cases-CASE-01993
CASE-01994,Synthetic investigation 1994,physical,open,2025-02-13T21:50:19,Synthetic investigation case for TraceX analytical testing.,SYNTHETIC,,,true,,SCN-PHYS-1994,Medium,synthetic-design,AUDIT-cases-CASE-01994
CASE-01995,Synthetic investigation 1995,mixed,review,2024-05-02T11:33:17,Synthetic investigation case for TraceX analytical testing.,SYNTHETIC,,,true,,SCN-MIXED-1995,Medium,synthetic-design,AUDIT-cases-CASE-01995
CASE-01996,Synthetic investigation 1996,financial,closed,2024-03-07T03:42:10,Synthetic investigation case for TraceX analytical testing.,SYNTHETIC,,,true,,SCN-FIN-1996,Medium,synthetic-design,AUDIT-cases-CASE-01996
CASE-01997,Synthetic investigation 1997,communication,closed,2025-01-12T23:34:21,Synthetic investigation case for TraceX analytical testing.,SYNTHETIC,,,true,,SCN-COM-1997,Medium,synthetic-design,AUDIT-cases-CASE-01997
CASE-01998,Synthetic investigation 1998,cyber,open,2025-07-17T02:02:52,Synthetic investigation case for TraceX analytical testing.,SYNTHETIC,,,true,,SCN-CYBER-1998,Medium,synthetic-design,AUDIT-cases-CASE-01998
CASE-01999,Synthetic investigation 1999,physical,closed,2024-09-23T23:18:01,Synthetic investigation case for TraceX analytical testing.,SYNTHETIC,,,true,,SCN-PHYS-1999,Medium,synthetic-design,AUDIT-cases-CASE-01999
CASE-02000,Synthetic investigation 2000,mixed,closed,2024-04-28T09:30:08,Synthetic investigation case for TraceX analytical testing.,SYNTHETIC,,,true,,SCN-MIXED-2000,Medium,synthetic-design,AUDIT-cases-CASE-02000
